crop_id,filename,crop_path,cyclone_name,season,cyclone_unique_id,split,timestamp,latitude,longitude,wind_speed_kmh,category,structural_pattern,cyclone_detected
1,mosdac_AMPHAN_2020_0001_Severe_Cyclonic_Storm.png,data/p2_mosdac_expanded/crops\mosdac_AMPHAN_2020_0001_Severe_Cyclonic_Storm.png,AMPHAN,2020,AMPHAN_2020,train,2020-05-10 00:00:00 UTC,9.5,87.6,103.0,Severe Cyclonic Storm,curved_band,True
2,mosdac_AMPHAN_2020_0002_Severe_Cyclonic_Storm.png,data/p2_mosdac_expanded/crops\mosdac_AMPHAN_2020_0002_Severe_Cyclonic_Storm.png,AMPHAN,2020,AMPHAN_2020,train,2020-05-10 03:00:00 UTC,9.51,87.45,108.5,Severe Cyclonic Storm,curved_band,True
3,mosdac_AMPHAN_2020_0003_Severe_Cyclonic_Storm.png,data/p2_mosdac_expanded/crops\mosdac_AMPHAN_2020_0003_Severe_Cyclonic_Storm.png,AMPHAN,2020,AMPHAN_2020,train,2020-05-10 06:00:00 UTC,9.52,87.3,108.3,Severe Cyclonic Storm,curved_band,True
4,mosdac_AMPHAN_2020_0004_Severe_Cyclonic_Storm.png,data/p2_mosdac_expanded/crops\mosdac_AMPHAN_2020_0004_Severe_Cyclonic_Storm.png,AMPHAN,2020,AMPHAN_2020,train,2020-05-10 09:00:00 UTC,9.53,87.19,109.4,Severe Cyclonic Storm,curved_band,True
5,mosdac_AMPHAN_2020_0005_Severe_Cyclonic_Storm.png,data/p2_mosdac_expanded/crops\mosdac_AMPHAN_2020_0005_Severe_Cyclonic_Storm.png,AMPHAN,2020,AMPHAN_2020,train,2020-05-10 12:00:00 UTC,9.54,87.09,108.3,Severe Cyclonic Storm,curved_band,True
6,mosdac_AMPHAN_2020_0006_Severe_Cyclonic_Storm.png,data/p2_mosdac_expanded/crops\mosdac_AMPHAN_2020_0006_Severe_Cyclonic_Storm.png,AMPHAN,2020,AMPHAN_2020,train,2020-05-10 15:00:00 UTC,9.55,86.98,111.0,Severe Cyclonic Storm,curved_band,True
7,mosdac_AMPHAN_2020_0007_Severe_Cyclonic_Storm.png,data/p2_mosdac_expanded/crops\mosdac_AMPHAN_2020_0007_Severe_Cyclonic_Storm.png,AMPHAN,2020,AMPHAN_2020,train,2020-05-10 18:00:00 UTC,9.56,86.88,113.3,Severe Cyclonic Storm,curved_band,True
8,mosdac_AMPHAN_2020_0008_Very_Severe_Cyclonic_Storm.png,data/p2_mosdac_expanded/crops\mosdac_AMPHAN_2020_0008_Very_Severe_Cyclonic_Storm.png,AMPHAN,2020,AMPHAN_2020,train,2020-05-10 21:00:00 UTC,9.56,86.77,123.1,Very Severe Cyclonic Storm,eye_visible,True
9,mosdac_AMPHAN_2020_0009_Very_Severe_Cyclonic_Storm.png,data/p2_mosdac_expanded/crops\mosdac_AMPHAN_2020_0009_Very_Severe_Cyclonic_Storm.png,AMPHAN,2020,AMPHAN_2020,train,2020-05-10 00:00:00 UTC,9.58,86.67,124.4,Very Severe Cyclonic Storm,eye_visible,True
10,mosdac_AMPHAN_2020_0010_Very_Severe_Cyclonic_Storm.png,data/p2_mosdac_expanded/crops\mosdac_AMPHAN_2020_0010_Very_Severe_Cyclonic_Storm.png,AMPHAN,2020,AMPHAN_2020,train,2020-05-10 03:00:00 UTC,9.63,86.61,129.0,Very Severe Cyclonic Storm,eye_visible,True
11,mosdac_AMPHAN_2020_0011_Very_Severe_Cyclonic_Storm.png,data/p2_mosdac_expanded/crops\mosdac_AMPHAN_2020_0011_Very_Severe_Cyclonic_Storm.png,AMPHAN,2020,AMPHAN_2020,train,2020-05-11 06:00:00 UTC,9.69,86.55,127.4,Very Severe Cyclonic Storm,eye_visible,True
12,mosdac_AMPHAN_2020_0012_Very_Severe_Cyclonic_Storm.png,data/p2_mosdac_expanded/crops\mosdac_AMPHAN_2020_0012_Very_Severe_Cyclonic_Storm.png,AMPHAN,2020,AMPHAN_2020,train,2020-05-11 09:00:00 UTC,9.8,86.49,139.0,Very Severe Cyclonic Storm,eye_visible,True
13,mosdac_AMPHAN_2020_0013_Very_Severe_Cyclonic_Storm.png,data/p2_mosdac_expanded/crops\mosdac_AMPHAN_2020_0013_Very_Severe_Cyclonic_Storm.png,AMPHAN,2020,AMPHAN_2020,train,2020-05-11 12:00:00 UTC,9.91,86.42,142.0,Very Severe Cyclonic Storm,eye_visible,True
14,mosdac_AMPHAN_2020_0014_Very_Severe_Cyclonic_Storm.png,data/p2_mosdac_expanded/crops\mosdac_AMPHAN_2020_0014_Very_Severe_Cyclonic_Storm.png,AMPHAN,2020,AMPHAN_2020,train,2020-05-11 15:00:00 UTC,10.07,86.31,141.3,Very Severe Cyclonic Storm,eye_visible,True
15,mosdac_AMPHAN_2020_0015_Very_Severe_Cyclonic_Storm.png,data/p2_mosdac_expanded/crops\mosdac_AMPHAN_2020_0015_Very_Severe_Cyclonic_Storm.png,AMPHAN,2020,AMPHAN_2020,train,2020-05-11 18:00:00 UTC,10.21,86.21,145.4,Very Severe Cyclonic Storm,eye_visible,True
16,mosdac_AMPHAN_2020_0016_Very_Severe_Cyclonic_Storm.png,data/p2_mosdac_expanded/crops\mosdac_AMPHAN_2020_0016_Very_Severe_Cyclonic_Storm.png,AMPHAN,2020,AMPHAN_2020,train,2020-05-11 21:00:00 UTC,10.31,86.15,149.9,Very Severe Cyclonic Storm,eye_visible,True
17,mosdac_AMPHAN_2020_0017_Very_Severe_Cyclonic_Storm.png,data/p2_mosdac_expanded/crops\mosdac_AMPHAN_2020_0017_Very_Severe_Cyclonic_Storm.png,AMPHAN,2020,AMPHAN_2020,train,2020-05-11 00:00:00 UTC,10.42,86.1,155.3,Very Severe Cyclonic Storm,eye_visible,True
18,mosdac_AMPHAN_2020_0018_Very_Severe_Cyclonic_Storm.png,data/p2_mosdac_expanded/crops\mosdac_AMPHAN_2020_0018_Very_Severe_Cyclonic_Storm.png,AMPHAN,2020,AMPHAN_2020,train,2020-05-11 03:00:00 UTC,10.52,86.09,161.6,Very Severe Cyclonic Storm,eye_visible,True
19,mosdac_AMPHAN_2020_0019_Very_Severe_Cyclonic_Storm.png,data/p2_mosdac_expanded/crops\mosdac_AMPHAN_2020_0019_Very_Severe_Cyclonic_Storm.png,AMPHAN,2020,AMPHAN_2020,train,2020-05-11 06:00:00 UTC,10.61,86.09,165.5,Very Severe Cyclonic Storm,eye_visible,True
20,mosdac_AMPHAN_2020_0020_Extremely_Severe_Cyclonic_Storm.png,data/p2_mosdac_expanded/crops\mosdac_AMPHAN_2020_0020_Extremely_Severe_Cyclonic_Storm.png,AMPHAN,2020,AMPHAN_2020,train,2020-05-11 09:00:00 UTC,10.65,86.13,168.9,Extremely Severe Cyclonic Storm,eye_visible,True
21,mosdac_AMPHAN_2020_0021_Extremely_Severe_Cyclonic_Storm.png,data/p2_mosdac_expanded/crops\mosdac_AMPHAN_2020_0021_Extremely_Severe_Cyclonic_Storm.png,AMPHAN,2020,AMPHAN_2020,train,2020-05-12 12:00:00 UTC,10.71,86.15,176.1,Extremely Severe Cyclonic Storm,eye_visible,True
22,mosdac_AMPHAN_2020_0022_Extremely_Severe_Cyclonic_Storm.png,data/p2_mosdac_expanded/crops\mosdac_AMPHAN_2020_0022_Extremely_Severe_Cyclonic_Storm.png,AMPHAN,2020,AMPHAN_2020,train,2020-05-12 15:00:00 UTC,10.81,86.09,176.9,Extremely Severe Cyclonic Storm,eye_visible,True
23,mosdac_AMPHAN_2020_0023_Extremely_Severe_Cyclonic_Storm.png,data/p2_mosdac_expanded/crops\mosdac_AMPHAN_2020_0023_Extremely_Severe_Cyclonic_Storm.png,AMPHAN,2020,AMPHAN_2020,train,2020-05-12 18:00:00 UTC,10.89,86.04,182.7,Extremely Severe Cyclonic Storm,eye_visible,True
24,mosdac_AMPHAN_2020_0024_Extremely_Severe_Cyclonic_Storm.png,data/p2_mosdac_expanded/crops\mosdac_AMPHAN_2020_0024_Extremely_Severe_Cyclonic_Storm.png,AMPHAN,2020,AMPHAN_2020,train,2020-05-12 21:00:00 UTC,10.94,86.03,187.9,Extremely Severe Cyclonic Storm,eye_visible,True
25,mosdac_AMPHAN_2020_0025_Extremely_Severe_Cyclonic_Storm.png,data/p2_mosdac_expanded/crops\mosdac_AMPHAN_2020_0025_Extremely_Severe_Cyclonic_Storm.png,AMPHAN,2020,AMPHAN_2020,train,2020-05-12 00:00:00 UTC,10.99,86.03,193.1,Extremely Severe Cyclonic Storm,eye_visible,True
26,mosdac_AMPHAN_2020_0026_Extremely_Severe_Cyclonic_Storm.png,data/p2_mosdac_expanded/crops\mosdac_AMPHAN_2020_0026_Extremely_Severe_Cyclonic_Storm.png,AMPHAN,2020,AMPHAN_2020,train,2020-05-12 03:00:00 UTC,11.09,86.02,200.1,Extremely Severe Cyclonic Storm,eye_visible,True
27,mosdac_AMPHAN_2020_0027_Extremely_Severe_Cyclonic_Storm.png,data/p2_mosdac_expanded/crops\mosdac_AMPHAN_2020_0027_Extremely_Severe_Cyclonic_Storm.png,AMPHAN,2020,AMPHAN_2020,train,2020-05-12 06:00:00 UTC,11.16,86.01,199.8,Extremely Severe Cyclonic Storm,eye_visible,True
28,mosdac_AMPHAN_2020_0028_Extremely_Severe_Cyclonic_Storm.png,data/p2_mosdac_expanded/crops\mosdac_AMPHAN_2020_0028_Extremely_Severe_Cyclonic_Storm.png,AMPHAN,2020,AMPHAN_2020,train,2020-05-12 09:00:00 UTC,11.21,86.01,206.6,Extremely Severe Cyclonic Storm,eye_visible,True
29,mosdac_AMPHAN_2020_0029_Extremely_Severe_Cyclonic_Storm.png,data/p2_mosdac_expanded/crops\mosdac_AMPHAN_2020_0029_Extremely_Severe_Cyclonic_Storm.png,AMPHAN,2020,AMPHAN_2020,train,2020-05-12 12:00:00 UTC,11.25,86.01,211.4,Extremely Severe Cyclonic Storm,eye_visible,True
30,mosdac_AMPHAN_2020_0030_Extremely_Severe_Cyclonic_Storm.png,data/p2_mosdac_expanded/crops\mosdac_AMPHAN_2020_0030_Extremely_Severe_Cyclonic_Storm.png,AMPHAN,2020,AMPHAN_2020,train,2020-05-12 15:00:00 UTC,11.29,86.0,211.1,Extremely Severe Cyclonic Storm,eye_visible,True
31,mosdac_AMPHAN_2020_0031_Extremely_Severe_Cyclonic_Storm.png,data/p2_mosdac_expanded/crops\mosdac_AMPHAN_2020_0031_Extremely_Severe_Cyclonic_Storm.png,AMPHAN,2020,AMPHAN_2020,train,2020-05-13 18:00:00 UTC,11.34,86.02,219.5,Extremely Severe Cyclonic Storm,eye_visible,True
32,mosdac_AMPHAN_2020_0032_Extremely_Severe_Cyclonic_Storm.png,data/p2_mosdac_expanded/crops\mosdac_AMPHAN_2020_0032_Extremely_Severe_Cyclonic_Storm.png,AMPHAN,2020,AMPHAN_2020,train,2020-05-13 21:00:00 UTC,11.44,86.07,219.9,Extremely Severe Cyclonic Storm,eye_visible,True
33,mosdac_AMPHAN_2020_0033_Super_Cyclonic_Storm.png,data/p2_mosdac_expanded/crops\mosdac_AMPHAN_2020_0033_Super_Cyclonic_Storm.png,AMPHAN,2020,AMPHAN_2020,train,2020-05-13 00:00:00 UTC,11.51,86.1,222.7,Super Cyclonic Storm,eye_visible,True
34,mosdac_AMPHAN_2020_0034_Super_Cyclonic_Storm.png,data/p2_mosdac_expanded/crops\mosdac_AMPHAN_2020_0034_Super_Cyclonic_Storm.png,AMPHAN,2020,AMPHAN_2020,train,2020-05-13 03:00:00 UTC,11.55,86.1,233.3,Super Cyclonic Storm,eye_visible,True
35,mosdac_AMPHAN_2020_0035_Super_Cyclonic_Storm.png,data/p2_mosdac_expanded/crops\mosdac_AMPHAN_2020_0035_Super_Cyclonic_Storm.png,AMPHAN,2020,AMPHAN_2020,train,2020-05-13 06:00:00 UTC,11.63,86.1,236.8,Super Cyclonic Storm,eye_visible,True
36,mosdac_AMPHAN_2020_0036_Super_Cyclonic_Storm.png,data/p2_mosdac_expanded/crops\mosdac_AMPHAN_2020_0036_Super_Cyclonic_Storm.png,AMPHAN,2020,AMPHAN_2020,train,2020-05-13 09:00:00 UTC,11.77,86.11,238.8,Super Cyclonic Storm,eye_visible,True
37,mosdac_AMPHAN_2020_0037_Super_Cyclonic_Storm.png,data/p2_mosdac_expanded/crops\mosdac_AMPHAN_2020_0037_Super_Cyclonic_Storm.png,AMPHAN,2020,AMPHAN_2020,train,2020-05-13 12:00:00 UTC,11.96,86.15,237.8,Super Cyclonic Storm,eye_visible,True
38,mosdac_AMPHAN_2020_0038_Super_Cyclonic_Storm.png,data/p2_mosdac_expanded/crops\mosdac_AMPHAN_2020_0038_Super_Cyclonic_Storm.png,AMPHAN,2020,AMPHAN_2020,train,2020-05-13 15:00:00 UTC,12.26,86.25,239.0,Super Cyclonic Storm,eye_visible,True
39,mosdac_AMPHAN_2020_0039_Super_Cyclonic_Storm.png,data/p2_mosdac_expanded/crops\mosdac_AMPHAN_2020_0039_Super_Cyclonic_Storm.png,AMPHAN,2020,AMPHAN_2020,train,2020-05-13 18:00:00 UTC,12.44,86.32,246.3,Super Cyclonic Storm,eye_visible,True
40,mosdac_AMPHAN_2020_0040_Super_Cyclonic_Storm.png,data/p2_mosdac_expanded/crops\mosdac_AMPHAN_2020_0040_Super_Cyclonic_Storm.png,AMPHAN,2020,AMPHAN_2020,train,2020-05-13 21:00:00 UTC,12.43,86.33,246.8,Super Cyclonic Storm,eye_visible,True
41,mosdac_AMPHAN_2020_0041_Super_Cyclonic_Storm.png,data/p2_mosdac_expanded/crops\mosdac_AMPHAN_2020_0041_Super_Cyclonic_Storm.png,AMPHAN,2020,AMPHAN_2020,train,2020-05-14 00:00:00 UTC,12.51,86.35,246.5,Super Cyclonic Storm,eye_visible,True
42,mosdac_AMPHAN_2020_0042_Super_Cyclonic_Storm.png,data/p2_mosdac_expanded/crops\mosdac_AMPHAN_2020_0042_Super_Cyclonic_Storm.png,AMPHAN,2020,AMPHAN_2020,train,2020-05-14 03:00:00 UTC,12.7,86.41,251.6,Super Cyclonic Storm,eye_visible,True
43,mosdac_AMPHAN_2020_0043_Super_Cyclonic_Storm.png,data/p2_mosdac_expanded/crops\mosdac_AMPHAN_2020_0043_Super_Cyclonic_Storm.png,AMPHAN,2020,AMPHAN_2020,train,2020-05-14 06:00:00 UTC,12.88,86.43,249.7,Super Cyclonic Storm,eye_visible,True
44,mosdac_AMPHAN_2020_0044_Super_Cyclonic_Storm.png,data/p2_mosdac_expanded/crops\mosdac_AMPHAN_2020_0044_Super_Cyclonic_Storm.png,AMPHAN,2020,AMPHAN_2020,train,2020-05-14 09:00:00 UTC,13.02,86.39,258.3,Super Cyclonic Storm,eye_visible,True
45,mosdac_AMPHAN_2020_0045_Super_Cyclonic_Storm.png,data/p2_mosdac_expanded/crops\mosdac_AMPHAN_2020_0045_Super_Cyclonic_Storm.png,AMPHAN,2020,AMPHAN_2020,train,2020-05-14 12:00:00 UTC,13.13,86.32,254.5,Super Cyclonic Storm,eye_visible,True
46,mosdac_AMPHAN_2020_0046_Super_Cyclonic_Storm.png,data/p2_mosdac_expanded/crops\mosdac_AMPHAN_2020_0046_Super_Cyclonic_Storm.png,AMPHAN,2020,AMPHAN_2020,train,2020-05-14 15:00:00 UTC,13.17,86.23,258.9,Super Cyclonic Storm,eye_visible,True
47,mosdac_AMPHAN_2020_0047_Super_Cyclonic_Storm.png,data/p2_mosdac_expanded/crops\mosdac_AMPHAN_2020_0047_Super_Cyclonic_Storm.png,AMPHAN,2020,AMPHAN_2020,train,2020-05-14 18:00:00 UTC,13.22,86.19,257.1,Super Cyclonic Storm,eye_visible,True
48,mosdac_AMPHAN_2020_0048_Super_Cyclonic_Storm.png,data/p2_mosdac_expanded/crops\mosdac_AMPHAN_2020_0048_Super_Cyclonic_Storm.png,AMPHAN,2020,AMPHAN_2020,train,2020-05-14 21:00:00 UTC,13.27,86.2,259.4,Super Cyclonic Storm,eye_visible,True
49,mosdac_AMPHAN_2020_0049_Super_Cyclonic_Storm.png,data/p2_mosdac_expanded/crops\mosdac_AMPHAN_2020_0049_Super_Cyclonic_Storm.png,AMPHAN,2020,AMPHAN_2020,train,2020-05-14 00:00:00 UTC,13.37,86.21,260.1,Super Cyclonic Storm,eye_visible,True
50,mosdac_AMPHAN_2020_0050_Super_Cyclonic_Storm.png,data/p2_mosdac_expanded/crops\mosdac_AMPHAN_2020_0050_Super_Cyclonic_Storm.png,AMPHAN,2020,AMPHAN_2020,train,2020-05-14 03:00:00 UTC,13.53,86.22,257.4,Super Cyclonic Storm,eye_visible,True
51,mosdac_AMPHAN_2020_0051_Super_Cyclonic_Storm.png,data/p2_mosdac_expanded/crops\mosdac_AMPHAN_2020_0051_Super_Cyclonic_Storm.png,AMPHAN,2020,AMPHAN_2020,train,2020-05-15 06:00:00 UTC,13.71,86.28,263.7,Super Cyclonic Storm,eye_visible,True
52,mosdac_AMPHAN_2020_0052_Super_Cyclonic_Storm.png,data/p2_mosdac_expanded/crops\mosdac_AMPHAN_2020_0052_Super_Cyclonic_Storm.png,AMPHAN,2020,AMPHAN_2020,train,2020-05-15 09:00:00 UTC,13.91,86.39,261.9,Super Cyclonic Storm,eye_visible,True
53,mosdac_AMPHAN_2020_0053_Super_Cyclonic_Storm.png,data/p2_mosdac_expanded/crops\mosdac_AMPHAN_2020_0053_Super_Cyclonic_Storm.png,AMPHAN,2020,AMPHAN_2020,train,2020-05-15 12:00:00 UTC,14.12,86.47,262.8,Super Cyclonic Storm,eye_visible,True
54,mosdac_AMPHAN_2020_0054_Super_Cyclonic_Storm.png,data/p2_mosdac_expanded/crops\mosdac_AMPHAN_2020_0054_Super_Cyclonic_Storm.png,AMPHAN,2020,AMPHAN_2020,train,2020-05-15 15:00:00 UTC,14.32,86.53,261.7,Super Cyclonic Storm,eye_visible,True
55,mosdac_AMPHAN_2020_0055_Super_Cyclonic_Storm.png,data/p2_mosdac_expanded/crops\mosdac_AMPHAN_2020_0055_Super_Cyclonic_Storm.png,AMPHAN,2020,AMPHAN_2020,train,2020-05-15 18:00:00 UTC,14.53,86.59,258.4,Super Cyclonic Storm,eye_visible,True
56,mosdac_AMPHAN_2020_0056_Super_Cyclonic_Storm.png,data/p2_mosdac_expanded/crops\mosdac_AMPHAN_2020_0056_Super_Cyclonic_Storm.png,AMPHAN,2020,AMPHAN_2020,train,2020-05-15 21:00:00 UTC,14.74,86.65,259.8,Super Cyclonic Storm,eye_visible,True
57,mosdac_AMPHAN_2020_0057_Super_Cyclonic_Storm.png,data/p2_mosdac_expanded/crops\mosdac_AMPHAN_2020_0057_Super_Cyclonic_Storm.png,AMPHAN,2020,AMPHAN_2020,train,2020-05-15 00:00:00 UTC,14.92,86.71,251.8,Super Cyclonic Storm,eye_visible,True
58,mosdac_AMPHAN_2020_0058_Super_Cyclonic_Storm.png,data/p2_mosdac_expanded/crops\mosdac_AMPHAN_2020_0058_Super_Cyclonic_Storm.png,AMPHAN,2020,AMPHAN_2020,train,2020-05-15 03:00:00 UTC,15.08,86.76,251.0,Super Cyclonic Storm,eye_visible,True
59,mosdac_AMPHAN_2020_0059_Super_Cyclonic_Storm.png,data/p2_mosdac_expanded/crops\mosdac_AMPHAN_2020_0059_Super_Cyclonic_Storm.png,AMPHAN,2020,AMPHAN_2020,train,2020-05-15 06:00:00 UTC,15.27,86.82,248.0,Super Cyclonic Storm,eye_visible,True
60,mosdac_AMPHAN_2020_0060_Super_Cyclonic_Storm.png,data/p2_mosdac_expanded/crops\mosdac_AMPHAN_2020_0060_Super_Cyclonic_Storm.png,AMPHAN,2020,AMPHAN_2020,train,2020-05-15 09:00:00 UTC,15.48,86.87,248.2,Super Cyclonic Storm,eye_visible,True
61,mosdac_AMPHAN_2020_0061_Super_Cyclonic_Storm.png,data/p2_mosdac_expanded/crops\mosdac_AMPHAN_2020_0061_Super_Cyclonic_Storm.png,AMPHAN,2020,AMPHAN_2020,train,2020-05-16 12:00:00 UTC,15.69,86.93,246.4,Super Cyclonic Storm,eye_visible,True
62,mosdac_AMPHAN_2020_0062_Super_Cyclonic_Storm.png,data/p2_mosdac_expanded/crops\mosdac_AMPHAN_2020_0062_Super_Cyclonic_Storm.png,AMPHAN,2020,AMPHAN_2020,train,2020-05-16 15:00:00 UTC,15.91,86.98,243.0,Super Cyclonic Storm,eye_visible,True
63,mosdac_AMPHAN_2020_0063_Super_Cyclonic_Storm.png,data/p2_mosdac_expanded/crops\mosdac_AMPHAN_2020_0063_Super_Cyclonic_Storm.png,AMPHAN,2020,AMPHAN_2020,train,2020-05-16 18:00:00 UTC,16.15,87.03,244.8,Super Cyclonic Storm,eye_visible,True
64,mosdac_AMPHAN_2020_0064_Super_Cyclonic_Storm.png,data/p2_mosdac_expanded/crops\mosdac_AMPHAN_2020_0064_Super_Cyclonic_Storm.png,AMPHAN,2020,AMPHAN_2020,train,2020-05-16 21:00:00 UTC,16.41,87.08,238.2,Super Cyclonic Storm,eye_visible,True
65,mosdac_AMPHAN_2020_0065_Super_Cyclonic_Storm.png,data/p2_mosdac_expanded/crops\mosdac_AMPHAN_2020_0065_Super_Cyclonic_Storm.png,AMPHAN,2020,AMPHAN_2020,train,2020-05-16 00:00:00 UTC,16.64,87.1,234.6,Super Cyclonic Storm,eye_visible,True
66,mosdac_AMPHAN_2020_0066_Super_Cyclonic_Storm.png,data/p2_mosdac_expanded/crops\mosdac_AMPHAN_2020_0066_Super_Cyclonic_Storm.png,AMPHAN,2020,AMPHAN_2020,train,2020-05-16 03:00:00 UTC,16.85,87.1,233.4,Super Cyclonic Storm,eye_visible,True
67,mosdac_AMPHAN_2020_0067_Super_Cyclonic_Storm.png,data/p2_mosdac_expanded/crops\mosdac_AMPHAN_2020_0067_Super_Cyclonic_Storm.png,AMPHAN,2020,AMPHAN_2020,train,2020-05-16 06:00:00 UTC,17.06,87.13,226.9,Super Cyclonic Storm,eye_visible,True
68,mosdac_AMPHAN_2020_0068_Super_Cyclonic_Storm.png,data/p2_mosdac_expanded/crops\mosdac_AMPHAN_2020_0068_Super_Cyclonic_Storm.png,AMPHAN,2020,AMPHAN_2020,train,2020-05-16 09:00:00 UTC,17.28,87.18,228.6,Super Cyclonic Storm,eye_visible,True
69,mosdac_AMPHAN_2020_0069_Extremely_Severe_Cyclonic_Storm.png,data/p2_mosdac_expanded/crops\mosdac_AMPHAN_2020_0069_Extremely_Severe_Cyclonic_Storm.png,AMPHAN,2020,AMPHAN_2020,train,2020-05-16 12:00:00 UTC,17.56,87.19,219.1,Extremely Severe Cyclonic Storm,eye_visible,True
70,mosdac_AMPHAN_2020_0070_Super_Cyclonic_Storm.png,data/p2_mosdac_expanded/crops\mosdac_AMPHAN_2020_0070_Super_Cyclonic_Storm.png,AMPHAN,2020,AMPHAN_2020,train,2020-05-16 15:00:00 UTC,17.87,87.18,222.6,Super Cyclonic Storm,eye_visible,True
71,mosdac_AMPHAN_2020_0071_Extremely_Severe_Cyclonic_Storm.png,data/p2_mosdac_expanded/crops\mosdac_AMPHAN_2020_0071_Extremely_Severe_Cyclonic_Storm.png,AMPHAN,2020,AMPHAN_2020,train,2020-05-17 18:00:00 UTC,18.11,87.21,216.9,Extremely Severe Cyclonic Storm,eye_visible,True
72,mosdac_AMPHAN_2020_0072_Extremely_Severe_Cyclonic_Storm.png,data/p2_mosdac_expanded/crops\mosdac_AMPHAN_2020_0072_Extremely_Severe_Cyclonic_Storm.png,AMPHAN,2020,AMPHAN_2020,train,2020-05-17 21:00:00 UTC,18.32,87.25,208.3,Extremely Severe Cyclonic Storm,eye_visible,True
73,mosdac_AMPHAN_2020_0073_Extremely_Severe_Cyclonic_Storm.png,data/p2_mosdac_expanded/crops\mosdac_AMPHAN_2020_0073_Extremely_Severe_Cyclonic_Storm.png,AMPHAN,2020,AMPHAN_2020,train,2020-05-17 00:00:00 UTC,18.52,87.3,202.5,Extremely Severe Cyclonic Storm,eye_visible,True
74,mosdac_AMPHAN_2020_0074_Extremely_Severe_Cyclonic_Storm.png,data/p2_mosdac_expanded/crops\mosdac_AMPHAN_2020_0074_Extremely_Severe_Cyclonic_Storm.png,AMPHAN,2020,AMPHAN_2020,train,2020-05-17 03:00:00 UTC,18.73,87.34,204.7,Extremely Severe Cyclonic Storm,eye_visible,True
75,mosdac_AMPHAN_2020_0075_Extremely_Severe_Cyclonic_Storm.png,data/p2_mosdac_expanded/crops\mosdac_AMPHAN_2020_0075_Extremely_Severe_Cyclonic_Storm.png,AMPHAN,2020,AMPHAN_2020,train,2020-05-17 06:00:00 UTC,18.98,87.42,199.5,Extremely Severe Cyclonic Storm,eye_visible,True
76,mosdac_AMPHAN_2020_0076_Extremely_Severe_Cyclonic_Storm.png,data/p2_mosdac_expanded/crops\mosdac_AMPHAN_2020_0076_Extremely_Severe_Cyclonic_Storm.png,AMPHAN,2020,AMPHAN_2020,train,2020-05-17 09:00:00 UTC,19.23,87.51,195.3,Extremely Severe Cyclonic Storm,eye_visible,True
77,mosdac_AMPHAN_2020_0077_Extremely_Severe_Cyclonic_Storm.png,data/p2_mosdac_expanded/crops\mosdac_AMPHAN_2020_0077_Extremely_Severe_Cyclonic_Storm.png,AMPHAN,2020,AMPHAN_2020,train,2020-05-17 12:00:00 UTC,19.53,87.6,191.1,Extremely Severe Cyclonic Storm,eye_visible,True
78,mosdac_AMPHAN_2020_0078_Extremely_Severe_Cyclonic_Storm.png,data/p2_mosdac_expanded/crops\mosdac_AMPHAN_2020_0078_Extremely_Severe_Cyclonic_Storm.png,AMPHAN,2020,AMPHAN_2020,train,2020-05-17 15:00:00 UTC,19.83,87.69,181.0,Extremely Severe Cyclonic Storm,eye_visible,True
79,mosdac_AMPHAN_2020_0079_Extremely_Severe_Cyclonic_Storm.png,data/p2_mosdac_expanded/crops\mosdac_AMPHAN_2020_0079_Extremely_Severe_Cyclonic_Storm.png,AMPHAN,2020,AMPHAN_2020,train,2020-05-17 18:00:00 UTC,20.22,87.82,178.7,Extremely Severe Cyclonic Storm,eye_visible,True
80,mosdac_AMPHAN_2020_0080_Extremely_Severe_Cyclonic_Storm.png,data/p2_mosdac_expanded/crops\mosdac_AMPHAN_2020_0080_Extremely_Severe_Cyclonic_Storm.png,AMPHAN,2020,AMPHAN_2020,train,2020-05-17 21:00:00 UTC,20.62,87.97,172.1,Extremely Severe Cyclonic Storm,eye_visible,True
81,mosdac_AMPHAN_2020_0081_Extremely_Severe_Cyclonic_Storm.png,data/p2_mosdac_expanded/crops\mosdac_AMPHAN_2020_0081_Extremely_Severe_Cyclonic_Storm.png,AMPHAN,2020,AMPHAN_2020,train,2020-05-18 00:00:00 UTC,21.02,88.03,173.5,Extremely Severe Cyclonic Storm,eye_visible,True
82,mosdac_AMPHAN_2020_0082_Extremely_Severe_Cyclonic_Storm.png,data/p2_mosdac_expanded/crops\mosdac_AMPHAN_2020_0082_Extremely_Severe_Cyclonic_Storm.png,AMPHAN,2020,AMPHAN_2020,train,2020-05-18 03:00:00 UTC,21.42,88.07,167.0,Extremely Severe Cyclonic Storm,eye_visible,True
83,mosdac_AMPHAN_2020_0083_Very_Severe_Cyclonic_Storm.png,data/p2_mosdac_expanded/crops\mosdac_AMPHAN_2020_0083_Very_Severe_Cyclonic_Storm.png,AMPHAN,2020,AMPHAN_2020,train,2020-05-18 06:00:00 UTC,21.78,88.19,160.1,Very Severe Cyclonic Storm,eye_visible,True
84,mosdac_AMPHAN_2020_0084_Very_Severe_Cyclonic_Storm.png,data/p2_mosdac_expanded/crops\mosdac_AMPHAN_2020_0084_Very_Severe_Cyclonic_Storm.png,AMPHAN,2020,AMPHAN_2020,train,2020-05-18 09:00:00 UTC,22.13,88.33,153.4,Very Severe Cyclonic Storm,eye_visible,True
85,mosdac_AMPHAN_2020_0085_Very_Severe_Cyclonic_Storm.png,data/p2_mosdac_expanded/crops\mosdac_AMPHAN_2020_0085_Very_Severe_Cyclonic_Storm.png,AMPHAN,2020,AMPHAN_2020,train,2020-05-18 12:00:00 UTC,22.48,88.43,150.9,Very Severe Cyclonic Storm,eye_visible,True
86,mosdac_AMPHAN_2020_0086_Very_Severe_Cyclonic_Storm.png,data/p2_mosdac_expanded/crops\mosdac_AMPHAN_2020_0086_Very_Severe_Cyclonic_Storm.png,AMPHAN,2020,AMPHAN_2020,train,2020-05-18 15:00:00 UTC,22.83,88.53,146.6,Very Severe Cyclonic Storm,eye_visible,True
87,mosdac_AMPHAN_2020_0087_Very_Severe_Cyclonic_Storm.png,data/p2_mosdac_expanded/crops\mosdac_AMPHAN_2020_0087_Very_Severe_Cyclonic_Storm.png,AMPHAN,2020,AMPHAN_2020,train,2020-05-18 18:00:00 UTC,23.18,88.75,145.4,Very Severe Cyclonic Storm,eye_visible,True
88,mosdac_AMPHAN_2020_0088_Very_Severe_Cyclonic_Storm.png,data/p2_mosdac_expanded/crops\mosdac_AMPHAN_2020_0088_Very_Severe_Cyclonic_Storm.png,AMPHAN,2020,AMPHAN_2020,train,2020-05-18 21:00:00 UTC,23.52,88.99,140.4,Very Severe Cyclonic Storm,eye_visible,True
89,mosdac_AMPHAN_2020_0089_Very_Severe_Cyclonic_Storm.png,data/p2_mosdac_expanded/crops\mosdac_AMPHAN_2020_0089_Very_Severe_Cyclonic_Storm.png,AMPHAN,2020,AMPHAN_2020,train,2020-05-18 00:00:00 UTC,23.91,89.11,138.3,Very Severe Cyclonic Storm,eye_visible,True
90,mosdac_AMPHAN_2020_0090_Very_Severe_Cyclonic_Storm.png,data/p2_mosdac_expanded/crops\mosdac_AMPHAN_2020_0090_Very_Severe_Cyclonic_Storm.png,AMPHAN,2020,AMPHAN_2020,train,2020-05-18 03:00:00 UTC,24.31,89.2,131.0,Very Severe Cyclonic Storm,eye_visible,True
91,mosdac_AMPHAN_2020_0091_Very_Severe_Cyclonic_Storm.png,data/p2_mosdac_expanded/crops\mosdac_AMPHAN_2020_0091_Very_Severe_Cyclonic_Storm.png,AMPHAN,2020,AMPHAN_2020,train,2020-05-19 06:00:00 UTC,24.48,89.35,124.3,Very Severe Cyclonic Storm,eye_visible,True
92,mosdac_AMPHAN_2020_0092_Very_Severe_Cyclonic_Storm.png,data/p2_mosdac_expanded/crops\mosdac_AMPHAN_2020_0092_Very_Severe_Cyclonic_Storm.png,AMPHAN,2020,AMPHAN_2020,train,2020-05-19 09:00:00 UTC,24.62,89.49,125.3,Very Severe Cyclonic Storm,eye_visible,True
93,mosdac_AMPHAN_2020_0093_Very_Severe_Cyclonic_Storm.png,data/p2_mosdac_expanded/crops\mosdac_AMPHAN_2020_0093_Very_Severe_Cyclonic_Storm.png,AMPHAN,2020,AMPHAN_2020,train,2020-05-19 12:00:00 UTC,24.85,89.64,122.2,Very Severe Cyclonic Storm,eye_visible,True
94,mosdac_AMPHAN_2020_0094_Severe_Cyclonic_Storm.png,data/p2_mosdac_expanded/crops\mosdac_AMPHAN_2020_0094_Severe_Cyclonic_Storm.png,AMPHAN,2020,AMPHAN_2020,train,2020-05-19 15:00:00 UTC,25.1,89.79,117.3,Severe Cyclonic Storm,curved_band,True
95,mosdac_AMPHAN_2020_0095_Severe_Cyclonic_Storm.png,data/p2_mosdac_expanded/crops\mosdac_AMPHAN_2020_0095_Severe_Cyclonic_Storm.png,AMPHAN,2020,AMPHAN_2020,train,2020-05-19 18:00:00 UTC,25.24,89.89,116.0,Severe Cyclonic Storm,curved_band,True
96,mosdac_AMPHAN_2020_0096_Severe_Cyclonic_Storm.png,data/p2_mosdac_expanded/crops\mosdac_AMPHAN_2020_0096_Severe_Cyclonic_Storm.png,AMPHAN,2020,AMPHAN_2020,train,2020-05-19 21:00:00 UTC,25.39,90.0,111.0,Severe Cyclonic Storm,curved_band,True
97,mosdac_AMPHAN_2020_0097_Severe_Cyclonic_Storm.png,data/p2_mosdac_expanded/crops\mosdac_AMPHAN_2020_0097_Severe_Cyclonic_Storm.png,AMPHAN,2020,AMPHAN_2020,train,2020-05-19 00:00:00 UTC,25.29,89.76,108.8,Severe Cyclonic Storm,curved_band,True
98,mosdac_AMPHAN_2020_0098_Severe_Cyclonic_Storm.png,data/p2_mosdac_expanded/crops\mosdac_AMPHAN_2020_0098_Severe_Cyclonic_Storm.png,AMPHAN,2020,AMPHAN_2020,train,2020-05-19 03:00:00 UTC,25.17,89.51,105.9,Severe Cyclonic Storm,curved_band,True
99,mosdac_AMPHAN_2020_0099_Severe_Cyclonic_Storm.png,data/p2_mosdac_expanded/crops\mosdac_AMPHAN_2020_0099_Severe_Cyclonic_Storm.png,AMPHAN,2020,AMPHAN_2020,train,2020-05-19 06:00:00 UTC,25.26,89.51,101.1,Severe Cyclonic Storm,curved_band,True
100,mosdac_AMPHAN_2020_0100_Severe_Cyclonic_Storm.png,data/p2_mosdac_expanded/crops\mosdac_AMPHAN_2020_0100_Severe_Cyclonic_Storm.png,AMPHAN,2020,AMPHAN_2020,train,2020-05-19 09:00:00 UTC,25.35,89.51,100.9,Severe Cyclonic Storm,curved_band,True
101,mosdac_KYARR_2019_0101_Severe_Cyclonic_Storm.png,data/p2_mosdac_expanded/crops\mosdac_KYARR_2019_0101_Severe_Cyclonic_Storm.png,KYARR,2019,KYARR_2019,test,2019-05-10 00:00:00 UTC,1.9,90.3,96.3,Severe Cyclonic Storm,curved_band,True
102,mosdac_KYARR_2019_0102_Severe_Cyclonic_Storm.png,data/p2_mosdac_expanded/crops\mosdac_KYARR_2019_0102_Severe_Cyclonic_Storm.png,KYARR,2019,KYARR_2019,test,2019-05-10 03:00:00 UTC,1.97,90.27,101.9,Severe Cyclonic Storm,curved_band,True
103,mosdac_KYARR_2019_0103_Severe_Cyclonic_Storm.png,data/p2_mosdac_expanded/crops\mosdac_KYARR_2019_0103_Severe_Cyclonic_Storm.png,KYARR,2019,KYARR_2019,test,2019-05-10 06:00:00 UTC,2.04,90.24,100.9,Severe Cyclonic Storm,curved_band,True
104,mosdac_KYARR_2019_0104_Severe_Cyclonic_Storm.png,data/p2_mosdac_expanded/crops\mosdac_KYARR_2019_0104_Severe_Cyclonic_Storm.png,KYARR,2019,KYARR_2019,test,2019-05-10 09:00:00 UTC,2.11,90.21,104.5,Severe Cyclonic Storm,curved_band,True
105,mosdac_KYARR_2019_0105_Severe_Cyclonic_Storm.png,data/p2_mosdac_expanded/crops\mosdac_KYARR_2019_0105_Severe_Cyclonic_Storm.png,KYARR,2019,KYARR_2019,test,2019-05-10 12:00:00 UTC,2.16,90.17,110.0,Severe Cyclonic Storm,curved_band,True
106,mosdac_KYARR_2019_0106_Severe_Cyclonic_Storm.png,data/p2_mosdac_expanded/crops\mosdac_KYARR_2019_0106_Severe_Cyclonic_Storm.png,KYARR,2019,KYARR_2019,test,2019-05-10 15:00:00 UTC,2.19,90.14,107.4,Severe Cyclonic Storm,curved_band,True
107,mosdac_KYARR_2019_0107_Severe_Cyclonic_Storm.png,data/p2_mosdac_expanded/crops\mosdac_KYARR_2019_0107_Severe_Cyclonic_Storm.png,KYARR,2019,KYARR_2019,test,2019-05-10 18:00:00 UTC,2.23,90.11,111.6,Severe Cyclonic Storm,curved_band,True
108,mosdac_KYARR_2019_0108_Severe_Cyclonic_Storm.png,data/p2_mosdac_expanded/crops\mosdac_KYARR_2019_0108_Severe_Cyclonic_Storm.png,KYARR,2019,KYARR_2019,test,2019-05-10 21:00:00 UTC,2.27,90.07,117.6,Severe Cyclonic Storm,curved_band,True
109,mosdac_KYARR_2019_0109_Severe_Cyclonic_Storm.png,data/p2_mosdac_expanded/crops\mosdac_KYARR_2019_0109_Severe_Cyclonic_Storm.png,KYARR,2019,KYARR_2019,test,2019-05-10 00:00:00 UTC,2.31,90.0,116.7,Severe Cyclonic Storm,curved_band,True
110,mosdac_KYARR_2019_0110_Very_Severe_Cyclonic_Storm.png,data/p2_mosdac_expanded/crops\mosdac_KYARR_2019_0110_Very_Severe_Cyclonic_Storm.png,KYARR,2019,KYARR_2019,test,2019-05-10 03:00:00 UTC,2.34,89.93,119.0,Very Severe Cyclonic Storm,eye_visible,True
111,mosdac_KYARR_2019_0111_Very_Severe_Cyclonic_Storm.png,data/p2_mosdac_expanded/crops\mosdac_KYARR_2019_0111_Very_Severe_Cyclonic_Storm.png,KYARR,2019,KYARR_2019,test,2019-05-11 06:00:00 UTC,2.38,89.87,124.5,Very Severe Cyclonic Storm,eye_visible,True
112,mosdac_KYARR_2019_0112_Very_Severe_Cyclonic_Storm.png,data/p2_mosdac_expanded/crops\mosdac_KYARR_2019_0112_Very_Severe_Cyclonic_Storm.png,KYARR,2019,KYARR_2019,test,2019-05-11 09:00:00 UTC,2.43,89.82,127.3,Very Severe Cyclonic Storm,eye_visible,True
113,mosdac_KYARR_2019_0113_Very_Severe_Cyclonic_Storm.png,data/p2_mosdac_expanded/crops\mosdac_KYARR_2019_0113_Very_Severe_Cyclonic_Storm.png,KYARR,2019,KYARR_2019,test,2019-05-11 12:00:00 UTC,2.5,89.78,137.4,Very Severe Cyclonic Storm,eye_visible,True
114,mosdac_KYARR_2019_0114_Very_Severe_Cyclonic_Storm.png,data/p2_mosdac_expanded/crops\mosdac_KYARR_2019_0114_Very_Severe_Cyclonic_Storm.png,KYARR,2019,KYARR_2019,test,2019-05-11 15:00:00 UTC,2.56,89.75,140.5,Very Severe Cyclonic Storm,eye_visible,True
115,mosdac_KYARR_2019_0115_Very_Severe_Cyclonic_Storm.png,data/p2_mosdac_expanded/crops\mosdac_KYARR_2019_0115_Very_Severe_Cyclonic_Storm.png,KYARR,2019,KYARR_2019,test,2019-05-11 18:00:00 UTC,2.63,89.73,143.3,Very Severe Cyclonic Storm,eye_visible,True
116,mosdac_KYARR_2019_0116_Very_Severe_Cyclonic_Storm.png,data/p2_mosdac_expanded/crops\mosdac_KYARR_2019_0116_Very_Severe_Cyclonic_Storm.png,KYARR,2019,KYARR_2019,test,2019-05-11 21:00:00 UTC,2.72,89.75,149.5,Very Severe Cyclonic Storm,eye_visible,True
117,mosdac_KYARR_2019_0117_Very_Severe_Cyclonic_Storm.png,data/p2_mosdac_expanded/crops\mosdac_KYARR_2019_0117_Very_Severe_Cyclonic_Storm.png,KYARR,2019,KYARR_2019,test,2019-05-11 00:00:00 UTC,2.81,89.77,153.3,Very Severe Cyclonic Storm,eye_visible,True
118,mosdac_KYARR_2019_0118_Very_Severe_Cyclonic_Storm.png,data/p2_mosdac_expanded/crops\mosdac_KYARR_2019_0118_Very_Severe_Cyclonic_Storm.png,KYARR,2019,KYARR_2019,test,2019-05-11 03:00:00 UTC,2.89,89.79,152.7,Very Severe Cyclonic Storm,eye_visible,True
119,mosdac_KYARR_2019_0119_Very_Severe_Cyclonic_Storm.png,data/p2_mosdac_expanded/crops\mosdac_KYARR_2019_0119_Very_Severe_Cyclonic_Storm.png,KYARR,2019,KYARR_2019,test,2019-05-11 06:00:00 UTC,3.01,89.78,162.8,Very Severe Cyclonic Storm,eye_visible,True
120,mosdac_KYARR_2019_0120_Very_Severe_Cyclonic_Storm.png,data/p2_mosdac_expanded/crops\mosdac_KYARR_2019_0120_Very_Severe_Cyclonic_Storm.png,KYARR,2019,KYARR_2019,test,2019-05-11 09:00:00 UTC,3.12,89.77,164.4,Very Severe Cyclonic Storm,eye_visible,True
121,mosdac_KYARR_2019_0121_Extremely_Severe_Cyclonic_Storm.png,data/p2_mosdac_expanded/crops\mosdac_KYARR_2019_0121_Extremely_Severe_Cyclonic_Storm.png,KYARR,2019,KYARR_2019,test,2019-05-12 12:00:00 UTC,3.23,89.76,170.9,Extremely Severe Cyclonic Storm,eye_visible,True
122,mosdac_KYARR_2019_0122_Extremely_Severe_Cyclonic_Storm.png,data/p2_mosdac_expanded/crops\mosdac_KYARR_2019_0122_Extremely_Severe_Cyclonic_Storm.png,KYARR,2019,KYARR_2019,test,2019-05-12 15:00:00 UTC,3.33,89.73,176.1,Extremely Severe Cyclonic Storm,eye_visible,True
123,mosdac_KYARR_2019_0123_Extremely_Severe_Cyclonic_Storm.png,data/p2_mosdac_expanded/crops\mosdac_KYARR_2019_0123_Extremely_Severe_Cyclonic_Storm.png,KYARR,2019,KYARR_2019,test,2019-05-12 18:00:00 UTC,3.41,89.7,175.8,Extremely Severe Cyclonic Storm,eye_visible,True
124,mosdac_KYARR_2019_0124_Extremely_Severe_Cyclonic_Storm.png,data/p2_mosdac_expanded/crops\mosdac_KYARR_2019_0124_Extremely_Severe_Cyclonic_Storm.png,KYARR,2019,KYARR_2019,test,2019-05-12 21:00:00 UTC,3.5,89.66,178.5,Extremely Severe Cyclonic Storm,eye_visible,True
125,mosdac_KYARR_2019_0125_Extremely_Severe_Cyclonic_Storm.png,data/p2_mosdac_expanded/crops\mosdac_KYARR_2019_0125_Extremely_Severe_Cyclonic_Storm.png,KYARR,2019,KYARR_2019,test,2019-05-12 00:00:00 UTC,3.58,89.62,183.8,Extremely Severe Cyclonic Storm,eye_visible,True
126,mosdac_KYARR_2019_0126_Extremely_Severe_Cyclonic_Storm.png,data/p2_mosdac_expanded/crops\mosdac_KYARR_2019_0126_Extremely_Severe_Cyclonic_Storm.png,KYARR,2019,KYARR_2019,test,2019-05-12 03:00:00 UTC,3.66,89.56,189.7,Extremely Severe Cyclonic Storm,eye_visible,True
127,mosdac_KYARR_2019_0127_Extremely_Severe_Cyclonic_Storm.png,data/p2_mosdac_expanded/crops\mosdac_KYARR_2019_0127_Extremely_Severe_Cyclonic_Storm.png,KYARR,2019,KYARR_2019,test,2019-05-12 06:00:00 UTC,3.74,89.49,197.0,Extremely Severe Cyclonic Storm,eye_visible,True
128,mosdac_KYARR_2019_0128_Extremely_Severe_Cyclonic_Storm.png,data/p2_mosdac_expanded/crops\mosdac_KYARR_2019_0128_Extremely_Severe_Cyclonic_Storm.png,KYARR,2019,KYARR_2019,test,2019-05-12 09:00:00 UTC,3.82,89.43,201.4,Extremely Severe Cyclonic Storm,eye_visible,True
129,mosdac_KYARR_2019_0129_Extremely_Severe_Cyclonic_Storm.png,data/p2_mosdac_expanded/crops\mosdac_KYARR_2019_0129_Extremely_Severe_Cyclonic_Storm.png,KYARR,2019,KYARR_2019,test,2019-05-12 12:00:00 UTC,3.91,89.39,198.6,Extremely Severe Cyclonic Storm,eye_visible,True
130,mosdac_KYARR_2019_0130_Extremely_Severe_Cyclonic_Storm.png,data/p2_mosdac_expanded/crops\mosdac_KYARR_2019_0130_Extremely_Severe_Cyclonic_Storm.png,KYARR,2019,KYARR_2019,test,2019-05-12 15:00:00 UTC,4.02,89.35,206.6,Extremely Severe Cyclonic Storm,eye_visible,True
131,mosdac_KYARR_2019_0131_Extremely_Severe_Cyclonic_Storm.png,data/p2_mosdac_expanded/crops\mosdac_KYARR_2019_0131_Extremely_Severe_Cyclonic_Storm.png,KYARR,2019,KYARR_2019,test,2019-05-13 18:00:00 UTC,4.13,89.32,209.6,Extremely Severe Cyclonic Storm,eye_visible,True
132,mosdac_KYARR_2019_0132_Extremely_Severe_Cyclonic_Storm.png,data/p2_mosdac_expanded/crops\mosdac_KYARR_2019_0132_Extremely_Severe_Cyclonic_Storm.png,KYARR,2019,KYARR_2019,test,2019-05-13 21:00:00 UTC,4.24,89.3,211.7,Extremely Severe Cyclonic Storm,eye_visible,True
133,mosdac_KYARR_2019_0133_Extremely_Severe_Cyclonic_Storm.png,data/p2_mosdac_expanded/crops\mosdac_KYARR_2019_0133_Extremely_Severe_Cyclonic_Storm.png,KYARR,2019,KYARR_2019,test,2019-05-13 00:00:00 UTC,4.34,89.3,214.5,Extremely Severe Cyclonic Storm,eye_visible,True
134,mosdac_KYARR_2019_0134_Extremely_Severe_Cyclonic_Storm.png,data/p2_mosdac_expanded/crops\mosdac_KYARR_2019_0134_Extremely_Severe_Cyclonic_Storm.png,KYARR,2019,KYARR_2019,test,2019-05-13 03:00:00 UTC,4.45,89.3,219.6,Extremely Severe Cyclonic Storm,eye_visible,True
135,mosdac_KYARR_2019_0135_Super_Cyclonic_Storm.png,data/p2_mosdac_expanded/crops\mosdac_KYARR_2019_0135_Super_Cyclonic_Storm.png,KYARR,2019,KYARR_2019,test,2019-05-13 06:00:00 UTC,4.56,89.3,227.7,Super Cyclonic Storm,eye_visible,True
136,mosdac_KYARR_2019_0136_Super_Cyclonic_Storm.png,data/p2_mosdac_expanded/crops\mosdac_KYARR_2019_0136_Super_Cyclonic_Storm.png,KYARR,2019,KYARR_2019,test,2019-05-13 09:00:00 UTC,4.64,89.31,225.8,Super Cyclonic Storm,eye_visible,True
137,mosdac_KYARR_2019_0137_Super_Cyclonic_Storm.png,data/p2_mosdac_expanded/crops\mosdac_KYARR_2019_0137_Super_Cyclonic_Storm.png,KYARR,2019,KYARR_2019,test,2019-05-13 12:00:00 UTC,4.72,89.31,230.3,Super Cyclonic Storm,eye_visible,True
138,mosdac_KYARR_2019_0138_Super_Cyclonic_Storm.png,data/p2_mosdac_expanded/crops\mosdac_KYARR_2019_0138_Super_Cyclonic_Storm.png,KYARR,2019,KYARR_2019,test,2019-05-13 15:00:00 UTC,4.8,89.32,234.5,Super Cyclonic Storm,eye_visible,True
139,mosdac_KYARR_2019_0139_Super_Cyclonic_Storm.png,data/p2_mosdac_expanded/crops\mosdac_KYARR_2019_0139_Super_Cyclonic_Storm.png,KYARR,2019,KYARR_2019,test,2019-05-13 18:00:00 UTC,4.87,89.32,234.3,Super Cyclonic Storm,eye_visible,True
140,mosdac_KYARR_2019_0140_Super_Cyclonic_Storm.png,data/p2_mosdac_expanded/crops\mosdac_KYARR_2019_0140_Super_Cyclonic_Storm.png,KYARR,2019,KYARR_2019,test,2019-05-13 21:00:00 UTC,4.92,89.33,241.6,Super Cyclonic Storm,eye_visible,True
141,mosdac_KYARR_2019_0141_Super_Cyclonic_Storm.png,data/p2_mosdac_expanded/crops\mosdac_KYARR_2019_0141_Super_Cyclonic_Storm.png,KYARR,2019,KYARR_2019,test,2019-05-14 00:00:00 UTC,4.97,89.33,243.7,Super Cyclonic Storm,eye_visible,True
142,mosdac_KYARR_2019_0142_Super_Cyclonic_Storm.png,data/p2_mosdac_expanded/crops\mosdac_KYARR_2019_0142_Super_Cyclonic_Storm.png,KYARR,2019,KYARR_2019,test,2019-05-14 03:00:00 UTC,5.02,89.34,240.0,Super Cyclonic Storm,eye_visible,True
143,mosdac_KYARR_2019_0143_Super_Cyclonic_Storm.png,data/p2_mosdac_expanded/crops\mosdac_KYARR_2019_0143_Super_Cyclonic_Storm.png,KYARR,2019,KYARR_2019,test,2019-05-14 06:00:00 UTC,5.13,89.32,243.7,Super Cyclonic Storm,eye_visible,True
144,mosdac_KYARR_2019_0144_Super_Cyclonic_Storm.png,data/p2_mosdac_expanded/crops\mosdac_KYARR_2019_0144_Super_Cyclonic_Storm.png,KYARR,2019,KYARR_2019,test,2019-05-14 09:00:00 UTC,5.25,89.3,243.7,Super Cyclonic Storm,eye_visible,True
145,mosdac_KYARR_2019_0145_Super_Cyclonic_Storm.png,data/p2_mosdac_expanded/crops\mosdac_KYARR_2019_0145_Super_Cyclonic_Storm.png,KYARR,2019,KYARR_2019,test,2019-05-14 12:00:00 UTC,5.36,89.28,244.9,Super Cyclonic Storm,eye_visible,True
146,mosdac_KYARR_2019_0146_Super_Cyclonic_Storm.png,data/p2_mosdac_expanded/crops\mosdac_KYARR_2019_0146_Super_Cyclonic_Storm.png,KYARR,2019,KYARR_2019,test,2019-05-14 15:00:00 UTC,5.49,89.26,244.0,Super Cyclonic Storm,eye_visible,True
147,mosdac_KYARR_2019_0147_Super_Cyclonic_Storm.png,data/p2_mosdac_expanded/crops\mosdac_KYARR_2019_0147_Super_Cyclonic_Storm.png,KYARR,2019,KYARR_2019,test,2019-05-14 18:00:00 UTC,5.64,89.24,249.5,Super Cyclonic Storm,eye_visible,True
148,mosdac_KYARR_2019_0148_Super_Cyclonic_Storm.png,data/p2_mosdac_expanded/crops\mosdac_KYARR_2019_0148_Super_Cyclonic_Storm.png,KYARR,2019,KYARR_2019,test,2019-05-14 21:00:00 UTC,5.78,89.22,249.3,Super Cyclonic Storm,eye_visible,True
149,mosdac_KYARR_2019_0149_Super_Cyclonic_Storm.png,data/p2_mosdac_expanded/crops\mosdac_KYARR_2019_0149_Super_Cyclonic_Storm.png,KYARR,2019,KYARR_2019,test,2019-05-14 00:00:00 UTC,5.92,89.19,246.2,Super Cyclonic Storm,eye_visible,True
150,mosdac_KYARR_2019_0150_Super_Cyclonic_Storm.png,data/p2_mosdac_expanded/crops\mosdac_KYARR_2019_0150_Super_Cyclonic_Storm.png,KYARR,2019,KYARR_2019,test,2019-05-14 03:00:00 UTC,6.04,89.11,248.2,Super Cyclonic Storm,eye_visible,True
151,mosdac_KYARR_2019_0151_Super_Cyclonic_Storm.png,data/p2_mosdac_expanded/crops\mosdac_KYARR_2019_0151_Super_Cyclonic_Storm.png,KYARR,2019,KYARR_2019,test,2019-05-15 06:00:00 UTC,6.16,89.03,253.2,Super Cyclonic Storm,eye_visible,True
152,mosdac_KYARR_2019_0152_Super_Cyclonic_Storm.png,data/p2_mosdac_expanded/crops\mosdac_KYARR_2019_0152_Super_Cyclonic_Storm.png,KYARR,2019,KYARR_2019,test,2019-05-15 09:00:00 UTC,6.28,88.96,247.7,Super Cyclonic Storm,eye_visible,True
153,mosdac_KYARR_2019_0153_Super_Cyclonic_Storm.png,data/p2_mosdac_expanded/crops\mosdac_KYARR_2019_0153_Super_Cyclonic_Storm.png,KYARR,2019,KYARR_2019,test,2019-05-15 12:00:00 UTC,6.36,88.85,246.5,Super Cyclonic Storm,eye_visible,True
154,mosdac_KYARR_2019_0154_Super_Cyclonic_Storm.png,data/p2_mosdac_expanded/crops\mosdac_KYARR_2019_0154_Super_Cyclonic_Storm.png,KYARR,2019,KYARR_2019,test,2019-05-15 15:00:00 UTC,6.42,88.75,248.5,Super Cyclonic Storm,eye_visible,True
155,mosdac_KYARR_2019_0155_Super_Cyclonic_Storm.png,data/p2_mosdac_expanded/crops\mosdac_KYARR_2019_0155_Super_Cyclonic_Storm.png,KYARR,2019,KYARR_2019,test,2019-05-15 18:00:00 UTC,6.49,88.64,251.6,Super Cyclonic Storm,eye_visible,True
156,mosdac_KYARR_2019_0156_Super_Cyclonic_Storm.png,data/p2_mosdac_expanded/crops\mosdac_KYARR_2019_0156_Super_Cyclonic_Storm.png,KYARR,2019,KYARR_2019,test,2019-05-15 21:00:00 UTC,6.55,88.54,244.5,Super Cyclonic Storm,eye_visible,True
157,mosdac_KYARR_2019_0157_Super_Cyclonic_Storm.png,data/p2_mosdac_expanded/crops\mosdac_KYARR_2019_0157_Super_Cyclonic_Storm.png,KYARR,2019,KYARR_2019,test,2019-05-15 00:00:00 UTC,6.62,88.46,246.6,Super Cyclonic Storm,eye_visible,True
158,mosdac_KYARR_2019_0158_Super_Cyclonic_Storm.png,data/p2_mosdac_expanded/crops\mosdac_KYARR_2019_0158_Super_Cyclonic_Storm.png,KYARR,2019,KYARR_2019,test,2019-05-15 03:00:00 UTC,6.68,88.37,245.8,Super Cyclonic Storm,eye_visible,True
159,mosdac_KYARR_2019_0159_Super_Cyclonic_Storm.png,data/p2_mosdac_expanded/crops\mosdac_KYARR_2019_0159_Super_Cyclonic_Storm.png,KYARR,2019,KYARR_2019,test,2019-05-15 06:00:00 UTC,6.75,88.29,239.8,Super Cyclonic Storm,eye_visible,True
160,mosdac_KYARR_2019_0160_Super_Cyclonic_Storm.png,data/p2_mosdac_expanded/crops\mosdac_KYARR_2019_0160_Super_Cyclonic_Storm.png,KYARR,2019,KYARR_2019,test,2019-05-15 09:00:00 UTC,6.85,88.26,241.8,Super Cyclonic Storm,eye_visible,True
161,mosdac_KYARR_2019_0161_Super_Cyclonic_Storm.png,data/p2_mosdac_expanded/crops\mosdac_KYARR_2019_0161_Super_Cyclonic_Storm.png,KYARR,2019,KYARR_2019,test,2019-05-16 12:00:00 UTC,6.94,88.24,236.7,Super Cyclonic Storm,eye_visible,True
162,mosdac_KYARR_2019_0162_Super_Cyclonic_Storm.png,data/p2_mosdac_expanded/crops\mosdac_KYARR_2019_0162_Super_Cyclonic_Storm.png,KYARR,2019,KYARR_2019,test,2019-05-16 15:00:00 UTC,7.04,88.21,236.5,Super Cyclonic Storm,eye_visible,True
163,mosdac_KYARR_2019_0163_Super_Cyclonic_Storm.png,data/p2_mosdac_expanded/crops\mosdac_KYARR_2019_0163_Super_Cyclonic_Storm.png,KYARR,2019,KYARR_2019,test,2019-05-16 18:00:00 UTC,7.11,88.2,233.9,Super Cyclonic Storm,eye_visible,True
164,mosdac_KYARR_2019_0164_Super_Cyclonic_Storm.png,data/p2_mosdac_expanded/crops\mosdac_KYARR_2019_0164_Super_Cyclonic_Storm.png,KYARR,2019,KYARR_2019,test,2019-05-16 21:00:00 UTC,7.15,88.2,230.4,Super Cyclonic Storm,eye_visible,True
165,mosdac_KYARR_2019_0165_Super_Cyclonic_Storm.png,data/p2_mosdac_expanded/crops\mosdac_KYARR_2019_0165_Super_Cyclonic_Storm.png,KYARR,2019,KYARR_2019,test,2019-05-16 00:00:00 UTC,7.19,88.2,223.9,Super Cyclonic Storm,eye_visible,True
166,mosdac_KYARR_2019_0166_Super_Cyclonic_Storm.png,data/p2_mosdac_expanded/crops\mosdac_KYARR_2019_0166_Super_Cyclonic_Storm.png,KYARR,2019,KYARR_2019,test,2019-05-16 03:00:00 UTC,7.23,88.2,226.8,Super Cyclonic Storm,eye_visible,True
167,mosdac_KYARR_2019_0167_Extremely_Severe_Cyclonic_Storm.png,data/p2_mosdac_expanded/crops\mosdac_KYARR_2019_0167_Extremely_Severe_Cyclonic_Storm.png,KYARR,2019,KYARR_2019,test,2019-05-16 06:00:00 UTC,7.3,88.2,219.5,Extremely Severe Cyclonic Storm,eye_visible,True
168,mosdac_KYARR_2019_0168_Extremely_Severe_Cyclonic_Storm.png,data/p2_mosdac_expanded/crops\mosdac_KYARR_2019_0168_Extremely_Severe_Cyclonic_Storm.png,KYARR,2019,KYARR_2019,test,2019-05-16 09:00:00 UTC,7.37,88.19,215.0,Extremely Severe Cyclonic Storm,eye_visible,True
169,mosdac_KYARR_2019_0169_Extremely_Severe_Cyclonic_Storm.png,data/p2_mosdac_expanded/crops\mosdac_KYARR_2019_0169_Extremely_Severe_Cyclonic_Storm.png,KYARR,2019,KYARR_2019,test,2019-05-16 12:00:00 UTC,7.43,88.19,210.3,Extremely Severe Cyclonic Storm,eye_visible,True
170,mosdac_KYARR_2019_0170_Extremely_Severe_Cyclonic_Storm.png,data/p2_mosdac_expanded/crops\mosdac_KYARR_2019_0170_Extremely_Severe_Cyclonic_Storm.png,KYARR,2019,KYARR_2019,test,2019-05-16 15:00:00 UTC,7.5,88.14,211.0,Extremely Severe Cyclonic Storm,eye_visible,True
171,mosdac_KYARR_2019_0171_Extremely_Severe_Cyclonic_Storm.png,data/p2_mosdac_expanded/crops\mosdac_KYARR_2019_0171_Extremely_Severe_Cyclonic_Storm.png,KYARR,2019,KYARR_2019,test,2019-05-17 18:00:00 UTC,7.57,88.07,207.9,Extremely Severe Cyclonic Storm,eye_visible,True
172,mosdac_KYARR_2019_0172_Extremely_Severe_Cyclonic_Storm.png,data/p2_mosdac_expanded/crops\mosdac_KYARR_2019_0172_Extremely_Severe_Cyclonic_Storm.png,KYARR,2019,KYARR_2019,test,2019-05-17 21:00:00 UTC,7.63,88.01,198.7,Extremely Severe Cyclonic Storm,eye_visible,True
173,mosdac_KYARR_2019_0173_Extremely_Severe_Cyclonic_Storm.png,data/p2_mosdac_expanded/crops\mosdac_KYARR_2019_0173_Extremely_Severe_Cyclonic_Storm.png,KYARR,2019,KYARR_2019,test,2019-05-17 00:00:00 UTC,7.72,87.93,198.6,Extremely Severe Cyclonic Storm,eye_visible,True
174,mosdac_KYARR_2019_0174_Extremely_Severe_Cyclonic_Storm.png,data/p2_mosdac_expanded/crops\mosdac_KYARR_2019_0174_Extremely_Severe_Cyclonic_Storm.png,KYARR,2019,KYARR_2019,test,2019-05-17 03:00:00 UTC,7.84,87.84,192.3,Extremely Severe Cyclonic Storm,eye_visible,True
175,mosdac_KYARR_2019_0175_Extremely_Severe_Cyclonic_Storm.png,data/p2_mosdac_expanded/crops\mosdac_KYARR_2019_0175_Extremely_Severe_Cyclonic_Storm.png,KYARR,2019,KYARR_2019,test,2019-05-17 06:00:00 UTC,7.96,87.74,191.4,Extremely Severe Cyclonic Storm,eye_visible,True
176,mosdac_KYARR_2019_0176_Extremely_Severe_Cyclonic_Storm.png,data/p2_mosdac_expanded/crops\mosdac_KYARR_2019_0176_Extremely_Severe_Cyclonic_Storm.png,KYARR,2019,KYARR_2019,test,2019-05-17 09:00:00 UTC,8.08,87.64,183.4,Extremely Severe Cyclonic Storm,eye_visible,True
177,mosdac_KYARR_2019_0177_Extremely_Severe_Cyclonic_Storm.png,data/p2_mosdac_expanded/crops\mosdac_KYARR_2019_0177_Extremely_Severe_Cyclonic_Storm.png,KYARR,2019,KYARR_2019,test,2019-05-17 12:00:00 UTC,8.12,87.6,183.2,Extremely Severe Cyclonic Storm,eye_visible,True
178,mosdac_KYARR_2019_0178_Extremely_Severe_Cyclonic_Storm.png,data/p2_mosdac_expanded/crops\mosdac_KYARR_2019_0178_Extremely_Severe_Cyclonic_Storm.png,KYARR,2019,KYARR_2019,test,2019-05-17 15:00:00 UTC,8.15,87.56,176.4,Extremely Severe Cyclonic Storm,eye_visible,True
179,mosdac_KYARR_2019_0179_Extremely_Severe_Cyclonic_Storm.png,data/p2_mosdac_expanded/crops\mosdac_KYARR_2019_0179_Extremely_Severe_Cyclonic_Storm.png,KYARR,2019,KYARR_2019,test,2019-05-17 18:00:00 UTC,8.18,87.52,176.4,Extremely Severe Cyclonic Storm,eye_visible,True
180,mosdac_KYARR_2019_0180_Very_Severe_Cyclonic_Storm.png,data/p2_mosdac_expanded/crops\mosdac_KYARR_2019_0180_Very_Severe_Cyclonic_Storm.png,KYARR,2019,KYARR_2019,test,2019-05-17 21:00:00 UTC,8.21,87.5,165.6,Very Severe Cyclonic Storm,eye_visible,True
181,mosdac_KYARR_2019_0181_Very_Severe_Cyclonic_Storm.png,data/p2_mosdac_expanded/crops\mosdac_KYARR_2019_0181_Very_Severe_Cyclonic_Storm.png,KYARR,2019,KYARR_2019,test,2019-05-18 00:00:00 UTC,8.24,87.49,162.8,Very Severe Cyclonic Storm,eye_visible,True
182,mosdac_KYARR_2019_0182_Very_Severe_Cyclonic_Storm.png,data/p2_mosdac_expanded/crops\mosdac_KYARR_2019_0182_Very_Severe_Cyclonic_Storm.png,KYARR,2019,KYARR_2019,test,2019-05-18 03:00:00 UTC,8.27,87.48,156.5,Very Severe Cyclonic Storm,eye_visible,True
183,mosdac_KYARR_2019_0183_Very_Severe_Cyclonic_Storm.png,data/p2_mosdac_expanded/crops\mosdac_KYARR_2019_0183_Very_Severe_Cyclonic_Storm.png,KYARR,2019,KYARR_2019,test,2019-05-18 06:00:00 UTC,8.3,87.46,158.6,Very Severe Cyclonic Storm,eye_visible,True
184,mosdac_KYARR_2019_0184_Very_Severe_Cyclonic_Storm.png,data/p2_mosdac_expanded/crops\mosdac_KYARR_2019_0184_Very_Severe_Cyclonic_Storm.png,KYARR,2019,KYARR_2019,test,2019-05-18 09:00:00 UTC,8.35,87.43,153.9,Very Severe Cyclonic Storm,eye_visible,True
185,mosdac_KYARR_2019_0185_Very_Severe_Cyclonic_Storm.png,data/p2_mosdac_expanded/crops\mosdac_KYARR_2019_0185_Very_Severe_Cyclonic_Storm.png,KYARR,2019,KYARR_2019,test,2019-05-18 12:00:00 UTC,8.41,87.39,144.6,Very Severe Cyclonic Storm,eye_visible,True
186,mosdac_KYARR_2019_0186_Very_Severe_Cyclonic_Storm.png,data/p2_mosdac_expanded/crops\mosdac_KYARR_2019_0186_Very_Severe_Cyclonic_Storm.png,KYARR,2019,KYARR_2019,test,2019-05-18 15:00:00 UTC,8.46,87.35,143.5,Very Severe Cyclonic Storm,eye_visible,True
187,mosdac_KYARR_2019_0187_Very_Severe_Cyclonic_Storm.png,data/p2_mosdac_expanded/crops\mosdac_KYARR_2019_0187_Very_Severe_Cyclonic_Storm.png,KYARR,2019,KYARR_2019,test,2019-05-18 18:00:00 UTC,8.51,87.33,140.6,Very Severe Cyclonic Storm,eye_visible,True
188,mosdac_KYARR_2019_0188_Very_Severe_Cyclonic_Storm.png,data/p2_mosdac_expanded/crops\mosdac_KYARR_2019_0188_Very_Severe_Cyclonic_Storm.png,KYARR,2019,KYARR_2019,test,2019-05-18 21:00:00 UTC,8.56,87.33,134.4,Very Severe Cyclonic Storm,eye_visible,True
189,mosdac_KYARR_2019_0189_Very_Severe_Cyclonic_Storm.png,data/p2_mosdac_expanded/crops\mosdac_KYARR_2019_0189_Very_Severe_Cyclonic_Storm.png,KYARR,2019,KYARR_2019,test,2019-05-18 00:00:00 UTC,8.61,87.32,130.2,Very Severe Cyclonic Storm,eye_visible,True
190,mosdac_KYARR_2019_0190_Very_Severe_Cyclonic_Storm.png,data/p2_mosdac_expanded/crops\mosdac_KYARR_2019_0190_Very_Severe_Cyclonic_Storm.png,KYARR,2019,KYARR_2019,test,2019-05-18 03:00:00 UTC,8.66,87.3,124.1,Very Severe Cyclonic Storm,eye_visible,True
191,mosdac_KYARR_2019_0191_Very_Severe_Cyclonic_Storm.png,data/p2_mosdac_expanded/crops\mosdac_KYARR_2019_0191_Very_Severe_Cyclonic_Storm.png,KYARR,2019,KYARR_2019,test,2019-05-19 06:00:00 UTC,8.71,87.24,119.2,Very Severe Cyclonic Storm,eye_visible,True
192,mosdac_KYARR_2019_0192_Very_Severe_Cyclonic_Storm.png,data/p2_mosdac_expanded/crops\mosdac_KYARR_2019_0192_Very_Severe_Cyclonic_Storm.png,KYARR,2019,KYARR_2019,test,2019-05-19 09:00:00 UTC,8.76,87.17,122.1,Very Severe Cyclonic Storm,eye_visible,True
193,mosdac_KYARR_2019_0193_Very_Severe_Cyclonic_Storm.png,data/p2_mosdac_expanded/crops\mosdac_KYARR_2019_0193_Very_Severe_Cyclonic_Storm.png,KYARR,2019,KYARR_2019,test,2019-05-19 12:00:00 UTC,8.81,87.11,118.7,Very Severe Cyclonic Storm,eye_visible,True
194,mosdac_KYARR_2019_0194_Severe_Cyclonic_Storm.png,data/p2_mosdac_expanded/crops\mosdac_KYARR_2019_0194_Severe_Cyclonic_Storm.png,KYARR,2019,KYARR_2019,test,2019-05-19 15:00:00 UTC,8.93,87.1,113.4,Severe Cyclonic Storm,curved_band,True
195,mosdac_KYARR_2019_0195_Severe_Cyclonic_Storm.png,data/p2_mosdac_expanded/crops\mosdac_KYARR_2019_0195_Severe_Cyclonic_Storm.png,KYARR,2019,KYARR_2019,test,2019-05-19 18:00:00 UTC,9.07,87.1,108.1,Severe Cyclonic Storm,curved_band,True
196,mosdac_KYARR_2019_0196_Severe_Cyclonic_Storm.png,data/p2_mosdac_expanded/crops\mosdac_KYARR_2019_0196_Severe_Cyclonic_Storm.png,KYARR,2019,KYARR_2019,test,2019-05-19 21:00:00 UTC,9.21,87.1,105.5,Severe Cyclonic Storm,curved_band,True
197,mosdac_KYARR_2019_0197_Severe_Cyclonic_Storm.png,data/p2_mosdac_expanded/crops\mosdac_KYARR_2019_0197_Severe_Cyclonic_Storm.png,KYARR,2019,KYARR_2019,test,2019-05-19 00:00:00 UTC,9.34,87.09,106.2,Severe Cyclonic Storm,curved_band,True
198,mosdac_KYARR_2019_0198_Severe_Cyclonic_Storm.png,data/p2_mosdac_expanded/crops\mosdac_KYARR_2019_0198_Severe_Cyclonic_Storm.png,KYARR,2019,KYARR_2019,test,2019-05-19 03:00:00 UTC,9.48,87.06,105.6,Severe Cyclonic Storm,curved_band,True
199,mosdac_KYARR_2019_0199_Severe_Cyclonic_Storm.png,data/p2_mosdac_expanded/crops\mosdac_KYARR_2019_0199_Severe_Cyclonic_Storm.png,KYARR,2019,KYARR_2019,test,2019-05-19 06:00:00 UTC,9.62,87.04,103.9,Severe Cyclonic Storm,curved_band,True
200,mosdac_KYARR_2019_0200_Severe_Cyclonic_Storm.png,data/p2_mosdac_expanded/crops\mosdac_KYARR_2019_0200_Severe_Cyclonic_Storm.png,KYARR,2019,KYARR_2019,test,2019-05-19 09:00:00 UTC,9.75,87.01,102.2,Severe Cyclonic Storm,curved_band,True
201,mosdac_FANI_2019_0201_Cyclonic_Storm.png,data/p2_mosdac_expanded/crops\mosdac_FANI_2019_0201_Cyclonic_Storm.png,FANI,2019,FANI_2019,train,2019-05-10 00:00:00 UTC,1.9,90.3,87.1,Cyclonic Storm,curved_band,True
202,mosdac_FANI_2019_0202_Cyclonic_Storm.png,data/p2_mosdac_expanded/crops\mosdac_FANI_2019_0202_Cyclonic_Storm.png,FANI,2019,FANI_2019,train,2019-05-10 03:00:00 UTC,2.05,90.23,83.4,Cyclonic Storm,curved_band,True
203,mosdac_FANI_2019_0203_Cyclonic_Storm.png,data/p2_mosdac_expanded/crops\mosdac_FANI_2019_0203_Cyclonic_Storm.png,FANI,2019,FANI_2019,train,2019-05-10 06:00:00 UTC,2.16,90.16,85.4,Cyclonic Storm,curved_band,True
204,mosdac_FANI_2019_0204_Severe_Cyclonic_Storm.png,data/p2_mosdac_expanded/crops\mosdac_FANI_2019_0204_Severe_Cyclonic_Storm.png,FANI,2019,FANI_2019,train,2019-05-10 09:00:00 UTC,2.24,90.07,93.0,Severe Cyclonic Storm,curved_band,True
205,mosdac_FANI_2019_0205_Severe_Cyclonic_Storm.png,data/p2_mosdac_expanded/crops\mosdac_FANI_2019_0205_Severe_Cyclonic_Storm.png,FANI,2019,FANI_2019,train,2019-05-10 12:00:00 UTC,2.32,89.93,92.7,Severe Cyclonic Storm,curved_band,True
206,mosdac_FANI_2019_0206_Severe_Cyclonic_Storm.png,data/p2_mosdac_expanded/crops\mosdac_FANI_2019_0206_Severe_Cyclonic_Storm.png,FANI,2019,FANI_2019,train,2019-05-10 15:00:00 UTC,2.46,89.83,90.2,Severe Cyclonic Storm,curved_band,True
207,mosdac_FANI_2019_0207_Severe_Cyclonic_Storm.png,data/p2_mosdac_expanded/crops\mosdac_FANI_2019_0207_Severe_Cyclonic_Storm.png,FANI,2019,FANI_2019,train,2019-05-10 18:00:00 UTC,2.63,89.81,93.4,Severe Cyclonic Storm,curved_band,True
208,mosdac_FANI_2019_0208_Severe_Cyclonic_Storm.png,data/p2_mosdac_expanded/crops\mosdac_FANI_2019_0208_Severe_Cyclonic_Storm.png,FANI,2019,FANI_2019,train,2019-05-10 21:00:00 UTC,2.85,89.87,100.6,Severe Cyclonic Storm,curved_band,True
209,mosdac_FANI_2019_0209_Severe_Cyclonic_Storm.png,data/p2_mosdac_expanded/crops\mosdac_FANI_2019_0209_Severe_Cyclonic_Storm.png,FANI,2019,FANI_2019,train,2019-05-10 00:00:00 UTC,3.13,89.87,98.3,Severe Cyclonic Storm,curved_band,True
210,mosdac_FANI_2019_0210_Severe_Cyclonic_Storm.png,data/p2_mosdac_expanded/crops\mosdac_FANI_2019_0210_Severe_Cyclonic_Storm.png,FANI,2019,FANI_2019,train,2019-05-10 03:00:00 UTC,3.39,89.83,102.6,Severe Cyclonic Storm,curved_band,True
211,mosdac_FANI_2019_0211_Severe_Cyclonic_Storm.png,data/p2_mosdac_expanded/crops\mosdac_FANI_2019_0211_Severe_Cyclonic_Storm.png,FANI,2019,FANI_2019,train,2019-05-11 06:00:00 UTC,3.61,89.74,108.9,Severe Cyclonic Storm,curved_band,True
212,mosdac_FANI_2019_0212_Severe_Cyclonic_Storm.png,data/p2_mosdac_expanded/crops\mosdac_FANI_2019_0212_Severe_Cyclonic_Storm.png,FANI,2019,FANI_2019,train,2019-05-11 09:00:00 UTC,3.82,89.59,113.3,Severe Cyclonic Storm,curved_band,True
213,mosdac_FANI_2019_0213_Severe_Cyclonic_Storm.png,data/p2_mosdac_expanded/crops\mosdac_FANI_2019_0213_Severe_Cyclonic_Storm.png,FANI,2019,FANI_2019,train,2019-05-11 12:00:00 UTC,4.09,89.49,116.4,Severe Cyclonic Storm,curved_band,True
214,mosdac_FANI_2019_0214_Severe_Cyclonic_Storm.png,data/p2_mosdac_expanded/crops\mosdac_FANI_2019_0214_Severe_Cyclonic_Storm.png,FANI,2019,FANI_2019,train,2019-05-11 15:00:00 UTC,4.37,89.43,116.5,Severe Cyclonic Storm,curved_band,True
215,mosdac_FANI_2019_0215_Very_Severe_Cyclonic_Storm.png,data/p2_mosdac_expanded/crops\mosdac_FANI_2019_0215_Very_Severe_Cyclonic_Storm.png,FANI,2019,FANI_2019,train,2019-05-11 18:00:00 UTC,4.66,89.42,124.0,Very Severe Cyclonic Storm,eye_visible,True
216,mosdac_FANI_2019_0216_Very_Severe_Cyclonic_Storm.png,data/p2_mosdac_expanded/crops\mosdac_FANI_2019_0216_Very_Severe_Cyclonic_Storm.png,FANI,2019,FANI_2019,train,2019-05-11 21:00:00 UTC,4.88,89.41,123.9,Very Severe Cyclonic Storm,eye_visible,True
217,mosdac_FANI_2019_0217_Very_Severe_Cyclonic_Storm.png,data/p2_mosdac_expanded/crops\mosdac_FANI_2019_0217_Very_Severe_Cyclonic_Storm.png,FANI,2019,FANI_2019,train,2019-05-11 00:00:00 UTC,5.06,89.4,128.3,Very Severe Cyclonic Storm,eye_visible,True
218,mosdac_FANI_2019_0218_Very_Severe_Cyclonic_Storm.png,data/p2_mosdac_expanded/crops\mosdac_FANI_2019_0218_Very_Severe_Cyclonic_Storm.png,FANI,2019,FANI_2019,train,2019-05-11 03:00:00 UTC,5.21,89.39,135.5,Very Severe Cyclonic Storm,eye_visible,True
219,mosdac_FANI_2019_0219_Very_Severe_Cyclonic_Storm.png,data/p2_mosdac_expanded/crops\mosdac_FANI_2019_0219_Very_Severe_Cyclonic_Storm.png,FANI,2019,FANI_2019,train,2019-05-11 06:00:00 UTC,5.49,89.3,138.5,Very Severe Cyclonic Storm,eye_visible,True
220,mosdac_FANI_2019_0220_Very_Severe_Cyclonic_Storm.png,data/p2_mosdac_expanded/crops\mosdac_FANI_2019_0220_Very_Severe_Cyclonic_Storm.png,FANI,2019,FANI_2019,train,2019-05-11 09:00:00 UTC,5.81,89.22,143.9,Very Severe Cyclonic Storm,eye_visible,True
221,mosdac_FANI_2019_0221_Very_Severe_Cyclonic_Storm.png,data/p2_mosdac_expanded/crops\mosdac_FANI_2019_0221_Very_Severe_Cyclonic_Storm.png,FANI,2019,FANI_2019,train,2019-05-12 12:00:00 UTC,6.15,89.12,146.2,Very Severe Cyclonic Storm,eye_visible,True
222,mosdac_FANI_2019_0222_Very_Severe_Cyclonic_Storm.png,data/p2_mosdac_expanded/crops\mosdac_FANI_2019_0222_Very_Severe_Cyclonic_Storm.png,FANI,2019,FANI_2019,train,2019-05-12 15:00:00 UTC,6.43,88.89,149.2,Very Severe Cyclonic Storm,eye_visible,True
223,mosdac_FANI_2019_0223_Very_Severe_Cyclonic_Storm.png,data/p2_mosdac_expanded/crops\mosdac_FANI_2019_0223_Very_Severe_Cyclonic_Storm.png,FANI,2019,FANI_2019,train,2019-05-12 18:00:00 UTC,6.59,88.62,149.2,Very Severe Cyclonic Storm,eye_visible,True
224,mosdac_FANI_2019_0224_Very_Severe_Cyclonic_Storm.png,data/p2_mosdac_expanded/crops\mosdac_FANI_2019_0224_Very_Severe_Cyclonic_Storm.png,FANI,2019,FANI_2019,train,2019-05-12 21:00:00 UTC,6.73,88.35,155.2,Very Severe Cyclonic Storm,eye_visible,True
225,mosdac_FANI_2019_0225_Very_Severe_Cyclonic_Storm.png,data/p2_mosdac_expanded/crops\mosdac_FANI_2019_0225_Very_Severe_Cyclonic_Storm.png,FANI,2019,FANI_2019,train,2019-05-12 00:00:00 UTC,6.86,88.14,158.1,Very Severe Cyclonic Storm,eye_visible,True
226,mosdac_FANI_2019_0226_Very_Severe_Cyclonic_Storm.png,data/p2_mosdac_expanded/crops\mosdac_FANI_2019_0226_Very_Severe_Cyclonic_Storm.png,FANI,2019,FANI_2019,train,2019-05-12 03:00:00 UTC,7.06,88.05,161.6,Very Severe Cyclonic Storm,eye_visible,True
227,mosdac_FANI_2019_0227_Extremely_Severe_Cyclonic_Storm.png,data/p2_mosdac_expanded/crops\mosdac_FANI_2019_0227_Extremely_Severe_Cyclonic_Storm.png,FANI,2019,FANI_2019,train,2019-05-12 06:00:00 UTC,7.19,88.01,171.0,Extremely Severe Cyclonic Storm,eye_visible,True
228,mosdac_FANI_2019_0228_Extremely_Severe_Cyclonic_Storm.png,data/p2_mosdac_expanded/crops\mosdac_FANI_2019_0228_Extremely_Severe_Cyclonic_Storm.png,FANI,2019,FANI_2019,train,2019-05-12 09:00:00 UTC,7.26,88.01,169.9,Extremely Severe Cyclonic Storm,eye_visible,True
229,mosdac_FANI_2019_0229_Extremely_Severe_Cyclonic_Storm.png,data/p2_mosdac_expanded/crops\mosdac_FANI_2019_0229_Extremely_Severe_Cyclonic_Storm.png,FANI,2019,FANI_2019,train,2019-05-12 12:00:00 UTC,7.39,88.01,177.3,Extremely Severe Cyclonic Storm,eye_visible,True
230,mosdac_FANI_2019_0230_Extremely_Severe_Cyclonic_Storm.png,data/p2_mosdac_expanded/crops\mosdac_FANI_2019_0230_Extremely_Severe_Cyclonic_Storm.png,FANI,2019,FANI_2019,train,2019-05-12 15:00:00 UTC,7.52,87.9,178.6,Extremely Severe Cyclonic Storm,eye_visible,True
231,mosdac_FANI_2019_0231_Extremely_Severe_Cyclonic_Storm.png,data/p2_mosdac_expanded/crops\mosdac_FANI_2019_0231_Extremely_Severe_Cyclonic_Storm.png,FANI,2019,FANI_2019,train,2019-05-13 18:00:00 UTC,7.7,87.74,183.2,Extremely Severe Cyclonic Storm,eye_visible,True
232,mosdac_FANI_2019_0232_Extremely_Severe_Cyclonic_Storm.png,data/p2_mosdac_expanded/crops\mosdac_FANI_2019_0232_Extremely_Severe_Cyclonic_Storm.png,FANI,2019,FANI_2019,train,2019-05-13 21:00:00 UTC,7.97,87.52,184.0,Extremely Severe Cyclonic Storm,eye_visible,True
233,mosdac_FANI_2019_0233_Extremely_Severe_Cyclonic_Storm.png,data/p2_mosdac_expanded/crops\mosdac_FANI_2019_0233_Extremely_Severe_Cyclonic_Storm.png,FANI,2019,FANI_2019,train,2019-05-13 00:00:00 UTC,8.06,87.44,187.7,Extremely Severe Cyclonic Storm,eye_visible,True
234,mosdac_FANI_2019_0234_Extremely_Severe_Cyclonic_Storm.png,data/p2_mosdac_expanded/crops\mosdac_FANI_2019_0234_Extremely_Severe_Cyclonic_Storm.png,FANI,2019,FANI_2019,train,2019-05-13 03:00:00 UTC,8.12,87.4,189.9,Extremely Severe Cyclonic Storm,eye_visible,True
235,mosdac_FANI_2019_0235_Extremely_Severe_Cyclonic_Storm.png,data/p2_mosdac_expanded/crops\mosdac_FANI_2019_0235_Extremely_Severe_Cyclonic_Storm.png,FANI,2019,FANI_2019,train,2019-05-13 06:00:00 UTC,8.18,87.4,190.3,Extremely Severe Cyclonic Storm,eye_visible,True
236,mosdac_FANI_2019_0236_Extremely_Severe_Cyclonic_Storm.png,data/p2_mosdac_expanded/crops\mosdac_FANI_2019_0236_Extremely_Severe_Cyclonic_Storm.png,FANI,2019,FANI_2019,train,2019-05-13 09:00:00 UTC,8.31,87.33,197.2,Extremely Severe Cyclonic Storm,eye_visible,True
237,mosdac_FANI_2019_0237_Extremely_Severe_Cyclonic_Storm.png,data/p2_mosdac_expanded/crops\mosdac_FANI_2019_0237_Extremely_Severe_Cyclonic_Storm.png,FANI,2019,FANI_2019,train,2019-05-13 12:00:00 UTC,8.45,87.31,196.2,Extremely Severe Cyclonic Storm,eye_visible,True
238,mosdac_FANI_2019_0238_Extremely_Severe_Cyclonic_Storm.png,data/p2_mosdac_expanded/crops\mosdac_FANI_2019_0238_Extremely_Severe_Cyclonic_Storm.png,FANI,2019,FANI_2019,train,2019-05-13 15:00:00 UTC,8.58,87.28,196.5,Extremely Severe Cyclonic Storm,eye_visible,True
239,mosdac_FANI_2019_0239_Extremely_Severe_Cyclonic_Storm.png,data/p2_mosdac_expanded/crops\mosdac_FANI_2019_0239_Extremely_Severe_Cyclonic_Storm.png,FANI,2019,FANI_2019,train,2019-05-13 18:00:00 UTC,8.71,87.15,203.6,Extremely Severe Cyclonic Storm,eye_visible,True
240,mosdac_FANI_2019_0240_Extremely_Severe_Cyclonic_Storm.png,data/p2_mosdac_expanded/crops\mosdac_FANI_2019_0240_Extremely_Severe_Cyclonic_Storm.png,FANI,2019,FANI_2019,train,2019-05-13 21:00:00 UTC,9.02,87.13,201.9,Extremely Severe Cyclonic Storm,eye_visible,True
241,mosdac_FANI_2019_0241_Extremely_Severe_Cyclonic_Storm.png,data/p2_mosdac_expanded/crops\mosdac_FANI_2019_0241_Extremely_Severe_Cyclonic_Storm.png,FANI,2019,FANI_2019,train,2019-05-14 00:00:00 UTC,9.37,87.11,209.9,Extremely Severe Cyclonic Storm,eye_visible,True
242,mosdac_FANI_2019_0242_Extremely_Severe_Cyclonic_Storm.png,data/p2_mosdac_expanded/crops\mosdac_FANI_2019_0242_Extremely_Severe_Cyclonic_Storm.png,FANI,2019,FANI_2019,train,2019-05-14 03:00:00 UTC,9.71,87.04,211.7,Extremely Severe Cyclonic Storm,eye_visible,True
243,mosdac_FANI_2019_0243_Extremely_Severe_Cyclonic_Storm.png,data/p2_mosdac_expanded/crops\mosdac_FANI_2019_0243_Extremely_Severe_Cyclonic_Storm.png,FANI,2019,FANI_2019,train,2019-05-14 06:00:00 UTC,9.99,87.05,212.9,Extremely Severe Cyclonic Storm,eye_visible,True
244,mosdac_FANI_2019_0244_Extremely_Severe_Cyclonic_Storm.png,data/p2_mosdac_expanded/crops\mosdac_FANI_2019_0244_Extremely_Severe_Cyclonic_Storm.png,FANI,2019,FANI_2019,train,2019-05-14 09:00:00 UTC,10.23,86.98,209.9,Extremely Severe Cyclonic Storm,eye_visible,True
245,mosdac_FANI_2019_0245_Extremely_Severe_Cyclonic_Storm.png,data/p2_mosdac_expanded/crops\mosdac_FANI_2019_0245_Extremely_Severe_Cyclonic_Storm.png,FANI,2019,FANI_2019,train,2019-05-14 12:00:00 UTC,10.45,86.86,208.2,Extremely Severe Cyclonic Storm,eye_visible,True
246,mosdac_FANI_2019_0246_Extremely_Severe_Cyclonic_Storm.png,data/p2_mosdac_expanded/crops\mosdac_FANI_2019_0246_Extremely_Severe_Cyclonic_Storm.png,FANI,2019,FANI_2019,train,2019-05-14 15:00:00 UTC,10.73,86.8,216.5,Extremely Severe Cyclonic Storm,eye_visible,True
247,mosdac_FANI_2019_0247_Extremely_Severe_Cyclonic_Storm.png,data/p2_mosdac_expanded/crops\mosdac_FANI_2019_0247_Extremely_Severe_Cyclonic_Storm.png,FANI,2019,FANI_2019,train,2019-05-14 18:00:00 UTC,11.01,86.68,213.2,Extremely Severe Cyclonic Storm,eye_visible,True
248,mosdac_FANI_2019_0248_Extremely_Severe_Cyclonic_Storm.png,data/p2_mosdac_expanded/crops\mosdac_FANI_2019_0248_Extremely_Severe_Cyclonic_Storm.png,FANI,2019,FANI_2019,train,2019-05-14 21:00:00 UTC,11.32,86.58,218.1,Extremely Severe Cyclonic Storm,eye_visible,True
249,mosdac_FANI_2019_0249_Extremely_Severe_Cyclonic_Storm.png,data/p2_mosdac_expanded/crops\mosdac_FANI_2019_0249_Extremely_Severe_Cyclonic_Storm.png,FANI,2019,FANI_2019,train,2019-05-14 00:00:00 UTC,11.67,86.51,218.5,Extremely Severe Cyclonic Storm,eye_visible,True
250,mosdac_FANI_2019_0250_Extremely_Severe_Cyclonic_Storm.png,data/p2_mosdac_expanded/crops\mosdac_FANI_2019_0250_Extremely_Severe_Cyclonic_Storm.png,FANI,2019,FANI_2019,train,2019-05-14 03:00:00 UTC,12.02,86.32,217.8,Extremely Severe Cyclonic Storm,eye_visible,True
251,mosdac_FANI_2019_0251_Extremely_Severe_Cyclonic_Storm.png,data/p2_mosdac_expanded/crops\mosdac_FANI_2019_0251_Extremely_Severe_Cyclonic_Storm.png,FANI,2019,FANI_2019,train,2019-05-15 06:00:00 UTC,12.35,86.09,213.3,Extremely Severe Cyclonic Storm,eye_visible,True
252,mosdac_FANI_2019_0252_Extremely_Severe_Cyclonic_Storm.png,data/p2_mosdac_expanded/crops\mosdac_FANI_2019_0252_Extremely_Severe_Cyclonic_Storm.png,FANI,2019,FANI_2019,train,2019-05-15 09:00:00 UTC,12.63,85.81,213.9,Extremely Severe Cyclonic Storm,eye_visible,True
253,mosdac_FANI_2019_0253_Extremely_Severe_Cyclonic_Storm.png,data/p2_mosdac_expanded/crops\mosdac_FANI_2019_0253_Extremely_Severe_Cyclonic_Storm.png,FANI,2019,FANI_2019,train,2019-05-15 12:00:00 UTC,12.84,85.46,217.2,Extremely Severe Cyclonic Storm,eye_visible,True
254,mosdac_FANI_2019_0254_Extremely_Severe_Cyclonic_Storm.png,data/p2_mosdac_expanded/crops\mosdac_FANI_2019_0254_Extremely_Severe_Cyclonic_Storm.png,FANI,2019,FANI_2019,train,2019-05-15 15:00:00 UTC,13.06,85.12,212.3,Extremely Severe Cyclonic Storm,eye_visible,True
255,mosdac_FANI_2019_0255_Extremely_Severe_Cyclonic_Storm.png,data/p2_mosdac_expanded/crops\mosdac_FANI_2019_0255_Extremely_Severe_Cyclonic_Storm.png,FANI,2019,FANI_2019,train,2019-05-15 18:00:00 UTC,13.24,84.83,210.4,Extremely Severe Cyclonic Storm,eye_visible,True
256,mosdac_FANI_2019_0256_Extremely_Severe_Cyclonic_Storm.png,data/p2_mosdac_expanded/crops\mosdac_FANI_2019_0256_Extremely_Severe_Cyclonic_Storm.png,FANI,2019,FANI_2019,train,2019-05-15 21:00:00 UTC,13.32,84.69,212.5,Extremely Severe Cyclonic Storm,eye_visible,True
257,mosdac_FANI_2019_0257_Extremely_Severe_Cyclonic_Storm.png,data/p2_mosdac_expanded/crops\mosdac_FANI_2019_0257_Extremely_Severe_Cyclonic_Storm.png,FANI,2019,FANI_2019,train,2019-05-15 00:00:00 UTC,13.4,84.56,214.4,Extremely Severe Cyclonic Storm,eye_visible,True
258,mosdac_FANI_2019_0258_Extremely_Severe_Cyclonic_Storm.png,data/p2_mosdac_expanded/crops\mosdac_FANI_2019_0258_Extremely_Severe_Cyclonic_Storm.png,FANI,2019,FANI_2019,train,2019-05-15 03:00:00 UTC,13.48,84.42,211.2,Extremely Severe Cyclonic Storm,eye_visible,True
259,mosdac_FANI_2019_0259_Extremely_Severe_Cyclonic_Storm.png,data/p2_mosdac_expanded/crops\mosdac_FANI_2019_0259_Extremely_Severe_Cyclonic_Storm.png,FANI,2019,FANI_2019,train,2019-05-15 06:00:00 UTC,13.56,84.29,208.6,Extremely Severe Cyclonic Storm,eye_visible,True
260,mosdac_FANI_2019_0260_Extremely_Severe_Cyclonic_Storm.png,data/p2_mosdac_expanded/crops\mosdac_FANI_2019_0260_Extremely_Severe_Cyclonic_Storm.png,FANI,2019,FANI_2019,train,2019-05-15 09:00:00 UTC,13.78,84.22,203.2,Extremely Severe Cyclonic Storm,eye_visible,True
261,mosdac_FANI_2019_0261_Extremely_Severe_Cyclonic_Storm.png,data/p2_mosdac_expanded/crops\mosdac_FANI_2019_0261_Extremely_Severe_Cyclonic_Storm.png,FANI,2019,FANI_2019,train,2019-05-16 12:00:00 UTC,13.96,84.15,205.4,Extremely Severe Cyclonic Storm,eye_visible,True
262,mosdac_FANI_2019_0262_Extremely_Severe_Cyclonic_Storm.png,data/p2_mosdac_expanded/crops\mosdac_FANI_2019_0262_Extremely_Severe_Cyclonic_Storm.png,FANI,2019,FANI_2019,train,2019-05-16 15:00:00 UTC,14.09,84.1,206.4,Extremely Severe Cyclonic Storm,eye_visible,True
263,mosdac_FANI_2019_0263_Extremely_Severe_Cyclonic_Storm.png,data/p2_mosdac_expanded/crops\mosdac_FANI_2019_0263_Extremely_Severe_Cyclonic_Storm.png,FANI,2019,FANI_2019,train,2019-05-16 18:00:00 UTC,14.18,84.1,197.4,Extremely Severe Cyclonic Storm,eye_visible,True
264,mosdac_FANI_2019_0264_Extremely_Severe_Cyclonic_Storm.png,data/p2_mosdac_expanded/crops\mosdac_FANI_2019_0264_Extremely_Severe_Cyclonic_Storm.png,FANI,2019,FANI_2019,train,2019-05-16 21:00:00 UTC,14.37,84.15,198.1,Extremely Severe Cyclonic Storm,eye_visible,True
265,mosdac_FANI_2019_0265_Extremely_Severe_Cyclonic_Storm.png,data/p2_mosdac_expanded/crops\mosdac_FANI_2019_0265_Extremely_Severe_Cyclonic_Storm.png,FANI,2019,FANI_2019,train,2019-05-16 00:00:00 UTC,14.61,84.2,198.4,Extremely Severe Cyclonic Storm,eye_visible,True
266,mosdac_FANI_2019_0266_Extremely_Severe_Cyclonic_Storm.png,data/p2_mosdac_expanded/crops\mosdac_FANI_2019_0266_Extremely_Severe_Cyclonic_Storm.png,FANI,2019,FANI_2019,train,2019-05-16 03:00:00 UTC,14.91,84.2,194.7,Extremely Severe Cyclonic Storm,eye_visible,True
267,mosdac_FANI_2019_0267_Extremely_Severe_Cyclonic_Storm.png,data/p2_mosdac_expanded/crops\mosdac_FANI_2019_0267_Extremely_Severe_Cyclonic_Storm.png,FANI,2019,FANI_2019,train,2019-05-16 06:00:00 UTC,15.0,84.26,191.5,Extremely Severe Cyclonic Storm,eye_visible,True
268,mosdac_FANI_2019_0268_Extremely_Severe_Cyclonic_Storm.png,data/p2_mosdac_expanded/crops\mosdac_FANI_2019_0268_Extremely_Severe_Cyclonic_Storm.png,FANI,2019,FANI_2019,train,2019-05-16 09:00:00 UTC,15.12,84.29,188.7,Extremely Severe Cyclonic Storm,eye_visible,True
269,mosdac_FANI_2019_0269_Extremely_Severe_Cyclonic_Storm.png,data/p2_mosdac_expanded/crops\mosdac_FANI_2019_0269_Extremely_Severe_Cyclonic_Storm.png,FANI,2019,FANI_2019,train,2019-05-16 12:00:00 UTC,15.27,84.3,182.9,Extremely Severe Cyclonic Storm,eye_visible,True
270,mosdac_FANI_2019_0270_Extremely_Severe_Cyclonic_Storm.png,data/p2_mosdac_expanded/crops\mosdac_FANI_2019_0270_Extremely_Severe_Cyclonic_Storm.png,FANI,2019,FANI_2019,train,2019-05-16 15:00:00 UTC,15.49,84.36,179.2,Extremely Severe Cyclonic Storm,eye_visible,True
271,mosdac_FANI_2019_0271_Extremely_Severe_Cyclonic_Storm.png,data/p2_mosdac_expanded/crops\mosdac_FANI_2019_0271_Extremely_Severe_Cyclonic_Storm.png,FANI,2019,FANI_2019,train,2019-05-17 18:00:00 UTC,15.76,84.52,180.0,Extremely Severe Cyclonic Storm,eye_visible,True
272,mosdac_FANI_2019_0272_Extremely_Severe_Cyclonic_Storm.png,data/p2_mosdac_expanded/crops\mosdac_FANI_2019_0272_Extremely_Severe_Cyclonic_Storm.png,FANI,2019,FANI_2019,train,2019-05-17 21:00:00 UTC,16.03,84.69,176.7,Extremely Severe Cyclonic Storm,eye_visible,True
273,mosdac_FANI_2019_0273_Extremely_Severe_Cyclonic_Storm.png,data/p2_mosdac_expanded/crops\mosdac_FANI_2019_0273_Extremely_Severe_Cyclonic_Storm.png,FANI,2019,FANI_2019,train,2019-05-17 00:00:00 UTC,16.25,84.75,173.7,Extremely Severe Cyclonic Storm,eye_visible,True
274,mosdac_FANI_2019_0274_Extremely_Severe_Cyclonic_Storm.png,data/p2_mosdac_expanded/crops\mosdac_FANI_2019_0274_Extremely_Severe_Cyclonic_Storm.png,FANI,2019,FANI_2019,train,2019-05-17 03:00:00 UTC,16.65,84.81,170.5,Extremely Severe Cyclonic Storm,eye_visible,True
275,mosdac_FANI_2019_0275_Very_Severe_Cyclonic_Storm.png,data/p2_mosdac_expanded/crops\mosdac_FANI_2019_0275_Very_Severe_Cyclonic_Storm.png,FANI,2019,FANI_2019,train,2019-05-17 06:00:00 UTC,17.02,84.84,163.7,Very Severe Cyclonic Storm,eye_visible,True
276,mosdac_FANI_2019_0276_Very_Severe_Cyclonic_Storm.png,data/p2_mosdac_expanded/crops\mosdac_FANI_2019_0276_Very_Severe_Cyclonic_Storm.png,FANI,2019,FANI_2019,train,2019-05-17 09:00:00 UTC,17.31,84.83,160.0,Very Severe Cyclonic Storm,eye_visible,True
277,mosdac_FANI_2019_0277_Very_Severe_Cyclonic_Storm.png,data/p2_mosdac_expanded/crops\mosdac_FANI_2019_0277_Very_Severe_Cyclonic_Storm.png,FANI,2019,FANI_2019,train,2019-05-17 12:00:00 UTC,17.59,84.83,158.6,Very Severe Cyclonic Storm,eye_visible,True
278,mosdac_FANI_2019_0278_Very_Severe_Cyclonic_Storm.png,data/p2_mosdac_expanded/crops\mosdac_FANI_2019_0278_Very_Severe_Cyclonic_Storm.png,FANI,2019,FANI_2019,train,2019-05-17 15:00:00 UTC,17.83,84.86,153.7,Very Severe Cyclonic Storm,eye_visible,True
279,mosdac_FANI_2019_0279_Very_Severe_Cyclonic_Storm.png,data/p2_mosdac_expanded/crops\mosdac_FANI_2019_0279_Very_Severe_Cyclonic_Storm.png,FANI,2019,FANI_2019,train,2019-05-17 18:00:00 UTC,18.06,84.92,150.3,Very Severe Cyclonic Storm,eye_visible,True
280,mosdac_FANI_2019_0280_Very_Severe_Cyclonic_Storm.png,data/p2_mosdac_expanded/crops\mosdac_FANI_2019_0280_Very_Severe_Cyclonic_Storm.png,FANI,2019,FANI_2019,train,2019-05-17 21:00:00 UTC,18.34,84.98,147.3,Very Severe Cyclonic Storm,eye_visible,True
281,mosdac_FANI_2019_0281_Very_Severe_Cyclonic_Storm.png,data/p2_mosdac_expanded/crops\mosdac_FANI_2019_0281_Very_Severe_Cyclonic_Storm.png,FANI,2019,FANI_2019,train,2019-05-18 00:00:00 UTC,18.57,85.1,144.2,Very Severe Cyclonic Storm,eye_visible,True
282,mosdac_FANI_2019_0282_Very_Severe_Cyclonic_Storm.png,data/p2_mosdac_expanded/crops\mosdac_FANI_2019_0282_Very_Severe_Cyclonic_Storm.png,FANI,2019,FANI_2019,train,2019-05-18 03:00:00 UTC,18.83,85.26,136.0,Very Severe Cyclonic Storm,eye_visible,True
283,mosdac_FANI_2019_0283_Very_Severe_Cyclonic_Storm.png,data/p2_mosdac_expanded/crops\mosdac_FANI_2019_0283_Very_Severe_Cyclonic_Storm.png,FANI,2019,FANI_2019,train,2019-05-18 06:00:00 UTC,19.18,85.46,132.5,Very Severe Cyclonic Storm,eye_visible,True
284,mosdac_FANI_2019_0284_Very_Severe_Cyclonic_Storm.png,data/p2_mosdac_expanded/crops\mosdac_FANI_2019_0284_Very_Severe_Cyclonic_Storm.png,FANI,2019,FANI_2019,train,2019-05-18 09:00:00 UTC,19.53,85.59,126.5,Very Severe Cyclonic Storm,eye_visible,True
285,mosdac_FANI_2019_0285_Very_Severe_Cyclonic_Storm.png,data/p2_mosdac_expanded/crops\mosdac_FANI_2019_0285_Very_Severe_Cyclonic_Storm.png,FANI,2019,FANI_2019,train,2019-05-18 12:00:00 UTC,19.92,85.73,126.6,Very Severe Cyclonic Storm,eye_visible,True
286,mosdac_FANI_2019_0286_Very_Severe_Cyclonic_Storm.png,data/p2_mosdac_expanded/crops\mosdac_FANI_2019_0286_Very_Severe_Cyclonic_Storm.png,FANI,2019,FANI_2019,train,2019-05-18 15:00:00 UTC,20.33,85.86,118.6,Very Severe Cyclonic Storm,eye_visible,True
287,mosdac_FANI_2019_0287_Very_Severe_Cyclonic_Storm.png,data/p2_mosdac_expanded/crops\mosdac_FANI_2019_0287_Very_Severe_Cyclonic_Storm.png,FANI,2019,FANI_2019,train,2019-05-18 18:00:00 UTC,20.68,85.99,118.5,Very Severe Cyclonic Storm,eye_visible,True
288,mosdac_FANI_2019_0288_Severe_Cyclonic_Storm.png,data/p2_mosdac_expanded/crops\mosdac_FANI_2019_0288_Severe_Cyclonic_Storm.png,FANI,2019,FANI_2019,train,2019-05-18 21:00:00 UTC,21.02,86.23,115.6,Severe Cyclonic Storm,curved_band,True
289,mosdac_FANI_2019_0289_Severe_Cyclonic_Storm.png,data/p2_mosdac_expanded/crops\mosdac_FANI_2019_0289_Severe_Cyclonic_Storm.png,FANI,2019,FANI_2019,train,2019-05-18 00:00:00 UTC,21.35,86.51,110.1,Severe Cyclonic Storm,curved_band,True
290,mosdac_FANI_2019_0290_Severe_Cyclonic_Storm.png,data/p2_mosdac_expanded/crops\mosdac_FANI_2019_0290_Severe_Cyclonic_Storm.png,FANI,2019,FANI_2019,train,2019-05-18 03:00:00 UTC,21.62,86.79,109.2,Severe Cyclonic Storm,curved_band,True
291,mosdac_FANI_2019_0291_Severe_Cyclonic_Storm.png,data/p2_mosdac_expanded/crops\mosdac_FANI_2019_0291_Severe_Cyclonic_Storm.png,FANI,2019,FANI_2019,train,2019-05-19 06:00:00 UTC,21.96,87.13,101.5,Severe Cyclonic Storm,curved_band,True
292,mosdac_FANI_2019_0292_Severe_Cyclonic_Storm.png,data/p2_mosdac_expanded/crops\mosdac_FANI_2019_0292_Severe_Cyclonic_Storm.png,FANI,2019,FANI_2019,train,2019-05-19 09:00:00 UTC,22.3,87.55,98.5,Severe Cyclonic Storm,curved_band,True
293,mosdac_FANI_2019_0293_Severe_Cyclonic_Storm.png,data/p2_mosdac_expanded/crops\mosdac_FANI_2019_0293_Severe_Cyclonic_Storm.png,FANI,2019,FANI_2019,train,2019-05-19 12:00:00 UTC,22.65,88.02,101.9,Severe Cyclonic Storm,curved_band,True
294,mosdac_FANI_2019_0294_Severe_Cyclonic_Storm.png,data/p2_mosdac_expanded/crops\mosdac_FANI_2019_0294_Severe_Cyclonic_Storm.png,FANI,2019,FANI_2019,train,2019-05-19 15:00:00 UTC,23.07,88.3,95.5,Severe Cyclonic Storm,curved_band,True
295,mosdac_FANI_2019_0295_Severe_Cyclonic_Storm.png,data/p2_mosdac_expanded/crops\mosdac_FANI_2019_0295_Severe_Cyclonic_Storm.png,FANI,2019,FANI_2019,train,2019-05-19 18:00:00 UTC,23.43,88.63,91.1,Severe Cyclonic Storm,curved_band,True
296,mosdac_FANI_2019_0296_Severe_Cyclonic_Storm.png,data/p2_mosdac_expanded/crops\mosdac_FANI_2019_0296_Severe_Cyclonic_Storm.png,FANI,2019,FANI_2019,train,2019-05-19 21:00:00 UTC,23.81,88.99,92.0,Severe Cyclonic Storm,curved_band,True
297,mosdac_FANI_2019_0297_Severe_Cyclonic_Storm.png,data/p2_mosdac_expanded/crops\mosdac_FANI_2019_0297_Severe_Cyclonic_Storm.png,FANI,2019,FANI_2019,train,2019-05-19 00:00:00 UTC,24.3,89.34,91.9,Severe Cyclonic Storm,curved_band,True
298,mosdac_FANI_2019_0298_Cyclonic_Storm.png,data/p2_mosdac_expanded/crops\mosdac_FANI_2019_0298_Cyclonic_Storm.png,FANI,2019,FANI_2019,train,2019-05-19 03:00:00 UTC,24.61,89.64,85.8,Cyclonic Storm,curved_band,True
299,mosdac_FANI_2019_0299_Cyclonic_Storm.png,data/p2_mosdac_expanded/crops\mosdac_FANI_2019_0299_Cyclonic_Storm.png,FANI,2019,FANI_2019,train,2019-05-19 06:00:00 UTC,24.88,90.04,87.7,Cyclonic Storm,curved_band,True
300,mosdac_FANI_2019_0300_Cyclonic_Storm.png,data/p2_mosdac_expanded/crops\mosdac_FANI_2019_0300_Cyclonic_Storm.png,FANI,2019,FANI_2019,train,2019-05-19 09:00:00 UTC,25.15,90.61,82.7,Cyclonic Storm,curved_band,True
301,mosdac_MOCHA_2023_0301_Cyclonic_Storm.png,data/p2_mosdac_expanded/crops\mosdac_MOCHA_2023_0301_Cyclonic_Storm.png,MOCHA,2023,MOCHA_2023,train,2023-05-10 00:00:00 UTC,7.7,91.5,82.4,Cyclonic Storm,curved_band,True
302,mosdac_MOCHA_2023_0302_Cyclonic_Storm.png,data/p2_mosdac_expanded/crops\mosdac_MOCHA_2023_0302_Cyclonic_Storm.png,MOCHA,2023,MOCHA_2023,train,2023-05-10 03:00:00 UTC,7.66,91.35,87.0,Cyclonic Storm,curved_band,True
303,mosdac_MOCHA_2023_0303_Cyclonic_Storm.png,data/p2_mosdac_expanded/crops\mosdac_MOCHA_2023_0303_Cyclonic_Storm.png,MOCHA,2023,MOCHA_2023,train,2023-05-10 06:00:00 UTC,7.62,91.19,88.4,Cyclonic Storm,curved_band,True
304,mosdac_MOCHA_2023_0304_Severe_Cyclonic_Storm.png,data/p2_mosdac_expanded/crops\mosdac_MOCHA_2023_0304_Severe_Cyclonic_Storm.png,MOCHA,2023,MOCHA_2023,train,2023-05-10 09:00:00 UTC,7.63,90.99,90.9,Severe Cyclonic Storm,curved_band,True
305,mosdac_MOCHA_2023_0305_Severe_Cyclonic_Storm.png,data/p2_mosdac_expanded/crops\mosdac_MOCHA_2023_0305_Severe_Cyclonic_Storm.png,MOCHA,2023,MOCHA_2023,train,2023-05-10 12:00:00 UTC,7.64,90.78,93.6,Severe Cyclonic Storm,curved_band,True
306,mosdac_MOCHA_2023_0306_Severe_Cyclonic_Storm.png,data/p2_mosdac_expanded/crops\mosdac_MOCHA_2023_0306_Severe_Cyclonic_Storm.png,MOCHA,2023,MOCHA_2023,train,2023-05-10 15:00:00 UTC,7.65,90.47,97.9,Severe Cyclonic Storm,curved_band,True
307,mosdac_MOCHA_2023_0307_Severe_Cyclonic_Storm.png,data/p2_mosdac_expanded/crops\mosdac_MOCHA_2023_0307_Severe_Cyclonic_Storm.png,MOCHA,2023,MOCHA_2023,train,2023-05-10 18:00:00 UTC,7.66,90.17,96.8,Severe Cyclonic Storm,curved_band,True
308,mosdac_MOCHA_2023_0308_Severe_Cyclonic_Storm.png,data/p2_mosdac_expanded/crops\mosdac_MOCHA_2023_0308_Severe_Cyclonic_Storm.png,MOCHA,2023,MOCHA_2023,train,2023-05-10 21:00:00 UTC,7.66,89.91,97.9,Severe Cyclonic Storm,curved_band,True
309,mosdac_MOCHA_2023_0309_Severe_Cyclonic_Storm.png,data/p2_mosdac_expanded/crops\mosdac_MOCHA_2023_0309_Severe_Cyclonic_Storm.png,MOCHA,2023,MOCHA_2023,train,2023-05-10 00:00:00 UTC,7.68,89.66,104.6,Severe Cyclonic Storm,curved_band,True
310,mosdac_MOCHA_2023_0310_Severe_Cyclonic_Storm.png,data/p2_mosdac_expanded/crops\mosdac_MOCHA_2023_0310_Severe_Cyclonic_Storm.png,MOCHA,2023,MOCHA_2023,train,2023-05-10 03:00:00 UTC,7.73,89.5,103.5,Severe Cyclonic Storm,curved_band,True
311,mosdac_MOCHA_2023_0311_Severe_Cyclonic_Storm.png,data/p2_mosdac_expanded/crops\mosdac_MOCHA_2023_0311_Severe_Cyclonic_Storm.png,MOCHA,2023,MOCHA_2023,train,2023-05-11 06:00:00 UTC,7.79,89.35,108.0,Severe Cyclonic Storm,curved_band,True
312,mosdac_MOCHA_2023_0312_Severe_Cyclonic_Storm.png,data/p2_mosdac_expanded/crops\mosdac_MOCHA_2023_0312_Severe_Cyclonic_Storm.png,MOCHA,2023,MOCHA_2023,train,2023-05-11 09:00:00 UTC,7.9,89.35,108.4,Severe Cyclonic Storm,curved_band,True
313,mosdac_MOCHA_2023_0313_Severe_Cyclonic_Storm.png,data/p2_mosdac_expanded/crops\mosdac_MOCHA_2023_0313_Severe_Cyclonic_Storm.png,MOCHA,2023,MOCHA_2023,train,2023-05-11 12:00:00 UTC,8.01,89.33,111.4,Severe Cyclonic Storm,curved_band,True
314,mosdac_MOCHA_2023_0314_Very_Severe_Cyclonic_Storm.png,data/p2_mosdac_expanded/crops\mosdac_MOCHA_2023_0314_Very_Severe_Cyclonic_Storm.png,MOCHA,2023,MOCHA_2023,train,2023-05-11 15:00:00 UTC,8.11,89.27,122.4,Very Severe Cyclonic Storm,eye_visible,True
315,mosdac_MOCHA_2023_0315_Very_Severe_Cyclonic_Storm.png,data/p2_mosdac_expanded/crops\mosdac_MOCHA_2023_0315_Very_Severe_Cyclonic_Storm.png,MOCHA,2023,MOCHA_2023,train,2023-05-11 18:00:00 UTC,8.21,89.21,125.0,Very Severe Cyclonic Storm,eye_visible,True
316,mosdac_MOCHA_2023_0316_Very_Severe_Cyclonic_Storm.png,data/p2_mosdac_expanded/crops\mosdac_MOCHA_2023_0316_Very_Severe_Cyclonic_Storm.png,MOCHA,2023,MOCHA_2023,train,2023-05-11 21:00:00 UTC,8.31,89.15,127.6,Very Severe Cyclonic Storm,eye_visible,True
317,mosdac_MOCHA_2023_0317_Very_Severe_Cyclonic_Storm.png,data/p2_mosdac_expanded/crops\mosdac_MOCHA_2023_0317_Very_Severe_Cyclonic_Storm.png,MOCHA,2023,MOCHA_2023,train,2023-05-11 00:00:00 UTC,8.4,89.1,129.0,Very Severe Cyclonic Storm,eye_visible,True
318,mosdac_MOCHA_2023_0318_Very_Severe_Cyclonic_Storm.png,data/p2_mosdac_expanded/crops\mosdac_MOCHA_2023_0318_Very_Severe_Cyclonic_Storm.png,MOCHA,2023,MOCHA_2023,train,2023-05-11 03:00:00 UTC,8.4,89.09,130.9,Very Severe Cyclonic Storm,eye_visible,True
319,mosdac_MOCHA_2023_0319_Very_Severe_Cyclonic_Storm.png,data/p2_mosdac_expanded/crops\mosdac_MOCHA_2023_0319_Very_Severe_Cyclonic_Storm.png,MOCHA,2023,MOCHA_2023,train,2023-05-11 06:00:00 UTC,8.42,89.07,134.5,Very Severe Cyclonic Storm,eye_visible,True
320,mosdac_MOCHA_2023_0320_Very_Severe_Cyclonic_Storm.png,data/p2_mosdac_expanded/crops\mosdac_MOCHA_2023_0320_Very_Severe_Cyclonic_Storm.png,MOCHA,2023,MOCHA_2023,train,2023-05-11 09:00:00 UTC,8.51,89.01,139.1,Very Severe Cyclonic Storm,eye_visible,True
321,mosdac_MOCHA_2023_0321_Very_Severe_Cyclonic_Storm.png,data/p2_mosdac_expanded/crops\mosdac_MOCHA_2023_0321_Very_Severe_Cyclonic_Storm.png,MOCHA,2023,MOCHA_2023,train,2023-05-12 12:00:00 UTC,8.62,88.93,145.3,Very Severe Cyclonic Storm,eye_visible,True
322,mosdac_MOCHA_2023_0322_Very_Severe_Cyclonic_Storm.png,data/p2_mosdac_expanded/crops\mosdac_MOCHA_2023_0322_Very_Severe_Cyclonic_Storm.png,MOCHA,2023,MOCHA_2023,train,2023-05-12 15:00:00 UTC,8.77,88.77,150.4,Very Severe Cyclonic Storm,eye_visible,True
323,mosdac_MOCHA_2023_0323_Very_Severe_Cyclonic_Storm.png,data/p2_mosdac_expanded/crops\mosdac_MOCHA_2023_0323_Very_Severe_Cyclonic_Storm.png,MOCHA,2023,MOCHA_2023,train,2023-05-12 18:00:00 UTC,8.94,88.62,153.8,Very Severe Cyclonic Storm,eye_visible,True
324,mosdac_MOCHA_2023_0324_Very_Severe_Cyclonic_Storm.png,data/p2_mosdac_expanded/crops\mosdac_MOCHA_2023_0324_Very_Severe_Cyclonic_Storm.png,MOCHA,2023,MOCHA_2023,train,2023-05-12 21:00:00 UTC,9.18,88.51,154.5,Very Severe Cyclonic Storm,eye_visible,True
325,mosdac_MOCHA_2023_0325_Very_Severe_Cyclonic_Storm.png,data/p2_mosdac_expanded/crops\mosdac_MOCHA_2023_0325_Very_Severe_Cyclonic_Storm.png,MOCHA,2023,MOCHA_2023,train,2023-05-12 00:00:00 UTC,9.42,88.41,163.6,Very Severe Cyclonic Storm,eye_visible,True
326,mosdac_MOCHA_2023_0326_Very_Severe_Cyclonic_Storm.png,data/p2_mosdac_expanded/crops\mosdac_MOCHA_2023_0326_Very_Severe_Cyclonic_Storm.png,MOCHA,2023,MOCHA_2023,train,2023-05-12 03:00:00 UTC,9.61,88.36,165.5,Very Severe Cyclonic Storm,eye_visible,True
327,mosdac_MOCHA_2023_0327_Extremely_Severe_Cyclonic_Storm.png,data/p2_mosdac_expanded/crops\mosdac_MOCHA_2023_0327_Extremely_Severe_Cyclonic_Storm.png,MOCHA,2023,MOCHA_2023,train,2023-05-12 06:00:00 UTC,9.8,88.31,167.7,Extremely Severe Cyclonic Storm,eye_visible,True
328,mosdac_MOCHA_2023_0328_Extremely_Severe_Cyclonic_Storm.png,data/p2_mosdac_expanded/crops\mosdac_MOCHA_2023_0328_Extremely_Severe_Cyclonic_Storm.png,MOCHA,2023,MOCHA_2023,train,2023-05-12 09:00:00 UTC,10.0,88.31,171.6,Extremely Severe Cyclonic Storm,eye_visible,True
329,mosdac_MOCHA_2023_0329_Extremely_Severe_Cyclonic_Storm.png,data/p2_mosdac_expanded/crops\mosdac_MOCHA_2023_0329_Extremely_Severe_Cyclonic_Storm.png,MOCHA,2023,MOCHA_2023,train,2023-05-12 12:00:00 UTC,10.18,88.29,173.6,Extremely Severe Cyclonic Storm,eye_visible,True
330,mosdac_MOCHA_2023_0330_Extremely_Severe_Cyclonic_Storm.png,data/p2_mosdac_expanded/crops\mosdac_MOCHA_2023_0330_Extremely_Severe_Cyclonic_Storm.png,MOCHA,2023,MOCHA_2023,train,2023-05-12 15:00:00 UTC,10.32,88.24,175.6,Extremely Severe Cyclonic Storm,eye_visible,True
331,mosdac_MOCHA_2023_0331_Extremely_Severe_Cyclonic_Storm.png,data/p2_mosdac_expanded/crops\mosdac_MOCHA_2023_0331_Extremely_Severe_Cyclonic_Storm.png,MOCHA,2023,MOCHA_2023,train,2023-05-13 18:00:00 UTC,10.47,88.2,179.7,Extremely Severe Cyclonic Storm,eye_visible,True
332,mosdac_MOCHA_2023_0332_Extremely_Severe_Cyclonic_Storm.png,data/p2_mosdac_expanded/crops\mosdac_MOCHA_2023_0332_Extremely_Severe_Cyclonic_Storm.png,MOCHA,2023,MOCHA_2023,train,2023-05-13 21:00:00 UTC,10.67,88.2,186.1,Extremely Severe Cyclonic Storm,eye_visible,True
333,mosdac_MOCHA_2023_0333_Extremely_Severe_Cyclonic_Storm.png,data/p2_mosdac_expanded/crops\mosdac_MOCHA_2023_0333_Extremely_Severe_Cyclonic_Storm.png,MOCHA,2023,MOCHA_2023,train,2023-05-13 00:00:00 UTC,10.83,88.18,183.2,Extremely Severe Cyclonic Storm,eye_visible,True
334,mosdac_MOCHA_2023_0334_Extremely_Severe_Cyclonic_Storm.png,data/p2_mosdac_expanded/crops\mosdac_MOCHA_2023_0334_Extremely_Severe_Cyclonic_Storm.png,MOCHA,2023,MOCHA_2023,train,2023-05-13 03:00:00 UTC,10.92,88.13,186.9,Extremely Severe Cyclonic Storm,eye_visible,True
335,mosdac_MOCHA_2023_0335_Extremely_Severe_Cyclonic_Storm.png,data/p2_mosdac_expanded/crops\mosdac_MOCHA_2023_0335_Extremely_Severe_Cyclonic_Storm.png,MOCHA,2023,MOCHA_2023,train,2023-05-13 06:00:00 UTC,11.01,88.09,189.1,Extremely Severe Cyclonic Storm,eye_visible,True
336,mosdac_MOCHA_2023_0336_Extremely_Severe_Cyclonic_Storm.png,data/p2_mosdac_expanded/crops\mosdac_MOCHA_2023_0336_Extremely_Severe_Cyclonic_Storm.png,MOCHA,2023,MOCHA_2023,train,2023-05-13 09:00:00 UTC,11.1,88.04,191.7,Extremely Severe Cyclonic Storm,eye_visible,True
337,mosdac_MOCHA_2023_0337_Extremely_Severe_Cyclonic_Storm.png,data/p2_mosdac_expanded/crops\mosdac_MOCHA_2023_0337_Extremely_Severe_Cyclonic_Storm.png,MOCHA,2023,MOCHA_2023,train,2023-05-13 12:00:00 UTC,11.17,88.01,200.8,Extremely Severe Cyclonic Storm,eye_visible,True
338,mosdac_MOCHA_2023_0338_Extremely_Severe_Cyclonic_Storm.png,data/p2_mosdac_expanded/crops\mosdac_MOCHA_2023_0338_Extremely_Severe_Cyclonic_Storm.png,MOCHA,2023,MOCHA_2023,train,2023-05-13 15:00:00 UTC,11.22,88.02,201.9,Extremely Severe Cyclonic Storm,eye_visible,True
339,mosdac_MOCHA_2023_0339_Extremely_Severe_Cyclonic_Storm.png,data/p2_mosdac_expanded/crops\mosdac_MOCHA_2023_0339_Extremely_Severe_Cyclonic_Storm.png,MOCHA,2023,MOCHA_2023,train,2023-05-13 18:00:00 UTC,11.3,88.02,202.3,Extremely Severe Cyclonic Storm,eye_visible,True
340,mosdac_MOCHA_2023_0340_Extremely_Severe_Cyclonic_Storm.png,data/p2_mosdac_expanded/crops\mosdac_MOCHA_2023_0340_Extremely_Severe_Cyclonic_Storm.png,MOCHA,2023,MOCHA_2023,train,2023-05-13 21:00:00 UTC,11.44,88.03,201.3,Extremely Severe Cyclonic Storm,eye_visible,True
341,mosdac_MOCHA_2023_0341_Extremely_Severe_Cyclonic_Storm.png,data/p2_mosdac_expanded/crops\mosdac_MOCHA_2023_0341_Extremely_Severe_Cyclonic_Storm.png,MOCHA,2023,MOCHA_2023,train,2023-05-14 00:00:00 UTC,11.56,88.01,206.3,Extremely Severe Cyclonic Storm,eye_visible,True
342,mosdac_MOCHA_2023_0342_Extremely_Severe_Cyclonic_Storm.png,data/p2_mosdac_expanded/crops\mosdac_MOCHA_2023_0342_Extremely_Severe_Cyclonic_Storm.png,MOCHA,2023,MOCHA_2023,train,2023-05-14 03:00:00 UTC,11.66,87.97,207.9,Extremely Severe Cyclonic Storm,eye_visible,True
343,mosdac_MOCHA_2023_0343_Extremely_Severe_Cyclonic_Storm.png,data/p2_mosdac_expanded/crops\mosdac_MOCHA_2023_0343_Extremely_Severe_Cyclonic_Storm.png,MOCHA,2023,MOCHA_2023,train,2023-05-14 06:00:00 UTC,11.78,87.97,207.0,Extremely Severe Cyclonic Storm,eye_visible,True
344,mosdac_MOCHA_2023_0344_Extremely_Severe_Cyclonic_Storm.png,data/p2_mosdac_expanded/crops\mosdac_MOCHA_2023_0344_Extremely_Severe_Cyclonic_Storm.png,MOCHA,2023,MOCHA_2023,train,2023-05-14 09:00:00 UTC,11.92,88.03,210.4,Extremely Severe Cyclonic Storm,eye_visible,True
345,mosdac_MOCHA_2023_0345_Extremely_Severe_Cyclonic_Storm.png,data/p2_mosdac_expanded/crops\mosdac_MOCHA_2023_0345_Extremely_Severe_Cyclonic_Storm.png,MOCHA,2023,MOCHA_2023,train,2023-05-14 12:00:00 UTC,12.07,88.07,211.3,Extremely Severe Cyclonic Storm,eye_visible,True
346,mosdac_MOCHA_2023_0346_Extremely_Severe_Cyclonic_Storm.png,data/p2_mosdac_expanded/crops\mosdac_MOCHA_2023_0346_Extremely_Severe_Cyclonic_Storm.png,MOCHA,2023,MOCHA_2023,train,2023-05-14 15:00:00 UTC,12.22,88.08,214.0,Extremely Severe Cyclonic Storm,eye_visible,True
347,mosdac_MOCHA_2023_0347_Extremely_Severe_Cyclonic_Storm.png,data/p2_mosdac_expanded/crops\mosdac_MOCHA_2023_0347_Extremely_Severe_Cyclonic_Storm.png,MOCHA,2023,MOCHA_2023,train,2023-05-14 18:00:00 UTC,12.39,88.09,214.9,Extremely Severe Cyclonic Storm,eye_visible,True
348,mosdac_MOCHA_2023_0348_Extremely_Severe_Cyclonic_Storm.png,data/p2_mosdac_expanded/crops\mosdac_MOCHA_2023_0348_Extremely_Severe_Cyclonic_Storm.png,MOCHA,2023,MOCHA_2023,train,2023-05-14 21:00:00 UTC,12.59,88.1,210.8,Extremely Severe Cyclonic Storm,eye_visible,True
349,mosdac_MOCHA_2023_0349_Extremely_Severe_Cyclonic_Storm.png,data/p2_mosdac_expanded/crops\mosdac_MOCHA_2023_0349_Extremely_Severe_Cyclonic_Storm.png,MOCHA,2023,MOCHA_2023,train,2023-05-14 00:00:00 UTC,12.75,88.11,213.8,Extremely Severe Cyclonic Storm,eye_visible,True
350,mosdac_MOCHA_2023_0350_Extremely_Severe_Cyclonic_Storm.png,data/p2_mosdac_expanded/crops\mosdac_MOCHA_2023_0350_Extremely_Severe_Cyclonic_Storm.png,MOCHA,2023,MOCHA_2023,train,2023-05-14 03:00:00 UTC,12.85,88.12,216.0,Extremely Severe Cyclonic Storm,eye_visible,True
351,mosdac_MOCHA_2023_0351_Extremely_Severe_Cyclonic_Storm.png,data/p2_mosdac_expanded/crops\mosdac_MOCHA_2023_0351_Extremely_Severe_Cyclonic_Storm.png,MOCHA,2023,MOCHA_2023,train,2023-05-15 06:00:00 UTC,12.98,88.13,215.0,Extremely Severe Cyclonic Storm,eye_visible,True
352,mosdac_MOCHA_2023_0352_Extremely_Severe_Cyclonic_Storm.png,data/p2_mosdac_expanded/crops\mosdac_MOCHA_2023_0352_Extremely_Severe_Cyclonic_Storm.png,MOCHA,2023,MOCHA_2023,train,2023-05-15 09:00:00 UTC,13.13,88.14,217.6,Extremely Severe Cyclonic Storm,eye_visible,True
353,mosdac_MOCHA_2023_0353_Extremely_Severe_Cyclonic_Storm.png,data/p2_mosdac_expanded/crops\mosdac_MOCHA_2023_0353_Extremely_Severe_Cyclonic_Storm.png,MOCHA,2023,MOCHA_2023,train,2023-05-15 12:00:00 UTC,13.32,88.17,215.7,Extremely Severe Cyclonic Storm,eye_visible,True
354,mosdac_MOCHA_2023_0354_Extremely_Severe_Cyclonic_Storm.png,data/p2_mosdac_expanded/crops\mosdac_MOCHA_2023_0354_Extremely_Severe_Cyclonic_Storm.png,MOCHA,2023,MOCHA_2023,train,2023-05-15 15:00:00 UTC,13.52,88.23,211.1,Extremely Severe Cyclonic Storm,eye_visible,True
355,mosdac_MOCHA_2023_0355_Extremely_Severe_Cyclonic_Storm.png,data/p2_mosdac_expanded/crops\mosdac_MOCHA_2023_0355_Extremely_Severe_Cyclonic_Storm.png,MOCHA,2023,MOCHA_2023,train,2023-05-15 18:00:00 UTC,13.7,88.29,209.6,Extremely Severe Cyclonic Storm,eye_visible,True
356,mosdac_MOCHA_2023_0356_Extremely_Severe_Cyclonic_Storm.png,data/p2_mosdac_expanded/crops\mosdac_MOCHA_2023_0356_Extremely_Severe_Cyclonic_Storm.png,MOCHA,2023,MOCHA_2023,train,2023-05-15 21:00:00 UTC,13.86,88.35,213.2,Extremely Severe Cyclonic Storm,eye_visible,True
357,mosdac_MOCHA_2023_0357_Extremely_Severe_Cyclonic_Storm.png,data/p2_mosdac_expanded/crops\mosdac_MOCHA_2023_0357_Extremely_Severe_Cyclonic_Storm.png,MOCHA,2023,MOCHA_2023,train,2023-05-15 00:00:00 UTC,14.02,88.41,207.1,Extremely Severe Cyclonic Storm,eye_visible,True
358,mosdac_MOCHA_2023_0358_Extremely_Severe_Cyclonic_Storm.png,data/p2_mosdac_expanded/crops\mosdac_MOCHA_2023_0358_Extremely_Severe_Cyclonic_Storm.png,MOCHA,2023,MOCHA_2023,train,2023-05-15 03:00:00 UTC,14.18,88.46,210.3,Extremely Severe Cyclonic Storm,eye_visible,True
359,mosdac_MOCHA_2023_0359_Extremely_Severe_Cyclonic_Storm.png,data/p2_mosdac_expanded/crops\mosdac_MOCHA_2023_0359_Extremely_Severe_Cyclonic_Storm.png,MOCHA,2023,MOCHA_2023,train,2023-05-15 06:00:00 UTC,14.34,88.55,211.6,Extremely Severe Cyclonic Storm,eye_visible,True
360,mosdac_MOCHA_2023_0360_Extremely_Severe_Cyclonic_Storm.png,data/p2_mosdac_expanded/crops\mosdac_MOCHA_2023_0360_Extremely_Severe_Cyclonic_Storm.png,MOCHA,2023,MOCHA_2023,train,2023-05-15 09:00:00 UTC,14.5,88.65,207.0,Extremely Severe Cyclonic Storm,eye_visible,True
361,mosdac_MOCHA_2023_0361_Extremely_Severe_Cyclonic_Storm.png,data/p2_mosdac_expanded/crops\mosdac_MOCHA_2023_0361_Extremely_Severe_Cyclonic_Storm.png,MOCHA,2023,MOCHA_2023,train,2023-05-16 12:00:00 UTC,14.63,88.73,203.6,Extremely Severe Cyclonic Storm,eye_visible,True
362,mosdac_MOCHA_2023_0362_Extremely_Severe_Cyclonic_Storm.png,data/p2_mosdac_expanded/crops\mosdac_MOCHA_2023_0362_Extremely_Severe_Cyclonic_Storm.png,MOCHA,2023,MOCHA_2023,train,2023-05-16 15:00:00 UTC,14.74,88.78,203.6,Extremely Severe Cyclonic Storm,eye_visible,True
363,mosdac_MOCHA_2023_0363_Extremely_Severe_Cyclonic_Storm.png,data/p2_mosdac_expanded/crops\mosdac_MOCHA_2023_0363_Extremely_Severe_Cyclonic_Storm.png,MOCHA,2023,MOCHA_2023,train,2023-05-16 18:00:00 UTC,14.85,88.86,199.9,Extremely Severe Cyclonic Storm,eye_visible,True
364,mosdac_MOCHA_2023_0364_Extremely_Severe_Cyclonic_Storm.png,data/p2_mosdac_expanded/crops\mosdac_MOCHA_2023_0364_Extremely_Severe_Cyclonic_Storm.png,MOCHA,2023,MOCHA_2023,train,2023-05-16 21:00:00 UTC,14.97,88.96,198.3,Extremely Severe Cyclonic Storm,eye_visible,True
365,mosdac_MOCHA_2023_0365_Extremely_Severe_Cyclonic_Storm.png,data/p2_mosdac_expanded/crops\mosdac_MOCHA_2023_0365_Extremely_Severe_Cyclonic_Storm.png,MOCHA,2023,MOCHA_2023,train,2023-05-16 00:00:00 UTC,15.04,89.03,198.9,Extremely Severe Cyclonic Storm,eye_visible,True
366,mosdac_MOCHA_2023_0366_Extremely_Severe_Cyclonic_Storm.png,data/p2_mosdac_expanded/crops\mosdac_MOCHA_2023_0366_Extremely_Severe_Cyclonic_Storm.png,MOCHA,2023,MOCHA_2023,train,2023-05-16 03:00:00 UTC,15.1,89.08,191.8,Extremely Severe Cyclonic Storm,eye_visible,True
367,mosdac_MOCHA_2023_0367_Extremely_Severe_Cyclonic_Storm.png,data/p2_mosdac_expanded/crops\mosdac_MOCHA_2023_0367_Extremely_Severe_Cyclonic_Storm.png,MOCHA,2023,MOCHA_2023,train,2023-05-16 06:00:00 UTC,15.23,89.13,193.7,Extremely Severe Cyclonic Storm,eye_visible,True
368,mosdac_MOCHA_2023_0368_Extremely_Severe_Cyclonic_Storm.png,data/p2_mosdac_expanded/crops\mosdac_MOCHA_2023_0368_Extremely_Severe_Cyclonic_Storm.png,MOCHA,2023,MOCHA_2023,train,2023-05-16 09:00:00 UTC,15.39,89.18,190.3,Extremely Severe Cyclonic Storm,eye_visible,True
369,mosdac_MOCHA_2023_0369_Extremely_Severe_Cyclonic_Storm.png,data/p2_mosdac_expanded/crops\mosdac_MOCHA_2023_0369_Extremely_Severe_Cyclonic_Storm.png,MOCHA,2023,MOCHA_2023,train,2023-05-16 12:00:00 UTC,15.55,89.32,181.6,Extremely Severe Cyclonic Storm,eye_visible,True
370,mosdac_MOCHA_2023_0370_Extremely_Severe_Cyclonic_Storm.png,data/p2_mosdac_expanded/crops\mosdac_MOCHA_2023_0370_Extremely_Severe_Cyclonic_Storm.png,MOCHA,2023,MOCHA_2023,train,2023-05-16 15:00:00 UTC,15.71,89.52,177.4,Extremely Severe Cyclonic Storm,eye_visible,True
371,mosdac_MOCHA_2023_0371_Extremely_Severe_Cyclonic_Storm.png,data/p2_mosdac_expanded/crops\mosdac_MOCHA_2023_0371_Extremely_Severe_Cyclonic_Storm.png,MOCHA,2023,MOCHA_2023,train,2023-05-17 18:00:00 UTC,15.87,89.75,174.4,Extremely Severe Cyclonic Storm,eye_visible,True
372,mosdac_MOCHA_2023_0372_Extremely_Severe_Cyclonic_Storm.png,data/p2_mosdac_expanded/crops\mosdac_MOCHA_2023_0372_Extremely_Severe_Cyclonic_Storm.png,MOCHA,2023,MOCHA_2023,train,2023-05-17 21:00:00 UTC,16.03,90.0,170.4,Extremely Severe Cyclonic Storm,eye_visible,True
373,mosdac_MOCHA_2023_0373_Extremely_Severe_Cyclonic_Storm.png,data/p2_mosdac_expanded/crops\mosdac_MOCHA_2023_0373_Extremely_Severe_Cyclonic_Storm.png,MOCHA,2023,MOCHA_2023,train,2023-05-17 00:00:00 UTC,16.22,90.17,167.5,Extremely Severe Cyclonic Storm,eye_visible,True
374,mosdac_MOCHA_2023_0374_Extremely_Severe_Cyclonic_Storm.png,data/p2_mosdac_expanded/crops\mosdac_MOCHA_2023_0374_Extremely_Severe_Cyclonic_Storm.png,MOCHA,2023,MOCHA_2023,train,2023-05-17 03:00:00 UTC,16.43,90.31,168.7,Extremely Severe Cyclonic Storm,eye_visible,True
375,mosdac_MOCHA_2023_0375_Very_Severe_Cyclonic_Storm.png,data/p2_mosdac_expanded/crops\mosdac_MOCHA_2023_0375_Very_Severe_Cyclonic_Storm.png,MOCHA,2023,MOCHA_2023,train,2023-05-17 06:00:00 UTC,16.68,90.53,160.2,Very Severe Cyclonic Storm,eye_visible,True
376,mosdac_MOCHA_2023_0376_Very_Severe_Cyclonic_Storm.png,data/p2_mosdac_expanded/crops\mosdac_MOCHA_2023_0376_Very_Severe_Cyclonic_Storm.png,MOCHA,2023,MOCHA_2023,train,2023-05-17 09:00:00 UTC,16.93,90.77,158.5,Very Severe Cyclonic Storm,eye_visible,True
377,mosdac_MOCHA_2023_0377_Very_Severe_Cyclonic_Storm.png,data/p2_mosdac_expanded/crops\mosdac_MOCHA_2023_0377_Very_Severe_Cyclonic_Storm.png,MOCHA,2023,MOCHA_2023,train,2023-05-17 12:00:00 UTC,17.19,90.9,159.0,Very Severe Cyclonic Storm,eye_visible,True
378,mosdac_MOCHA_2023_0378_Very_Severe_Cyclonic_Storm.png,data/p2_mosdac_expanded/crops\mosdac_MOCHA_2023_0378_Very_Severe_Cyclonic_Storm.png,MOCHA,2023,MOCHA_2023,train,2023-05-17 15:00:00 UTC,17.44,90.99,148.7,Very Severe Cyclonic Storm,eye_visible,True
379,mosdac_MOCHA_2023_0379_Very_Severe_Cyclonic_Storm.png,data/p2_mosdac_expanded/crops\mosdac_MOCHA_2023_0379_Very_Severe_Cyclonic_Storm.png,MOCHA,2023,MOCHA_2023,train,2023-05-17 18:00:00 UTC,17.7,91.08,151.2,Very Severe Cyclonic Storm,eye_visible,True
380,mosdac_MOCHA_2023_0380_Very_Severe_Cyclonic_Storm.png,data/p2_mosdac_expanded/crops\mosdac_MOCHA_2023_0380_Very_Severe_Cyclonic_Storm.png,MOCHA,2023,MOCHA_2023,train,2023-05-17 21:00:00 UTC,17.95,91.18,143.1,Very Severe Cyclonic Storm,eye_visible,True
381,mosdac_MOCHA_2023_0381_Very_Severe_Cyclonic_Storm.png,data/p2_mosdac_expanded/crops\mosdac_MOCHA_2023_0381_Very_Severe_Cyclonic_Storm.png,MOCHA,2023,MOCHA_2023,train,2023-05-18 00:00:00 UTC,18.16,91.27,138.0,Very Severe Cyclonic Storm,eye_visible,True
382,mosdac_MOCHA_2023_0382_Very_Severe_Cyclonic_Storm.png,data/p2_mosdac_expanded/crops\mosdac_MOCHA_2023_0382_Very_Severe_Cyclonic_Storm.png,MOCHA,2023,MOCHA_2023,train,2023-05-18 03:00:00 UTC,18.36,91.36,138.9,Very Severe Cyclonic Storm,eye_visible,True
383,mosdac_MOCHA_2023_0383_Very_Severe_Cyclonic_Storm.png,data/p2_mosdac_expanded/crops\mosdac_MOCHA_2023_0383_Very_Severe_Cyclonic_Storm.png,MOCHA,2023,MOCHA_2023,train,2023-05-18 06:00:00 UTC,18.56,91.49,134.5,Very Severe Cyclonic Storm,eye_visible,True
384,mosdac_MOCHA_2023_0384_Very_Severe_Cyclonic_Storm.png,data/p2_mosdac_expanded/crops\mosdac_MOCHA_2023_0384_Very_Severe_Cyclonic_Storm.png,MOCHA,2023,MOCHA_2023,train,2023-05-18 09:00:00 UTC,18.76,91.63,132.8,Very Severe Cyclonic Storm,eye_visible,True
385,mosdac_MOCHA_2023_0385_Very_Severe_Cyclonic_Storm.png,data/p2_mosdac_expanded/crops\mosdac_MOCHA_2023_0385_Very_Severe_Cyclonic_Storm.png,MOCHA,2023,MOCHA_2023,train,2023-05-18 12:00:00 UTC,19.04,91.82,127.9,Very Severe Cyclonic Storm,eye_visible,True
386,mosdac_MOCHA_2023_0386_Very_Severe_Cyclonic_Storm.png,data/p2_mosdac_expanded/crops\mosdac_MOCHA_2023_0386_Very_Severe_Cyclonic_Storm.png,MOCHA,2023,MOCHA_2023,train,2023-05-18 15:00:00 UTC,19.34,92.01,124.8,Very Severe Cyclonic Storm,eye_visible,True
387,mosdac_MOCHA_2023_0387_Severe_Cyclonic_Storm.png,data/p2_mosdac_expanded/crops\mosdac_MOCHA_2023_0387_Severe_Cyclonic_Storm.png,MOCHA,2023,MOCHA_2023,train,2023-05-18 18:00:00 UTC,19.63,92.25,117.0,Severe Cyclonic Storm,curved_band,True
388,mosdac_MOCHA_2023_0388_Severe_Cyclonic_Storm.png,data/p2_mosdac_expanded/crops\mosdac_MOCHA_2023_0388_Severe_Cyclonic_Storm.png,MOCHA,2023,MOCHA_2023,train,2023-05-18 21:00:00 UTC,19.93,92.49,112.6,Severe Cyclonic Storm,curved_band,True
389,mosdac_MOCHA_2023_0389_Severe_Cyclonic_Storm.png,data/p2_mosdac_expanded/crops\mosdac_MOCHA_2023_0389_Severe_Cyclonic_Storm.png,MOCHA,2023,MOCHA_2023,train,2023-05-18 00:00:00 UTC,20.18,92.65,113.8,Severe Cyclonic Storm,curved_band,True
390,mosdac_MOCHA_2023_0390_Severe_Cyclonic_Storm.png,data/p2_mosdac_expanded/crops\mosdac_MOCHA_2023_0390_Severe_Cyclonic_Storm.png,MOCHA,2023,MOCHA_2023,train,2023-05-18 03:00:00 UTC,20.42,92.8,110.9,Severe Cyclonic Storm,curved_band,True
391,mosdac_MOCHA_2023_0391_Severe_Cyclonic_Storm.png,data/p2_mosdac_expanded/crops\mosdac_MOCHA_2023_0391_Severe_Cyclonic_Storm.png,MOCHA,2023,MOCHA_2023,train,2023-05-19 06:00:00 UTC,20.76,92.99,109.2,Severe Cyclonic Storm,curved_band,True
392,mosdac_MOCHA_2023_0392_Severe_Cyclonic_Storm.png,data/p2_mosdac_expanded/crops\mosdac_MOCHA_2023_0392_Severe_Cyclonic_Storm.png,MOCHA,2023,MOCHA_2023,train,2023-05-19 09:00:00 UTC,21.1,93.19,101.5,Severe Cyclonic Storm,curved_band,True
393,mosdac_MOCHA_2023_0393_Severe_Cyclonic_Storm.png,data/p2_mosdac_expanded/crops\mosdac_MOCHA_2023_0393_Severe_Cyclonic_Storm.png,MOCHA,2023,MOCHA_2023,train,2023-05-19 12:00:00 UTC,21.59,93.57,98.3,Severe Cyclonic Storm,curved_band,True
394,mosdac_MOCHA_2023_0394_Severe_Cyclonic_Storm.png,data/p2_mosdac_expanded/crops\mosdac_MOCHA_2023_0394_Severe_Cyclonic_Storm.png,MOCHA,2023,MOCHA_2023,train,2023-05-19 15:00:00 UTC,22.08,93.98,98.8,Severe Cyclonic Storm,curved_band,True
395,mosdac_MOCHA_2023_0395_Severe_Cyclonic_Storm.png,data/p2_mosdac_expanded/crops\mosdac_MOCHA_2023_0395_Severe_Cyclonic_Storm.png,MOCHA,2023,MOCHA_2023,train,2023-05-19 18:00:00 UTC,22.67,94.52,92.8,Severe Cyclonic Storm,curved_band,True
396,mosdac_MOCHA_2023_0396_Severe_Cyclonic_Storm.png,data/p2_mosdac_expanded/crops\mosdac_MOCHA_2023_0396_Severe_Cyclonic_Storm.png,MOCHA,2023,MOCHA_2023,train,2023-05-19 21:00:00 UTC,23.27,95.08,95.3,Severe Cyclonic Storm,curved_band,True
397,mosdac_MOCHA_2023_0397_Severe_Cyclonic_Storm.png,data/p2_mosdac_expanded/crops\mosdac_MOCHA_2023_0397_Severe_Cyclonic_Storm.png,MOCHA,2023,MOCHA_2023,train,2023-05-19 00:00:00 UTC,23.77,95.54,92.6,Severe Cyclonic Storm,curved_band,True
398,mosdac_MOCHA_2023_0398_Cyclonic_Storm.png,data/p2_mosdac_expanded/crops\mosdac_MOCHA_2023_0398_Cyclonic_Storm.png,MOCHA,2023,MOCHA_2023,train,2023-05-19 03:00:00 UTC,24.26,95.99,87.5,Cyclonic Storm,curved_band,True
399,mosdac_MOCHA_2023_0399_Cyclonic_Storm.png,data/p2_mosdac_expanded/crops\mosdac_MOCHA_2023_0399_Cyclonic_Storm.png,MOCHA,2023,MOCHA_2023,train,2023-05-19 06:00:00 UTC,24.66,96.85,88.7,Cyclonic Storm,curved_band,True
400,mosdac_MOCHA_2023_0400_Cyclonic_Storm.png,data/p2_mosdac_expanded/crops\mosdac_MOCHA_2023_0400_Cyclonic_Storm.png,MOCHA,2023,MOCHA_2023,train,2023-05-19 09:00:00 UTC,25.05,97.71,88.0,Cyclonic Storm,curved_band,True
401,mosdac_TAUKTAE_2021_0401_Cyclonic_Storm.png,data/p2_mosdac_expanded/crops\mosdac_TAUKTAE_2021_0401_Cyclonic_Storm.png,TAUKTAE,2021,TAUKTAE_2021,val,2021-05-10 00:00:00 UTC,10.0,71.0,70.8,Cyclonic Storm,curved_band,True
402,mosdac_TAUKTAE_2021_0402_Cyclonic_Storm.png,data/p2_mosdac_expanded/crops\mosdac_TAUKTAE_2021_0402_Cyclonic_Storm.png,TAUKTAE,2021,TAUKTAE_2021,val,2021-05-10 03:00:00 UTC,10.06,71.1,77.8,Cyclonic Storm,curved_band,True
403,mosdac_TAUKTAE_2021_0403_Cyclonic_Storm.png,data/p2_mosdac_expanded/crops\mosdac_TAUKTAE_2021_0403_Cyclonic_Storm.png,TAUKTAE,2021,TAUKTAE_2021,val,2021-05-10 06:00:00 UTC,10.12,71.19,75.8,Cyclonic Storm,curved_band,True
404,mosdac_TAUKTAE_2021_0404_Cyclonic_Storm.png,data/p2_mosdac_expanded/crops\mosdac_TAUKTAE_2021_0404_Cyclonic_Storm.png,TAUKTAE,2021,TAUKTAE_2021,val,2021-05-10 09:00:00 UTC,10.18,71.29,79.9,Cyclonic Storm,curved_band,True
405,mosdac_TAUKTAE_2021_0405_Cyclonic_Storm.png,data/p2_mosdac_expanded/crops\mosdac_TAUKTAE_2021_0405_Cyclonic_Storm.png,TAUKTAE,2021,TAUKTAE_2021,val,2021-05-10 12:00:00 UTC,10.23,71.38,77.6,Cyclonic Storm,curved_band,True
406,mosdac_TAUKTAE_2021_0406_Cyclonic_Storm.png,data/p2_mosdac_expanded/crops\mosdac_TAUKTAE_2021_0406_Cyclonic_Storm.png,TAUKTAE,2021,TAUKTAE_2021,val,2021-05-10 15:00:00 UTC,10.29,71.43,84.1,Cyclonic Storm,curved_band,True
407,mosdac_TAUKTAE_2021_0407_Cyclonic_Storm.png,data/p2_mosdac_expanded/crops\mosdac_TAUKTAE_2021_0407_Cyclonic_Storm.png,TAUKTAE,2021,TAUKTAE_2021,val,2021-05-10 18:00:00 UTC,10.35,71.47,82.3,Cyclonic Storm,curved_band,True
408,mosdac_TAUKTAE_2021_0408_Cyclonic_Storm.png,data/p2_mosdac_expanded/crops\mosdac_TAUKTAE_2021_0408_Cyclonic_Storm.png,TAUKTAE,2021,TAUKTAE_2021,val,2021-05-10 21:00:00 UTC,10.44,71.52,81.6,Cyclonic Storm,curved_band,True
409,mosdac_TAUKTAE_2021_0409_Severe_Cyclonic_Storm.png,data/p2_mosdac_expanded/crops\mosdac_TAUKTAE_2021_0409_Severe_Cyclonic_Storm.png,TAUKTAE,2021,TAUKTAE_2021,val,2021-05-10 00:00:00 UTC,10.55,71.56,91.2,Severe Cyclonic Storm,curved_band,True
410,mosdac_TAUKTAE_2021_0410_Cyclonic_Storm.png,data/p2_mosdac_expanded/crops\mosdac_TAUKTAE_2021_0410_Cyclonic_Storm.png,TAUKTAE,2021,TAUKTAE_2021,val,2021-05-10 03:00:00 UTC,10.65,71.6,87.3,Cyclonic Storm,curved_band,True
411,mosdac_TAUKTAE_2021_0411_Severe_Cyclonic_Storm.png,data/p2_mosdac_expanded/crops\mosdac_TAUKTAE_2021_0411_Severe_Cyclonic_Storm.png,TAUKTAE,2021,TAUKTAE_2021,val,2021-05-11 06:00:00 UTC,10.75,71.64,91.9,Severe Cyclonic Storm,curved_band,True
412,mosdac_TAUKTAE_2021_0412_Severe_Cyclonic_Storm.png,data/p2_mosdac_expanded/crops\mosdac_TAUKTAE_2021_0412_Severe_Cyclonic_Storm.png,TAUKTAE,2021,TAUKTAE_2021,val,2021-05-11 09:00:00 UTC,10.86,71.71,99.8,Severe Cyclonic Storm,curved_band,True
413,mosdac_TAUKTAE_2021_0413_Severe_Cyclonic_Storm.png,data/p2_mosdac_expanded/crops\mosdac_TAUKTAE_2021_0413_Severe_Cyclonic_Storm.png,TAUKTAE,2021,TAUKTAE_2021,val,2021-05-11 12:00:00 UTC,10.96,71.8,102.8,Severe Cyclonic Storm,curved_band,True
414,mosdac_TAUKTAE_2021_0414_Severe_Cyclonic_Storm.png,data/p2_mosdac_expanded/crops\mosdac_TAUKTAE_2021_0414_Severe_Cyclonic_Storm.png,TAUKTAE,2021,TAUKTAE_2021,val,2021-05-11 15:00:00 UTC,11.03,71.89,102.8,Severe Cyclonic Storm,curved_band,True
415,mosdac_TAUKTAE_2021_0415_Severe_Cyclonic_Storm.png,data/p2_mosdac_expanded/crops\mosdac_TAUKTAE_2021_0415_Severe_Cyclonic_Storm.png,TAUKTAE,2021,TAUKTAE_2021,val,2021-05-11 18:00:00 UTC,11.08,71.97,106.3,Severe Cyclonic Storm,curved_band,True
416,mosdac_TAUKTAE_2021_0416_Severe_Cyclonic_Storm.png,data/p2_mosdac_expanded/crops\mosdac_TAUKTAE_2021_0416_Severe_Cyclonic_Storm.png,TAUKTAE,2021,TAUKTAE_2021,val,2021-05-11 21:00:00 UTC,11.15,72.06,108.0,Severe Cyclonic Storm,curved_band,True
417,mosdac_TAUKTAE_2021_0417_Severe_Cyclonic_Storm.png,data/p2_mosdac_expanded/crops\mosdac_TAUKTAE_2021_0417_Severe_Cyclonic_Storm.png,TAUKTAE,2021,TAUKTAE_2021,val,2021-05-11 00:00:00 UTC,11.25,72.15,110.0,Severe Cyclonic Storm,curved_band,True
418,mosdac_TAUKTAE_2021_0418_Severe_Cyclonic_Storm.png,data/p2_mosdac_expanded/crops\mosdac_TAUKTAE_2021_0418_Severe_Cyclonic_Storm.png,TAUKTAE,2021,TAUKTAE_2021,val,2021-05-11 03:00:00 UTC,11.37,72.24,113.5,Severe Cyclonic Storm,curved_band,True
419,mosdac_TAUKTAE_2021_0419_Very_Severe_Cyclonic_Storm.png,data/p2_mosdac_expanded/crops\mosdac_TAUKTAE_2021_0419_Very_Severe_Cyclonic_Storm.png,TAUKTAE,2021,TAUKTAE_2021,val,2021-05-11 06:00:00 UTC,11.52,72.32,119.5,Very Severe Cyclonic Storm,eye_visible,True
420,mosdac_TAUKTAE_2021_0420_Very_Severe_Cyclonic_Storm.png,data/p2_mosdac_expanded/crops\mosdac_TAUKTAE_2021_0420_Very_Severe_Cyclonic_Storm.png,TAUKTAE,2021,TAUKTAE_2021,val,2021-05-11 09:00:00 UTC,11.64,72.41,123.4,Very Severe Cyclonic Storm,eye_visible,True
421,mosdac_TAUKTAE_2021_0421_Very_Severe_Cyclonic_Storm.png,data/p2_mosdac_expanded/crops\mosdac_TAUKTAE_2021_0421_Very_Severe_Cyclonic_Storm.png,TAUKTAE,2021,TAUKTAE_2021,val,2021-05-12 12:00:00 UTC,11.73,72.5,127.0,Very Severe Cyclonic Storm,eye_visible,True
422,mosdac_TAUKTAE_2021_0422_Very_Severe_Cyclonic_Storm.png,data/p2_mosdac_expanded/crops\mosdac_TAUKTAE_2021_0422_Very_Severe_Cyclonic_Storm.png,TAUKTAE,2021,TAUKTAE_2021,val,2021-05-12 15:00:00 UTC,11.84,72.57,130.3,Very Severe Cyclonic Storm,eye_visible,True
423,mosdac_TAUKTAE_2021_0423_Very_Severe_Cyclonic_Storm.png,data/p2_mosdac_expanded/crops\mosdac_TAUKTAE_2021_0423_Very_Severe_Cyclonic_Storm.png,TAUKTAE,2021,TAUKTAE_2021,val,2021-05-12 18:00:00 UTC,11.98,72.61,127.9,Very Severe Cyclonic Storm,eye_visible,True
424,mosdac_TAUKTAE_2021_0424_Very_Severe_Cyclonic_Storm.png,data/p2_mosdac_expanded/crops\mosdac_TAUKTAE_2021_0424_Very_Severe_Cyclonic_Storm.png,TAUKTAE,2021,TAUKTAE_2021,val,2021-05-12 21:00:00 UTC,12.12,72.65,134.4,Very Severe Cyclonic Storm,eye_visible,True
425,mosdac_TAUKTAE_2021_0425_Very_Severe_Cyclonic_Storm.png,data/p2_mosdac_expanded/crops\mosdac_TAUKTAE_2021_0425_Very_Severe_Cyclonic_Storm.png,TAUKTAE,2021,TAUKTAE_2021,val,2021-05-12 00:00:00 UTC,12.26,72.69,134.1,Very Severe Cyclonic Storm,eye_visible,True
426,mosdac_TAUKTAE_2021_0426_Very_Severe_Cyclonic_Storm.png,data/p2_mosdac_expanded/crops\mosdac_TAUKTAE_2021_0426_Very_Severe_Cyclonic_Storm.png,TAUKTAE,2021,TAUKTAE_2021,val,2021-05-12 03:00:00 UTC,12.37,72.72,141.2,Very Severe Cyclonic Storm,eye_visible,True
427,mosdac_TAUKTAE_2021_0427_Very_Severe_Cyclonic_Storm.png,data/p2_mosdac_expanded/crops\mosdac_TAUKTAE_2021_0427_Very_Severe_Cyclonic_Storm.png,TAUKTAE,2021,TAUKTAE_2021,val,2021-05-12 06:00:00 UTC,12.41,72.71,143.4,Very Severe Cyclonic Storm,eye_visible,True
428,mosdac_TAUKTAE_2021_0428_Very_Severe_Cyclonic_Storm.png,data/p2_mosdac_expanded/crops\mosdac_TAUKTAE_2021_0428_Very_Severe_Cyclonic_Storm.png,TAUKTAE,2021,TAUKTAE_2021,val,2021-05-12 09:00:00 UTC,12.48,72.72,150.0,Very Severe Cyclonic Storm,eye_visible,True
429,mosdac_TAUKTAE_2021_0429_Very_Severe_Cyclonic_Storm.png,data/p2_mosdac_expanded/crops\mosdac_TAUKTAE_2021_0429_Very_Severe_Cyclonic_Storm.png,TAUKTAE,2021,TAUKTAE_2021,val,2021-05-12 12:00:00 UTC,12.66,72.76,148.7,Very Severe Cyclonic Storm,eye_visible,True
430,mosdac_TAUKTAE_2021_0430_Very_Severe_Cyclonic_Storm.png,data/p2_mosdac_expanded/crops\mosdac_TAUKTAE_2021_0430_Very_Severe_Cyclonic_Storm.png,TAUKTAE,2021,TAUKTAE_2021,val,2021-05-12 15:00:00 UTC,12.84,72.8,149.7,Very Severe Cyclonic Storm,eye_visible,True
431,mosdac_TAUKTAE_2021_0431_Very_Severe_Cyclonic_Storm.png,data/p2_mosdac_expanded/crops\mosdac_TAUKTAE_2021_0431_Very_Severe_Cyclonic_Storm.png,TAUKTAE,2021,TAUKTAE_2021,val,2021-05-13 18:00:00 UTC,12.92,72.8,152.7,Very Severe Cyclonic Storm,eye_visible,True
432,mosdac_TAUKTAE_2021_0432_Very_Severe_Cyclonic_Storm.png,data/p2_mosdac_expanded/crops\mosdac_TAUKTAE_2021_0432_Very_Severe_Cyclonic_Storm.png,TAUKTAE,2021,TAUKTAE_2021,val,2021-05-13 21:00:00 UTC,13.01,72.8,160.4,Very Severe Cyclonic Storm,eye_visible,True
433,mosdac_TAUKTAE_2021_0433_Very_Severe_Cyclonic_Storm.png,data/p2_mosdac_expanded/crops\mosdac_TAUKTAE_2021_0433_Very_Severe_Cyclonic_Storm.png,TAUKTAE,2021,TAUKTAE_2021,val,2021-05-13 00:00:00 UTC,13.15,72.85,161.9,Very Severe Cyclonic Storm,eye_visible,True
434,mosdac_TAUKTAE_2021_0434_Very_Severe_Cyclonic_Storm.png,data/p2_mosdac_expanded/crops\mosdac_TAUKTAE_2021_0434_Very_Severe_Cyclonic_Storm.png,TAUKTAE,2021,TAUKTAE_2021,val,2021-05-13 03:00:00 UTC,13.28,72.9,160.3,Very Severe Cyclonic Storm,eye_visible,True
435,mosdac_TAUKTAE_2021_0435_Very_Severe_Cyclonic_Storm.png,data/p2_mosdac_expanded/crops\mosdac_TAUKTAE_2021_0435_Very_Severe_Cyclonic_Storm.png,TAUKTAE,2021,TAUKTAE_2021,val,2021-05-13 06:00:00 UTC,13.42,72.9,162.5,Very Severe Cyclonic Storm,eye_visible,True
436,mosdac_TAUKTAE_2021_0436_Extremely_Severe_Cyclonic_Storm.png,data/p2_mosdac_expanded/crops\mosdac_TAUKTAE_2021_0436_Extremely_Severe_Cyclonic_Storm.png,TAUKTAE,2021,TAUKTAE_2021,val,2021-05-13 09:00:00 UTC,13.56,72.91,169.7,Extremely Severe Cyclonic Storm,eye_visible,True
437,mosdac_TAUKTAE_2021_0437_Extremely_Severe_Cyclonic_Storm.png,data/p2_mosdac_expanded/crops\mosdac_TAUKTAE_2021_0437_Extremely_Severe_Cyclonic_Storm.png,TAUKTAE,2021,TAUKTAE_2021,val,2021-05-13 12:00:00 UTC,13.69,72.91,166.9,Extremely Severe Cyclonic Storm,eye_visible,True
438,mosdac_TAUKTAE_2021_0438_Extremely_Severe_Cyclonic_Storm.png,data/p2_mosdac_expanded/crops\mosdac_TAUKTAE_2021_0438_Extremely_Severe_Cyclonic_Storm.png,TAUKTAE,2021,TAUKTAE_2021,val,2021-05-13 15:00:00 UTC,13.83,72.92,174.9,Extremely Severe Cyclonic Storm,eye_visible,True
439,mosdac_TAUKTAE_2021_0439_Extremely_Severe_Cyclonic_Storm.png,data/p2_mosdac_expanded/crops\mosdac_TAUKTAE_2021_0439_Extremely_Severe_Cyclonic_Storm.png,TAUKTAE,2021,TAUKTAE_2021,val,2021-05-13 18:00:00 UTC,13.97,72.88,175.9,Extremely Severe Cyclonic Storm,eye_visible,True
440,mosdac_TAUKTAE_2021_0440_Extremely_Severe_Cyclonic_Storm.png,data/p2_mosdac_expanded/crops\mosdac_TAUKTAE_2021_0440_Extremely_Severe_Cyclonic_Storm.png,TAUKTAE,2021,TAUKTAE_2021,val,2021-05-13 21:00:00 UTC,14.1,72.84,172.6,Extremely Severe Cyclonic Storm,eye_visible,True
441,mosdac_TAUKTAE_2021_0441_Extremely_Severe_Cyclonic_Storm.png,data/p2_mosdac_expanded/crops\mosdac_TAUKTAE_2021_0441_Extremely_Severe_Cyclonic_Storm.png,TAUKTAE,2021,TAUKTAE_2021,val,2021-05-14 00:00:00 UTC,14.24,72.8,174.3,Extremely Severe Cyclonic Storm,eye_visible,True
442,mosdac_TAUKTAE_2021_0442_Extremely_Severe_Cyclonic_Storm.png,data/p2_mosdac_expanded/crops\mosdac_TAUKTAE_2021_0442_Extremely_Severe_Cyclonic_Storm.png,TAUKTAE,2021,TAUKTAE_2021,val,2021-05-14 03:00:00 UTC,14.38,72.75,182.9,Extremely Severe Cyclonic Storm,eye_visible,True
443,mosdac_TAUKTAE_2021_0443_Extremely_Severe_Cyclonic_Storm.png,data/p2_mosdac_expanded/crops\mosdac_TAUKTAE_2021_0443_Extremely_Severe_Cyclonic_Storm.png,TAUKTAE,2021,TAUKTAE_2021,val,2021-05-14 06:00:00 UTC,14.49,72.75,179.3,Extremely Severe Cyclonic Storm,eye_visible,True
444,mosdac_TAUKTAE_2021_0444_Extremely_Severe_Cyclonic_Storm.png,data/p2_mosdac_expanded/crops\mosdac_TAUKTAE_2021_0444_Extremely_Severe_Cyclonic_Storm.png,TAUKTAE,2021,TAUKTAE_2021,val,2021-05-14 09:00:00 UTC,14.58,72.76,180.5,Extremely Severe Cyclonic Storm,eye_visible,True
445,mosdac_TAUKTAE_2021_0445_Extremely_Severe_Cyclonic_Storm.png,data/p2_mosdac_expanded/crops\mosdac_TAUKTAE_2021_0445_Extremely_Severe_Cyclonic_Storm.png,TAUKTAE,2021,TAUKTAE_2021,val,2021-05-14 12:00:00 UTC,14.7,72.77,185.0,Extremely Severe Cyclonic Storm,eye_visible,True
446,mosdac_TAUKTAE_2021_0446_Extremely_Severe_Cyclonic_Storm.png,data/p2_mosdac_expanded/crops\mosdac_TAUKTAE_2021_0446_Extremely_Severe_Cyclonic_Storm.png,TAUKTAE,2021,TAUKTAE_2021,val,2021-05-14 15:00:00 UTC,14.85,72.78,186.9,Extremely Severe Cyclonic Storm,eye_visible,True
447,mosdac_TAUKTAE_2021_0447_Extremely_Severe_Cyclonic_Storm.png,data/p2_mosdac_expanded/crops\mosdac_TAUKTAE_2021_0447_Extremely_Severe_Cyclonic_Storm.png,TAUKTAE,2021,TAUKTAE_2021,val,2021-05-14 18:00:00 UTC,15.02,72.79,187.9,Extremely Severe Cyclonic Storm,eye_visible,True
448,mosdac_TAUKTAE_2021_0448_Extremely_Severe_Cyclonic_Storm.png,data/p2_mosdac_expanded/crops\mosdac_TAUKTAE_2021_0448_Extremely_Severe_Cyclonic_Storm.png,TAUKTAE,2021,TAUKTAE_2021,val,2021-05-14 21:00:00 UTC,15.22,72.8,186.5,Extremely Severe Cyclonic Storm,eye_visible,True
449,mosdac_TAUKTAE_2021_0449_Extremely_Severe_Cyclonic_Storm.png,data/p2_mosdac_expanded/crops\mosdac_TAUKTAE_2021_0449_Extremely_Severe_Cyclonic_Storm.png,TAUKTAE,2021,TAUKTAE_2021,val,2021-05-14 00:00:00 UTC,15.41,72.81,183.8,Extremely Severe Cyclonic Storm,eye_visible,True
450,mosdac_TAUKTAE_2021_0450_Extremely_Severe_Cyclonic_Storm.png,data/p2_mosdac_expanded/crops\mosdac_TAUKTAE_2021_0450_Extremely_Severe_Cyclonic_Storm.png,TAUKTAE,2021,TAUKTAE_2021,val,2021-05-14 03:00:00 UTC,15.6,72.82,181.6,Extremely Severe Cyclonic Storm,eye_visible,True
451,mosdac_TAUKTAE_2021_0451_Extremely_Severe_Cyclonic_Storm.png,data/p2_mosdac_expanded/crops\mosdac_TAUKTAE_2021_0451_Extremely_Severe_Cyclonic_Storm.png,TAUKTAE,2021,TAUKTAE_2021,val,2021-05-15 06:00:00 UTC,15.83,72.8,187.2,Extremely Severe Cyclonic Storm,eye_visible,True
452,mosdac_TAUKTAE_2021_0452_Extremely_Severe_Cyclonic_Storm.png,data/p2_mosdac_expanded/crops\mosdac_TAUKTAE_2021_0452_Extremely_Severe_Cyclonic_Storm.png,TAUKTAE,2021,TAUKTAE_2021,val,2021-05-15 09:00:00 UTC,16.07,72.77,185.3,Extremely Severe Cyclonic Storm,eye_visible,True
453,mosdac_TAUKTAE_2021_0453_Extremely_Severe_Cyclonic_Storm.png,data/p2_mosdac_expanded/crops\mosdac_TAUKTAE_2021_0453_Extremely_Severe_Cyclonic_Storm.png,TAUKTAE,2021,TAUKTAE_2021,val,2021-05-15 12:00:00 UTC,16.32,72.7,183.9,Extremely Severe Cyclonic Storm,eye_visible,True
454,mosdac_TAUKTAE_2021_0454_Extremely_Severe_Cyclonic_Storm.png,data/p2_mosdac_expanded/crops\mosdac_TAUKTAE_2021_0454_Extremely_Severe_Cyclonic_Storm.png,TAUKTAE,2021,TAUKTAE_2021,val,2021-05-15 15:00:00 UTC,16.57,72.62,187.2,Extremely Severe Cyclonic Storm,eye_visible,True
455,mosdac_TAUKTAE_2021_0455_Extremely_Severe_Cyclonic_Storm.png,data/p2_mosdac_expanded/crops\mosdac_TAUKTAE_2021_0455_Extremely_Severe_Cyclonic_Storm.png,TAUKTAE,2021,TAUKTAE_2021,val,2021-05-15 18:00:00 UTC,16.81,72.53,180.2,Extremely Severe Cyclonic Storm,eye_visible,True
456,mosdac_TAUKTAE_2021_0456_Extremely_Severe_Cyclonic_Storm.png,data/p2_mosdac_expanded/crops\mosdac_TAUKTAE_2021_0456_Extremely_Severe_Cyclonic_Storm.png,TAUKTAE,2021,TAUKTAE_2021,val,2021-05-15 21:00:00 UTC,17.06,72.44,182.4,Extremely Severe Cyclonic Storm,eye_visible,True
457,mosdac_TAUKTAE_2021_0457_Extremely_Severe_Cyclonic_Storm.png,data/p2_mosdac_expanded/crops\mosdac_TAUKTAE_2021_0457_Extremely_Severe_Cyclonic_Storm.png,TAUKTAE,2021,TAUKTAE_2021,val,2021-05-15 00:00:00 UTC,17.3,72.33,177.6,Extremely Severe Cyclonic Storm,eye_visible,True
458,mosdac_TAUKTAE_2021_0458_Extremely_Severe_Cyclonic_Storm.png,data/p2_mosdac_expanded/crops\mosdac_TAUKTAE_2021_0458_Extremely_Severe_Cyclonic_Storm.png,TAUKTAE,2021,TAUKTAE_2021,val,2021-05-15 03:00:00 UTC,17.5,72.19,180.1,Extremely Severe Cyclonic Storm,eye_visible,True
459,mosdac_TAUKTAE_2021_0459_Extremely_Severe_Cyclonic_Storm.png,data/p2_mosdac_expanded/crops\mosdac_TAUKTAE_2021_0459_Extremely_Severe_Cyclonic_Storm.png,TAUKTAE,2021,TAUKTAE_2021,val,2021-05-15 06:00:00 UTC,17.69,72.06,175.5,Extremely Severe Cyclonic Storm,eye_visible,True
460,mosdac_TAUKTAE_2021_0460_Extremely_Severe_Cyclonic_Storm.png,data/p2_mosdac_expanded/crops\mosdac_TAUKTAE_2021_0460_Extremely_Severe_Cyclonic_Storm.png,TAUKTAE,2021,TAUKTAE_2021,val,2021-05-15 09:00:00 UTC,17.84,71.97,174.5,Extremely Severe Cyclonic Storm,eye_visible,True
461,mosdac_TAUKTAE_2021_0461_Extremely_Severe_Cyclonic_Storm.png,data/p2_mosdac_expanded/crops\mosdac_TAUKTAE_2021_0461_Extremely_Severe_Cyclonic_Storm.png,TAUKTAE,2021,TAUKTAE_2021,val,2021-05-16 12:00:00 UTC,18.01,71.89,172.9,Extremely Severe Cyclonic Storm,eye_visible,True
462,mosdac_TAUKTAE_2021_0462_Extremely_Severe_Cyclonic_Storm.png,data/p2_mosdac_expanded/crops\mosdac_TAUKTAE_2021_0462_Extremely_Severe_Cyclonic_Storm.png,TAUKTAE,2021,TAUKTAE_2021,val,2021-05-16 15:00:00 UTC,18.21,71.84,175.4,Extremely Severe Cyclonic Storm,eye_visible,True
463,mosdac_TAUKTAE_2021_0463_Extremely_Severe_Cyclonic_Storm.png,data/p2_mosdac_expanded/crops\mosdac_TAUKTAE_2021_0463_Extremely_Severe_Cyclonic_Storm.png,TAUKTAE,2021,TAUKTAE_2021,val,2021-05-16 18:00:00 UTC,18.42,71.79,174.3,Extremely Severe Cyclonic Storm,eye_visible,True
464,mosdac_TAUKTAE_2021_0464_Extremely_Severe_Cyclonic_Storm.png,data/p2_mosdac_expanded/crops\mosdac_TAUKTAE_2021_0464_Extremely_Severe_Cyclonic_Storm.png,TAUKTAE,2021,TAUKTAE_2021,val,2021-05-16 21:00:00 UTC,18.62,71.75,171.0,Extremely Severe Cyclonic Storm,eye_visible,True
465,mosdac_TAUKTAE_2021_0465_Extremely_Severe_Cyclonic_Storm.png,data/p2_mosdac_expanded/crops\mosdac_TAUKTAE_2021_0465_Extremely_Severe_Cyclonic_Storm.png,TAUKTAE,2021,TAUKTAE_2021,val,2021-05-16 00:00:00 UTC,18.83,71.7,171.8,Extremely Severe Cyclonic Storm,eye_visible,True
466,mosdac_TAUKTAE_2021_0466_Very_Severe_Cyclonic_Storm.png,data/p2_mosdac_expanded/crops\mosdac_TAUKTAE_2021_0466_Very_Severe_Cyclonic_Storm.png,TAUKTAE,2021,TAUKTAE_2021,val,2021-05-16 03:00:00 UTC,19.08,71.65,164.9,Very Severe Cyclonic Storm,eye_visible,True
467,mosdac_TAUKTAE_2021_0467_Very_Severe_Cyclonic_Storm.png,data/p2_mosdac_expanded/crops\mosdac_TAUKTAE_2021_0467_Very_Severe_Cyclonic_Storm.png,TAUKTAE,2021,TAUKTAE_2021,val,2021-05-16 06:00:00 UTC,19.33,71.6,161.7,Very Severe Cyclonic Storm,eye_visible,True
468,mosdac_TAUKTAE_2021_0468_Very_Severe_Cyclonic_Storm.png,data/p2_mosdac_expanded/crops\mosdac_TAUKTAE_2021_0468_Very_Severe_Cyclonic_Storm.png,TAUKTAE,2021,TAUKTAE_2021,val,2021-05-16 09:00:00 UTC,19.49,71.54,163.9,Very Severe Cyclonic Storm,eye_visible,True
469,mosdac_TAUKTAE_2021_0469_Very_Severe_Cyclonic_Storm.png,data/p2_mosdac_expanded/crops\mosdac_TAUKTAE_2021_0469_Very_Severe_Cyclonic_Storm.png,TAUKTAE,2021,TAUKTAE_2021,val,2021-05-16 12:00:00 UTC,19.64,71.49,156.1,Very Severe Cyclonic Storm,eye_visible,True
470,mosdac_TAUKTAE_2021_0470_Very_Severe_Cyclonic_Storm.png,data/p2_mosdac_expanded/crops\mosdac_TAUKTAE_2021_0470_Very_Severe_Cyclonic_Storm.png,TAUKTAE,2021,TAUKTAE_2021,val,2021-05-16 15:00:00 UTC,19.89,71.48,159.3,Very Severe Cyclonic Storm,eye_visible,True
471,mosdac_TAUKTAE_2021_0471_Very_Severe_Cyclonic_Storm.png,data/p2_mosdac_expanded/crops\mosdac_TAUKTAE_2021_0471_Very_Severe_Cyclonic_Storm.png,TAUKTAE,2021,TAUKTAE_2021,val,2021-05-17 18:00:00 UTC,20.14,71.48,148.9,Very Severe Cyclonic Storm,eye_visible,True
472,mosdac_TAUKTAE_2021_0472_Very_Severe_Cyclonic_Storm.png,data/p2_mosdac_expanded/crops\mosdac_TAUKTAE_2021_0472_Very_Severe_Cyclonic_Storm.png,TAUKTAE,2021,TAUKTAE_2021,val,2021-05-17 21:00:00 UTC,20.34,71.43,153.7,Very Severe Cyclonic Storm,eye_visible,True
473,mosdac_TAUKTAE_2021_0473_Very_Severe_Cyclonic_Storm.png,data/p2_mosdac_expanded/crops\mosdac_TAUKTAE_2021_0473_Very_Severe_Cyclonic_Storm.png,TAUKTAE,2021,TAUKTAE_2021,val,2021-05-17 00:00:00 UTC,20.54,71.37,143.3,Very Severe Cyclonic Storm,eye_visible,True
474,mosdac_TAUKTAE_2021_0474_Very_Severe_Cyclonic_Storm.png,data/p2_mosdac_expanded/crops\mosdac_TAUKTAE_2021_0474_Very_Severe_Cyclonic_Storm.png,TAUKTAE,2021,TAUKTAE_2021,val,2021-05-17 03:00:00 UTC,20.74,71.31,147.0,Very Severe Cyclonic Storm,eye_visible,True
475,mosdac_TAUKTAE_2021_0475_Very_Severe_Cyclonic_Storm.png,data/p2_mosdac_expanded/crops\mosdac_TAUKTAE_2021_0475_Very_Severe_Cyclonic_Storm.png,TAUKTAE,2021,TAUKTAE_2021,val,2021-05-17 06:00:00 UTC,20.94,71.26,141.0,Very Severe Cyclonic Storm,eye_visible,True
476,mosdac_TAUKTAE_2021_0476_Very_Severe_Cyclonic_Storm.png,data/p2_mosdac_expanded/crops\mosdac_TAUKTAE_2021_0476_Very_Severe_Cyclonic_Storm.png,TAUKTAE,2021,TAUKTAE_2021,val,2021-05-17 09:00:00 UTC,21.1,71.23,141.6,Very Severe Cyclonic Storm,eye_visible,True
477,mosdac_TAUKTAE_2021_0477_Very_Severe_Cyclonic_Storm.png,data/p2_mosdac_expanded/crops\mosdac_TAUKTAE_2021_0477_Very_Severe_Cyclonic_Storm.png,TAUKTAE,2021,TAUKTAE_2021,val,2021-05-17 12:00:00 UTC,21.25,71.23,131.0,Very Severe Cyclonic Storm,eye_visible,True
478,mosdac_TAUKTAE_2021_0478_Very_Severe_Cyclonic_Storm.png,data/p2_mosdac_expanded/crops\mosdac_TAUKTAE_2021_0478_Very_Severe_Cyclonic_Storm.png,TAUKTAE,2021,TAUKTAE_2021,val,2021-05-17 15:00:00 UTC,21.4,71.22,131.6,Very Severe Cyclonic Storm,eye_visible,True
479,mosdac_TAUKTAE_2021_0479_Very_Severe_Cyclonic_Storm.png,data/p2_mosdac_expanded/crops\mosdac_TAUKTAE_2021_0479_Very_Severe_Cyclonic_Storm.png,TAUKTAE,2021,TAUKTAE_2021,val,2021-05-17 18:00:00 UTC,21.55,71.21,131.7,Very Severe Cyclonic Storm,eye_visible,True
480,mosdac_TAUKTAE_2021_0480_Very_Severe_Cyclonic_Storm.png,data/p2_mosdac_expanded/crops\mosdac_TAUKTAE_2021_0480_Very_Severe_Cyclonic_Storm.png,TAUKTAE,2021,TAUKTAE_2021,val,2021-05-17 21:00:00 UTC,21.66,71.23,124.9,Very Severe Cyclonic Storm,eye_visible,True
481,mosdac_TAUKTAE_2021_0481_Very_Severe_Cyclonic_Storm.png,data/p2_mosdac_expanded/crops\mosdac_TAUKTAE_2021_0481_Very_Severe_Cyclonic_Storm.png,TAUKTAE,2021,TAUKTAE_2021,val,2021-05-18 00:00:00 UTC,21.76,71.26,122.4,Very Severe Cyclonic Storm,eye_visible,True
482,mosdac_TAUKTAE_2021_0482_Very_Severe_Cyclonic_Storm.png,data/p2_mosdac_expanded/crops\mosdac_TAUKTAE_2021_0482_Very_Severe_Cyclonic_Storm.png,TAUKTAE,2021,TAUKTAE_2021,val,2021-05-18 03:00:00 UTC,21.91,71.36,119.7,Very Severe Cyclonic Storm,eye_visible,True
483,mosdac_TAUKTAE_2021_0483_Severe_Cyclonic_Storm.png,data/p2_mosdac_expanded/crops\mosdac_TAUKTAE_2021_0483_Severe_Cyclonic_Storm.png,TAUKTAE,2021,TAUKTAE_2021,val,2021-05-18 06:00:00 UTC,22.1,71.49,114.5,Severe Cyclonic Storm,curved_band,True
484,mosdac_TAUKTAE_2021_0484_Severe_Cyclonic_Storm.png,data/p2_mosdac_expanded/crops\mosdac_TAUKTAE_2021_0484_Severe_Cyclonic_Storm.png,TAUKTAE,2021,TAUKTAE_2021,val,2021-05-18 09:00:00 UTC,22.31,71.58,112.7,Severe Cyclonic Storm,curved_band,True
485,mosdac_TAUKTAE_2021_0485_Severe_Cyclonic_Storm.png,data/p2_mosdac_expanded/crops\mosdac_TAUKTAE_2021_0485_Severe_Cyclonic_Storm.png,TAUKTAE,2021,TAUKTAE_2021,val,2021-05-18 12:00:00 UTC,22.55,71.62,109.1,Severe Cyclonic Storm,curved_band,True
486,mosdac_TAUKTAE_2021_0486_Severe_Cyclonic_Storm.png,data/p2_mosdac_expanded/crops\mosdac_TAUKTAE_2021_0486_Severe_Cyclonic_Storm.png,TAUKTAE,2021,TAUKTAE_2021,val,2021-05-18 15:00:00 UTC,22.81,71.72,108.5,Severe Cyclonic Storm,curved_band,True
487,mosdac_TAUKTAE_2021_0487_Severe_Cyclonic_Storm.png,data/p2_mosdac_expanded/crops\mosdac_TAUKTAE_2021_0487_Severe_Cyclonic_Storm.png,TAUKTAE,2021,TAUKTAE_2021,val,2021-05-18 18:00:00 UTC,23.09,71.91,98.5,Severe Cyclonic Storm,curved_band,True
488,mosdac_TAUKTAE_2021_0488_Severe_Cyclonic_Storm.png,data/p2_mosdac_expanded/crops\mosdac_TAUKTAE_2021_0488_Severe_Cyclonic_Storm.png,TAUKTAE,2021,TAUKTAE_2021,val,2021-05-18 21:00:00 UTC,23.36,72.1,97.4,Severe Cyclonic Storm,curved_band,True
489,mosdac_TAUKTAE_2021_0489_Severe_Cyclonic_Storm.png,data/p2_mosdac_expanded/crops\mosdac_TAUKTAE_2021_0489_Severe_Cyclonic_Storm.png,TAUKTAE,2021,TAUKTAE_2021,val,2021-05-18 00:00:00 UTC,23.59,72.29,99.8,Severe Cyclonic Storm,curved_band,True
490,mosdac_TAUKTAE_2021_0490_Severe_Cyclonic_Storm.png,data/p2_mosdac_expanded/crops\mosdac_TAUKTAE_2021_0490_Severe_Cyclonic_Storm.png,TAUKTAE,2021,TAUKTAE_2021,val,2021-05-18 03:00:00 UTC,23.81,72.5,96.5,Severe Cyclonic Storm,curved_band,True
491,mosdac_TAUKTAE_2021_0491_Severe_Cyclonic_Storm.png,data/p2_mosdac_expanded/crops\mosdac_TAUKTAE_2021_0491_Severe_Cyclonic_Storm.png,TAUKTAE,2021,TAUKTAE_2021,val,2021-05-19 06:00:00 UTC,24.0,72.79,90.2,Severe Cyclonic Storm,curved_band,True
492,mosdac_TAUKTAE_2021_0492_Cyclonic_Storm.png,data/p2_mosdac_expanded/crops\mosdac_TAUKTAE_2021_0492_Cyclonic_Storm.png,TAUKTAE,2021,TAUKTAE_2021,val,2021-05-19 09:00:00 UTC,24.17,73.04,88.9,Cyclonic Storm,curved_band,True
493,mosdac_TAUKTAE_2021_0493_Cyclonic_Storm.png,data/p2_mosdac_expanded/crops\mosdac_TAUKTAE_2021_0493_Cyclonic_Storm.png,TAUKTAE,2021,TAUKTAE_2021,val,2021-05-19 12:00:00 UTC,24.3,73.18,83.7,Cyclonic Storm,curved_band,True
494,mosdac_TAUKTAE_2021_0494_Cyclonic_Storm.png,data/p2_mosdac_expanded/crops\mosdac_TAUKTAE_2021_0494_Cyclonic_Storm.png,TAUKTAE,2021,TAUKTAE_2021,val,2021-05-19 15:00:00 UTC,24.43,73.32,80.6,Cyclonic Storm,curved_band,True
495,mosdac_TAUKTAE_2021_0495_Cyclonic_Storm.png,data/p2_mosdac_expanded/crops\mosdac_TAUKTAE_2021_0495_Cyclonic_Storm.png,TAUKTAE,2021,TAUKTAE_2021,val,2021-05-19 18:00:00 UTC,24.52,73.42,80.7,Cyclonic Storm,curved_band,True
496,mosdac_TAUKTAE_2021_0496_Cyclonic_Storm.png,data/p2_mosdac_expanded/crops\mosdac_TAUKTAE_2021_0496_Cyclonic_Storm.png,TAUKTAE,2021,TAUKTAE_2021,val,2021-05-19 21:00:00 UTC,24.61,73.51,77.8,Cyclonic Storm,curved_band,True
497,mosdac_TAUKTAE_2021_0497_Cyclonic_Storm.png,data/p2_mosdac_expanded/crops\mosdac_TAUKTAE_2021_0497_Cyclonic_Storm.png,TAUKTAE,2021,TAUKTAE_2021,val,2021-05-19 00:00:00 UTC,24.75,73.56,77.9,Cyclonic Storm,curved_band,True
498,mosdac_TAUKTAE_2021_0498_Cyclonic_Storm.png,data/p2_mosdac_expanded/crops\mosdac_TAUKTAE_2021_0498_Cyclonic_Storm.png,TAUKTAE,2021,TAUKTAE_2021,val,2021-05-19 03:00:00 UTC,24.9,73.64,72.4,Cyclonic Storm,curved_band,True
499,mosdac_TAUKTAE_2021_0499_Cyclonic_Storm.png,data/p2_mosdac_expanded/crops\mosdac_TAUKTAE_2021_0499_Cyclonic_Storm.png,TAUKTAE,2021,TAUKTAE_2021,val,2021-05-19 06:00:00 UTC,25.33,74.17,78.4,Cyclonic Storm,curved_band,True
500,mosdac_TAUKTAE_2021_0500_Cyclonic_Storm.png,data/p2_mosdac_expanded/crops\mosdac_TAUKTAE_2021_0500_Cyclonic_Storm.png,TAUKTAE,2021,TAUKTAE_2021,val,2021-05-19 09:00:00 UTC,25.75,74.71,77.9,Cyclonic Storm,curved_band,True
501,mosdac_HUDHUD_2014_0501_Cyclonic_Storm.png,data/p2_mosdac_expanded/crops\mosdac_HUDHUD_2014_0501_Cyclonic_Storm.png,HUDHUD,2014,HUDHUD_2014,train,2014-05-10 00:00:00 UTC,10.7,96.2,75.6,Cyclonic Storm,curved_band,True
502,mosdac_HUDHUD_2014_0502_Cyclonic_Storm.png,data/p2_mosdac_expanded/crops\mosdac_HUDHUD_2014_0502_Cyclonic_Storm.png,HUDHUD,2014,HUDHUD_2014,train,2014-05-10 03:00:00 UTC,10.71,96.13,74.9,Cyclonic Storm,curved_band,True
503,mosdac_HUDHUD_2014_0503_Cyclonic_Storm.png,data/p2_mosdac_expanded/crops\mosdac_HUDHUD_2014_0503_Cyclonic_Storm.png,HUDHUD,2014,HUDHUD_2014,train,2014-05-10 06:00:00 UTC,10.72,96.07,74.2,Cyclonic Storm,curved_band,True
504,mosdac_HUDHUD_2014_0504_Cyclonic_Storm.png,data/p2_mosdac_expanded/crops\mosdac_HUDHUD_2014_0504_Cyclonic_Storm.png,HUDHUD,2014,HUDHUD_2014,train,2014-05-10 09:00:00 UTC,10.73,96.0,79.8,Cyclonic Storm,curved_band,True
505,mosdac_HUDHUD_2014_0505_Cyclonic_Storm.png,data/p2_mosdac_expanded/crops\mosdac_HUDHUD_2014_0505_Cyclonic_Storm.png,HUDHUD,2014,HUDHUD_2014,train,2014-05-10 12:00:00 UTC,10.74,95.93,80.5,Cyclonic Storm,curved_band,True
506,mosdac_HUDHUD_2014_0506_Cyclonic_Storm.png,data/p2_mosdac_expanded/crops\mosdac_HUDHUD_2014_0506_Cyclonic_Storm.png,HUDHUD,2014,HUDHUD_2014,train,2014-05-10 15:00:00 UTC,10.78,95.83,78.3,Cyclonic Storm,curved_band,True
507,mosdac_HUDHUD_2014_0507_Cyclonic_Storm.png,data/p2_mosdac_expanded/crops\mosdac_HUDHUD_2014_0507_Cyclonic_Storm.png,HUDHUD,2014,HUDHUD_2014,train,2014-05-10 18:00:00 UTC,10.85,95.69,86.4,Cyclonic Storm,curved_band,True
508,mosdac_HUDHUD_2014_0508_Cyclonic_Storm.png,data/p2_mosdac_expanded/crops\mosdac_HUDHUD_2014_0508_Cyclonic_Storm.png,HUDHUD,2014,HUDHUD_2014,train,2014-05-10 21:00:00 UTC,10.92,95.56,88.1,Cyclonic Storm,curved_band,True
509,mosdac_HUDHUD_2014_0509_Severe_Cyclonic_Storm.png,data/p2_mosdac_expanded/crops\mosdac_HUDHUD_2014_0509_Severe_Cyclonic_Storm.png,HUDHUD,2014,HUDHUD_2014,train,2014-05-10 00:00:00 UTC,11.0,95.42,91.6,Severe Cyclonic Storm,curved_band,True
510,mosdac_HUDHUD_2014_0510_Severe_Cyclonic_Storm.png,data/p2_mosdac_expanded/crops\mosdac_HUDHUD_2014_0510_Severe_Cyclonic_Storm.png,HUDHUD,2014,HUDHUD_2014,train,2014-05-10 03:00:00 UTC,11.07,95.28,92.4,Severe Cyclonic Storm,curved_band,True
511,mosdac_HUDHUD_2014_0511_Severe_Cyclonic_Storm.png,data/p2_mosdac_expanded/crops\mosdac_HUDHUD_2014_0511_Severe_Cyclonic_Storm.png,HUDHUD,2014,HUDHUD_2014,train,2014-05-11 06:00:00 UTC,11.2,95.14,94.3,Severe Cyclonic Storm,curved_band,True
512,mosdac_HUDHUD_2014_0512_Severe_Cyclonic_Storm.png,data/p2_mosdac_expanded/crops\mosdac_HUDHUD_2014_0512_Severe_Cyclonic_Storm.png,HUDHUD,2014,HUDHUD_2014,train,2014-05-11 09:00:00 UTC,11.33,94.98,95.5,Severe Cyclonic Storm,curved_band,True
513,mosdac_HUDHUD_2014_0513_Severe_Cyclonic_Storm.png,data/p2_mosdac_expanded/crops\mosdac_HUDHUD_2014_0513_Severe_Cyclonic_Storm.png,HUDHUD,2014,HUDHUD_2014,train,2014-05-11 12:00:00 UTC,11.47,94.77,102.6,Severe Cyclonic Storm,curved_band,True
514,mosdac_HUDHUD_2014_0514_Severe_Cyclonic_Storm.png,data/p2_mosdac_expanded/crops\mosdac_HUDHUD_2014_0514_Severe_Cyclonic_Storm.png,HUDHUD,2014,HUDHUD_2014,train,2014-05-11 15:00:00 UTC,11.55,94.57,105.1,Severe Cyclonic Storm,curved_band,True
515,mosdac_HUDHUD_2014_0515_Severe_Cyclonic_Storm.png,data/p2_mosdac_expanded/crops\mosdac_HUDHUD_2014_0515_Severe_Cyclonic_Storm.png,HUDHUD,2014,HUDHUD_2014,train,2014-05-11 18:00:00 UTC,11.64,94.36,101.6,Severe Cyclonic Storm,curved_band,True
516,mosdac_HUDHUD_2014_0516_Severe_Cyclonic_Storm.png,data/p2_mosdac_expanded/crops\mosdac_HUDHUD_2014_0516_Severe_Cyclonic_Storm.png,HUDHUD,2014,HUDHUD_2014,train,2014-05-11 21:00:00 UTC,11.77,94.15,104.6,Severe Cyclonic Storm,curved_band,True
517,mosdac_HUDHUD_2014_0517_Severe_Cyclonic_Storm.png,data/p2_mosdac_expanded/crops\mosdac_HUDHUD_2014_0517_Severe_Cyclonic_Storm.png,HUDHUD,2014,HUDHUD_2014,train,2014-05-11 00:00:00 UTC,11.85,93.95,110.6,Severe Cyclonic Storm,curved_band,True
518,mosdac_HUDHUD_2014_0518_Severe_Cyclonic_Storm.png,data/p2_mosdac_expanded/crops\mosdac_HUDHUD_2014_0518_Severe_Cyclonic_Storm.png,HUDHUD,2014,HUDHUD_2014,train,2014-05-11 03:00:00 UTC,11.92,93.74,117.4,Severe Cyclonic Storm,curved_band,True
519,mosdac_HUDHUD_2014_0519_Very_Severe_Cyclonic_Storm.png,data/p2_mosdac_expanded/crops\mosdac_HUDHUD_2014_0519_Very_Severe_Cyclonic_Storm.png,HUDHUD,2014,HUDHUD_2014,train,2014-05-11 06:00:00 UTC,11.98,93.53,122.0,Very Severe Cyclonic Storm,eye_visible,True
520,mosdac_HUDHUD_2014_0520_Very_Severe_Cyclonic_Storm.png,data/p2_mosdac_expanded/crops\mosdac_HUDHUD_2014_0520_Very_Severe_Cyclonic_Storm.png,HUDHUD,2014,HUDHUD_2014,train,2014-05-11 09:00:00 UTC,12.04,93.33,118.6,Very Severe Cyclonic Storm,eye_visible,True
521,mosdac_HUDHUD_2014_0521_Very_Severe_Cyclonic_Storm.png,data/p2_mosdac_expanded/crops\mosdac_HUDHUD_2014_0521_Very_Severe_Cyclonic_Storm.png,HUDHUD,2014,HUDHUD_2014,train,2014-05-12 12:00:00 UTC,12.12,93.12,125.4,Very Severe Cyclonic Storm,eye_visible,True
522,mosdac_HUDHUD_2014_0522_Very_Severe_Cyclonic_Storm.png,data/p2_mosdac_expanded/crops\mosdac_HUDHUD_2014_0522_Very_Severe_Cyclonic_Storm.png,HUDHUD,2014,HUDHUD_2014,train,2014-05-12 15:00:00 UTC,12.24,92.91,127.0,Very Severe Cyclonic Storm,eye_visible,True
523,mosdac_HUDHUD_2014_0523_Very_Severe_Cyclonic_Storm.png,data/p2_mosdac_expanded/crops\mosdac_HUDHUD_2014_0523_Very_Severe_Cyclonic_Storm.png,HUDHUD,2014,HUDHUD_2014,train,2014-05-12 18:00:00 UTC,12.33,92.71,135.0,Very Severe Cyclonic Storm,eye_visible,True
524,mosdac_HUDHUD_2014_0524_Very_Severe_Cyclonic_Storm.png,data/p2_mosdac_expanded/crops\mosdac_HUDHUD_2014_0524_Very_Severe_Cyclonic_Storm.png,HUDHUD,2014,HUDHUD_2014,train,2014-05-12 21:00:00 UTC,12.4,92.48,137.2,Very Severe Cyclonic Storm,eye_visible,True
525,mosdac_HUDHUD_2014_0525_Very_Severe_Cyclonic_Storm.png,data/p2_mosdac_expanded/crops\mosdac_HUDHUD_2014_0525_Very_Severe_Cyclonic_Storm.png,HUDHUD,2014,HUDHUD_2014,train,2014-05-12 00:00:00 UTC,12.59,92.15,140.3,Very Severe Cyclonic Storm,eye_visible,True
526,mosdac_HUDHUD_2014_0526_Very_Severe_Cyclonic_Storm.png,data/p2_mosdac_expanded/crops\mosdac_HUDHUD_2014_0526_Very_Severe_Cyclonic_Storm.png,HUDHUD,2014,HUDHUD_2014,train,2014-05-12 03:00:00 UTC,12.74,91.73,140.5,Very Severe Cyclonic Storm,eye_visible,True
527,mosdac_HUDHUD_2014_0527_Very_Severe_Cyclonic_Storm.png,data/p2_mosdac_expanded/crops\mosdac_HUDHUD_2014_0527_Very_Severe_Cyclonic_Storm.png,HUDHUD,2014,HUDHUD_2014,train,2014-05-12 06:00:00 UTC,12.86,91.28,143.2,Very Severe Cyclonic Storm,eye_visible,True
528,mosdac_HUDHUD_2014_0528_Very_Severe_Cyclonic_Storm.png,data/p2_mosdac_expanded/crops\mosdac_HUDHUD_2014_0528_Very_Severe_Cyclonic_Storm.png,HUDHUD,2014,HUDHUD_2014,train,2014-05-12 09:00:00 UTC,12.92,90.95,145.1,Very Severe Cyclonic Storm,eye_visible,True
529,mosdac_HUDHUD_2014_0529_Very_Severe_Cyclonic_Storm.png,data/p2_mosdac_expanded/crops\mosdac_HUDHUD_2014_0529_Very_Severe_Cyclonic_Storm.png,HUDHUD,2014,HUDHUD_2014,train,2014-05-12 12:00:00 UTC,13.01,90.61,146.4,Very Severe Cyclonic Storm,eye_visible,True
530,mosdac_HUDHUD_2014_0530_Very_Severe_Cyclonic_Storm.png,data/p2_mosdac_expanded/crops\mosdac_HUDHUD_2014_0530_Very_Severe_Cyclonic_Storm.png,HUDHUD,2014,HUDHUD_2014,train,2014-05-12 15:00:00 UTC,13.13,90.29,155.7,Very Severe Cyclonic Storm,eye_visible,True
531,mosdac_HUDHUD_2014_0531_Very_Severe_Cyclonic_Storm.png,data/p2_mosdac_expanded/crops\mosdac_HUDHUD_2014_0531_Very_Severe_Cyclonic_Storm.png,HUDHUD,2014,HUDHUD_2014,train,2014-05-13 18:00:00 UTC,13.25,90.09,158.1,Very Severe Cyclonic Storm,eye_visible,True
532,mosdac_HUDHUD_2014_0532_Very_Severe_Cyclonic_Storm.png,data/p2_mosdac_expanded/crops\mosdac_HUDHUD_2014_0532_Very_Severe_Cyclonic_Storm.png,HUDHUD,2014,HUDHUD_2014,train,2014-05-13 21:00:00 UTC,13.37,89.82,162.3,Very Severe Cyclonic Storm,eye_visible,True
533,mosdac_HUDHUD_2014_0533_Very_Severe_Cyclonic_Storm.png,data/p2_mosdac_expanded/crops\mosdac_HUDHUD_2014_0533_Very_Severe_Cyclonic_Storm.png,HUDHUD,2014,HUDHUD_2014,train,2014-05-13 00:00:00 UTC,13.5,89.5,164.9,Very Severe Cyclonic Storm,eye_visible,True
534,mosdac_HUDHUD_2014_0534_Very_Severe_Cyclonic_Storm.png,data/p2_mosdac_expanded/crops\mosdac_HUDHUD_2014_0534_Very_Severe_Cyclonic_Storm.png,HUDHUD,2014,HUDHUD_2014,train,2014-05-13 03:00:00 UTC,13.55,89.3,163.9,Very Severe Cyclonic Storm,eye_visible,True
535,mosdac_HUDHUD_2014_0535_Extremely_Severe_Cyclonic_Storm.png,data/p2_mosdac_expanded/crops\mosdac_HUDHUD_2014_0535_Extremely_Severe_Cyclonic_Storm.png,HUDHUD,2014,HUDHUD_2014,train,2014-05-13 06:00:00 UTC,13.61,89.14,168.0,Extremely Severe Cyclonic Storm,eye_visible,True
536,mosdac_HUDHUD_2014_0536_Extremely_Severe_Cyclonic_Storm.png,data/p2_mosdac_expanded/crops\mosdac_HUDHUD_2014_0536_Extremely_Severe_Cyclonic_Storm.png,HUDHUD,2014,HUDHUD_2014,train,2014-05-13 09:00:00 UTC,13.66,89.01,171.7,Extremely Severe Cyclonic Storm,eye_visible,True
537,mosdac_HUDHUD_2014_0537_Extremely_Severe_Cyclonic_Storm.png,data/p2_mosdac_expanded/crops\mosdac_HUDHUD_2014_0537_Extremely_Severe_Cyclonic_Storm.png,HUDHUD,2014,HUDHUD_2014,train,2014-05-13 12:00:00 UTC,13.72,88.88,173.1,Extremely Severe Cyclonic Storm,eye_visible,True
538,mosdac_HUDHUD_2014_0538_Extremely_Severe_Cyclonic_Storm.png,data/p2_mosdac_expanded/crops\mosdac_HUDHUD_2014_0538_Extremely_Severe_Cyclonic_Storm.png,HUDHUD,2014,HUDHUD_2014,train,2014-05-13 15:00:00 UTC,13.78,88.73,170.3,Extremely Severe Cyclonic Storm,eye_visible,True
539,mosdac_HUDHUD_2014_0539_Extremely_Severe_Cyclonic_Storm.png,data/p2_mosdac_expanded/crops\mosdac_HUDHUD_2014_0539_Extremely_Severe_Cyclonic_Storm.png,HUDHUD,2014,HUDHUD_2014,train,2014-05-13 18:00:00 UTC,13.83,88.54,173.8,Extremely Severe Cyclonic Storm,eye_visible,True
540,mosdac_HUDHUD_2014_0540_Extremely_Severe_Cyclonic_Storm.png,data/p2_mosdac_expanded/crops\mosdac_HUDHUD_2014_0540_Extremely_Severe_Cyclonic_Storm.png,HUDHUD,2014,HUDHUD_2014,train,2014-05-13 21:00:00 UTC,13.95,88.47,173.0,Extremely Severe Cyclonic Storm,eye_visible,True
541,mosdac_HUDHUD_2014_0541_Extremely_Severe_Cyclonic_Storm.png,data/p2_mosdac_expanded/crops\mosdac_HUDHUD_2014_0541_Extremely_Severe_Cyclonic_Storm.png,HUDHUD,2014,HUDHUD_2014,train,2014-05-14 00:00:00 UTC,14.02,88.36,181.2,Extremely Severe Cyclonic Storm,eye_visible,True
542,mosdac_HUDHUD_2014_0542_Extremely_Severe_Cyclonic_Storm.png,data/p2_mosdac_expanded/crops\mosdac_HUDHUD_2014_0542_Extremely_Severe_Cyclonic_Storm.png,HUDHUD,2014,HUDHUD_2014,train,2014-05-14 03:00:00 UTC,14.02,88.17,179.9,Extremely Severe Cyclonic Storm,eye_visible,True
543,mosdac_HUDHUD_2014_0543_Extremely_Severe_Cyclonic_Storm.png,data/p2_mosdac_expanded/crops\mosdac_HUDHUD_2014_0543_Extremely_Severe_Cyclonic_Storm.png,HUDHUD,2014,HUDHUD_2014,train,2014-05-14 06:00:00 UTC,14.07,88.04,178.2,Extremely Severe Cyclonic Storm,eye_visible,True
544,mosdac_HUDHUD_2014_0544_Extremely_Severe_Cyclonic_Storm.png,data/p2_mosdac_expanded/crops\mosdac_HUDHUD_2014_0544_Extremely_Severe_Cyclonic_Storm.png,HUDHUD,2014,HUDHUD_2014,train,2014-05-14 09:00:00 UTC,14.15,87.91,182.9,Extremely Severe Cyclonic Storm,eye_visible,True
545,mosdac_HUDHUD_2014_0545_Extremely_Severe_Cyclonic_Storm.png,data/p2_mosdac_expanded/crops\mosdac_HUDHUD_2014_0545_Extremely_Severe_Cyclonic_Storm.png,HUDHUD,2014,HUDHUD_2014,train,2014-05-14 12:00:00 UTC,14.28,87.79,183.4,Extremely Severe Cyclonic Storm,eye_visible,True
546,mosdac_HUDHUD_2014_0546_Extremely_Severe_Cyclonic_Storm.png,data/p2_mosdac_expanded/crops\mosdac_HUDHUD_2014_0546_Extremely_Severe_Cyclonic_Storm.png,HUDHUD,2014,HUDHUD_2014,train,2014-05-14 15:00:00 UTC,14.41,87.67,182.2,Extremely Severe Cyclonic Storm,eye_visible,True
547,mosdac_HUDHUD_2014_0547_Extremely_Severe_Cyclonic_Storm.png,data/p2_mosdac_expanded/crops\mosdac_HUDHUD_2014_0547_Extremely_Severe_Cyclonic_Storm.png,HUDHUD,2014,HUDHUD_2014,train,2014-05-14 18:00:00 UTC,14.54,87.53,180.9,Extremely Severe Cyclonic Storm,eye_visible,True
548,mosdac_HUDHUD_2014_0548_Extremely_Severe_Cyclonic_Storm.png,data/p2_mosdac_expanded/crops\mosdac_HUDHUD_2014_0548_Extremely_Severe_Cyclonic_Storm.png,HUDHUD,2014,HUDHUD_2014,train,2014-05-14 21:00:00 UTC,14.67,87.34,185.8,Extremely Severe Cyclonic Storm,eye_visible,True
549,mosdac_HUDHUD_2014_0549_Extremely_Severe_Cyclonic_Storm.png,data/p2_mosdac_expanded/crops\mosdac_HUDHUD_2014_0549_Extremely_Severe_Cyclonic_Storm.png,HUDHUD,2014,HUDHUD_2014,train,2014-05-14 00:00:00 UTC,14.75,87.26,185.0,Extremely Severe Cyclonic Storm,eye_visible,True
550,mosdac_HUDHUD_2014_0550_Extremely_Severe_Cyclonic_Storm.png,data/p2_mosdac_expanded/crops\mosdac_HUDHUD_2014_0550_Extremely_Severe_Cyclonic_Storm.png,HUDHUD,2014,HUDHUD_2014,train,2014-05-14 03:00:00 UTC,14.84,87.18,187.2,Extremely Severe Cyclonic Storm,eye_visible,True
551,mosdac_HUDHUD_2014_0551_Extremely_Severe_Cyclonic_Storm.png,data/p2_mosdac_expanded/crops\mosdac_HUDHUD_2014_0551_Extremely_Severe_Cyclonic_Storm.png,HUDHUD,2014,HUDHUD_2014,train,2014-05-15 06:00:00 UTC,14.97,87.06,185.1,Extremely Severe Cyclonic Storm,eye_visible,True
552,mosdac_HUDHUD_2014_0552_Extremely_Severe_Cyclonic_Storm.png,data/p2_mosdac_expanded/crops\mosdac_HUDHUD_2014_0552_Extremely_Severe_Cyclonic_Storm.png,HUDHUD,2014,HUDHUD_2014,train,2014-05-15 09:00:00 UTC,15.1,86.94,187.6,Extremely Severe Cyclonic Storm,eye_visible,True
553,mosdac_HUDHUD_2014_0553_Extremely_Severe_Cyclonic_Storm.png,data/p2_mosdac_expanded/crops\mosdac_HUDHUD_2014_0553_Extremely_Severe_Cyclonic_Storm.png,HUDHUD,2014,HUDHUD_2014,train,2014-05-15 12:00:00 UTC,15.24,86.8,184.9,Extremely Severe Cyclonic Storm,eye_visible,True
554,mosdac_HUDHUD_2014_0554_Extremely_Severe_Cyclonic_Storm.png,data/p2_mosdac_expanded/crops\mosdac_HUDHUD_2014_0554_Extremely_Severe_Cyclonic_Storm.png,HUDHUD,2014,HUDHUD_2014,train,2014-05-15 15:00:00 UTC,15.38,86.62,184.5,Extremely Severe Cyclonic Storm,eye_visible,True
555,mosdac_HUDHUD_2014_0555_Extremely_Severe_Cyclonic_Storm.png,data/p2_mosdac_expanded/crops\mosdac_HUDHUD_2014_0555_Extremely_Severe_Cyclonic_Storm.png,HUDHUD,2014,HUDHUD_2014,train,2014-05-15 18:00:00 UTC,15.47,86.47,186.3,Extremely Severe Cyclonic Storm,eye_visible,True
556,mosdac_HUDHUD_2014_0556_Extremely_Severe_Cyclonic_Storm.png,data/p2_mosdac_expanded/crops\mosdac_HUDHUD_2014_0556_Extremely_Severe_Cyclonic_Storm.png,HUDHUD,2014,HUDHUD_2014,train,2014-05-15 21:00:00 UTC,15.54,86.34,181.7,Extremely Severe Cyclonic Storm,eye_visible,True
557,mosdac_HUDHUD_2014_0557_Extremely_Severe_Cyclonic_Storm.png,data/p2_mosdac_expanded/crops\mosdac_HUDHUD_2014_0557_Extremely_Severe_Cyclonic_Storm.png,HUDHUD,2014,HUDHUD_2014,train,2014-05-15 00:00:00 UTC,15.61,86.15,178.6,Extremely Severe Cyclonic Storm,eye_visible,True
558,mosdac_HUDHUD_2014_0558_Extremely_Severe_Cyclonic_Storm.png,data/p2_mosdac_expanded/crops\mosdac_HUDHUD_2014_0558_Extremely_Severe_Cyclonic_Storm.png,HUDHUD,2014,HUDHUD_2014,train,2014-05-15 03:00:00 UTC,15.73,85.96,176.6,Extremely Severe Cyclonic Storm,eye_visible,True
559,mosdac_HUDHUD_2014_0559_Extremely_Severe_Cyclonic_Storm.png,data/p2_mosdac_expanded/crops\mosdac_HUDHUD_2014_0559_Extremely_Severe_Cyclonic_Storm.png,HUDHUD,2014,HUDHUD_2014,train,2014-05-15 06:00:00 UTC,15.86,85.76,181.1,Extremely Severe Cyclonic Storm,eye_visible,True
560,mosdac_HUDHUD_2014_0560_Extremely_Severe_Cyclonic_Storm.png,data/p2_mosdac_expanded/crops\mosdac_HUDHUD_2014_0560_Extremely_Severe_Cyclonic_Storm.png,HUDHUD,2014,HUDHUD_2014,train,2014-05-15 09:00:00 UTC,15.94,85.57,178.5,Extremely Severe Cyclonic Storm,eye_visible,True
561,mosdac_HUDHUD_2014_0561_Extremely_Severe_Cyclonic_Storm.png,data/p2_mosdac_expanded/crops\mosdac_HUDHUD_2014_0561_Extremely_Severe_Cyclonic_Storm.png,HUDHUD,2014,HUDHUD_2014,train,2014-05-16 12:00:00 UTC,16.01,85.38,177.6,Extremely Severe Cyclonic Storm,eye_visible,True
562,mosdac_HUDHUD_2014_0562_Extremely_Severe_Cyclonic_Storm.png,data/p2_mosdac_expanded/crops\mosdac_HUDHUD_2014_0562_Extremely_Severe_Cyclonic_Storm.png,HUDHUD,2014,HUDHUD_2014,train,2014-05-16 15:00:00 UTC,16.08,85.19,171.9,Extremely Severe Cyclonic Storm,eye_visible,True
563,mosdac_HUDHUD_2014_0563_Extremely_Severe_Cyclonic_Storm.png,data/p2_mosdac_expanded/crops\mosdac_HUDHUD_2014_0563_Extremely_Severe_Cyclonic_Storm.png,HUDHUD,2014,HUDHUD_2014,train,2014-05-16 18:00:00 UTC,16.09,85.13,169.4,Extremely Severe Cyclonic Storm,eye_visible,True
564,mosdac_HUDHUD_2014_0564_Extremely_Severe_Cyclonic_Storm.png,data/p2_mosdac_expanded/crops\mosdac_HUDHUD_2014_0564_Extremely_Severe_Cyclonic_Storm.png,HUDHUD,2014,HUDHUD_2014,train,2014-05-16 21:00:00 UTC,16.14,85.06,166.4,Extremely Severe Cyclonic Storm,eye_visible,True
565,mosdac_HUDHUD_2014_0565_Extremely_Severe_Cyclonic_Storm.png,data/p2_mosdac_expanded/crops\mosdac_HUDHUD_2014_0565_Extremely_Severe_Cyclonic_Storm.png,HUDHUD,2014,HUDHUD_2014,train,2014-05-16 00:00:00 UTC,16.21,85.0,166.9,Extremely Severe Cyclonic Storm,eye_visible,True
566,mosdac_HUDHUD_2014_0566_Extremely_Severe_Cyclonic_Storm.png,data/p2_mosdac_expanded/crops\mosdac_HUDHUD_2014_0566_Extremely_Severe_Cyclonic_Storm.png,HUDHUD,2014,HUDHUD_2014,train,2014-05-16 03:00:00 UTC,16.29,84.93,166.6,Extremely Severe Cyclonic Storm,eye_visible,True
567,mosdac_HUDHUD_2014_0567_Very_Severe_Cyclonic_Storm.png,data/p2_mosdac_expanded/crops\mosdac_HUDHUD_2014_0567_Very_Severe_Cyclonic_Storm.png,HUDHUD,2014,HUDHUD_2014,train,2014-05-16 06:00:00 UTC,16.43,84.83,162.6,Very Severe Cyclonic Storm,eye_visible,True
568,mosdac_HUDHUD_2014_0568_Very_Severe_Cyclonic_Storm.png,data/p2_mosdac_expanded/crops\mosdac_HUDHUD_2014_0568_Very_Severe_Cyclonic_Storm.png,HUDHUD,2014,HUDHUD_2014,train,2014-05-16 09:00:00 UTC,16.64,84.69,160.4,Very Severe Cyclonic Storm,eye_visible,True
569,mosdac_HUDHUD_2014_0569_Very_Severe_Cyclonic_Storm.png,data/p2_mosdac_expanded/crops\mosdac_HUDHUD_2014_0569_Very_Severe_Cyclonic_Storm.png,HUDHUD,2014,HUDHUD_2014,train,2014-05-16 12:00:00 UTC,16.78,84.56,161.6,Very Severe Cyclonic Storm,eye_visible,True
570,mosdac_HUDHUD_2014_0570_Very_Severe_Cyclonic_Storm.png,data/p2_mosdac_expanded/crops\mosdac_HUDHUD_2014_0570_Very_Severe_Cyclonic_Storm.png,HUDHUD,2014,HUDHUD_2014,train,2014-05-16 15:00:00 UTC,16.98,84.39,154.4,Very Severe Cyclonic Storm,eye_visible,True
571,mosdac_HUDHUD_2014_0571_Very_Severe_Cyclonic_Storm.png,data/p2_mosdac_expanded/crops\mosdac_HUDHUD_2014_0571_Very_Severe_Cyclonic_Storm.png,HUDHUD,2014,HUDHUD_2014,train,2014-05-17 18:00:00 UTC,17.25,84.19,152.9,Very Severe Cyclonic Storm,eye_visible,True
572,mosdac_HUDHUD_2014_0572_Very_Severe_Cyclonic_Storm.png,data/p2_mosdac_expanded/crops\mosdac_HUDHUD_2014_0572_Very_Severe_Cyclonic_Storm.png,HUDHUD,2014,HUDHUD_2014,train,2014-05-17 21:00:00 UTC,17.4,83.98,152.2,Very Severe Cyclonic Storm,eye_visible,True
573,mosdac_HUDHUD_2014_0573_Very_Severe_Cyclonic_Storm.png,data/p2_mosdac_expanded/crops\mosdac_HUDHUD_2014_0573_Very_Severe_Cyclonic_Storm.png,HUDHUD,2014,HUDHUD_2014,train,2014-05-17 00:00:00 UTC,17.53,83.75,146.1,Very Severe Cyclonic Storm,eye_visible,True
574,mosdac_HUDHUD_2014_0574_Very_Severe_Cyclonic_Storm.png,data/p2_mosdac_expanded/crops\mosdac_HUDHUD_2014_0574_Very_Severe_Cyclonic_Storm.png,HUDHUD,2014,HUDHUD_2014,train,2014-05-17 03:00:00 UTC,17.67,83.48,144.9,Very Severe Cyclonic Storm,eye_visible,True
575,mosdac_HUDHUD_2014_0575_Very_Severe_Cyclonic_Storm.png,data/p2_mosdac_expanded/crops\mosdac_HUDHUD_2014_0575_Very_Severe_Cyclonic_Storm.png,HUDHUD,2014,HUDHUD_2014,train,2014-05-17 06:00:00 UTC,17.81,83.27,143.7,Very Severe Cyclonic Storm,eye_visible,True
576,mosdac_HUDHUD_2014_0576_Very_Severe_Cyclonic_Storm.png,data/p2_mosdac_expanded/crops\mosdac_HUDHUD_2014_0576_Very_Severe_Cyclonic_Storm.png,HUDHUD,2014,HUDHUD_2014,train,2014-05-17 09:00:00 UTC,17.94,83.06,141.2,Very Severe Cyclonic Storm,eye_visible,True
577,mosdac_HUDHUD_2014_0577_Very_Severe_Cyclonic_Storm.png,data/p2_mosdac_expanded/crops\mosdac_HUDHUD_2014_0577_Very_Severe_Cyclonic_Storm.png,HUDHUD,2014,HUDHUD_2014,train,2014-05-17 12:00:00 UTC,18.08,82.86,131.6,Very Severe Cyclonic Storm,eye_visible,True
578,mosdac_HUDHUD_2014_0578_Very_Severe_Cyclonic_Storm.png,data/p2_mosdac_expanded/crops\mosdac_HUDHUD_2014_0578_Very_Severe_Cyclonic_Storm.png,HUDHUD,2014,HUDHUD_2014,train,2014-05-17 15:00:00 UTC,18.27,82.65,134.6,Very Severe Cyclonic Storm,eye_visible,True
579,mosdac_HUDHUD_2014_0579_Very_Severe_Cyclonic_Storm.png,data/p2_mosdac_expanded/crops\mosdac_HUDHUD_2014_0579_Very_Severe_Cyclonic_Storm.png,HUDHUD,2014,HUDHUD_2014,train,2014-05-17 18:00:00 UTC,18.51,82.46,127.9,Very Severe Cyclonic Storm,eye_visible,True
580,mosdac_HUDHUD_2014_0580_Very_Severe_Cyclonic_Storm.png,data/p2_mosdac_expanded/crops\mosdac_HUDHUD_2014_0580_Very_Severe_Cyclonic_Storm.png,HUDHUD,2014,HUDHUD_2014,train,2014-05-17 21:00:00 UTC,18.83,82.32,122.7,Very Severe Cyclonic Storm,eye_visible,True
581,mosdac_HUDHUD_2014_0581_Very_Severe_Cyclonic_Storm.png,data/p2_mosdac_expanded/crops\mosdac_HUDHUD_2014_0581_Very_Severe_Cyclonic_Storm.png,HUDHUD,2014,HUDHUD_2014,train,2014-05-18 00:00:00 UTC,19.0,82.18,121.1,Very Severe Cyclonic Storm,eye_visible,True
582,mosdac_HUDHUD_2014_0582_Very_Severe_Cyclonic_Storm.png,data/p2_mosdac_expanded/crops\mosdac_HUDHUD_2014_0582_Very_Severe_Cyclonic_Storm.png,HUDHUD,2014,HUDHUD_2014,train,2014-05-18 03:00:00 UTC,19.22,81.98,122.0,Very Severe Cyclonic Storm,eye_visible,True
583,mosdac_HUDHUD_2014_0583_Severe_Cyclonic_Storm.png,data/p2_mosdac_expanded/crops\mosdac_HUDHUD_2014_0583_Severe_Cyclonic_Storm.png,HUDHUD,2014,HUDHUD_2014,train,2014-05-18 06:00:00 UTC,19.68,81.65,114.8,Severe Cyclonic Storm,curved_band,True
584,mosdac_HUDHUD_2014_0584_Severe_Cyclonic_Storm.png,data/p2_mosdac_expanded/crops\mosdac_HUDHUD_2014_0584_Severe_Cyclonic_Storm.png,HUDHUD,2014,HUDHUD_2014,train,2014-05-18 09:00:00 UTC,20.19,81.51,110.3,Severe Cyclonic Storm,curved_band,True
585,mosdac_HUDHUD_2014_0585_Severe_Cyclonic_Storm.png,data/p2_mosdac_expanded/crops\mosdac_HUDHUD_2014_0585_Severe_Cyclonic_Storm.png,HUDHUD,2014,HUDHUD_2014,train,2014-05-18 12:00:00 UTC,20.63,81.43,109.5,Severe Cyclonic Storm,curved_band,True
586,mosdac_HUDHUD_2014_0586_Severe_Cyclonic_Storm.png,data/p2_mosdac_expanded/crops\mosdac_HUDHUD_2014_0586_Severe_Cyclonic_Storm.png,HUDHUD,2014,HUDHUD_2014,train,2014-05-18 15:00:00 UTC,20.82,81.36,103.2,Severe Cyclonic Storm,curved_band,True
587,mosdac_HUDHUD_2014_0587_Severe_Cyclonic_Storm.png,data/p2_mosdac_expanded/crops\mosdac_HUDHUD_2014_0587_Severe_Cyclonic_Storm.png,HUDHUD,2014,HUDHUD_2014,train,2014-05-18 18:00:00 UTC,21.01,81.33,98.8,Severe Cyclonic Storm,curved_band,True
588,mosdac_HUDHUD_2014_0588_Severe_Cyclonic_Storm.png,data/p2_mosdac_expanded/crops\mosdac_HUDHUD_2014_0588_Severe_Cyclonic_Storm.png,HUDHUD,2014,HUDHUD_2014,train,2014-05-18 21:00:00 UTC,21.2,81.33,96.2,Severe Cyclonic Storm,curved_band,True
589,mosdac_HUDHUD_2014_0589_Severe_Cyclonic_Storm.png,data/p2_mosdac_expanded/crops\mosdac_HUDHUD_2014_0589_Severe_Cyclonic_Storm.png,HUDHUD,2014,HUDHUD_2014,train,2014-05-18 00:00:00 UTC,21.39,81.32,93.2,Severe Cyclonic Storm,curved_band,True
590,mosdac_HUDHUD_2014_0590_Severe_Cyclonic_Storm.png,data/p2_mosdac_expanded/crops\mosdac_HUDHUD_2014_0590_Severe_Cyclonic_Storm.png,HUDHUD,2014,HUDHUD_2014,train,2014-05-18 03:00:00 UTC,21.58,81.36,90.6,Severe Cyclonic Storm,curved_band,True
591,mosdac_HUDHUD_2014_0591_Cyclonic_Storm.png,data/p2_mosdac_expanded/crops\mosdac_HUDHUD_2014_0591_Cyclonic_Storm.png,HUDHUD,2014,HUDHUD_2014,train,2014-05-19 06:00:00 UTC,21.8,81.41,87.7,Cyclonic Storm,curved_band,True
592,mosdac_HUDHUD_2014_0592_Severe_Cyclonic_Storm.png,data/p2_mosdac_expanded/crops\mosdac_HUDHUD_2014_0592_Severe_Cyclonic_Storm.png,HUDHUD,2014,HUDHUD_2014,train,2014-05-19 09:00:00 UTC,22.18,81.41,89.1,Severe Cyclonic Storm,curved_band,True
593,mosdac_HUDHUD_2014_0593_Cyclonic_Storm.png,data/p2_mosdac_expanded/crops\mosdac_HUDHUD_2014_0593_Cyclonic_Storm.png,HUDHUD,2014,HUDHUD_2014,train,2014-05-19 12:00:00 UTC,22.85,81.4,82.9,Cyclonic Storm,curved_band,True
594,mosdac_HUDHUD_2014_0594_Cyclonic_Storm.png,data/p2_mosdac_expanded/crops\mosdac_HUDHUD_2014_0594_Cyclonic_Storm.png,HUDHUD,2014,HUDHUD_2014,train,2014-05-19 15:00:00 UTC,23.69,81.4,81.9,Cyclonic Storm,curved_band,True
595,mosdac_HUDHUD_2014_0595_Cyclonic_Storm.png,data/p2_mosdac_expanded/crops\mosdac_HUDHUD_2014_0595_Cyclonic_Storm.png,HUDHUD,2014,HUDHUD_2014,train,2014-05-19 18:00:00 UTC,24.46,81.4,84.1,Cyclonic Storm,curved_band,True
596,mosdac_HUDHUD_2014_0596_Cyclonic_Storm.png,data/p2_mosdac_expanded/crops\mosdac_HUDHUD_2014_0596_Cyclonic_Storm.png,HUDHUD,2014,HUDHUD_2014,train,2014-05-19 21:00:00 UTC,24.9,81.44,78.8,Cyclonic Storm,curved_band,True
597,mosdac_HUDHUD_2014_0597_Cyclonic_Storm.png,data/p2_mosdac_expanded/crops\mosdac_HUDHUD_2014_0597_Cyclonic_Storm.png,HUDHUD,2014,HUDHUD_2014,train,2014-05-19 00:00:00 UTC,25.1,81.5,78.6,Cyclonic Storm,curved_band,True
598,mosdac_HUDHUD_2014_0598_Cyclonic_Storm.png,data/p2_mosdac_expanded/crops\mosdac_HUDHUD_2014_0598_Cyclonic_Storm.png,HUDHUD,2014,HUDHUD_2014,train,2014-05-19 03:00:00 UTC,25.42,81.57,73.2,Cyclonic Storm,curved_band,True
599,mosdac_HUDHUD_2014_0599_Cyclonic_Storm.png,data/p2_mosdac_expanded/crops\mosdac_HUDHUD_2014_0599_Cyclonic_Storm.png,HUDHUD,2014,HUDHUD_2014,train,2014-05-19 06:00:00 UTC,25.8,81.64,72.2,Cyclonic Storm,curved_band,True
600,mosdac_HUDHUD_2014_0600_Cyclonic_Storm.png,data/p2_mosdac_expanded/crops\mosdac_HUDHUD_2014_0600_Cyclonic_Storm.png,HUDHUD,2014,HUDHUD_2014,train,2014-05-19 09:00:00 UTC,26.25,81.71,70.3,Cyclonic Storm,curved_band,True
601,mosdac_BIPARJOY_2023_0601_Cyclonic_Storm.png,data/p2_mosdac_expanded/crops\mosdac_BIPARJOY_2023_0601_Cyclonic_Storm.png,BIPARJOY,2023,BIPARJOY_2023,test,2023-05-10 00:00:00 UTC,10.3,66.8,63.4,Cyclonic Storm,curved_band,True
602,mosdac_BIPARJOY_2023_0602_Cyclonic_Storm.png,data/p2_mosdac_expanded/crops\mosdac_BIPARJOY_2023_0602_Cyclonic_Storm.png,BIPARJOY,2023,BIPARJOY_2023,test,2023-05-10 03:00:00 UTC,10.54,66.69,64.8,Cyclonic Storm,curved_band,True
603,mosdac_BIPARJOY_2023_0603_Cyclonic_Storm.png,data/p2_mosdac_expanded/crops\mosdac_BIPARJOY_2023_0603_Cyclonic_Storm.png,BIPARJOY,2023,BIPARJOY_2023,test,2023-05-10 06:00:00 UTC,10.75,66.57,65.0,Cyclonic Storm,curved_band,True
604,mosdac_BIPARJOY_2023_0604_Cyclonic_Storm.png,data/p2_mosdac_expanded/crops\mosdac_BIPARJOY_2023_0604_Cyclonic_Storm.png,BIPARJOY,2023,BIPARJOY_2023,test,2023-05-10 09:00:00 UTC,10.91,66.46,65.6,Cyclonic Storm,curved_band,True
605,mosdac_BIPARJOY_2023_0605_Cyclonic_Storm.png,data/p2_mosdac_expanded/crops\mosdac_BIPARJOY_2023_0605_Cyclonic_Storm.png,BIPARJOY,2023,BIPARJOY_2023,test,2023-05-10 12:00:00 UTC,11.14,66.34,67.4,Cyclonic Storm,curved_band,True
606,mosdac_BIPARJOY_2023_0606_Cyclonic_Storm.png,data/p2_mosdac_expanded/crops\mosdac_BIPARJOY_2023_0606_Cyclonic_Storm.png,BIPARJOY,2023,BIPARJOY_2023,test,2023-05-10 15:00:00 UTC,11.38,66.22,71.9,Cyclonic Storm,curved_band,True
607,mosdac_BIPARJOY_2023_0607_Cyclonic_Storm.png,data/p2_mosdac_expanded/crops\mosdac_BIPARJOY_2023_0607_Cyclonic_Storm.png,BIPARJOY,2023,BIPARJOY_2023,test,2023-05-10 18:00:00 UTC,11.54,66.1,71.8,Cyclonic Storm,curved_band,True
608,mosdac_BIPARJOY_2023_0608_Cyclonic_Storm.png,data/p2_mosdac_expanded/crops\mosdac_BIPARJOY_2023_0608_Cyclonic_Storm.png,BIPARJOY,2023,BIPARJOY_2023,test,2023-05-10 21:00:00 UTC,11.56,66.08,75.2,Cyclonic Storm,curved_band,True
609,mosdac_BIPARJOY_2023_0609_Cyclonic_Storm.png,data/p2_mosdac_expanded/crops\mosdac_BIPARJOY_2023_0609_Cyclonic_Storm.png,BIPARJOY,2023,BIPARJOY_2023,test,2023-05-10 00:00:00 UTC,11.78,66.06,78.5,Cyclonic Storm,curved_band,True
610,mosdac_BIPARJOY_2023_0610_Cyclonic_Storm.png,data/p2_mosdac_expanded/crops\mosdac_BIPARJOY_2023_0610_Cyclonic_Storm.png,BIPARJOY,2023,BIPARJOY_2023,test,2023-05-10 03:00:00 UTC,12.0,65.98,82.3,Cyclonic Storm,curved_band,True
611,mosdac_BIPARJOY_2023_0611_Cyclonic_Storm.png,data/p2_mosdac_expanded/crops\mosdac_BIPARJOY_2023_0611_Cyclonic_Storm.png,BIPARJOY,2023,BIPARJOY_2023,test,2023-05-11 06:00:00 UTC,12.15,66.05,79.6,Cyclonic Storm,curved_band,True
612,mosdac_BIPARJOY_2023_0612_Cyclonic_Storm.png,data/p2_mosdac_expanded/crops\mosdac_BIPARJOY_2023_0612_Cyclonic_Storm.png,BIPARJOY,2023,BIPARJOY_2023,test,2023-05-11 09:00:00 UTC,12.33,66.05,88.2,Cyclonic Storm,curved_band,True
613,mosdac_BIPARJOY_2023_0613_Severe_Cyclonic_Storm.png,data/p2_mosdac_expanded/crops\mosdac_BIPARJOY_2023_0613_Severe_Cyclonic_Storm.png,BIPARJOY,2023,BIPARJOY_2023,test,2023-05-11 12:00:00 UTC,12.51,66.09,89.5,Severe Cyclonic Storm,curved_band,True
614,mosdac_BIPARJOY_2023_0614_Cyclonic_Storm.png,data/p2_mosdac_expanded/crops\mosdac_BIPARJOY_2023_0614_Cyclonic_Storm.png,BIPARJOY,2023,BIPARJOY_2023,test,2023-05-11 15:00:00 UTC,12.6,66.2,87.8,Cyclonic Storm,curved_band,True
615,mosdac_BIPARJOY_2023_0615_Severe_Cyclonic_Storm.png,data/p2_mosdac_expanded/crops\mosdac_BIPARJOY_2023_0615_Severe_Cyclonic_Storm.png,BIPARJOY,2023,BIPARJOY_2023,test,2023-05-11 18:00:00 UTC,12.68,66.3,96.9,Severe Cyclonic Storm,curved_band,True
616,mosdac_BIPARJOY_2023_0616_Severe_Cyclonic_Storm.png,data/p2_mosdac_expanded/crops\mosdac_BIPARJOY_2023_0616_Severe_Cyclonic_Storm.png,BIPARJOY,2023,BIPARJOY_2023,test,2023-05-11 21:00:00 UTC,12.89,66.31,100.1,Severe Cyclonic Storm,curved_band,True
617,mosdac_BIPARJOY_2023_0617_Severe_Cyclonic_Storm.png,data/p2_mosdac_expanded/crops\mosdac_BIPARJOY_2023_0617_Severe_Cyclonic_Storm.png,BIPARJOY,2023,BIPARJOY_2023,test,2023-05-11 00:00:00 UTC,13.12,66.39,96.1,Severe Cyclonic Storm,curved_band,True
618,mosdac_BIPARJOY_2023_0618_Severe_Cyclonic_Storm.png,data/p2_mosdac_expanded/crops\mosdac_BIPARJOY_2023_0618_Severe_Cyclonic_Storm.png,BIPARJOY,2023,BIPARJOY_2023,test,2023-05-11 03:00:00 UTC,13.32,66.26,100.7,Severe Cyclonic Storm,curved_band,True
619,mosdac_BIPARJOY_2023_0619_Severe_Cyclonic_Storm.png,data/p2_mosdac_expanded/crops\mosdac_BIPARJOY_2023_0619_Severe_Cyclonic_Storm.png,BIPARJOY,2023,BIPARJOY_2023,test,2023-05-11 06:00:00 UTC,13.43,66.18,107.8,Severe Cyclonic Storm,curved_band,True
620,mosdac_BIPARJOY_2023_0620_Severe_Cyclonic_Storm.png,data/p2_mosdac_expanded/crops\mosdac_BIPARJOY_2023_0620_Severe_Cyclonic_Storm.png,BIPARJOY,2023,BIPARJOY_2023,test,2023-05-11 09:00:00 UTC,13.59,66.12,110.3,Severe Cyclonic Storm,curved_band,True
621,mosdac_BIPARJOY_2023_0621_Severe_Cyclonic_Storm.png,data/p2_mosdac_expanded/crops\mosdac_BIPARJOY_2023_0621_Severe_Cyclonic_Storm.png,BIPARJOY,2023,BIPARJOY_2023,test,2023-05-12 12:00:00 UTC,13.69,66.0,108.7,Severe Cyclonic Storm,curved_band,True
622,mosdac_BIPARJOY_2023_0622_Severe_Cyclonic_Storm.png,data/p2_mosdac_expanded/crops\mosdac_BIPARJOY_2023_0622_Severe_Cyclonic_Storm.png,BIPARJOY,2023,BIPARJOY_2023,test,2023-05-12 15:00:00 UTC,13.84,66.03,111.8,Severe Cyclonic Storm,curved_band,True
623,mosdac_BIPARJOY_2023_0623_Severe_Cyclonic_Storm.png,data/p2_mosdac_expanded/crops\mosdac_BIPARJOY_2023_0623_Severe_Cyclonic_Storm.png,BIPARJOY,2023,BIPARJOY_2023,test,2023-05-12 18:00:00 UTC,13.97,65.95,116.0,Severe Cyclonic Storm,curved_band,True
624,mosdac_BIPARJOY_2023_0624_Very_Severe_Cyclonic_Storm.png,data/p2_mosdac_expanded/crops\mosdac_BIPARJOY_2023_0624_Very_Severe_Cyclonic_Storm.png,BIPARJOY,2023,BIPARJOY_2023,test,2023-05-12 21:00:00 UTC,14.08,65.93,119.8,Very Severe Cyclonic Storm,eye_visible,True
625,mosdac_BIPARJOY_2023_0625_Very_Severe_Cyclonic_Storm.png,data/p2_mosdac_expanded/crops\mosdac_BIPARJOY_2023_0625_Very_Severe_Cyclonic_Storm.png,BIPARJOY,2023,BIPARJOY_2023,test,2023-05-12 00:00:00 UTC,14.28,65.93,123.7,Very Severe Cyclonic Storm,eye_visible,True
626,mosdac_BIPARJOY_2023_0626_Very_Severe_Cyclonic_Storm.png,data/p2_mosdac_expanded/crops\mosdac_BIPARJOY_2023_0626_Very_Severe_Cyclonic_Storm.png,BIPARJOY,2023,BIPARJOY_2023,test,2023-05-12 03:00:00 UTC,14.39,65.92,124.5,Very Severe Cyclonic Storm,eye_visible,True
627,mosdac_BIPARJOY_2023_0627_Very_Severe_Cyclonic_Storm.png,data/p2_mosdac_expanded/crops\mosdac_BIPARJOY_2023_0627_Very_Severe_Cyclonic_Storm.png,BIPARJOY,2023,BIPARJOY_2023,test,2023-05-12 06:00:00 UTC,14.53,65.96,128.0,Very Severe Cyclonic Storm,eye_visible,True
628,mosdac_BIPARJOY_2023_0628_Very_Severe_Cyclonic_Storm.png,data/p2_mosdac_expanded/crops\mosdac_BIPARJOY_2023_0628_Very_Severe_Cyclonic_Storm.png,BIPARJOY,2023,BIPARJOY_2023,test,2023-05-12 09:00:00 UTC,14.64,66.01,133.0,Very Severe Cyclonic Storm,eye_visible,True
629,mosdac_BIPARJOY_2023_0629_Very_Severe_Cyclonic_Storm.png,data/p2_mosdac_expanded/crops\mosdac_BIPARJOY_2023_0629_Very_Severe_Cyclonic_Storm.png,BIPARJOY,2023,BIPARJOY_2023,test,2023-05-12 12:00:00 UTC,14.77,66.14,130.0,Very Severe Cyclonic Storm,eye_visible,True
630,mosdac_BIPARJOY_2023_0630_Very_Severe_Cyclonic_Storm.png,data/p2_mosdac_expanded/crops\mosdac_BIPARJOY_2023_0630_Very_Severe_Cyclonic_Storm.png,BIPARJOY,2023,BIPARJOY_2023,test,2023-05-12 15:00:00 UTC,14.82,66.36,134.3,Very Severe Cyclonic Storm,eye_visible,True
631,mosdac_BIPARJOY_2023_0631_Very_Severe_Cyclonic_Storm.png,data/p2_mosdac_expanded/crops\mosdac_BIPARJOY_2023_0631_Very_Severe_Cyclonic_Storm.png,BIPARJOY,2023,BIPARJOY_2023,test,2023-05-13 18:00:00 UTC,15.0,66.68,140.5,Very Severe Cyclonic Storm,eye_visible,True
632,mosdac_BIPARJOY_2023_0632_Very_Severe_Cyclonic_Storm.png,data/p2_mosdac_expanded/crops\mosdac_BIPARJOY_2023_0632_Very_Severe_Cyclonic_Storm.png,BIPARJOY,2023,BIPARJOY_2023,test,2023-05-13 21:00:00 UTC,15.33,66.91,144.4,Very Severe Cyclonic Storm,eye_visible,True
633,mosdac_BIPARJOY_2023_0633_Very_Severe_Cyclonic_Storm.png,data/p2_mosdac_expanded/crops\mosdac_BIPARJOY_2023_0633_Very_Severe_Cyclonic_Storm.png,BIPARJOY,2023,BIPARJOY_2023,test,2023-05-13 00:00:00 UTC,15.65,67.12,143.6,Very Severe Cyclonic Storm,eye_visible,True
634,mosdac_BIPARJOY_2023_0634_Very_Severe_Cyclonic_Storm.png,data/p2_mosdac_expanded/crops\mosdac_BIPARJOY_2023_0634_Very_Severe_Cyclonic_Storm.png,BIPARJOY,2023,BIPARJOY_2023,test,2023-05-13 03:00:00 UTC,15.98,67.23,146.0,Very Severe Cyclonic Storm,eye_visible,True
635,mosdac_BIPARJOY_2023_0635_Very_Severe_Cyclonic_Storm.png,data/p2_mosdac_expanded/crops\mosdac_BIPARJOY_2023_0635_Very_Severe_Cyclonic_Storm.png,BIPARJOY,2023,BIPARJOY_2023,test,2023-05-13 06:00:00 UTC,16.22,67.3,144.8,Very Severe Cyclonic Storm,eye_visible,True
636,mosdac_BIPARJOY_2023_0636_Very_Severe_Cyclonic_Storm.png,data/p2_mosdac_expanded/crops\mosdac_BIPARJOY_2023_0636_Very_Severe_Cyclonic_Storm.png,BIPARJOY,2023,BIPARJOY_2023,test,2023-05-13 09:00:00 UTC,16.38,67.31,149.5,Very Severe Cyclonic Storm,eye_visible,True
637,mosdac_BIPARJOY_2023_0637_Very_Severe_Cyclonic_Storm.png,data/p2_mosdac_expanded/crops\mosdac_BIPARJOY_2023_0637_Very_Severe_Cyclonic_Storm.png,BIPARJOY,2023,BIPARJOY_2023,test,2023-05-13 12:00:00 UTC,16.53,67.24,152.1,Very Severe Cyclonic Storm,eye_visible,True
638,mosdac_BIPARJOY_2023_0638_Very_Severe_Cyclonic_Storm.png,data/p2_mosdac_expanded/crops\mosdac_BIPARJOY_2023_0638_Very_Severe_Cyclonic_Storm.png,BIPARJOY,2023,BIPARJOY_2023,test,2023-05-13 15:00:00 UTC,16.63,67.22,151.6,Very Severe Cyclonic Storm,eye_visible,True
639,mosdac_BIPARJOY_2023_0639_Very_Severe_Cyclonic_Storm.png,data/p2_mosdac_expanded/crops\mosdac_BIPARJOY_2023_0639_Very_Severe_Cyclonic_Storm.png,BIPARJOY,2023,BIPARJOY_2023,test,2023-05-13 18:00:00 UTC,16.84,67.32,153.5,Very Severe Cyclonic Storm,eye_visible,True
640,mosdac_BIPARJOY_2023_0640_Very_Severe_Cyclonic_Storm.png,data/p2_mosdac_expanded/crops\mosdac_BIPARJOY_2023_0640_Very_Severe_Cyclonic_Storm.png,BIPARJOY,2023,BIPARJOY_2023,test,2023-05-13 21:00:00 UTC,17.16,67.23,156.0,Very Severe Cyclonic Storm,eye_visible,True
641,mosdac_BIPARJOY_2023_0641_Very_Severe_Cyclonic_Storm.png,data/p2_mosdac_expanded/crops\mosdac_BIPARJOY_2023_0641_Very_Severe_Cyclonic_Storm.png,BIPARJOY,2023,BIPARJOY_2023,test,2023-05-14 00:00:00 UTC,17.35,67.26,154.5,Very Severe Cyclonic Storm,eye_visible,True
642,mosdac_BIPARJOY_2023_0642_Very_Severe_Cyclonic_Storm.png,data/p2_mosdac_expanded/crops\mosdac_BIPARJOY_2023_0642_Very_Severe_Cyclonic_Storm.png,BIPARJOY,2023,BIPARJOY_2023,test,2023-05-14 03:00:00 UTC,17.46,67.34,158.3,Very Severe Cyclonic Storm,eye_visible,True
643,mosdac_BIPARJOY_2023_0643_Very_Severe_Cyclonic_Storm.png,data/p2_mosdac_expanded/crops\mosdac_BIPARJOY_2023_0643_Very_Severe_Cyclonic_Storm.png,BIPARJOY,2023,BIPARJOY_2023,test,2023-05-14 06:00:00 UTC,17.62,67.45,158.5,Very Severe Cyclonic Storm,eye_visible,True
644,mosdac_BIPARJOY_2023_0644_Very_Severe_Cyclonic_Storm.png,data/p2_mosdac_expanded/crops\mosdac_BIPARJOY_2023_0644_Very_Severe_Cyclonic_Storm.png,BIPARJOY,2023,BIPARJOY_2023,test,2023-05-14 09:00:00 UTC,17.84,67.62,160.5,Very Severe Cyclonic Storm,eye_visible,True
645,mosdac_BIPARJOY_2023_0645_Very_Severe_Cyclonic_Storm.png,data/p2_mosdac_expanded/crops\mosdac_BIPARJOY_2023_0645_Very_Severe_Cyclonic_Storm.png,BIPARJOY,2023,BIPARJOY_2023,test,2023-05-14 12:00:00 UTC,18.14,67.75,159.7,Very Severe Cyclonic Storm,eye_visible,True
646,mosdac_BIPARJOY_2023_0646_Extremely_Severe_Cyclonic_Storm.png,data/p2_mosdac_expanded/crops\mosdac_BIPARJOY_2023_0646_Extremely_Severe_Cyclonic_Storm.png,BIPARJOY,2023,BIPARJOY_2023,test,2023-05-14 15:00:00 UTC,18.38,67.78,166.6,Extremely Severe Cyclonic Storm,eye_visible,True
647,mosdac_BIPARJOY_2023_0647_Very_Severe_Cyclonic_Storm.png,data/p2_mosdac_expanded/crops\mosdac_BIPARJOY_2023_0647_Very_Severe_Cyclonic_Storm.png,BIPARJOY,2023,BIPARJOY_2023,test,2023-05-14 18:00:00 UTC,18.6,67.79,164.8,Very Severe Cyclonic Storm,eye_visible,True
648,mosdac_BIPARJOY_2023_0648_Very_Severe_Cyclonic_Storm.png,data/p2_mosdac_expanded/crops\mosdac_BIPARJOY_2023_0648_Very_Severe_Cyclonic_Storm.png,BIPARJOY,2023,BIPARJOY_2023,test,2023-05-14 21:00:00 UTC,18.72,67.8,166.0,Very Severe Cyclonic Storm,eye_visible,True
649,mosdac_BIPARJOY_2023_0649_Extremely_Severe_Cyclonic_Storm.png,data/p2_mosdac_expanded/crops\mosdac_BIPARJOY_2023_0649_Extremely_Severe_Cyclonic_Storm.png,BIPARJOY,2023,BIPARJOY_2023,test,2023-05-14 00:00:00 UTC,18.83,67.78,167.1,Extremely Severe Cyclonic Storm,eye_visible,True
650,mosdac_BIPARJOY_2023_0650_Very_Severe_Cyclonic_Storm.png,data/p2_mosdac_expanded/crops\mosdac_BIPARJOY_2023_0650_Very_Severe_Cyclonic_Storm.png,BIPARJOY,2023,BIPARJOY_2023,test,2023-05-14 03:00:00 UTC,18.99,67.72,165.0,Very Severe Cyclonic Storm,eye_visible,True
651,mosdac_BIPARJOY_2023_0651_Very_Severe_Cyclonic_Storm.png,data/p2_mosdac_expanded/crops\mosdac_BIPARJOY_2023_0651_Very_Severe_Cyclonic_Storm.png,BIPARJOY,2023,BIPARJOY_2023,test,2023-05-15 06:00:00 UTC,19.22,67.67,161.7,Very Severe Cyclonic Storm,eye_visible,True
652,mosdac_BIPARJOY_2023_0652_Very_Severe_Cyclonic_Storm.png,data/p2_mosdac_expanded/crops\mosdac_BIPARJOY_2023_0652_Very_Severe_Cyclonic_Storm.png,BIPARJOY,2023,BIPARJOY_2023,test,2023-05-15 09:00:00 UTC,19.52,67.57,165.1,Very Severe Cyclonic Storm,eye_visible,True
653,mosdac_BIPARJOY_2023_0653_Very_Severe_Cyclonic_Storm.png,data/p2_mosdac_expanded/crops\mosdac_BIPARJOY_2023_0653_Very_Severe_Cyclonic_Storm.png,BIPARJOY,2023,BIPARJOY_2023,test,2023-05-15 12:00:00 UTC,19.69,67.46,165.2,Very Severe Cyclonic Storm,eye_visible,True
654,mosdac_BIPARJOY_2023_0654_Extremely_Severe_Cyclonic_Storm.png,data/p2_mosdac_expanded/crops\mosdac_BIPARJOY_2023_0654_Extremely_Severe_Cyclonic_Storm.png,BIPARJOY,2023,BIPARJOY_2023,test,2023-05-15 15:00:00 UTC,19.81,67.36,166.0,Extremely Severe Cyclonic Storm,eye_visible,True
655,mosdac_BIPARJOY_2023_0655_Very_Severe_Cyclonic_Storm.png,data/p2_mosdac_expanded/crops\mosdac_BIPARJOY_2023_0655_Very_Severe_Cyclonic_Storm.png,BIPARJOY,2023,BIPARJOY_2023,test,2023-05-15 18:00:00 UTC,19.94,67.26,162.9,Very Severe Cyclonic Storm,eye_visible,True
656,mosdac_BIPARJOY_2023_0656_Very_Severe_Cyclonic_Storm.png,data/p2_mosdac_expanded/crops\mosdac_BIPARJOY_2023_0656_Very_Severe_Cyclonic_Storm.png,BIPARJOY,2023,BIPARJOY_2023,test,2023-05-15 21:00:00 UTC,20.17,67.27,159.8,Very Severe Cyclonic Storm,eye_visible,True
657,mosdac_BIPARJOY_2023_0657_Very_Severe_Cyclonic_Storm.png,data/p2_mosdac_expanded/crops\mosdac_BIPARJOY_2023_0657_Very_Severe_Cyclonic_Storm.png,BIPARJOY,2023,BIPARJOY_2023,test,2023-05-15 00:00:00 UTC,20.44,67.21,160.1,Very Severe Cyclonic Storm,eye_visible,True
658,mosdac_BIPARJOY_2023_0658_Very_Severe_Cyclonic_Storm.png,data/p2_mosdac_expanded/crops\mosdac_BIPARJOY_2023_0658_Very_Severe_Cyclonic_Storm.png,BIPARJOY,2023,BIPARJOY_2023,test,2023-05-15 03:00:00 UTC,20.74,67.03,159.7,Very Severe Cyclonic Storm,eye_visible,True
659,mosdac_BIPARJOY_2023_0659_Very_Severe_Cyclonic_Storm.png,data/p2_mosdac_expanded/crops\mosdac_BIPARJOY_2023_0659_Very_Severe_Cyclonic_Storm.png,BIPARJOY,2023,BIPARJOY_2023,test,2023-05-15 06:00:00 UTC,20.92,66.93,160.8,Very Severe Cyclonic Storm,eye_visible,True
660,mosdac_BIPARJOY_2023_0660_Very_Severe_Cyclonic_Storm.png,data/p2_mosdac_expanded/crops\mosdac_BIPARJOY_2023_0660_Very_Severe_Cyclonic_Storm.png,BIPARJOY,2023,BIPARJOY_2023,test,2023-05-15 09:00:00 UTC,21.04,66.67,158.9,Very Severe Cyclonic Storm,eye_visible,True
661,mosdac_BIPARJOY_2023_0661_Very_Severe_Cyclonic_Storm.png,data/p2_mosdac_expanded/crops\mosdac_BIPARJOY_2023_0661_Very_Severe_Cyclonic_Storm.png,BIPARJOY,2023,BIPARJOY_2023,test,2023-05-16 12:00:00 UTC,21.16,66.6,155.8,Very Severe Cyclonic Storm,eye_visible,True
662,mosdac_BIPARJOY_2023_0662_Very_Severe_Cyclonic_Storm.png,data/p2_mosdac_expanded/crops\mosdac_BIPARJOY_2023_0662_Very_Severe_Cyclonic_Storm.png,BIPARJOY,2023,BIPARJOY_2023,test,2023-05-16 15:00:00 UTC,21.28,66.5,159.3,Very Severe Cyclonic Storm,eye_visible,True
663,mosdac_BIPARJOY_2023_0663_Very_Severe_Cyclonic_Storm.png,data/p2_mosdac_expanded/crops\mosdac_BIPARJOY_2023_0663_Very_Severe_Cyclonic_Storm.png,BIPARJOY,2023,BIPARJOY_2023,test,2023-05-16 18:00:00 UTC,21.49,66.49,154.5,Very Severe Cyclonic Storm,eye_visible,True
664,mosdac_BIPARJOY_2023_0664_Very_Severe_Cyclonic_Storm.png,data/p2_mosdac_expanded/crops\mosdac_BIPARJOY_2023_0664_Very_Severe_Cyclonic_Storm.png,BIPARJOY,2023,BIPARJOY_2023,test,2023-05-16 21:00:00 UTC,21.53,66.4,149.8,Very Severe Cyclonic Storm,eye_visible,True
665,mosdac_BIPARJOY_2023_0665_Very_Severe_Cyclonic_Storm.png,data/p2_mosdac_expanded/crops\mosdac_BIPARJOY_2023_0665_Very_Severe_Cyclonic_Storm.png,BIPARJOY,2023,BIPARJOY_2023,test,2023-05-16 00:00:00 UTC,21.61,66.4,146.8,Very Severe Cyclonic Storm,eye_visible,True
666,mosdac_BIPARJOY_2023_0666_Very_Severe_Cyclonic_Storm.png,data/p2_mosdac_expanded/crops\mosdac_BIPARJOY_2023_0666_Very_Severe_Cyclonic_Storm.png,BIPARJOY,2023,BIPARJOY_2023,test,2023-05-16 03:00:00 UTC,21.62,66.45,145.2,Very Severe Cyclonic Storm,eye_visible,True
667,mosdac_BIPARJOY_2023_0667_Very_Severe_Cyclonic_Storm.png,data/p2_mosdac_expanded/crops\mosdac_BIPARJOY_2023_0667_Very_Severe_Cyclonic_Storm.png,BIPARJOY,2023,BIPARJOY_2023,test,2023-05-16 06:00:00 UTC,21.7,66.63,143.8,Very Severe Cyclonic Storm,eye_visible,True
668,mosdac_BIPARJOY_2023_0668_Very_Severe_Cyclonic_Storm.png,data/p2_mosdac_expanded/crops\mosdac_BIPARJOY_2023_0668_Very_Severe_Cyclonic_Storm.png,BIPARJOY,2023,BIPARJOY_2023,test,2023-05-16 09:00:00 UTC,21.9,66.77,140.8,Very Severe Cyclonic Storm,eye_visible,True
669,mosdac_BIPARJOY_2023_0669_Very_Severe_Cyclonic_Storm.png,data/p2_mosdac_expanded/crops\mosdac_BIPARJOY_2023_0669_Very_Severe_Cyclonic_Storm.png,BIPARJOY,2023,BIPARJOY_2023,test,2023-05-16 12:00:00 UTC,22.14,66.88,138.7,Very Severe Cyclonic Storm,eye_visible,True
670,mosdac_BIPARJOY_2023_0670_Very_Severe_Cyclonic_Storm.png,data/p2_mosdac_expanded/crops\mosdac_BIPARJOY_2023_0670_Very_Severe_Cyclonic_Storm.png,BIPARJOY,2023,BIPARJOY_2023,test,2023-05-16 15:00:00 UTC,22.26,66.88,137.1,Very Severe Cyclonic Storm,eye_visible,True
671,mosdac_BIPARJOY_2023_0671_Very_Severe_Cyclonic_Storm.png,data/p2_mosdac_expanded/crops\mosdac_BIPARJOY_2023_0671_Very_Severe_Cyclonic_Storm.png,BIPARJOY,2023,BIPARJOY_2023,test,2023-05-17 18:00:00 UTC,22.37,66.91,133.7,Very Severe Cyclonic Storm,eye_visible,True
672,mosdac_BIPARJOY_2023_0672_Very_Severe_Cyclonic_Storm.png,data/p2_mosdac_expanded/crops\mosdac_BIPARJOY_2023_0672_Very_Severe_Cyclonic_Storm.png,BIPARJOY,2023,BIPARJOY_2023,test,2023-05-17 21:00:00 UTC,22.44,67.1,136.9,Very Severe Cyclonic Storm,eye_visible,True
673,mosdac_BIPARJOY_2023_0673_Very_Severe_Cyclonic_Storm.png,data/p2_mosdac_expanded/crops\mosdac_BIPARJOY_2023_0673_Very_Severe_Cyclonic_Storm.png,BIPARJOY,2023,BIPARJOY_2023,test,2023-05-17 00:00:00 UTC,22.62,67.25,127.7,Very Severe Cyclonic Storm,eye_visible,True
674,mosdac_BIPARJOY_2023_0674_Very_Severe_Cyclonic_Storm.png,data/p2_mosdac_expanded/crops\mosdac_BIPARJOY_2023_0674_Very_Severe_Cyclonic_Storm.png,BIPARJOY,2023,BIPARJOY_2023,test,2023-05-17 03:00:00 UTC,22.74,67.59,128.5,Very Severe Cyclonic Storm,eye_visible,True
675,mosdac_BIPARJOY_2023_0675_Very_Severe_Cyclonic_Storm.png,data/p2_mosdac_expanded/crops\mosdac_BIPARJOY_2023_0675_Very_Severe_Cyclonic_Storm.png,BIPARJOY,2023,BIPARJOY_2023,test,2023-05-17 06:00:00 UTC,22.86,68.03,124.8,Very Severe Cyclonic Storm,eye_visible,True
676,mosdac_BIPARJOY_2023_0676_Very_Severe_Cyclonic_Storm.png,data/p2_mosdac_expanded/crops\mosdac_BIPARJOY_2023_0676_Very_Severe_Cyclonic_Storm.png,BIPARJOY,2023,BIPARJOY_2023,test,2023-05-17 09:00:00 UTC,23.15,68.39,126.6,Very Severe Cyclonic Storm,eye_visible,True
677,mosdac_BIPARJOY_2023_0677_Severe_Cyclonic_Storm.png,data/p2_mosdac_expanded/crops\mosdac_BIPARJOY_2023_0677_Severe_Cyclonic_Storm.png,BIPARJOY,2023,BIPARJOY_2023,test,2023-05-17 12:00:00 UTC,23.39,68.62,116.8,Severe Cyclonic Storm,curved_band,True
678,mosdac_BIPARJOY_2023_0678_Severe_Cyclonic_Storm.png,data/p2_mosdac_expanded/crops\mosdac_BIPARJOY_2023_0678_Severe_Cyclonic_Storm.png,BIPARJOY,2023,BIPARJOY_2023,test,2023-05-17 15:00:00 UTC,23.51,68.85,116.2,Severe Cyclonic Storm,curved_band,True
679,mosdac_BIPARJOY_2023_0679_Severe_Cyclonic_Storm.png,data/p2_mosdac_expanded/crops\mosdac_BIPARJOY_2023_0679_Severe_Cyclonic_Storm.png,BIPARJOY,2023,BIPARJOY_2023,test,2023-05-17 18:00:00 UTC,23.6,69.18,117.9,Severe Cyclonic Storm,curved_band,True
680,mosdac_BIPARJOY_2023_0680_Severe_Cyclonic_Storm.png,data/p2_mosdac_expanded/crops\mosdac_BIPARJOY_2023_0680_Severe_Cyclonic_Storm.png,BIPARJOY,2023,BIPARJOY_2023,test,2023-05-17 21:00:00 UTC,23.67,69.51,114.1,Severe Cyclonic Storm,curved_band,True
681,mosdac_BIPARJOY_2023_0681_Severe_Cyclonic_Storm.png,data/p2_mosdac_expanded/crops\mosdac_BIPARJOY_2023_0681_Severe_Cyclonic_Storm.png,BIPARJOY,2023,BIPARJOY_2023,test,2023-05-18 00:00:00 UTC,23.9,69.84,110.8,Severe Cyclonic Storm,curved_band,True
682,mosdac_BIPARJOY_2023_0682_Severe_Cyclonic_Storm.png,data/p2_mosdac_expanded/crops\mosdac_BIPARJOY_2023_0682_Severe_Cyclonic_Storm.png,BIPARJOY,2023,BIPARJOY_2023,test,2023-05-18 03:00:00 UTC,24.19,70.23,103.4,Severe Cyclonic Storm,curved_band,True
683,mosdac_BIPARJOY_2023_0683_Severe_Cyclonic_Storm.png,data/p2_mosdac_expanded/crops\mosdac_BIPARJOY_2023_0683_Severe_Cyclonic_Storm.png,BIPARJOY,2023,BIPARJOY_2023,test,2023-05-18 06:00:00 UTC,24.52,70.6,99.8,Severe Cyclonic Storm,curved_band,True
684,mosdac_BIPARJOY_2023_0684_Severe_Cyclonic_Storm.png,data/p2_mosdac_expanded/crops\mosdac_BIPARJOY_2023_0684_Severe_Cyclonic_Storm.png,BIPARJOY,2023,BIPARJOY_2023,test,2023-05-18 09:00:00 UTC,24.68,70.84,100.9,Severe Cyclonic Storm,curved_band,True
685,mosdac_BIPARJOY_2023_0685_Severe_Cyclonic_Storm.png,data/p2_mosdac_expanded/crops\mosdac_BIPARJOY_2023_0685_Severe_Cyclonic_Storm.png,BIPARJOY,2023,BIPARJOY_2023,test,2023-05-18 12:00:00 UTC,24.79,70.95,100.1,Severe Cyclonic Storm,curved_band,True
686,mosdac_BIPARJOY_2023_0686_Severe_Cyclonic_Storm.png,data/p2_mosdac_expanded/crops\mosdac_BIPARJOY_2023_0686_Severe_Cyclonic_Storm.png,BIPARJOY,2023,BIPARJOY_2023,test,2023-05-18 15:00:00 UTC,24.91,71.19,94.3,Severe Cyclonic Storm,curved_band,True
687,mosdac_BIPARJOY_2023_0687_Severe_Cyclonic_Storm.png,data/p2_mosdac_expanded/crops\mosdac_BIPARJOY_2023_0687_Severe_Cyclonic_Storm.png,BIPARJOY,2023,BIPARJOY_2023,test,2023-05-18 18:00:00 UTC,25.16,71.55,91.7,Severe Cyclonic Storm,curved_band,True
688,mosdac_BIPARJOY_2023_0688_Cyclonic_Storm.png,data/p2_mosdac_expanded/crops\mosdac_BIPARJOY_2023_0688_Cyclonic_Storm.png,BIPARJOY,2023,BIPARJOY_2023,test,2023-05-18 21:00:00 UTC,25.45,71.95,86.7,Cyclonic Storm,curved_band,True
689,mosdac_BIPARJOY_2023_0689_Cyclonic_Storm.png,data/p2_mosdac_expanded/crops\mosdac_BIPARJOY_2023_0689_Cyclonic_Storm.png,BIPARJOY,2023,BIPARJOY_2023,test,2023-05-18 00:00:00 UTC,25.61,72.29,88.0,Cyclonic Storm,curved_band,True
690,mosdac_BIPARJOY_2023_0690_Cyclonic_Storm.png,data/p2_mosdac_expanded/crops\mosdac_BIPARJOY_2023_0690_Cyclonic_Storm.png,BIPARJOY,2023,BIPARJOY_2023,test,2023-05-18 03:00:00 UTC,25.72,72.55,80.8,Cyclonic Storm,curved_band,True
691,mosdac_BIPARJOY_2023_0691_Cyclonic_Storm.png,data/p2_mosdac_expanded/crops\mosdac_BIPARJOY_2023_0691_Cyclonic_Storm.png,BIPARJOY,2023,BIPARJOY_2023,test,2023-05-19 06:00:00 UTC,25.82,72.69,79.4,Cyclonic Storm,curved_band,True
692,mosdac_BIPARJOY_2023_0692_Cyclonic_Storm.png,data/p2_mosdac_expanded/crops\mosdac_BIPARJOY_2023_0692_Cyclonic_Storm.png,BIPARJOY,2023,BIPARJOY_2023,test,2023-05-19 09:00:00 UTC,25.93,72.9,77.9,Cyclonic Storm,curved_band,True
693,mosdac_BIPARJOY_2023_0693_Cyclonic_Storm.png,data/p2_mosdac_expanded/crops\mosdac_BIPARJOY_2023_0693_Cyclonic_Storm.png,BIPARJOY,2023,BIPARJOY_2023,test,2023-05-19 12:00:00 UTC,26.04,73.24,76.3,Cyclonic Storm,curved_band,True
694,mosdac_BIPARJOY_2023_0694_Cyclonic_Storm.png,data/p2_mosdac_expanded/crops\mosdac_BIPARJOY_2023_0694_Cyclonic_Storm.png,BIPARJOY,2023,BIPARJOY_2023,test,2023-05-19 15:00:00 UTC,26.23,73.74,72.1,Cyclonic Storm,curved_band,True
695,mosdac_BIPARJOY_2023_0695_Cyclonic_Storm.png,data/p2_mosdac_expanded/crops\mosdac_BIPARJOY_2023_0695_Cyclonic_Storm.png,BIPARJOY,2023,BIPARJOY_2023,test,2023-05-19 18:00:00 UTC,26.3,74.0,69.1,Cyclonic Storm,curved_band,True
696,mosdac_BIPARJOY_2023_0696_Cyclonic_Storm.png,data/p2_mosdac_expanded/crops\mosdac_BIPARJOY_2023_0696_Cyclonic_Storm.png,BIPARJOY,2023,BIPARJOY_2023,test,2023-05-19 21:00:00 UTC,26.29,74.39,71.3,Cyclonic Storm,curved_band,True
697,mosdac_BIPARJOY_2023_0697_Cyclonic_Storm.png,data/p2_mosdac_expanded/crops\mosdac_BIPARJOY_2023_0697_Cyclonic_Storm.png,BIPARJOY,2023,BIPARJOY_2023,test,2023-05-19 00:00:00 UTC,26.28,74.72,67.2,Cyclonic Storm,curved_band,True
698,mosdac_BIPARJOY_2023_0698_Cyclonic_Storm.png,data/p2_mosdac_expanded/crops\mosdac_BIPARJOY_2023_0698_Cyclonic_Storm.png,BIPARJOY,2023,BIPARJOY_2023,test,2023-05-19 03:00:00 UTC,26.27,75.02,68.2,Cyclonic Storm,curved_band,True
699,mosdac_BIPARJOY_2023_0699_Cyclonic_Storm.png,data/p2_mosdac_expanded/crops\mosdac_BIPARJOY_2023_0699_Cyclonic_Storm.png,BIPARJOY,2023,BIPARJOY_2023,test,2023-05-19 06:00:00 UTC,26.26,75.45,63.8,Cyclonic Storm,curved_band,True
700,mosdac_BIPARJOY_2023_0700_Cyclonic_Storm.png,data/p2_mosdac_expanded/crops\mosdac_BIPARJOY_2023_0700_Cyclonic_Storm.png,BIPARJOY,2023,BIPARJOY_2023,test,2023-05-19 09:00:00 UTC,26.25,75.91,65.8,Cyclonic Storm,curved_band,True
701,mosdac_TITLI_2018_0701_Deep_Depression.png,data/p2_mosdac_expanded/crops\mosdac_TITLI_2018_0701_Deep_Depression.png,TITLI,2018,TITLI_2018,train,2018-05-10 00:00:00 UTC,14.2,88.5,60.3,Deep Depression,shear_pattern,True
702,mosdac_TITLI_2018_0702_Deep_Depression.png,data/p2_mosdac_expanded/crops\mosdac_TITLI_2018_0702_Deep_Depression.png,TITLI,2018,TITLI_2018,train,2018-05-10 03:00:00 UTC,14.17,88.5,56.9,Deep Depression,shear_pattern,True
703,mosdac_TITLI_2018_0703_Deep_Depression.png,data/p2_mosdac_expanded/crops\mosdac_TITLI_2018_0703_Deep_Depression.png,TITLI,2018,TITLI_2018,train,2018-05-10 06:00:00 UTC,14.14,88.5,60.1,Deep Depression,shear_pattern,True
704,mosdac_TITLI_2018_0704_Deep_Depression.png,data/p2_mosdac_expanded/crops\mosdac_TITLI_2018_0704_Deep_Depression.png,TITLI,2018,TITLI_2018,train,2018-05-10 09:00:00 UTC,14.13,88.48,59.7,Deep Depression,shear_pattern,True
705,mosdac_TITLI_2018_0705_Deep_Depression.png,data/p2_mosdac_expanded/crops\mosdac_TITLI_2018_0705_Deep_Depression.png,TITLI,2018,TITLI_2018,train,2018-05-10 12:00:00 UTC,14.14,88.43,60.6,Deep Depression,shear_pattern,True
706,mosdac_TITLI_2018_0706_Cyclonic_Storm.png,data/p2_mosdac_expanded/crops\mosdac_TITLI_2018_0706_Cyclonic_Storm.png,TITLI,2018,TITLI_2018,train,2018-05-10 15:00:00 UTC,14.15,88.39,69.6,Cyclonic Storm,curved_band,True
707,mosdac_TITLI_2018_0707_Cyclonic_Storm.png,data/p2_mosdac_expanded/crops\mosdac_TITLI_2018_0707_Cyclonic_Storm.png,TITLI,2018,TITLI_2018,train,2018-05-10 18:00:00 UTC,14.19,88.31,66.0,Cyclonic Storm,curved_band,True
708,mosdac_TITLI_2018_0708_Cyclonic_Storm.png,data/p2_mosdac_expanded/crops\mosdac_TITLI_2018_0708_Cyclonic_Storm.png,TITLI,2018,TITLI_2018,train,2018-05-10 21:00:00 UTC,14.24,88.22,71.8,Cyclonic Storm,curved_band,True
709,mosdac_TITLI_2018_0709_Cyclonic_Storm.png,data/p2_mosdac_expanded/crops\mosdac_TITLI_2018_0709_Cyclonic_Storm.png,TITLI,2018,TITLI_2018,train,2018-05-10 00:00:00 UTC,14.29,88.14,69.4,Cyclonic Storm,curved_band,True
710,mosdac_TITLI_2018_0710_Cyclonic_Storm.png,data/p2_mosdac_expanded/crops\mosdac_TITLI_2018_0710_Cyclonic_Storm.png,TITLI,2018,TITLI_2018,train,2018-05-10 03:00:00 UTC,14.33,88.05,74.9,Cyclonic Storm,curved_band,True
711,mosdac_TITLI_2018_0711_Cyclonic_Storm.png,data/p2_mosdac_expanded/crops\mosdac_TITLI_2018_0711_Cyclonic_Storm.png,TITLI,2018,TITLI_2018,train,2018-05-11 06:00:00 UTC,14.38,87.97,77.8,Cyclonic Storm,curved_band,True
712,mosdac_TITLI_2018_0712_Cyclonic_Storm.png,data/p2_mosdac_expanded/crops\mosdac_TITLI_2018_0712_Cyclonic_Storm.png,TITLI,2018,TITLI_2018,train,2018-05-11 09:00:00 UTC,14.42,87.88,78.8,Cyclonic Storm,curved_band,True
713,mosdac_TITLI_2018_0713_Cyclonic_Storm.png,data/p2_mosdac_expanded/crops\mosdac_TITLI_2018_0713_Cyclonic_Storm.png,TITLI,2018,TITLI_2018,train,2018-05-11 12:00:00 UTC,14.47,87.79,80.2,Cyclonic Storm,curved_band,True
714,mosdac_TITLI_2018_0714_Cyclonic_Storm.png,data/p2_mosdac_expanded/crops\mosdac_TITLI_2018_0714_Cyclonic_Storm.png,TITLI,2018,TITLI_2018,train,2018-05-11 15:00:00 UTC,14.51,87.7,82.1,Cyclonic Storm,curved_band,True
715,mosdac_TITLI_2018_0715_Cyclonic_Storm.png,data/p2_mosdac_expanded/crops\mosdac_TITLI_2018_0715_Cyclonic_Storm.png,TITLI,2018,TITLI_2018,train,2018-05-11 18:00:00 UTC,14.55,87.61,84.2,Cyclonic Storm,curved_band,True
716,mosdac_TITLI_2018_0716_Severe_Cyclonic_Storm.png,data/p2_mosdac_expanded/crops\mosdac_TITLI_2018_0716_Severe_Cyclonic_Storm.png,TITLI,2018,TITLI_2018,train,2018-05-11 21:00:00 UTC,14.59,87.53,91.4,Severe Cyclonic Storm,curved_band,True
717,mosdac_TITLI_2018_0717_Severe_Cyclonic_Storm.png,data/p2_mosdac_expanded/crops\mosdac_TITLI_2018_0717_Severe_Cyclonic_Storm.png,TITLI,2018,TITLI_2018,train,2018-05-11 00:00:00 UTC,14.63,87.44,93.2,Severe Cyclonic Storm,curved_band,True
718,mosdac_TITLI_2018_0718_Severe_Cyclonic_Storm.png,data/p2_mosdac_expanded/crops\mosdac_TITLI_2018_0718_Severe_Cyclonic_Storm.png,TITLI,2018,TITLI_2018,train,2018-05-11 03:00:00 UTC,14.67,87.35,96.9,Severe Cyclonic Storm,curved_band,True
719,mosdac_TITLI_2018_0719_Severe_Cyclonic_Storm.png,data/p2_mosdac_expanded/crops\mosdac_TITLI_2018_0719_Severe_Cyclonic_Storm.png,TITLI,2018,TITLI_2018,train,2018-05-11 06:00:00 UTC,14.71,87.26,92.8,Severe Cyclonic Storm,curved_band,True
720,mosdac_TITLI_2018_0720_Severe_Cyclonic_Storm.png,data/p2_mosdac_expanded/crops\mosdac_TITLI_2018_0720_Severe_Cyclonic_Storm.png,TITLI,2018,TITLI_2018,train,2018-05-11 09:00:00 UTC,14.74,87.17,100.3,Severe Cyclonic Storm,curved_band,True
721,mosdac_TITLI_2018_0721_Severe_Cyclonic_Storm.png,data/p2_mosdac_expanded/crops\mosdac_TITLI_2018_0721_Severe_Cyclonic_Storm.png,TITLI,2018,TITLI_2018,train,2018-05-12 12:00:00 UTC,14.78,87.08,104.6,Severe Cyclonic Storm,curved_band,True
722,mosdac_TITLI_2018_0722_Severe_Cyclonic_Storm.png,data/p2_mosdac_expanded/crops\mosdac_TITLI_2018_0722_Severe_Cyclonic_Storm.png,TITLI,2018,TITLI_2018,train,2018-05-12 15:00:00 UTC,14.79,86.99,101.2,Severe Cyclonic Storm,curved_band,True
723,mosdac_TITLI_2018_0723_Severe_Cyclonic_Storm.png,data/p2_mosdac_expanded/crops\mosdac_TITLI_2018_0723_Severe_Cyclonic_Storm.png,TITLI,2018,TITLI_2018,train,2018-05-12 18:00:00 UTC,14.78,86.91,102.9,Severe Cyclonic Storm,curved_band,True
724,mosdac_TITLI_2018_0724_Severe_Cyclonic_Storm.png,data/p2_mosdac_expanded/crops\mosdac_TITLI_2018_0724_Severe_Cyclonic_Storm.png,TITLI,2018,TITLI_2018,train,2018-05-12 21:00:00 UTC,14.78,86.83,110.9,Severe Cyclonic Storm,curved_band,True
725,mosdac_TITLI_2018_0725_Severe_Cyclonic_Storm.png,data/p2_mosdac_expanded/crops\mosdac_TITLI_2018_0725_Severe_Cyclonic_Storm.png,TITLI,2018,TITLI_2018,train,2018-05-12 00:00:00 UTC,14.81,86.78,112.2,Severe Cyclonic Storm,curved_band,True
726,mosdac_TITLI_2018_0726_Severe_Cyclonic_Storm.png,data/p2_mosdac_expanded/crops\mosdac_TITLI_2018_0726_Severe_Cyclonic_Storm.png,TITLI,2018,TITLI_2018,train,2018-05-12 03:00:00 UTC,14.84,86.74,116.9,Severe Cyclonic Storm,curved_band,True
727,mosdac_TITLI_2018_0727_Severe_Cyclonic_Storm.png,data/p2_mosdac_expanded/crops\mosdac_TITLI_2018_0727_Severe_Cyclonic_Storm.png,TITLI,2018,TITLI_2018,train,2018-05-12 06:00:00 UTC,14.88,86.69,113.8,Severe Cyclonic Storm,curved_band,True
728,mosdac_TITLI_2018_0728_Very_Severe_Cyclonic_Storm.png,data/p2_mosdac_expanded/crops\mosdac_TITLI_2018_0728_Very_Severe_Cyclonic_Storm.png,TITLI,2018,TITLI_2018,train,2018-05-12 09:00:00 UTC,14.91,86.65,121.5,Very Severe Cyclonic Storm,eye_visible,True
729,mosdac_TITLI_2018_0729_Very_Severe_Cyclonic_Storm.png,data/p2_mosdac_expanded/crops\mosdac_TITLI_2018_0729_Very_Severe_Cyclonic_Storm.png,TITLI,2018,TITLI_2018,train,2018-05-12 12:00:00 UTC,14.94,86.6,119.2,Very Severe Cyclonic Storm,eye_visible,True
730,mosdac_TITLI_2018_0730_Very_Severe_Cyclonic_Storm.png,data/p2_mosdac_expanded/crops\mosdac_TITLI_2018_0730_Very_Severe_Cyclonic_Storm.png,TITLI,2018,TITLI_2018,train,2018-05-12 15:00:00 UTC,15.01,86.56,121.2,Very Severe Cyclonic Storm,eye_visible,True
731,mosdac_TITLI_2018_0731_Very_Severe_Cyclonic_Storm.png,data/p2_mosdac_expanded/crops\mosdac_TITLI_2018_0731_Very_Severe_Cyclonic_Storm.png,TITLI,2018,TITLI_2018,train,2018-05-13 18:00:00 UTC,15.08,86.52,123.5,Very Severe Cyclonic Storm,eye_visible,True
732,mosdac_TITLI_2018_0732_Very_Severe_Cyclonic_Storm.png,data/p2_mosdac_expanded/crops\mosdac_TITLI_2018_0732_Very_Severe_Cyclonic_Storm.png,TITLI,2018,TITLI_2018,train,2018-05-13 21:00:00 UTC,15.15,86.48,130.9,Very Severe Cyclonic Storm,eye_visible,True
733,mosdac_TITLI_2018_0733_Very_Severe_Cyclonic_Storm.png,data/p2_mosdac_expanded/crops\mosdac_TITLI_2018_0733_Very_Severe_Cyclonic_Storm.png,TITLI,2018,TITLI_2018,train,2018-05-13 00:00:00 UTC,15.22,86.44,131.8,Very Severe Cyclonic Storm,eye_visible,True
734,mosdac_TITLI_2018_0734_Very_Severe_Cyclonic_Storm.png,data/p2_mosdac_expanded/crops\mosdac_TITLI_2018_0734_Very_Severe_Cyclonic_Storm.png,TITLI,2018,TITLI_2018,train,2018-05-13 03:00:00 UTC,15.28,86.4,132.7,Very Severe Cyclonic Storm,eye_visible,True
735,mosdac_TITLI_2018_0735_Very_Severe_Cyclonic_Storm.png,data/p2_mosdac_expanded/crops\mosdac_TITLI_2018_0735_Very_Severe_Cyclonic_Storm.png,TITLI,2018,TITLI_2018,train,2018-05-13 06:00:00 UTC,15.39,86.32,133.4,Very Severe Cyclonic Storm,eye_visible,True
736,mosdac_TITLI_2018_0736_Very_Severe_Cyclonic_Storm.png,data/p2_mosdac_expanded/crops\mosdac_TITLI_2018_0736_Very_Severe_Cyclonic_Storm.png,TITLI,2018,TITLI_2018,train,2018-05-13 09:00:00 UTC,15.5,86.25,139.3,Very Severe Cyclonic Storm,eye_visible,True
737,mosdac_TITLI_2018_0737_Very_Severe_Cyclonic_Storm.png,data/p2_mosdac_expanded/crops\mosdac_TITLI_2018_0737_Very_Severe_Cyclonic_Storm.png,TITLI,2018,TITLI_2018,train,2018-05-13 12:00:00 UTC,15.59,86.17,137.2,Very Severe Cyclonic Storm,eye_visible,True
738,mosdac_TITLI_2018_0738_Very_Severe_Cyclonic_Storm.png,data/p2_mosdac_expanded/crops\mosdac_TITLI_2018_0738_Very_Severe_Cyclonic_Storm.png,TITLI,2018,TITLI_2018,train,2018-05-13 15:00:00 UTC,15.66,86.1,142.3,Very Severe Cyclonic Storm,eye_visible,True
739,mosdac_TITLI_2018_0739_Very_Severe_Cyclonic_Storm.png,data/p2_mosdac_expanded/crops\mosdac_TITLI_2018_0739_Very_Severe_Cyclonic_Storm.png,TITLI,2018,TITLI_2018,train,2018-05-13 18:00:00 UTC,15.73,86.03,140.8,Very Severe Cyclonic Storm,eye_visible,True
740,mosdac_TITLI_2018_0740_Very_Severe_Cyclonic_Storm.png,data/p2_mosdac_expanded/crops\mosdac_TITLI_2018_0740_Very_Severe_Cyclonic_Storm.png,TITLI,2018,TITLI_2018,train,2018-05-13 21:00:00 UTC,15.84,85.99,141.7,Very Severe Cyclonic Storm,eye_visible,True
741,mosdac_TITLI_2018_0741_Very_Severe_Cyclonic_Storm.png,data/p2_mosdac_expanded/crops\mosdac_TITLI_2018_0741_Very_Severe_Cyclonic_Storm.png,TITLI,2018,TITLI_2018,train,2018-05-14 00:00:00 UTC,15.95,85.96,143.7,Very Severe Cyclonic Storm,eye_visible,True
742,mosdac_TITLI_2018_0742_Very_Severe_Cyclonic_Storm.png,data/p2_mosdac_expanded/crops\mosdac_TITLI_2018_0742_Very_Severe_Cyclonic_Storm.png,TITLI,2018,TITLI_2018,train,2018-05-14 03:00:00 UTC,16.08,85.93,143.6,Very Severe Cyclonic Storm,eye_visible,True
743,mosdac_TITLI_2018_0743_Very_Severe_Cyclonic_Storm.png,data/p2_mosdac_expanded/crops\mosdac_TITLI_2018_0743_Very_Severe_Cyclonic_Storm.png,TITLI,2018,TITLI_2018,train,2018-05-14 06:00:00 UTC,16.23,85.9,148.2,Very Severe Cyclonic Storm,eye_visible,True
744,mosdac_TITLI_2018_0744_Very_Severe_Cyclonic_Storm.png,data/p2_mosdac_expanded/crops\mosdac_TITLI_2018_0744_Very_Severe_Cyclonic_Storm.png,TITLI,2018,TITLI_2018,train,2018-05-14 09:00:00 UTC,16.38,85.87,147.2,Very Severe Cyclonic Storm,eye_visible,True
745,mosdac_TITLI_2018_0745_Very_Severe_Cyclonic_Storm.png,data/p2_mosdac_expanded/crops\mosdac_TITLI_2018_0745_Very_Severe_Cyclonic_Storm.png,TITLI,2018,TITLI_2018,train,2018-05-14 12:00:00 UTC,16.57,85.77,145.8,Very Severe Cyclonic Storm,eye_visible,True
746,mosdac_TITLI_2018_0746_Very_Severe_Cyclonic_Storm.png,data/p2_mosdac_expanded/crops\mosdac_TITLI_2018_0746_Very_Severe_Cyclonic_Storm.png,TITLI,2018,TITLI_2018,train,2018-05-14 15:00:00 UTC,16.77,85.66,151.8,Very Severe Cyclonic Storm,eye_visible,True
747,mosdac_TITLI_2018_0747_Very_Severe_Cyclonic_Storm.png,data/p2_mosdac_expanded/crops\mosdac_TITLI_2018_0747_Very_Severe_Cyclonic_Storm.png,TITLI,2018,TITLI_2018,train,2018-05-14 18:00:00 UTC,16.94,85.56,148.2,Very Severe Cyclonic Storm,eye_visible,True
748,mosdac_TITLI_2018_0748_Very_Severe_Cyclonic_Storm.png,data/p2_mosdac_expanded/crops\mosdac_TITLI_2018_0748_Very_Severe_Cyclonic_Storm.png,TITLI,2018,TITLI_2018,train,2018-05-14 21:00:00 UTC,17.05,85.5,149.9,Very Severe Cyclonic Storm,eye_visible,True
749,mosdac_TITLI_2018_0749_Very_Severe_Cyclonic_Storm.png,data/p2_mosdac_expanded/crops\mosdac_TITLI_2018_0749_Very_Severe_Cyclonic_Storm.png,TITLI,2018,TITLI_2018,train,2018-05-14 00:00:00 UTC,17.17,85.43,153.1,Very Severe Cyclonic Storm,eye_visible,True
750,mosdac_TITLI_2018_0750_Very_Severe_Cyclonic_Storm.png,data/p2_mosdac_expanded/crops\mosdac_TITLI_2018_0750_Very_Severe_Cyclonic_Storm.png,TITLI,2018,TITLI_2018,train,2018-05-14 03:00:00 UTC,17.29,85.39,151.0,Very Severe Cyclonic Storm,eye_visible,True
751,mosdac_TITLI_2018_0751_Very_Severe_Cyclonic_Storm.png,data/p2_mosdac_expanded/crops\mosdac_TITLI_2018_0751_Very_Severe_Cyclonic_Storm.png,TITLI,2018,TITLI_2018,train,2018-05-15 06:00:00 UTC,17.41,85.36,146.9,Very Severe Cyclonic Storm,eye_visible,True
752,mosdac_TITLI_2018_0752_Very_Severe_Cyclonic_Storm.png,data/p2_mosdac_expanded/crops\mosdac_TITLI_2018_0752_Very_Severe_Cyclonic_Storm.png,TITLI,2018,TITLI_2018,train,2018-05-15 09:00:00 UTC,17.53,85.32,153.4,Very Severe Cyclonic Storm,eye_visible,True
753,mosdac_TITLI_2018_0753_Very_Severe_Cyclonic_Storm.png,data/p2_mosdac_expanded/crops\mosdac_TITLI_2018_0753_Very_Severe_Cyclonic_Storm.png,TITLI,2018,TITLI_2018,train,2018-05-15 12:00:00 UTC,17.61,85.25,150.6,Very Severe Cyclonic Storm,eye_visible,True
754,mosdac_TITLI_2018_0754_Very_Severe_Cyclonic_Storm.png,data/p2_mosdac_expanded/crops\mosdac_TITLI_2018_0754_Very_Severe_Cyclonic_Storm.png,TITLI,2018,TITLI_2018,train,2018-05-15 15:00:00 UTC,17.69,85.18,147.8,Very Severe Cyclonic Storm,eye_visible,True
755,mosdac_TITLI_2018_0755_Very_Severe_Cyclonic_Storm.png,data/p2_mosdac_expanded/crops\mosdac_TITLI_2018_0755_Very_Severe_Cyclonic_Storm.png,TITLI,2018,TITLI_2018,train,2018-05-15 18:00:00 UTC,17.86,85.14,145.7,Very Severe Cyclonic Storm,eye_visible,True
756,mosdac_TITLI_2018_0756_Very_Severe_Cyclonic_Storm.png,data/p2_mosdac_expanded/crops\mosdac_TITLI_2018_0756_Very_Severe_Cyclonic_Storm.png,TITLI,2018,TITLI_2018,train,2018-05-15 21:00:00 UTC,18.06,85.1,150.3,Very Severe Cyclonic Storm,eye_visible,True
757,mosdac_TITLI_2018_0757_Very_Severe_Cyclonic_Storm.png,data/p2_mosdac_expanded/crops\mosdac_TITLI_2018_0757_Very_Severe_Cyclonic_Storm.png,TITLI,2018,TITLI_2018,train,2018-05-15 00:00:00 UTC,18.26,85.05,148.1,Very Severe Cyclonic Storm,eye_visible,True
758,mosdac_TITLI_2018_0758_Very_Severe_Cyclonic_Storm.png,data/p2_mosdac_expanded/crops\mosdac_TITLI_2018_0758_Very_Severe_Cyclonic_Storm.png,TITLI,2018,TITLI_2018,train,2018-05-15 03:00:00 UTC,18.38,84.9,146.5,Very Severe Cyclonic Storm,eye_visible,True
759,mosdac_TITLI_2018_0759_Very_Severe_Cyclonic_Storm.png,data/p2_mosdac_expanded/crops\mosdac_TITLI_2018_0759_Very_Severe_Cyclonic_Storm.png,TITLI,2018,TITLI_2018,train,2018-05-15 06:00:00 UTC,18.51,84.75,148.3,Very Severe Cyclonic Storm,eye_visible,True
760,mosdac_TITLI_2018_0760_Very_Severe_Cyclonic_Storm.png,data/p2_mosdac_expanded/crops\mosdac_TITLI_2018_0760_Very_Severe_Cyclonic_Storm.png,TITLI,2018,TITLI_2018,train,2018-05-15 09:00:00 UTC,18.61,84.64,146.3,Very Severe Cyclonic Storm,eye_visible,True
761,mosdac_TITLI_2018_0761_Very_Severe_Cyclonic_Storm.png,data/p2_mosdac_expanded/crops\mosdac_TITLI_2018_0761_Very_Severe_Cyclonic_Storm.png,TITLI,2018,TITLI_2018,train,2018-05-16 12:00:00 UTC,18.7,84.57,139.9,Very Severe Cyclonic Storm,eye_visible,True
762,mosdac_TITLI_2018_0762_Very_Severe_Cyclonic_Storm.png,data/p2_mosdac_expanded/crops\mosdac_TITLI_2018_0762_Very_Severe_Cyclonic_Storm.png,TITLI,2018,TITLI_2018,train,2018-05-16 15:00:00 UTC,18.78,84.49,139.8,Very Severe Cyclonic Storm,eye_visible,True
763,mosdac_TITLI_2018_0763_Very_Severe_Cyclonic_Storm.png,data/p2_mosdac_expanded/crops\mosdac_TITLI_2018_0763_Very_Severe_Cyclonic_Storm.png,TITLI,2018,TITLI_2018,train,2018-05-16 18:00:00 UTC,18.83,84.37,137.7,Very Severe Cyclonic Storm,eye_visible,True
764,mosdac_TITLI_2018_0764_Very_Severe_Cyclonic_Storm.png,data/p2_mosdac_expanded/crops\mosdac_TITLI_2018_0764_Very_Severe_Cyclonic_Storm.png,TITLI,2018,TITLI_2018,train,2018-05-16 21:00:00 UTC,18.88,84.25,140.0,Very Severe Cyclonic Storm,eye_visible,True
765,mosdac_TITLI_2018_0765_Very_Severe_Cyclonic_Storm.png,data/p2_mosdac_expanded/crops\mosdac_TITLI_2018_0765_Very_Severe_Cyclonic_Storm.png,TITLI,2018,TITLI_2018,train,2018-05-16 00:00:00 UTC,18.98,84.16,132.6,Very Severe Cyclonic Storm,eye_visible,True
766,mosdac_TITLI_2018_0766_Very_Severe_Cyclonic_Storm.png,data/p2_mosdac_expanded/crops\mosdac_TITLI_2018_0766_Very_Severe_Cyclonic_Storm.png,TITLI,2018,TITLI_2018,train,2018-05-16 03:00:00 UTC,19.1,84.08,135.0,Very Severe Cyclonic Storm,eye_visible,True
767,mosdac_TITLI_2018_0767_Very_Severe_Cyclonic_Storm.png,data/p2_mosdac_expanded/crops\mosdac_TITLI_2018_0767_Very_Severe_Cyclonic_Storm.png,TITLI,2018,TITLI_2018,train,2018-05-16 06:00:00 UTC,19.23,84.0,134.6,Very Severe Cyclonic Storm,eye_visible,True
768,mosdac_TITLI_2018_0768_Very_Severe_Cyclonic_Storm.png,data/p2_mosdac_expanded/crops\mosdac_TITLI_2018_0768_Very_Severe_Cyclonic_Storm.png,TITLI,2018,TITLI_2018,train,2018-05-16 09:00:00 UTC,19.32,83.95,133.5,Very Severe Cyclonic Storm,eye_visible,True
769,mosdac_TITLI_2018_0769_Very_Severe_Cyclonic_Storm.png,data/p2_mosdac_expanded/crops\mosdac_TITLI_2018_0769_Very_Severe_Cyclonic_Storm.png,TITLI,2018,TITLI_2018,train,2018-05-16 12:00:00 UTC,19.41,83.91,127.1,Very Severe Cyclonic Storm,eye_visible,True
770,mosdac_TITLI_2018_0770_Very_Severe_Cyclonic_Storm.png,data/p2_mosdac_expanded/crops\mosdac_TITLI_2018_0770_Very_Severe_Cyclonic_Storm.png,TITLI,2018,TITLI_2018,train,2018-05-16 15:00:00 UTC,19.51,83.88,128.7,Very Severe Cyclonic Storm,eye_visible,True
771,mosdac_TITLI_2018_0771_Very_Severe_Cyclonic_Storm.png,data/p2_mosdac_expanded/crops\mosdac_TITLI_2018_0771_Very_Severe_Cyclonic_Storm.png,TITLI,2018,TITLI_2018,train,2018-05-17 18:00:00 UTC,19.64,83.88,120.8,Very Severe Cyclonic Storm,eye_visible,True
772,mosdac_TITLI_2018_0772_Very_Severe_Cyclonic_Storm.png,data/p2_mosdac_expanded/crops\mosdac_TITLI_2018_0772_Very_Severe_Cyclonic_Storm.png,TITLI,2018,TITLI_2018,train,2018-05-17 21:00:00 UTC,19.76,83.87,124.3,Very Severe Cyclonic Storm,eye_visible,True
773,mosdac_TITLI_2018_0773_Severe_Cyclonic_Storm.png,data/p2_mosdac_expanded/crops\mosdac_TITLI_2018_0773_Severe_Cyclonic_Storm.png,TITLI,2018,TITLI_2018,train,2018-05-17 00:00:00 UTC,19.85,83.9,116.2,Severe Cyclonic Storm,curved_band,True
774,mosdac_TITLI_2018_0774_Severe_Cyclonic_Storm.png,data/p2_mosdac_expanded/crops\mosdac_TITLI_2018_0774_Severe_Cyclonic_Storm.png,TITLI,2018,TITLI_2018,train,2018-05-17 03:00:00 UTC,19.94,83.93,115.8,Severe Cyclonic Storm,curved_band,True
775,mosdac_TITLI_2018_0775_Severe_Cyclonic_Storm.png,data/p2_mosdac_expanded/crops\mosdac_TITLI_2018_0775_Severe_Cyclonic_Storm.png,TITLI,2018,TITLI_2018,train,2018-05-17 06:00:00 UTC,20.02,83.99,116.5,Severe Cyclonic Storm,curved_band,True
776,mosdac_TITLI_2018_0776_Severe_Cyclonic_Storm.png,data/p2_mosdac_expanded/crops\mosdac_TITLI_2018_0776_Severe_Cyclonic_Storm.png,TITLI,2018,TITLI_2018,train,2018-05-17 09:00:00 UTC,20.1,84.1,108.8,Severe Cyclonic Storm,curved_band,True
777,mosdac_TITLI_2018_0777_Severe_Cyclonic_Storm.png,data/p2_mosdac_expanded/crops\mosdac_TITLI_2018_0777_Severe_Cyclonic_Storm.png,TITLI,2018,TITLI_2018,train,2018-05-17 12:00:00 UTC,20.18,84.21,106.8,Severe Cyclonic Storm,curved_band,True
778,mosdac_TITLI_2018_0778_Severe_Cyclonic_Storm.png,data/p2_mosdac_expanded/crops\mosdac_TITLI_2018_0778_Severe_Cyclonic_Storm.png,TITLI,2018,TITLI_2018,train,2018-05-17 15:00:00 UTC,20.27,84.28,108.2,Severe Cyclonic Storm,curved_band,True
779,mosdac_TITLI_2018_0779_Severe_Cyclonic_Storm.png,data/p2_mosdac_expanded/crops\mosdac_TITLI_2018_0779_Severe_Cyclonic_Storm.png,TITLI,2018,TITLI_2018,train,2018-05-17 18:00:00 UTC,20.35,84.35,105.5,Severe Cyclonic Storm,curved_band,True
780,mosdac_TITLI_2018_0780_Severe_Cyclonic_Storm.png,data/p2_mosdac_expanded/crops\mosdac_TITLI_2018_0780_Severe_Cyclonic_Storm.png,TITLI,2018,TITLI_2018,train,2018-05-17 21:00:00 UTC,20.42,84.43,102.2,Severe Cyclonic Storm,curved_band,True
781,mosdac_TITLI_2018_0781_Severe_Cyclonic_Storm.png,data/p2_mosdac_expanded/crops\mosdac_TITLI_2018_0781_Severe_Cyclonic_Storm.png,TITLI,2018,TITLI_2018,train,2018-05-18 00:00:00 UTC,20.5,84.54,100.0,Severe Cyclonic Storm,curved_band,True
782,mosdac_TITLI_2018_0782_Severe_Cyclonic_Storm.png,data/p2_mosdac_expanded/crops\mosdac_TITLI_2018_0782_Severe_Cyclonic_Storm.png,TITLI,2018,TITLI_2018,train,2018-05-18 03:00:00 UTC,20.58,84.65,96.1,Severe Cyclonic Storm,curved_band,True
783,mosdac_TITLI_2018_0783_Severe_Cyclonic_Storm.png,data/p2_mosdac_expanded/crops\mosdac_TITLI_2018_0783_Severe_Cyclonic_Storm.png,TITLI,2018,TITLI_2018,train,2018-05-18 06:00:00 UTC,20.65,84.76,91.1,Severe Cyclonic Storm,curved_band,True
784,mosdac_TITLI_2018_0784_Severe_Cyclonic_Storm.png,data/p2_mosdac_expanded/crops\mosdac_TITLI_2018_0784_Severe_Cyclonic_Storm.png,TITLI,2018,TITLI_2018,train,2018-05-18 09:00:00 UTC,20.73,84.87,89.3,Severe Cyclonic Storm,curved_band,True
785,mosdac_TITLI_2018_0785_Cyclonic_Storm.png,data/p2_mosdac_expanded/crops\mosdac_TITLI_2018_0785_Cyclonic_Storm.png,TITLI,2018,TITLI_2018,train,2018-05-18 12:00:00 UTC,20.8,84.98,85.4,Cyclonic Storm,curved_band,True
786,mosdac_TITLI_2018_0786_Cyclonic_Storm.png,data/p2_mosdac_expanded/crops\mosdac_TITLI_2018_0786_Cyclonic_Storm.png,TITLI,2018,TITLI_2018,train,2018-05-18 15:00:00 UTC,20.88,85.09,88.6,Cyclonic Storm,curved_band,True
787,mosdac_TITLI_2018_0787_Cyclonic_Storm.png,data/p2_mosdac_expanded/crops\mosdac_TITLI_2018_0787_Cyclonic_Storm.png,TITLI,2018,TITLI_2018,train,2018-05-18 18:00:00 UTC,20.95,85.2,83.5,Cyclonic Storm,curved_band,True
788,mosdac_TITLI_2018_0788_Cyclonic_Storm.png,data/p2_mosdac_expanded/crops\mosdac_TITLI_2018_0788_Cyclonic_Storm.png,TITLI,2018,TITLI_2018,train,2018-05-18 21:00:00 UTC,20.97,85.28,79.6,Cyclonic Storm,curved_band,True
789,mosdac_TITLI_2018_0789_Cyclonic_Storm.png,data/p2_mosdac_expanded/crops\mosdac_TITLI_2018_0789_Cyclonic_Storm.png,TITLI,2018,TITLI_2018,train,2018-05-18 00:00:00 UTC,20.96,85.35,77.7,Cyclonic Storm,curved_band,True
790,mosdac_TITLI_2018_0790_Cyclonic_Storm.png,data/p2_mosdac_expanded/crops\mosdac_TITLI_2018_0790_Cyclonic_Storm.png,TITLI,2018,TITLI_2018,train,2018-05-18 03:00:00 UTC,20.97,85.45,79.3,Cyclonic Storm,curved_band,True
791,mosdac_TITLI_2018_0791_Cyclonic_Storm.png,data/p2_mosdac_expanded/crops\mosdac_TITLI_2018_0791_Cyclonic_Storm.png,TITLI,2018,TITLI_2018,train,2018-05-19 06:00:00 UTC,21.08,85.68,70.7,Cyclonic Storm,curved_band,True
792,mosdac_TITLI_2018_0792_Cyclonic_Storm.png,data/p2_mosdac_expanded/crops\mosdac_TITLI_2018_0792_Cyclonic_Storm.png,TITLI,2018,TITLI_2018,train,2018-05-19 09:00:00 UTC,21.19,85.91,72.0,Cyclonic Storm,curved_band,True
793,mosdac_TITLI_2018_0793_Cyclonic_Storm.png,data/p2_mosdac_expanded/crops\mosdac_TITLI_2018_0793_Cyclonic_Storm.png,TITLI,2018,TITLI_2018,train,2018-05-19 12:00:00 UTC,21.32,86.15,69.4,Cyclonic Storm,curved_band,True
794,mosdac_TITLI_2018_0794_Cyclonic_Storm.png,data/p2_mosdac_expanded/crops\mosdac_TITLI_2018_0794_Cyclonic_Storm.png,TITLI,2018,TITLI_2018,train,2018-05-19 15:00:00 UTC,21.47,86.38,68.3,Cyclonic Storm,curved_band,True
795,mosdac_TITLI_2018_0795_Deep_Depression.png,data/p2_mosdac_expanded/crops\mosdac_TITLI_2018_0795_Deep_Depression.png,TITLI,2018,TITLI_2018,train,2018-05-19 18:00:00 UTC,21.61,86.62,61.8,Deep Depression,shear_pattern,True
796,mosdac_TITLI_2018_0796_Cyclonic_Storm.png,data/p2_mosdac_expanded/crops\mosdac_TITLI_2018_0796_Cyclonic_Storm.png,TITLI,2018,TITLI_2018,train,2018-05-19 21:00:00 UTC,21.72,86.81,67.0,Cyclonic Storm,curved_band,True
797,mosdac_TITLI_2018_0797_Cyclonic_Storm.png,data/p2_mosdac_expanded/crops\mosdac_TITLI_2018_0797_Cyclonic_Storm.png,TITLI,2018,TITLI_2018,train,2018-05-19 00:00:00 UTC,21.83,87.01,66.1,Cyclonic Storm,curved_band,True
798,mosdac_TITLI_2018_0798_Deep_Depression.png,data/p2_mosdac_expanded/crops\mosdac_TITLI_2018_0798_Deep_Depression.png,TITLI,2018,TITLI_2018,train,2018-05-19 03:00:00 UTC,21.92,87.17,62.0,Deep Depression,shear_pattern,True
799,mosdac_TITLI_2018_0799_Cyclonic_Storm.png,data/p2_mosdac_expanded/crops\mosdac_TITLI_2018_0799_Cyclonic_Storm.png,TITLI,2018,TITLI_2018,train,2018-05-19 06:00:00 UTC,21.98,87.29,62.1,Cyclonic Storm,curved_band,True
800,mosdac_TITLI_2018_0800_Cyclonic_Storm.png,data/p2_mosdac_expanded/crops\mosdac_TITLI_2018_0800_Cyclonic_Storm.png,TITLI,2018,TITLI_2018,train,2018-05-19 09:00:00 UTC,22.05,87.41,63.4,Cyclonic Storm,curved_band,True
801,mosdac_BULBUL_2019_0801_Deep_Depression.png,data/p2_mosdac_expanded/crops\mosdac_BULBUL_2019_0801_Deep_Depression.png,BULBUL,2019,BULBUL_2019,train,2019-05-10 00:00:00 UTC,1.9,90.3,57.7,Deep Depression,shear_pattern,True
802,mosdac_BULBUL_2019_0802_Deep_Depression.png,data/p2_mosdac_expanded/crops\mosdac_BULBUL_2019_0802_Deep_Depression.png,BULBUL,2019,BULBUL_2019,train,2019-05-10 03:00:00 UTC,1.97,90.27,53.7,Deep Depression,shear_pattern,True
803,mosdac_BULBUL_2019_0803_Deep_Depression.png,data/p2_mosdac_expanded/crops\mosdac_BULBUL_2019_0803_Deep_Depression.png,BULBUL,2019,BULBUL_2019,train,2019-05-10 06:00:00 UTC,2.04,90.24,58.0,Deep Depression,shear_pattern,True
804,mosdac_BULBUL_2019_0804_Deep_Depression.png,data/p2_mosdac_expanded/crops\mosdac_BULBUL_2019_0804_Deep_Depression.png,BULBUL,2019,BULBUL_2019,train,2019-05-10 09:00:00 UTC,2.11,90.21,59.3,Deep Depression,shear_pattern,True
805,mosdac_BULBUL_2019_0805_Deep_Depression.png,data/p2_mosdac_expanded/crops\mosdac_BULBUL_2019_0805_Deep_Depression.png,BULBUL,2019,BULBUL_2019,train,2019-05-10 12:00:00 UTC,2.16,90.17,59.2,Deep Depression,shear_pattern,True
806,mosdac_BULBUL_2019_0806_Cyclonic_Storm.png,data/p2_mosdac_expanded/crops\mosdac_BULBUL_2019_0806_Cyclonic_Storm.png,BULBUL,2019,BULBUL_2019,train,2019-05-10 15:00:00 UTC,2.19,90.14,63.2,Cyclonic Storm,curved_band,True
807,mosdac_BULBUL_2019_0807_Cyclonic_Storm.png,data/p2_mosdac_expanded/crops\mosdac_BULBUL_2019_0807_Cyclonic_Storm.png,BULBUL,2019,BULBUL_2019,train,2019-05-10 18:00:00 UTC,2.23,90.11,66.4,Cyclonic Storm,curved_band,True
808,mosdac_BULBUL_2019_0808_Cyclonic_Storm.png,data/p2_mosdac_expanded/crops\mosdac_BULBUL_2019_0808_Cyclonic_Storm.png,BULBUL,2019,BULBUL_2019,train,2019-05-10 21:00:00 UTC,2.27,90.07,68.1,Cyclonic Storm,curved_band,True
809,mosdac_BULBUL_2019_0809_Cyclonic_Storm.png,data/p2_mosdac_expanded/crops\mosdac_BULBUL_2019_0809_Cyclonic_Storm.png,BULBUL,2019,BULBUL_2019,train,2019-05-10 00:00:00 UTC,2.31,90.0,66.2,Cyclonic Storm,curved_band,True
810,mosdac_BULBUL_2019_0810_Cyclonic_Storm.png,data/p2_mosdac_expanded/crops\mosdac_BULBUL_2019_0810_Cyclonic_Storm.png,BULBUL,2019,BULBUL_2019,train,2019-05-10 03:00:00 UTC,2.34,89.93,65.5,Cyclonic Storm,curved_band,True
811,mosdac_BULBUL_2019_0811_Cyclonic_Storm.png,data/p2_mosdac_expanded/crops\mosdac_BULBUL_2019_0811_Cyclonic_Storm.png,BULBUL,2019,BULBUL_2019,train,2019-05-11 06:00:00 UTC,2.38,89.87,74.5,Cyclonic Storm,curved_band,True
812,mosdac_BULBUL_2019_0812_Cyclonic_Storm.png,data/p2_mosdac_expanded/crops\mosdac_BULBUL_2019_0812_Cyclonic_Storm.png,BULBUL,2019,BULBUL_2019,train,2019-05-11 09:00:00 UTC,2.43,89.82,75.5,Cyclonic Storm,curved_band,True
813,mosdac_BULBUL_2019_0813_Cyclonic_Storm.png,data/p2_mosdac_expanded/crops\mosdac_BULBUL_2019_0813_Cyclonic_Storm.png,BULBUL,2019,BULBUL_2019,train,2019-05-11 12:00:00 UTC,2.5,89.78,72.0,Cyclonic Storm,curved_band,True
814,mosdac_BULBUL_2019_0814_Cyclonic_Storm.png,data/p2_mosdac_expanded/crops\mosdac_BULBUL_2019_0814_Cyclonic_Storm.png,BULBUL,2019,BULBUL_2019,train,2019-05-11 15:00:00 UTC,2.56,89.75,80.7,Cyclonic Storm,curved_band,True
815,mosdac_BULBUL_2019_0815_Cyclonic_Storm.png,data/p2_mosdac_expanded/crops\mosdac_BULBUL_2019_0815_Cyclonic_Storm.png,BULBUL,2019,BULBUL_2019,train,2019-05-11 18:00:00 UTC,2.63,89.73,82.6,Cyclonic Storm,curved_band,True
816,mosdac_BULBUL_2019_0816_Cyclonic_Storm.png,data/p2_mosdac_expanded/crops\mosdac_BULBUL_2019_0816_Cyclonic_Storm.png,BULBUL,2019,BULBUL_2019,train,2019-05-11 21:00:00 UTC,2.72,89.75,82.2,Cyclonic Storm,curved_band,True
817,mosdac_BULBUL_2019_0817_Cyclonic_Storm.png,data/p2_mosdac_expanded/crops\mosdac_BULBUL_2019_0817_Cyclonic_Storm.png,BULBUL,2019,BULBUL_2019,train,2019-05-11 00:00:00 UTC,2.81,89.77,85.2,Cyclonic Storm,curved_band,True
818,mosdac_BULBUL_2019_0818_Cyclonic_Storm.png,data/p2_mosdac_expanded/crops\mosdac_BULBUL_2019_0818_Cyclonic_Storm.png,BULBUL,2019,BULBUL_2019,train,2019-05-11 03:00:00 UTC,2.89,89.79,86.1,Cyclonic Storm,curved_band,True
819,mosdac_BULBUL_2019_0819_Cyclonic_Storm.png,data/p2_mosdac_expanded/crops\mosdac_BULBUL_2019_0819_Cyclonic_Storm.png,BULBUL,2019,BULBUL_2019,train,2019-05-11 06:00:00 UTC,3.01,89.78,85.8,Cyclonic Storm,curved_band,True
820,mosdac_BULBUL_2019_0820_Severe_Cyclonic_Storm.png,data/p2_mosdac_expanded/crops\mosdac_BULBUL_2019_0820_Severe_Cyclonic_Storm.png,BULBUL,2019,BULBUL_2019,train,2019-05-11 09:00:00 UTC,3.12,89.77,90.6,Severe Cyclonic Storm,curved_band,True
821,mosdac_BULBUL_2019_0821_Severe_Cyclonic_Storm.png,data/p2_mosdac_expanded/crops\mosdac_BULBUL_2019_0821_Severe_Cyclonic_Storm.png,BULBUL,2019,BULBUL_2019,train,2019-05-12 12:00:00 UTC,3.23,89.76,96.8,Severe Cyclonic Storm,curved_band,True
822,mosdac_BULBUL_2019_0822_Severe_Cyclonic_Storm.png,data/p2_mosdac_expanded/crops\mosdac_BULBUL_2019_0822_Severe_Cyclonic_Storm.png,BULBUL,2019,BULBUL_2019,train,2019-05-12 15:00:00 UTC,3.33,89.73,92.9,Severe Cyclonic Storm,curved_band,True
823,mosdac_BULBUL_2019_0823_Severe_Cyclonic_Storm.png,data/p2_mosdac_expanded/crops\mosdac_BULBUL_2019_0823_Severe_Cyclonic_Storm.png,BULBUL,2019,BULBUL_2019,train,2019-05-12 18:00:00 UTC,3.41,89.7,98.0,Severe Cyclonic Storm,curved_band,True
824,mosdac_BULBUL_2019_0824_Severe_Cyclonic_Storm.png,data/p2_mosdac_expanded/crops\mosdac_BULBUL_2019_0824_Severe_Cyclonic_Storm.png,BULBUL,2019,BULBUL_2019,train,2019-05-12 21:00:00 UTC,3.5,89.66,100.9,Severe Cyclonic Storm,curved_band,True
825,mosdac_BULBUL_2019_0825_Severe_Cyclonic_Storm.png,data/p2_mosdac_expanded/crops\mosdac_BULBUL_2019_0825_Severe_Cyclonic_Storm.png,BULBUL,2019,BULBUL_2019,train,2019-05-12 00:00:00 UTC,3.58,89.62,104.5,Severe Cyclonic Storm,curved_band,True
826,mosdac_BULBUL_2019_0826_Severe_Cyclonic_Storm.png,data/p2_mosdac_expanded/crops\mosdac_BULBUL_2019_0826_Severe_Cyclonic_Storm.png,BULBUL,2019,BULBUL_2019,train,2019-05-12 03:00:00 UTC,3.66,89.56,109.9,Severe Cyclonic Storm,curved_band,True
827,mosdac_BULBUL_2019_0827_Severe_Cyclonic_Storm.png,data/p2_mosdac_expanded/crops\mosdac_BULBUL_2019_0827_Severe_Cyclonic_Storm.png,BULBUL,2019,BULBUL_2019,train,2019-05-12 06:00:00 UTC,3.74,89.49,107.7,Severe Cyclonic Storm,curved_band,True
828,mosdac_BULBUL_2019_0828_Severe_Cyclonic_Storm.png,data/p2_mosdac_expanded/crops\mosdac_BULBUL_2019_0828_Severe_Cyclonic_Storm.png,BULBUL,2019,BULBUL_2019,train,2019-05-12 09:00:00 UTC,3.82,89.43,110.0,Severe Cyclonic Storm,curved_band,True
829,mosdac_BULBUL_2019_0829_Severe_Cyclonic_Storm.png,data/p2_mosdac_expanded/crops\mosdac_BULBUL_2019_0829_Severe_Cyclonic_Storm.png,BULBUL,2019,BULBUL_2019,train,2019-05-12 12:00:00 UTC,3.91,89.39,115.3,Severe Cyclonic Storm,curved_band,True
830,mosdac_BULBUL_2019_0830_Severe_Cyclonic_Storm.png,data/p2_mosdac_expanded/crops\mosdac_BULBUL_2019_0830_Severe_Cyclonic_Storm.png,BULBUL,2019,BULBUL_2019,train,2019-05-12 15:00:00 UTC,4.02,89.35,115.2,Severe Cyclonic Storm,curved_band,True
831,mosdac_BULBUL_2019_0831_Severe_Cyclonic_Storm.png,data/p2_mosdac_expanded/crops\mosdac_BULBUL_2019_0831_Severe_Cyclonic_Storm.png,BULBUL,2019,BULBUL_2019,train,2019-05-13 18:00:00 UTC,4.13,89.32,115.6,Severe Cyclonic Storm,curved_band,True
832,mosdac_BULBUL_2019_0832_Very_Severe_Cyclonic_Storm.png,data/p2_mosdac_expanded/crops\mosdac_BULBUL_2019_0832_Very_Severe_Cyclonic_Storm.png,BULBUL,2019,BULBUL_2019,train,2019-05-13 21:00:00 UTC,4.24,89.3,119.4,Very Severe Cyclonic Storm,eye_visible,True
833,mosdac_BULBUL_2019_0833_Very_Severe_Cyclonic_Storm.png,data/p2_mosdac_expanded/crops\mosdac_BULBUL_2019_0833_Very_Severe_Cyclonic_Storm.png,BULBUL,2019,BULBUL_2019,train,2019-05-13 00:00:00 UTC,4.34,89.3,118.9,Very Severe Cyclonic Storm,eye_visible,True
834,mosdac_BULBUL_2019_0834_Very_Severe_Cyclonic_Storm.png,data/p2_mosdac_expanded/crops\mosdac_BULBUL_2019_0834_Very_Severe_Cyclonic_Storm.png,BULBUL,2019,BULBUL_2019,train,2019-05-13 03:00:00 UTC,4.45,89.3,121.1,Very Severe Cyclonic Storm,eye_visible,True
835,mosdac_BULBUL_2019_0835_Very_Severe_Cyclonic_Storm.png,data/p2_mosdac_expanded/crops\mosdac_BULBUL_2019_0835_Very_Severe_Cyclonic_Storm.png,BULBUL,2019,BULBUL_2019,train,2019-05-13 06:00:00 UTC,4.56,89.3,125.5,Very Severe Cyclonic Storm,eye_visible,True
836,mosdac_BULBUL_2019_0836_Very_Severe_Cyclonic_Storm.png,data/p2_mosdac_expanded/crops\mosdac_BULBUL_2019_0836_Very_Severe_Cyclonic_Storm.png,BULBUL,2019,BULBUL_2019,train,2019-05-13 09:00:00 UTC,4.64,89.31,126.6,Very Severe Cyclonic Storm,eye_visible,True
837,mosdac_BULBUL_2019_0837_Very_Severe_Cyclonic_Storm.png,data/p2_mosdac_expanded/crops\mosdac_BULBUL_2019_0837_Very_Severe_Cyclonic_Storm.png,BULBUL,2019,BULBUL_2019,train,2019-05-13 12:00:00 UTC,4.72,89.31,132.2,Very Severe Cyclonic Storm,eye_visible,True
838,mosdac_BULBUL_2019_0838_Very_Severe_Cyclonic_Storm.png,data/p2_mosdac_expanded/crops\mosdac_BULBUL_2019_0838_Very_Severe_Cyclonic_Storm.png,BULBUL,2019,BULBUL_2019,train,2019-05-13 15:00:00 UTC,4.8,89.32,129.3,Very Severe Cyclonic Storm,eye_visible,True
839,mosdac_BULBUL_2019_0839_Very_Severe_Cyclonic_Storm.png,data/p2_mosdac_expanded/crops\mosdac_BULBUL_2019_0839_Very_Severe_Cyclonic_Storm.png,BULBUL,2019,BULBUL_2019,train,2019-05-13 18:00:00 UTC,4.87,89.32,132.5,Very Severe Cyclonic Storm,eye_visible,True
840,mosdac_BULBUL_2019_0840_Very_Severe_Cyclonic_Storm.png,data/p2_mosdac_expanded/crops\mosdac_BULBUL_2019_0840_Very_Severe_Cyclonic_Storm.png,BULBUL,2019,BULBUL_2019,train,2019-05-13 21:00:00 UTC,4.92,89.33,134.2,Very Severe Cyclonic Storm,eye_visible,True
841,mosdac_BULBUL_2019_0841_Very_Severe_Cyclonic_Storm.png,data/p2_mosdac_expanded/crops\mosdac_BULBUL_2019_0841_Very_Severe_Cyclonic_Storm.png,BULBUL,2019,BULBUL_2019,train,2019-05-14 00:00:00 UTC,4.97,89.33,130.5,Very Severe Cyclonic Storm,eye_visible,True
842,mosdac_BULBUL_2019_0842_Very_Severe_Cyclonic_Storm.png,data/p2_mosdac_expanded/crops\mosdac_BULBUL_2019_0842_Very_Severe_Cyclonic_Storm.png,BULBUL,2019,BULBUL_2019,train,2019-05-14 03:00:00 UTC,5.02,89.34,136.8,Very Severe Cyclonic Storm,eye_visible,True
843,mosdac_BULBUL_2019_0843_Very_Severe_Cyclonic_Storm.png,data/p2_mosdac_expanded/crops\mosdac_BULBUL_2019_0843_Very_Severe_Cyclonic_Storm.png,BULBUL,2019,BULBUL_2019,train,2019-05-14 06:00:00 UTC,5.13,89.32,133.9,Very Severe Cyclonic Storm,eye_visible,True
844,mosdac_BULBUL_2019_0844_Very_Severe_Cyclonic_Storm.png,data/p2_mosdac_expanded/crops\mosdac_BULBUL_2019_0844_Very_Severe_Cyclonic_Storm.png,BULBUL,2019,BULBUL_2019,train,2019-05-14 09:00:00 UTC,5.25,89.3,141.0,Very Severe Cyclonic Storm,eye_visible,True
845,mosdac_BULBUL_2019_0845_Very_Severe_Cyclonic_Storm.png,data/p2_mosdac_expanded/crops\mosdac_BULBUL_2019_0845_Very_Severe_Cyclonic_Storm.png,BULBUL,2019,BULBUL_2019,train,2019-05-14 12:00:00 UTC,5.36,89.28,135.3,Very Severe Cyclonic Storm,eye_visible,True
846,mosdac_BULBUL_2019_0846_Very_Severe_Cyclonic_Storm.png,data/p2_mosdac_expanded/crops\mosdac_BULBUL_2019_0846_Very_Severe_Cyclonic_Storm.png,BULBUL,2019,BULBUL_2019,train,2019-05-14 15:00:00 UTC,5.49,89.26,138.0,Very Severe Cyclonic Storm,eye_visible,True
847,mosdac_BULBUL_2019_0847_Very_Severe_Cyclonic_Storm.png,data/p2_mosdac_expanded/crops\mosdac_BULBUL_2019_0847_Very_Severe_Cyclonic_Storm.png,BULBUL,2019,BULBUL_2019,train,2019-05-14 18:00:00 UTC,5.64,89.24,135.9,Very Severe Cyclonic Storm,eye_visible,True
848,mosdac_BULBUL_2019_0848_Very_Severe_Cyclonic_Storm.png,data/p2_mosdac_expanded/crops\mosdac_BULBUL_2019_0848_Very_Severe_Cyclonic_Storm.png,BULBUL,2019,BULBUL_2019,train,2019-05-14 21:00:00 UTC,5.78,89.22,143.6,Very Severe Cyclonic Storm,eye_visible,True
849,mosdac_BULBUL_2019_0849_Very_Severe_Cyclonic_Storm.png,data/p2_mosdac_expanded/crops\mosdac_BULBUL_2019_0849_Very_Severe_Cyclonic_Storm.png,BULBUL,2019,BULBUL_2019,train,2019-05-14 00:00:00 UTC,5.92,89.19,139.9,Very Severe Cyclonic Storm,eye_visible,True
850,mosdac_BULBUL_2019_0850_Very_Severe_Cyclonic_Storm.png,data/p2_mosdac_expanded/crops\mosdac_BULBUL_2019_0850_Very_Severe_Cyclonic_Storm.png,BULBUL,2019,BULBUL_2019,train,2019-05-14 03:00:00 UTC,6.04,89.11,140.7,Very Severe Cyclonic Storm,eye_visible,True
851,mosdac_BULBUL_2019_0851_Very_Severe_Cyclonic_Storm.png,data/p2_mosdac_expanded/crops\mosdac_BULBUL_2019_0851_Very_Severe_Cyclonic_Storm.png,BULBUL,2019,BULBUL_2019,train,2019-05-15 06:00:00 UTC,6.16,89.03,136.5,Very Severe Cyclonic Storm,eye_visible,True
852,mosdac_BULBUL_2019_0852_Very_Severe_Cyclonic_Storm.png,data/p2_mosdac_expanded/crops\mosdac_BULBUL_2019_0852_Very_Severe_Cyclonic_Storm.png,BULBUL,2019,BULBUL_2019,train,2019-05-15 09:00:00 UTC,6.28,88.96,141.9,Very Severe Cyclonic Storm,eye_visible,True
853,mosdac_BULBUL_2019_0853_Very_Severe_Cyclonic_Storm.png,data/p2_mosdac_expanded/crops\mosdac_BULBUL_2019_0853_Very_Severe_Cyclonic_Storm.png,BULBUL,2019,BULBUL_2019,train,2019-05-15 12:00:00 UTC,6.36,88.85,137.3,Very Severe Cyclonic Storm,eye_visible,True
854,mosdac_BULBUL_2019_0854_Very_Severe_Cyclonic_Storm.png,data/p2_mosdac_expanded/crops\mosdac_BULBUL_2019_0854_Very_Severe_Cyclonic_Storm.png,BULBUL,2019,BULBUL_2019,train,2019-05-15 15:00:00 UTC,6.42,88.75,142.4,Very Severe Cyclonic Storm,eye_visible,True
855,mosdac_BULBUL_2019_0855_Very_Severe_Cyclonic_Storm.png,data/p2_mosdac_expanded/crops\mosdac_BULBUL_2019_0855_Very_Severe_Cyclonic_Storm.png,BULBUL,2019,BULBUL_2019,train,2019-05-15 18:00:00 UTC,6.49,88.64,136.4,Very Severe Cyclonic Storm,eye_visible,True
856,mosdac_BULBUL_2019_0856_Very_Severe_Cyclonic_Storm.png,data/p2_mosdac_expanded/crops\mosdac_BULBUL_2019_0856_Very_Severe_Cyclonic_Storm.png,BULBUL,2019,BULBUL_2019,train,2019-05-15 21:00:00 UTC,6.55,88.54,135.6,Very Severe Cyclonic Storm,eye_visible,True
857,mosdac_BULBUL_2019_0857_Very_Severe_Cyclonic_Storm.png,data/p2_mosdac_expanded/crops\mosdac_BULBUL_2019_0857_Very_Severe_Cyclonic_Storm.png,BULBUL,2019,BULBUL_2019,train,2019-05-15 00:00:00 UTC,6.62,88.46,133.6,Very Severe Cyclonic Storm,eye_visible,True
858,mosdac_BULBUL_2019_0858_Very_Severe_Cyclonic_Storm.png,data/p2_mosdac_expanded/crops\mosdac_BULBUL_2019_0858_Very_Severe_Cyclonic_Storm.png,BULBUL,2019,BULBUL_2019,train,2019-05-15 03:00:00 UTC,6.68,88.37,136.2,Very Severe Cyclonic Storm,eye_visible,True
859,mosdac_BULBUL_2019_0859_Very_Severe_Cyclonic_Storm.png,data/p2_mosdac_expanded/crops\mosdac_BULBUL_2019_0859_Very_Severe_Cyclonic_Storm.png,BULBUL,2019,BULBUL_2019,train,2019-05-15 06:00:00 UTC,6.75,88.29,136.0,Very Severe Cyclonic Storm,eye_visible,True
860,mosdac_BULBUL_2019_0860_Very_Severe_Cyclonic_Storm.png,data/p2_mosdac_expanded/crops\mosdac_BULBUL_2019_0860_Very_Severe_Cyclonic_Storm.png,BULBUL,2019,BULBUL_2019,train,2019-05-15 09:00:00 UTC,6.85,88.26,130.9,Very Severe Cyclonic Storm,eye_visible,True
861,mosdac_BULBUL_2019_0861_Very_Severe_Cyclonic_Storm.png,data/p2_mosdac_expanded/crops\mosdac_BULBUL_2019_0861_Very_Severe_Cyclonic_Storm.png,BULBUL,2019,BULBUL_2019,train,2019-05-16 12:00:00 UTC,6.94,88.24,135.4,Very Severe Cyclonic Storm,eye_visible,True
862,mosdac_BULBUL_2019_0862_Very_Severe_Cyclonic_Storm.png,data/p2_mosdac_expanded/crops\mosdac_BULBUL_2019_0862_Very_Severe_Cyclonic_Storm.png,BULBUL,2019,BULBUL_2019,train,2019-05-16 15:00:00 UTC,7.04,88.21,131.5,Very Severe Cyclonic Storm,eye_visible,True
863,mosdac_BULBUL_2019_0863_Very_Severe_Cyclonic_Storm.png,data/p2_mosdac_expanded/crops\mosdac_BULBUL_2019_0863_Very_Severe_Cyclonic_Storm.png,BULBUL,2019,BULBUL_2019,train,2019-05-16 18:00:00 UTC,7.11,88.2,130.6,Very Severe Cyclonic Storm,eye_visible,True
864,mosdac_BULBUL_2019_0864_Very_Severe_Cyclonic_Storm.png,data/p2_mosdac_expanded/crops\mosdac_BULBUL_2019_0864_Very_Severe_Cyclonic_Storm.png,BULBUL,2019,BULBUL_2019,train,2019-05-16 21:00:00 UTC,7.15,88.2,128.4,Very Severe Cyclonic Storm,eye_visible,True
865,mosdac_BULBUL_2019_0865_Very_Severe_Cyclonic_Storm.png,data/p2_mosdac_expanded/crops\mosdac_BULBUL_2019_0865_Very_Severe_Cyclonic_Storm.png,BULBUL,2019,BULBUL_2019,train,2019-05-16 00:00:00 UTC,7.19,88.2,126.4,Very Severe Cyclonic Storm,eye_visible,True
866,mosdac_BULBUL_2019_0866_Very_Severe_Cyclonic_Storm.png,data/p2_mosdac_expanded/crops\mosdac_BULBUL_2019_0866_Very_Severe_Cyclonic_Storm.png,BULBUL,2019,BULBUL_2019,train,2019-05-16 03:00:00 UTC,7.23,88.2,126.0,Very Severe Cyclonic Storm,eye_visible,True
867,mosdac_BULBUL_2019_0867_Very_Severe_Cyclonic_Storm.png,data/p2_mosdac_expanded/crops\mosdac_BULBUL_2019_0867_Very_Severe_Cyclonic_Storm.png,BULBUL,2019,BULBUL_2019,train,2019-05-16 06:00:00 UTC,7.3,88.2,120.9,Very Severe Cyclonic Storm,eye_visible,True
868,mosdac_BULBUL_2019_0868_Very_Severe_Cyclonic_Storm.png,data/p2_mosdac_expanded/crops\mosdac_BULBUL_2019_0868_Very_Severe_Cyclonic_Storm.png,BULBUL,2019,BULBUL_2019,train,2019-05-16 09:00:00 UTC,7.37,88.19,119.3,Very Severe Cyclonic Storm,eye_visible,True
869,mosdac_BULBUL_2019_0869_Very_Severe_Cyclonic_Storm.png,data/p2_mosdac_expanded/crops\mosdac_BULBUL_2019_0869_Very_Severe_Cyclonic_Storm.png,BULBUL,2019,BULBUL_2019,train,2019-05-16 12:00:00 UTC,7.43,88.19,122.7,Very Severe Cyclonic Storm,eye_visible,True
870,mosdac_BULBUL_2019_0870_Very_Severe_Cyclonic_Storm.png,data/p2_mosdac_expanded/crops\mosdac_BULBUL_2019_0870_Very_Severe_Cyclonic_Storm.png,BULBUL,2019,BULBUL_2019,train,2019-05-16 15:00:00 UTC,7.5,88.14,121.3,Very Severe Cyclonic Storm,eye_visible,True
871,mosdac_BULBUL_2019_0871_Severe_Cyclonic_Storm.png,data/p2_mosdac_expanded/crops\mosdac_BULBUL_2019_0871_Severe_Cyclonic_Storm.png,BULBUL,2019,BULBUL_2019,train,2019-05-17 18:00:00 UTC,7.57,88.07,114.6,Severe Cyclonic Storm,curved_band,True
872,mosdac_BULBUL_2019_0872_Severe_Cyclonic_Storm.png,data/p2_mosdac_expanded/crops\mosdac_BULBUL_2019_0872_Severe_Cyclonic_Storm.png,BULBUL,2019,BULBUL_2019,train,2019-05-17 21:00:00 UTC,7.63,88.01,111.6,Severe Cyclonic Storm,curved_band,True
873,mosdac_BULBUL_2019_0873_Severe_Cyclonic_Storm.png,data/p2_mosdac_expanded/crops\mosdac_BULBUL_2019_0873_Severe_Cyclonic_Storm.png,BULBUL,2019,BULBUL_2019,train,2019-05-17 00:00:00 UTC,7.72,87.93,112.3,Severe Cyclonic Storm,curved_band,True
874,mosdac_BULBUL_2019_0874_Severe_Cyclonic_Storm.png,data/p2_mosdac_expanded/crops\mosdac_BULBUL_2019_0874_Severe_Cyclonic_Storm.png,BULBUL,2019,BULBUL_2019,train,2019-05-17 03:00:00 UTC,7.84,87.84,108.2,Severe Cyclonic Storm,curved_band,True
875,mosdac_BULBUL_2019_0875_Severe_Cyclonic_Storm.png,data/p2_mosdac_expanded/crops\mosdac_BULBUL_2019_0875_Severe_Cyclonic_Storm.png,BULBUL,2019,BULBUL_2019,train,2019-05-17 06:00:00 UTC,7.96,87.74,102.7,Severe Cyclonic Storm,curved_band,True
876,mosdac_BULBUL_2019_0876_Severe_Cyclonic_Storm.png,data/p2_mosdac_expanded/crops\mosdac_BULBUL_2019_0876_Severe_Cyclonic_Storm.png,BULBUL,2019,BULBUL_2019,train,2019-05-17 09:00:00 UTC,8.08,87.64,101.4,Severe Cyclonic Storm,curved_band,True
877,mosdac_BULBUL_2019_0877_Severe_Cyclonic_Storm.png,data/p2_mosdac_expanded/crops\mosdac_BULBUL_2019_0877_Severe_Cyclonic_Storm.png,BULBUL,2019,BULBUL_2019,train,2019-05-17 12:00:00 UTC,8.12,87.6,103.5,Severe Cyclonic Storm,curved_band,True
878,mosdac_BULBUL_2019_0878_Severe_Cyclonic_Storm.png,data/p2_mosdac_expanded/crops\mosdac_BULBUL_2019_0878_Severe_Cyclonic_Storm.png,BULBUL,2019,BULBUL_2019,train,2019-05-17 15:00:00 UTC,8.15,87.56,100.6,Severe Cyclonic Storm,curved_band,True
879,mosdac_BULBUL_2019_0879_Severe_Cyclonic_Storm.png,data/p2_mosdac_expanded/crops\mosdac_BULBUL_2019_0879_Severe_Cyclonic_Storm.png,BULBUL,2019,BULBUL_2019,train,2019-05-17 18:00:00 UTC,8.18,87.52,93.0,Severe Cyclonic Storm,curved_band,True
880,mosdac_BULBUL_2019_0880_Severe_Cyclonic_Storm.png,data/p2_mosdac_expanded/crops\mosdac_BULBUL_2019_0880_Severe_Cyclonic_Storm.png,BULBUL,2019,BULBUL_2019,train,2019-05-17 21:00:00 UTC,8.21,87.5,92.1,Severe Cyclonic Storm,curved_band,True
881,mosdac_BULBUL_2019_0881_Severe_Cyclonic_Storm.png,data/p2_mosdac_expanded/crops\mosdac_BULBUL_2019_0881_Severe_Cyclonic_Storm.png,BULBUL,2019,BULBUL_2019,train,2019-05-18 00:00:00 UTC,8.24,87.49,89.7,Severe Cyclonic Storm,curved_band,True
882,mosdac_BULBUL_2019_0882_Severe_Cyclonic_Storm.png,data/p2_mosdac_expanded/crops\mosdac_BULBUL_2019_0882_Severe_Cyclonic_Storm.png,BULBUL,2019,BULBUL_2019,train,2019-05-18 03:00:00 UTC,8.27,87.48,90.8,Severe Cyclonic Storm,curved_band,True
883,mosdac_BULBUL_2019_0883_Cyclonic_Storm.png,data/p2_mosdac_expanded/crops\mosdac_BULBUL_2019_0883_Cyclonic_Storm.png,BULBUL,2019,BULBUL_2019,train,2019-05-18 06:00:00 UTC,8.3,87.46,83.1,Cyclonic Storm,curved_band,True
884,mosdac_BULBUL_2019_0884_Cyclonic_Storm.png,data/p2_mosdac_expanded/crops\mosdac_BULBUL_2019_0884_Cyclonic_Storm.png,BULBUL,2019,BULBUL_2019,train,2019-05-18 09:00:00 UTC,8.35,87.43,81.3,Cyclonic Storm,curved_band,True
885,mosdac_BULBUL_2019_0885_Cyclonic_Storm.png,data/p2_mosdac_expanded/crops\mosdac_BULBUL_2019_0885_Cyclonic_Storm.png,BULBUL,2019,BULBUL_2019,train,2019-05-18 12:00:00 UTC,8.41,87.39,84.5,Cyclonic Storm,curved_band,True
886,mosdac_BULBUL_2019_0886_Cyclonic_Storm.png,data/p2_mosdac_expanded/crops\mosdac_BULBUL_2019_0886_Cyclonic_Storm.png,BULBUL,2019,BULBUL_2019,train,2019-05-18 15:00:00 UTC,8.46,87.35,77.1,Cyclonic Storm,curved_band,True
887,mosdac_BULBUL_2019_0887_Cyclonic_Storm.png,data/p2_mosdac_expanded/crops\mosdac_BULBUL_2019_0887_Cyclonic_Storm.png,BULBUL,2019,BULBUL_2019,train,2019-05-18 18:00:00 UTC,8.51,87.33,78.5,Cyclonic Storm,curved_band,True
888,mosdac_BULBUL_2019_0888_Cyclonic_Storm.png,data/p2_mosdac_expanded/crops\mosdac_BULBUL_2019_0888_Cyclonic_Storm.png,BULBUL,2019,BULBUL_2019,train,2019-05-18 21:00:00 UTC,8.56,87.33,72.9,Cyclonic Storm,curved_band,True
889,mosdac_BULBUL_2019_0889_Cyclonic_Storm.png,data/p2_mosdac_expanded/crops\mosdac_BULBUL_2019_0889_Cyclonic_Storm.png,BULBUL,2019,BULBUL_2019,train,2019-05-18 00:00:00 UTC,8.61,87.32,69.6,Cyclonic Storm,curved_band,True
890,mosdac_BULBUL_2019_0890_Cyclonic_Storm.png,data/p2_mosdac_expanded/crops\mosdac_BULBUL_2019_0890_Cyclonic_Storm.png,BULBUL,2019,BULBUL_2019,train,2019-05-18 03:00:00 UTC,8.66,87.3,68.6,Cyclonic Storm,curved_band,True
891,mosdac_BULBUL_2019_0891_Cyclonic_Storm.png,data/p2_mosdac_expanded/crops\mosdac_BULBUL_2019_0891_Cyclonic_Storm.png,BULBUL,2019,BULBUL_2019,train,2019-05-19 06:00:00 UTC,8.71,87.24,70.3,Cyclonic Storm,curved_band,True
892,mosdac_BULBUL_2019_0892_Cyclonic_Storm.png,data/p2_mosdac_expanded/crops\mosdac_BULBUL_2019_0892_Cyclonic_Storm.png,BULBUL,2019,BULBUL_2019,train,2019-05-19 09:00:00 UTC,8.76,87.17,69.4,Cyclonic Storm,curved_band,True
893,mosdac_BULBUL_2019_0893_Cyclonic_Storm.png,data/p2_mosdac_expanded/crops\mosdac_BULBUL_2019_0893_Cyclonic_Storm.png,BULBUL,2019,BULBUL_2019,train,2019-05-19 12:00:00 UTC,8.81,87.11,67.3,Cyclonic Storm,curved_band,True
894,mosdac_BULBUL_2019_0894_Cyclonic_Storm.png,data/p2_mosdac_expanded/crops\mosdac_BULBUL_2019_0894_Cyclonic_Storm.png,BULBUL,2019,BULBUL_2019,train,2019-05-19 15:00:00 UTC,8.93,87.1,62.1,Cyclonic Storm,curved_band,True
895,mosdac_BULBUL_2019_0895_Cyclonic_Storm.png,data/p2_mosdac_expanded/crops\mosdac_BULBUL_2019_0895_Cyclonic_Storm.png,BULBUL,2019,BULBUL_2019,train,2019-05-19 18:00:00 UTC,9.07,87.1,62.6,Cyclonic Storm,curved_band,True
896,mosdac_BULBUL_2019_0896_Deep_Depression.png,data/p2_mosdac_expanded/crops\mosdac_BULBUL_2019_0896_Deep_Depression.png,BULBUL,2019,BULBUL_2019,train,2019-05-19 21:00:00 UTC,9.21,87.1,57.4,Deep Depression,shear_pattern,True
897,mosdac_BULBUL_2019_0897_Deep_Depression.png,data/p2_mosdac_expanded/crops\mosdac_BULBUL_2019_0897_Deep_Depression.png,BULBUL,2019,BULBUL_2019,train,2019-05-19 00:00:00 UTC,9.34,87.09,56.8,Deep Depression,shear_pattern,True
898,mosdac_BULBUL_2019_0898_Deep_Depression.png,data/p2_mosdac_expanded/crops\mosdac_BULBUL_2019_0898_Deep_Depression.png,BULBUL,2019,BULBUL_2019,train,2019-05-19 03:00:00 UTC,9.48,87.06,60.5,Deep Depression,shear_pattern,True
899,mosdac_BULBUL_2019_0899_Deep_Depression.png,data/p2_mosdac_expanded/crops\mosdac_BULBUL_2019_0899_Deep_Depression.png,BULBUL,2019,BULBUL_2019,train,2019-05-19 06:00:00 UTC,9.62,87.04,52.6,Deep Depression,shear_pattern,True
900,mosdac_BULBUL_2019_0900_Deep_Depression.png,data/p2_mosdac_expanded/crops\mosdac_BULBUL_2019_0900_Deep_Depression.png,BULBUL,2019,BULBUL_2019,train,2019-05-19 09:00:00 UTC,9.75,87.01,52.7,Deep Depression,shear_pattern,True
901,mosdac_GAJA_2018_0901_Deep_Depression.png,data/p2_mosdac_expanded/crops\mosdac_GAJA_2018_0901_Deep_Depression.png,GAJA,2018,GAJA_2018,train,2018-05-10 00:00:00 UTC,11.7,92.6,53.7,Deep Depression,shear_pattern,True
902,mosdac_GAJA_2018_0902_Deep_Depression.png,data/p2_mosdac_expanded/crops\mosdac_GAJA_2018_0902_Deep_Depression.png,GAJA,2018,GAJA_2018,train,2018-05-10 03:00:00 UTC,11.94,92.22,52.7,Deep Depression,shear_pattern,True
903,mosdac_GAJA_2018_0903_Deep_Depression.png,data/p2_mosdac_expanded/crops\mosdac_GAJA_2018_0903_Deep_Depression.png,GAJA,2018,GAJA_2018,train,2018-05-10 06:00:00 UTC,12.17,91.79,54.8,Deep Depression,shear_pattern,True
904,mosdac_GAJA_2018_0904_Deep_Depression.png,data/p2_mosdac_expanded/crops\mosdac_GAJA_2018_0904_Deep_Depression.png,GAJA,2018,GAJA_2018,train,2018-05-10 09:00:00 UTC,12.44,91.3,59.1,Deep Depression,shear_pattern,True
905,mosdac_GAJA_2018_0905_Deep_Depression.png,data/p2_mosdac_expanded/crops\mosdac_GAJA_2018_0905_Deep_Depression.png,GAJA,2018,GAJA_2018,train,2018-05-10 12:00:00 UTC,12.75,90.78,59.2,Deep Depression,shear_pattern,True
906,mosdac_GAJA_2018_0906_Cyclonic_Storm.png,data/p2_mosdac_expanded/crops\mosdac_GAJA_2018_0906_Cyclonic_Storm.png,GAJA,2018,GAJA_2018,train,2018-05-10 15:00:00 UTC,12.91,90.39,64.4,Cyclonic Storm,curved_band,True
907,mosdac_GAJA_2018_0907_Cyclonic_Storm.png,data/p2_mosdac_expanded/crops\mosdac_GAJA_2018_0907_Cyclonic_Storm.png,GAJA,2018,GAJA_2018,train,2018-05-10 18:00:00 UTC,13.07,90.06,65.5,Cyclonic Storm,curved_band,True
908,mosdac_GAJA_2018_0908_Cyclonic_Storm.png,data/p2_mosdac_expanded/crops\mosdac_GAJA_2018_0908_Cyclonic_Storm.png,GAJA,2018,GAJA_2018,train,2018-05-10 21:00:00 UTC,13.19,89.79,63.4,Cyclonic Storm,curved_band,True
909,mosdac_GAJA_2018_0909_Cyclonic_Storm.png,data/p2_mosdac_expanded/crops\mosdac_GAJA_2018_0909_Cyclonic_Storm.png,GAJA,2018,GAJA_2018,train,2018-05-10 00:00:00 UTC,13.28,89.55,64.6,Cyclonic Storm,curved_band,True
910,mosdac_GAJA_2018_0910_Cyclonic_Storm.png,data/p2_mosdac_expanded/crops\mosdac_GAJA_2018_0910_Cyclonic_Storm.png,GAJA,2018,GAJA_2018,train,2018-05-10 03:00:00 UTC,13.44,89.32,67.6,Cyclonic Storm,curved_band,True
911,mosdac_GAJA_2018_0911_Cyclonic_Storm.png,data/p2_mosdac_expanded/crops\mosdac_GAJA_2018_0911_Cyclonic_Storm.png,GAJA,2018,GAJA_2018,train,2018-05-11 06:00:00 UTC,13.48,89.02,71.4,Cyclonic Storm,curved_band,True
912,mosdac_GAJA_2018_0912_Cyclonic_Storm.png,data/p2_mosdac_expanded/crops\mosdac_GAJA_2018_0912_Cyclonic_Storm.png,GAJA,2018,GAJA_2018,train,2018-05-11 09:00:00 UTC,13.49,88.75,70.9,Cyclonic Storm,curved_band,True
913,mosdac_GAJA_2018_0913_Cyclonic_Storm.png,data/p2_mosdac_expanded/crops\mosdac_GAJA_2018_0913_Cyclonic_Storm.png,GAJA,2018,GAJA_2018,train,2018-05-11 12:00:00 UTC,13.49,88.49,76.0,Cyclonic Storm,curved_band,True
914,mosdac_GAJA_2018_0914_Cyclonic_Storm.png,data/p2_mosdac_expanded/crops\mosdac_GAJA_2018_0914_Cyclonic_Storm.png,GAJA,2018,GAJA_2018,train,2018-05-11 15:00:00 UTC,13.5,88.1,76.6,Cyclonic Storm,curved_band,True
915,mosdac_GAJA_2018_0915_Cyclonic_Storm.png,data/p2_mosdac_expanded/crops\mosdac_GAJA_2018_0915_Cyclonic_Storm.png,GAJA,2018,GAJA_2018,train,2018-05-11 18:00:00 UTC,13.44,87.84,80.1,Cyclonic Storm,curved_band,True
916,mosdac_GAJA_2018_0916_Cyclonic_Storm.png,data/p2_mosdac_expanded/crops\mosdac_GAJA_2018_0916_Cyclonic_Storm.png,GAJA,2018,GAJA_2018,train,2018-05-11 21:00:00 UTC,13.36,87.63,81.5,Cyclonic Storm,curved_band,True
917,mosdac_GAJA_2018_0917_Cyclonic_Storm.png,data/p2_mosdac_expanded/crops\mosdac_GAJA_2018_0917_Cyclonic_Storm.png,GAJA,2018,GAJA_2018,train,2018-05-11 00:00:00 UTC,13.29,87.47,82.8,Cyclonic Storm,curved_band,True
918,mosdac_GAJA_2018_0918_Severe_Cyclonic_Storm.png,data/p2_mosdac_expanded/crops\mosdac_GAJA_2018_0918_Severe_Cyclonic_Storm.png,GAJA,2018,GAJA_2018,train,2018-05-11 03:00:00 UTC,13.21,87.31,90.5,Severe Cyclonic Storm,curved_band,True
919,mosdac_GAJA_2018_0919_Severe_Cyclonic_Storm.png,data/p2_mosdac_expanded/crops\mosdac_GAJA_2018_0919_Severe_Cyclonic_Storm.png,GAJA,2018,GAJA_2018,train,2018-05-11 06:00:00 UTC,13.2,87.21,91.5,Severe Cyclonic Storm,curved_band,True
920,mosdac_GAJA_2018_0920_Cyclonic_Storm.png,data/p2_mosdac_expanded/crops\mosdac_GAJA_2018_0920_Cyclonic_Storm.png,GAJA,2018,GAJA_2018,train,2018-05-11 09:00:00 UTC,13.12,87.17,89.0,Cyclonic Storm,curved_band,True
921,mosdac_GAJA_2018_0921_Severe_Cyclonic_Storm.png,data/p2_mosdac_expanded/crops\mosdac_GAJA_2018_0921_Severe_Cyclonic_Storm.png,GAJA,2018,GAJA_2018,train,2018-05-12 12:00:00 UTC,12.96,87.16,97.3,Severe Cyclonic Storm,curved_band,True
922,mosdac_GAJA_2018_0922_Severe_Cyclonic_Storm.png,data/p2_mosdac_expanded/crops\mosdac_GAJA_2018_0922_Severe_Cyclonic_Storm.png,GAJA,2018,GAJA_2018,train,2018-05-12 15:00:00 UTC,12.8,87.15,96.7,Severe Cyclonic Storm,curved_band,True
923,mosdac_GAJA_2018_0923_Severe_Cyclonic_Storm.png,data/p2_mosdac_expanded/crops\mosdac_GAJA_2018_0923_Severe_Cyclonic_Storm.png,GAJA,2018,GAJA_2018,train,2018-05-12 18:00:00 UTC,12.71,87.21,102.4,Severe Cyclonic Storm,curved_band,True
924,mosdac_GAJA_2018_0924_Severe_Cyclonic_Storm.png,data/p2_mosdac_expanded/crops\mosdac_GAJA_2018_0924_Severe_Cyclonic_Storm.png,GAJA,2018,GAJA_2018,train,2018-05-12 21:00:00 UTC,12.72,87.23,104.1,Severe Cyclonic Storm,curved_band,True
925,mosdac_GAJA_2018_0925_Severe_Cyclonic_Storm.png,data/p2_mosdac_expanded/crops\mosdac_GAJA_2018_0925_Severe_Cyclonic_Storm.png,GAJA,2018,GAJA_2018,train,2018-05-12 00:00:00 UTC,12.79,87.28,103.6,Severe Cyclonic Storm,curved_band,True
926,mosdac_GAJA_2018_0926_Severe_Cyclonic_Storm.png,data/p2_mosdac_expanded/crops\mosdac_GAJA_2018_0926_Severe_Cyclonic_Storm.png,GAJA,2018,GAJA_2018,train,2018-05-12 03:00:00 UTC,12.85,87.5,102.7,Severe Cyclonic Storm,curved_band,True
927,mosdac_GAJA_2018_0927_Severe_Cyclonic_Storm.png,data/p2_mosdac_expanded/crops\mosdac_GAJA_2018_0927_Severe_Cyclonic_Storm.png,GAJA,2018,GAJA_2018,train,2018-05-12 06:00:00 UTC,12.99,87.51,107.0,Severe Cyclonic Storm,curved_band,True
928,mosdac_GAJA_2018_0928_Severe_Cyclonic_Storm.png,data/p2_mosdac_expanded/crops\mosdac_GAJA_2018_0928_Severe_Cyclonic_Storm.png,GAJA,2018,GAJA_2018,train,2018-05-12 09:00:00 UTC,13.18,87.51,111.5,Severe Cyclonic Storm,curved_band,True
929,mosdac_GAJA_2018_0929_Severe_Cyclonic_Storm.png,data/p2_mosdac_expanded/crops\mosdac_GAJA_2018_0929_Severe_Cyclonic_Storm.png,GAJA,2018,GAJA_2018,train,2018-05-12 12:00:00 UTC,13.35,87.46,114.5,Severe Cyclonic Storm,curved_band,True
930,mosdac_GAJA_2018_0930_Severe_Cyclonic_Storm.png,data/p2_mosdac_expanded/crops\mosdac_GAJA_2018_0930_Severe_Cyclonic_Storm.png,GAJA,2018,GAJA_2018,train,2018-05-12 15:00:00 UTC,13.42,87.31,113.7,Severe Cyclonic Storm,curved_band,True
931,mosdac_GAJA_2018_0931_Severe_Cyclonic_Storm.png,data/p2_mosdac_expanded/crops\mosdac_GAJA_2018_0931_Severe_Cyclonic_Storm.png,GAJA,2018,GAJA_2018,train,2018-05-13 18:00:00 UTC,13.56,87.16,114.9,Severe Cyclonic Storm,curved_band,True
932,mosdac_GAJA_2018_0932_Very_Severe_Cyclonic_Storm.png,data/p2_mosdac_expanded/crops\mosdac_GAJA_2018_0932_Very_Severe_Cyclonic_Storm.png,GAJA,2018,GAJA_2018,train,2018-05-13 21:00:00 UTC,13.6,87.0,122.5,Very Severe Cyclonic Storm,eye_visible,True
933,mosdac_GAJA_2018_0933_Very_Severe_Cyclonic_Storm.png,data/p2_mosdac_expanded/crops\mosdac_GAJA_2018_0933_Very_Severe_Cyclonic_Storm.png,GAJA,2018,GAJA_2018,train,2018-05-13 00:00:00 UTC,13.62,86.8,125.7,Very Severe Cyclonic Storm,eye_visible,True
934,mosdac_GAJA_2018_0934_Very_Severe_Cyclonic_Storm.png,data/p2_mosdac_expanded/crops\mosdac_GAJA_2018_0934_Very_Severe_Cyclonic_Storm.png,GAJA,2018,GAJA_2018,train,2018-05-13 03:00:00 UTC,13.68,86.5,123.9,Very Severe Cyclonic Storm,eye_visible,True
935,mosdac_GAJA_2018_0935_Very_Severe_Cyclonic_Storm.png,data/p2_mosdac_expanded/crops\mosdac_GAJA_2018_0935_Very_Severe_Cyclonic_Storm.png,GAJA,2018,GAJA_2018,train,2018-05-13 06:00:00 UTC,13.6,86.28,122.9,Very Severe Cyclonic Storm,eye_visible,True
936,mosdac_GAJA_2018_0936_Very_Severe_Cyclonic_Storm.png,data/p2_mosdac_expanded/crops\mosdac_GAJA_2018_0936_Very_Severe_Cyclonic_Storm.png,GAJA,2018,GAJA_2018,train,2018-05-13 09:00:00 UTC,13.51,86.1,125.4,Very Severe Cyclonic Storm,eye_visible,True
937,mosdac_GAJA_2018_0937_Very_Severe_Cyclonic_Storm.png,data/p2_mosdac_expanded/crops\mosdac_GAJA_2018_0937_Very_Severe_Cyclonic_Storm.png,GAJA,2018,GAJA_2018,train,2018-05-13 12:00:00 UTC,13.43,85.96,125.0,Very Severe Cyclonic Storm,eye_visible,True
938,mosdac_GAJA_2018_0938_Very_Severe_Cyclonic_Storm.png,data/p2_mosdac_expanded/crops\mosdac_GAJA_2018_0938_Very_Severe_Cyclonic_Storm.png,GAJA,2018,GAJA_2018,train,2018-05-13 15:00:00 UTC,13.34,85.81,133.7,Very Severe Cyclonic Storm,eye_visible,True
939,mosdac_GAJA_2018_0939_Very_Severe_Cyclonic_Storm.png,data/p2_mosdac_expanded/crops\mosdac_GAJA_2018_0939_Very_Severe_Cyclonic_Storm.png,GAJA,2018,GAJA_2018,train,2018-05-13 18:00:00 UTC,13.26,85.66,128.8,Very Severe Cyclonic Storm,eye_visible,True
940,mosdac_GAJA_2018_0940_Very_Severe_Cyclonic_Storm.png,data/p2_mosdac_expanded/crops\mosdac_GAJA_2018_0940_Very_Severe_Cyclonic_Storm.png,GAJA,2018,GAJA_2018,train,2018-05-13 21:00:00 UTC,13.18,85.52,133.8,Very Severe Cyclonic Storm,eye_visible,True
941,mosdac_GAJA_2018_0941_Very_Severe_Cyclonic_Storm.png,data/p2_mosdac_expanded/crops\mosdac_GAJA_2018_0941_Very_Severe_Cyclonic_Storm.png,GAJA,2018,GAJA_2018,train,2018-05-14 00:00:00 UTC,13.09,85.4,132.6,Very Severe Cyclonic Storm,eye_visible,True
942,mosdac_GAJA_2018_0942_Very_Severe_Cyclonic_Storm.png,data/p2_mosdac_expanded/crops\mosdac_GAJA_2018_0942_Very_Severe_Cyclonic_Storm.png,GAJA,2018,GAJA_2018,train,2018-05-14 03:00:00 UTC,13.01,85.33,135.9,Very Severe Cyclonic Storm,eye_visible,True
943,mosdac_GAJA_2018_0943_Very_Severe_Cyclonic_Storm.png,data/p2_mosdac_expanded/crops\mosdac_GAJA_2018_0943_Very_Severe_Cyclonic_Storm.png,GAJA,2018,GAJA_2018,train,2018-05-14 06:00:00 UTC,12.93,85.19,137.7,Very Severe Cyclonic Storm,eye_visible,True
944,mosdac_GAJA_2018_0944_Very_Severe_Cyclonic_Storm.png,data/p2_mosdac_expanded/crops\mosdac_GAJA_2018_0944_Very_Severe_Cyclonic_Storm.png,GAJA,2018,GAJA_2018,train,2018-05-14 09:00:00 UTC,12.79,85.04,140.0,Very Severe Cyclonic Storm,eye_visible,True
945,mosdac_GAJA_2018_0945_Very_Severe_Cyclonic_Storm.png,data/p2_mosdac_expanded/crops\mosdac_GAJA_2018_0945_Very_Severe_Cyclonic_Storm.png,GAJA,2018,GAJA_2018,train,2018-05-14 12:00:00 UTC,12.64,84.87,135.7,Very Severe Cyclonic Storm,eye_visible,True
946,mosdac_GAJA_2018_0946_Very_Severe_Cyclonic_Storm.png,data/p2_mosdac_expanded/crops\mosdac_GAJA_2018_0946_Very_Severe_Cyclonic_Storm.png,GAJA,2018,GAJA_2018,train,2018-05-14 15:00:00 UTC,12.48,84.65,134.8,Very Severe Cyclonic Storm,eye_visible,True
947,mosdac_GAJA_2018_0947_Very_Severe_Cyclonic_Storm.png,data/p2_mosdac_expanded/crops\mosdac_GAJA_2018_0947_Very_Severe_Cyclonic_Storm.png,GAJA,2018,GAJA_2018,train,2018-05-14 18:00:00 UTC,12.33,84.43,136.3,Very Severe Cyclonic Storm,eye_visible,True
948,mosdac_GAJA_2018_0948_Very_Severe_Cyclonic_Storm.png,data/p2_mosdac_expanded/crops\mosdac_GAJA_2018_0948_Very_Severe_Cyclonic_Storm.png,GAJA,2018,GAJA_2018,train,2018-05-14 21:00:00 UTC,12.18,84.28,142.8,Very Severe Cyclonic Storm,eye_visible,True
949,mosdac_GAJA_2018_0949_Very_Severe_Cyclonic_Storm.png,data/p2_mosdac_expanded/crops\mosdac_GAJA_2018_0949_Very_Severe_Cyclonic_Storm.png,GAJA,2018,GAJA_2018,train,2018-05-14 00:00:00 UTC,12.03,84.1,142.8,Very Severe Cyclonic Storm,eye_visible,True
950,mosdac_GAJA_2018_0950_Very_Severe_Cyclonic_Storm.png,data/p2_mosdac_expanded/crops\mosdac_GAJA_2018_0950_Very_Severe_Cyclonic_Storm.png,GAJA,2018,GAJA_2018,train,2018-05-14 03:00:00 UTC,11.88,83.87,140.8,Very Severe Cyclonic Storm,eye_visible,True
951,mosdac_GAJA_2018_0951_Very_Severe_Cyclonic_Storm.png,data/p2_mosdac_expanded/crops\mosdac_GAJA_2018_0951_Very_Severe_Cyclonic_Storm.png,GAJA,2018,GAJA_2018,train,2018-05-15 06:00:00 UTC,11.73,83.58,140.8,Very Severe Cyclonic Storm,eye_visible,True
952,mosdac_GAJA_2018_0952_Very_Severe_Cyclonic_Storm.png,data/p2_mosdac_expanded/crops\mosdac_GAJA_2018_0952_Very_Severe_Cyclonic_Storm.png,GAJA,2018,GAJA_2018,train,2018-05-15 09:00:00 UTC,11.52,83.28,141.2,Very Severe Cyclonic Storm,eye_visible,True
953,mosdac_GAJA_2018_0953_Very_Severe_Cyclonic_Storm.png,data/p2_mosdac_expanded/crops\mosdac_GAJA_2018_0953_Very_Severe_Cyclonic_Storm.png,GAJA,2018,GAJA_2018,train,2018-05-15 12:00:00 UTC,11.37,82.99,137.0,Very Severe Cyclonic Storm,eye_visible,True
954,mosdac_GAJA_2018_0954_Very_Severe_Cyclonic_Storm.png,data/p2_mosdac_expanded/crops\mosdac_GAJA_2018_0954_Very_Severe_Cyclonic_Storm.png,GAJA,2018,GAJA_2018,train,2018-05-15 15:00:00 UTC,11.3,82.68,142.5,Very Severe Cyclonic Storm,eye_visible,True
955,mosdac_GAJA_2018_0955_Very_Severe_Cyclonic_Storm.png,data/p2_mosdac_expanded/crops\mosdac_GAJA_2018_0955_Very_Severe_Cyclonic_Storm.png,GAJA,2018,GAJA_2018,train,2018-05-15 18:00:00 UTC,11.23,82.31,138.1,Very Severe Cyclonic Storm,eye_visible,True
956,mosdac_GAJA_2018_0956_Very_Severe_Cyclonic_Storm.png,data/p2_mosdac_expanded/crops\mosdac_GAJA_2018_0956_Very_Severe_Cyclonic_Storm.png,GAJA,2018,GAJA_2018,train,2018-05-15 21:00:00 UTC,11.1,81.87,137.2,Very Severe Cyclonic Storm,eye_visible,True
957,mosdac_GAJA_2018_0957_Very_Severe_Cyclonic_Storm.png,data/p2_mosdac_expanded/crops\mosdac_GAJA_2018_0957_Very_Severe_Cyclonic_Storm.png,GAJA,2018,GAJA_2018,train,2018-05-15 00:00:00 UTC,10.95,81.51,137.5,Very Severe Cyclonic Storm,eye_visible,True
958,mosdac_GAJA_2018_0958_Very_Severe_Cyclonic_Storm.png,data/p2_mosdac_expanded/crops\mosdac_GAJA_2018_0958_Very_Severe_Cyclonic_Storm.png,GAJA,2018,GAJA_2018,train,2018-05-15 03:00:00 UTC,10.81,81.19,132.8,Very Severe Cyclonic Storm,eye_visible,True
959,mosdac_GAJA_2018_0959_Very_Severe_Cyclonic_Storm.png,data/p2_mosdac_expanded/crops\mosdac_GAJA_2018_0959_Very_Severe_Cyclonic_Storm.png,GAJA,2018,GAJA_2018,train,2018-05-15 06:00:00 UTC,10.67,80.82,132.8,Very Severe Cyclonic Storm,eye_visible,True
960,mosdac_GAJA_2018_0960_Very_Severe_Cyclonic_Storm.png,data/p2_mosdac_expanded/crops\mosdac_GAJA_2018_0960_Very_Severe_Cyclonic_Storm.png,GAJA,2018,GAJA_2018,train,2018-05-15 09:00:00 UTC,10.59,80.51,136.3,Very Severe Cyclonic Storm,eye_visible,True
961,mosdac_GAJA_2018_0961_Very_Severe_Cyclonic_Storm.png,data/p2_mosdac_expanded/crops\mosdac_GAJA_2018_0961_Very_Severe_Cyclonic_Storm.png,GAJA,2018,GAJA_2018,train,2018-05-16 12:00:00 UTC,10.53,80.12,129.8,Very Severe Cyclonic Storm,eye_visible,True
962,mosdac_GAJA_2018_0962_Very_Severe_Cyclonic_Storm.png,data/p2_mosdac_expanded/crops\mosdac_GAJA_2018_0962_Very_Severe_Cyclonic_Storm.png,GAJA,2018,GAJA_2018,train,2018-05-16 15:00:00 UTC,10.48,79.67,132.7,Very Severe Cyclonic Storm,eye_visible,True
963,mosdac_GAJA_2018_0963_Very_Severe_Cyclonic_Storm.png,data/p2_mosdac_expanded/crops\mosdac_GAJA_2018_0963_Very_Severe_Cyclonic_Storm.png,GAJA,2018,GAJA_2018,train,2018-05-16 18:00:00 UTC,10.49,79.22,128.4,Very Severe Cyclonic Storm,eye_visible,True
964,mosdac_GAJA_2018_0964_Very_Severe_Cyclonic_Storm.png,data/p2_mosdac_expanded/crops\mosdac_GAJA_2018_0964_Very_Severe_Cyclonic_Storm.png,GAJA,2018,GAJA_2018,train,2018-05-16 21:00:00 UTC,10.43,78.76,128.0,Very Severe Cyclonic Storm,eye_visible,True
965,mosdac_GAJA_2018_0965_Very_Severe_Cyclonic_Storm.png,data/p2_mosdac_expanded/crops\mosdac_GAJA_2018_0965_Very_Severe_Cyclonic_Storm.png,GAJA,2018,GAJA_2018,train,2018-05-16 00:00:00 UTC,10.46,78.16,125.6,Very Severe Cyclonic Storm,eye_visible,True
966,mosdac_GAJA_2018_0966_Very_Severe_Cyclonic_Storm.png,data/p2_mosdac_expanded/crops\mosdac_GAJA_2018_0966_Very_Severe_Cyclonic_Storm.png,GAJA,2018,GAJA_2018,train,2018-05-16 03:00:00 UTC,10.47,77.53,124.4,Very Severe Cyclonic Storm,eye_visible,True
967,mosdac_GAJA_2018_0967_Very_Severe_Cyclonic_Storm.png,data/p2_mosdac_expanded/crops\mosdac_GAJA_2018_0967_Very_Severe_Cyclonic_Storm.png,GAJA,2018,GAJA_2018,train,2018-05-16 06:00:00 UTC,10.33,77.0,125.5,Very Severe Cyclonic Storm,eye_visible,True
968,mosdac_GAJA_2018_0968_Very_Severe_Cyclonic_Storm.png,data/p2_mosdac_expanded/crops\mosdac_GAJA_2018_0968_Very_Severe_Cyclonic_Storm.png,GAJA,2018,GAJA_2018,train,2018-05-16 09:00:00 UTC,10.11,76.54,120.2,Very Severe Cyclonic Storm,eye_visible,True
969,mosdac_GAJA_2018_0969_Very_Severe_Cyclonic_Storm.png,data/p2_mosdac_expanded/crops\mosdac_GAJA_2018_0969_Very_Severe_Cyclonic_Storm.png,GAJA,2018,GAJA_2018,train,2018-05-16 12:00:00 UTC,10.0,76.13,120.3,Very Severe Cyclonic Storm,eye_visible,True
970,mosdac_GAJA_2018_0970_Severe_Cyclonic_Storm.png,data/p2_mosdac_expanded/crops\mosdac_GAJA_2018_0970_Severe_Cyclonic_Storm.png,GAJA,2018,GAJA_2018,train,2018-05-16 15:00:00 UTC,9.93,75.75,117.6,Severe Cyclonic Storm,curved_band,True
971,mosdac_GAJA_2018_0971_Severe_Cyclonic_Storm.png,data/p2_mosdac_expanded/crops\mosdac_GAJA_2018_0971_Severe_Cyclonic_Storm.png,GAJA,2018,GAJA_2018,train,2018-05-17 18:00:00 UTC,9.86,75.36,116.9,Severe Cyclonic Storm,curved_band,True
972,mosdac_GAJA_2018_0972_Severe_Cyclonic_Storm.png,data/p2_mosdac_expanded/crops\mosdac_GAJA_2018_0972_Severe_Cyclonic_Storm.png,GAJA,2018,GAJA_2018,train,2018-05-17 21:00:00 UTC,9.79,74.9,116.9,Severe Cyclonic Storm,curved_band,True
973,mosdac_GAJA_2018_0973_Severe_Cyclonic_Storm.png,data/p2_mosdac_expanded/crops\mosdac_GAJA_2018_0973_Severe_Cyclonic_Storm.png,GAJA,2018,GAJA_2018,train,2018-05-17 00:00:00 UTC,9.78,74.49,113.0,Severe Cyclonic Storm,curved_band,True
974,mosdac_GAJA_2018_0974_Severe_Cyclonic_Storm.png,data/p2_mosdac_expanded/crops\mosdac_GAJA_2018_0974_Severe_Cyclonic_Storm.png,GAJA,2018,GAJA_2018,train,2018-05-17 03:00:00 UTC,9.79,74.04,106.6,Severe Cyclonic Storm,curved_band,True
975,mosdac_GAJA_2018_0975_Severe_Cyclonic_Storm.png,data/p2_mosdac_expanded/crops\mosdac_GAJA_2018_0975_Severe_Cyclonic_Storm.png,GAJA,2018,GAJA_2018,train,2018-05-17 06:00:00 UTC,9.8,73.51,102.8,Severe Cyclonic Storm,curved_band,True
976,mosdac_GAJA_2018_0976_Severe_Cyclonic_Storm.png,data/p2_mosdac_expanded/crops\mosdac_GAJA_2018_0976_Severe_Cyclonic_Storm.png,GAJA,2018,GAJA_2018,train,2018-05-17 09:00:00 UTC,9.88,73.13,102.3,Severe Cyclonic Storm,curved_band,True
977,mosdac_GAJA_2018_0977_Severe_Cyclonic_Storm.png,data/p2_mosdac_expanded/crops\mosdac_GAJA_2018_0977_Severe_Cyclonic_Storm.png,GAJA,2018,GAJA_2018,train,2018-05-17 12:00:00 UTC,9.95,72.68,102.5,Severe Cyclonic Storm,curved_band,True
978,mosdac_GAJA_2018_0978_Severe_Cyclonic_Storm.png,data/p2_mosdac_expanded/crops\mosdac_GAJA_2018_0978_Severe_Cyclonic_Storm.png,GAJA,2018,GAJA_2018,train,2018-05-17 15:00:00 UTC,10.03,72.22,95.7,Severe Cyclonic Storm,curved_band,True
979,mosdac_GAJA_2018_0979_Severe_Cyclonic_Storm.png,data/p2_mosdac_expanded/crops\mosdac_GAJA_2018_0979_Severe_Cyclonic_Storm.png,GAJA,2018,GAJA_2018,train,2018-05-17 18:00:00 UTC,10.11,71.75,96.8,Severe Cyclonic Storm,curved_band,True
980,mosdac_GAJA_2018_0980_Severe_Cyclonic_Storm.png,data/p2_mosdac_expanded/crops\mosdac_GAJA_2018_0980_Severe_Cyclonic_Storm.png,GAJA,2018,GAJA_2018,train,2018-05-17 21:00:00 UTC,10.18,71.29,95.1,Severe Cyclonic Storm,curved_band,True
981,mosdac_GAJA_2018_0981_Severe_Cyclonic_Storm.png,data/p2_mosdac_expanded/crops\mosdac_GAJA_2018_0981_Severe_Cyclonic_Storm.png,GAJA,2018,GAJA_2018,train,2018-05-18 00:00:00 UTC,10.26,70.88,90.5,Severe Cyclonic Storm,curved_band,True
982,mosdac_GAJA_2018_0982_Severe_Cyclonic_Storm.png,data/p2_mosdac_expanded/crops\mosdac_GAJA_2018_0982_Severe_Cyclonic_Storm.png,GAJA,2018,GAJA_2018,train,2018-05-18 03:00:00 UTC,10.33,70.49,91.6,Severe Cyclonic Storm,curved_band,True
983,mosdac_GAJA_2018_0983_Cyclonic_Storm.png,data/p2_mosdac_expanded/crops\mosdac_GAJA_2018_0983_Cyclonic_Storm.png,GAJA,2018,GAJA_2018,train,2018-05-18 06:00:00 UTC,10.41,70.12,83.8,Cyclonic Storm,curved_band,True
984,mosdac_GAJA_2018_0984_Cyclonic_Storm.png,data/p2_mosdac_expanded/crops\mosdac_GAJA_2018_0984_Cyclonic_Storm.png,GAJA,2018,GAJA_2018,train,2018-05-18 09:00:00 UTC,10.48,69.81,81.1,Cyclonic Storm,curved_band,True
985,mosdac_GAJA_2018_0985_Cyclonic_Storm.png,data/p2_mosdac_expanded/crops\mosdac_GAJA_2018_0985_Cyclonic_Storm.png,GAJA,2018,GAJA_2018,train,2018-05-18 12:00:00 UTC,10.55,69.56,83.9,Cyclonic Storm,curved_band,True
986,mosdac_GAJA_2018_0986_Cyclonic_Storm.png,data/p2_mosdac_expanded/crops\mosdac_GAJA_2018_0986_Cyclonic_Storm.png,GAJA,2018,GAJA_2018,train,2018-05-18 15:00:00 UTC,10.58,69.28,79.6,Cyclonic Storm,curved_band,True
987,mosdac_GAJA_2018_0987_Cyclonic_Storm.png,data/p2_mosdac_expanded/crops\mosdac_GAJA_2018_0987_Cyclonic_Storm.png,GAJA,2018,GAJA_2018,train,2018-05-18 18:00:00 UTC,10.59,68.99,78.8,Cyclonic Storm,curved_band,True
988,mosdac_GAJA_2018_0988_Cyclonic_Storm.png,data/p2_mosdac_expanded/crops\mosdac_GAJA_2018_0988_Cyclonic_Storm.png,GAJA,2018,GAJA_2018,train,2018-05-18 21:00:00 UTC,10.66,68.75,74.5,Cyclonic Storm,curved_band,True
989,mosdac_GAJA_2018_0989_Cyclonic_Storm.png,data/p2_mosdac_expanded/crops\mosdac_GAJA_2018_0989_Cyclonic_Storm.png,GAJA,2018,GAJA_2018,train,2018-05-18 00:00:00 UTC,10.66,68.52,70.8,Cyclonic Storm,curved_band,True
990,mosdac_GAJA_2018_0990_Cyclonic_Storm.png,data/p2_mosdac_expanded/crops\mosdac_GAJA_2018_0990_Cyclonic_Storm.png,GAJA,2018,GAJA_2018,train,2018-05-18 03:00:00 UTC,10.65,68.2,73.2,Cyclonic Storm,curved_band,True
991,mosdac_GAJA_2018_0991_Cyclonic_Storm.png,data/p2_mosdac_expanded/crops\mosdac_GAJA_2018_0991_Cyclonic_Storm.png,GAJA,2018,GAJA_2018,train,2018-05-19 06:00:00 UTC,10.66,67.82,71.0,Cyclonic Storm,curved_band,True
992,mosdac_GAJA_2018_0992_Cyclonic_Storm.png,data/p2_mosdac_expanded/crops\mosdac_GAJA_2018_0992_Cyclonic_Storm.png,GAJA,2018,GAJA_2018,train,2018-05-19 09:00:00 UTC,10.73,67.44,68.1,Cyclonic Storm,curved_band,True
993,mosdac_GAJA_2018_0993_Cyclonic_Storm.png,data/p2_mosdac_expanded/crops\mosdac_GAJA_2018_0993_Cyclonic_Storm.png,GAJA,2018,GAJA_2018,train,2018-05-19 12:00:00 UTC,10.72,67.12,62.9,Cyclonic Storm,curved_band,True
994,mosdac_GAJA_2018_0994_Cyclonic_Storm.png,data/p2_mosdac_expanded/crops\mosdac_GAJA_2018_0994_Cyclonic_Storm.png,GAJA,2018,GAJA_2018,train,2018-05-19 15:00:00 UTC,10.76,66.77,63.6,Cyclonic Storm,curved_band,True
995,mosdac_GAJA_2018_0995_Deep_Depression.png,data/p2_mosdac_expanded/crops\mosdac_GAJA_2018_0995_Deep_Depression.png,GAJA,2018,GAJA_2018,train,2018-05-19 18:00:00 UTC,10.82,66.44,60.2,Deep Depression,shear_pattern,True
996,mosdac_GAJA_2018_0996_Deep_Depression.png,data/p2_mosdac_expanded/crops\mosdac_GAJA_2018_0996_Deep_Depression.png,GAJA,2018,GAJA_2018,train,2018-05-19 21:00:00 UTC,10.89,66.21,56.5,Deep Depression,shear_pattern,True
997,mosdac_GAJA_2018_0997_Deep_Depression.png,data/p2_mosdac_expanded/crops\mosdac_GAJA_2018_0997_Deep_Depression.png,GAJA,2018,GAJA_2018,train,2018-05-19 00:00:00 UTC,10.96,65.84,61.8,Deep Depression,shear_pattern,True
998,mosdac_GAJA_2018_0998_Deep_Depression.png,data/p2_mosdac_expanded/crops\mosdac_GAJA_2018_0998_Deep_Depression.png,GAJA,2018,GAJA_2018,train,2018-05-19 03:00:00 UTC,11.07,65.51,54.4,Deep Depression,shear_pattern,True
999,mosdac_GAJA_2018_0999_Deep_Depression.png,data/p2_mosdac_expanded/crops\mosdac_GAJA_2018_0999_Deep_Depression.png,GAJA,2018,GAJA_2018,train,2018-05-19 06:00:00 UTC,11.16,65.21,60.1,Deep Depression,shear_pattern,True
1000,mosdac_GAJA_2018_1000_Deep_Depression.png,data/p2_mosdac_expanded/crops\mosdac_GAJA_2018_1000_Deep_Depression.png,GAJA,2018,GAJA_2018,train,2018-05-19 09:00:00 UTC,11.15,64.91,55.6,Deep Depression,shear_pattern,True
1001,mosdac_YAAS_2021_1001_Deep_Depression.png,data/p2_mosdac_expanded/crops\mosdac_YAAS_2021_1001_Deep_Depression.png,YAAS,2021,YAAS_2021,val,2021-05-10 00:00:00 UTC,15.5,90.1,53.5,Deep Depression,shear_pattern,True
1002,mosdac_YAAS_2021_1002_Deep_Depression.png,data/p2_mosdac_expanded/crops\mosdac_YAAS_2021_1002_Deep_Depression.png,YAAS,2021,YAAS_2021,val,2021-05-10 03:00:00 UTC,15.47,90.06,56.8,Deep Depression,shear_pattern,True
1003,mosdac_YAAS_2021_1003_Deep_Depression.png,data/p2_mosdac_expanded/crops\mosdac_YAAS_2021_1003_Deep_Depression.png,YAAS,2021,YAAS_2021,val,2021-05-10 06:00:00 UTC,15.44,90.02,60.3,Deep Depression,shear_pattern,True
1004,mosdac_YAAS_2021_1004_Deep_Depression.png,data/p2_mosdac_expanded/crops\mosdac_YAAS_2021_1004_Deep_Depression.png,YAAS,2021,YAAS_2021,val,2021-05-10 09:00:00 UTC,15.46,89.98,60.3,Deep Depression,shear_pattern,True
1005,mosdac_YAAS_2021_1005_Cyclonic_Storm.png,data/p2_mosdac_expanded/crops\mosdac_YAAS_2021_1005_Cyclonic_Storm.png,YAAS,2021,YAAS_2021,val,2021-05-10 12:00:00 UTC,15.55,89.94,62.2,Cyclonic Storm,curved_band,True
1006,mosdac_YAAS_2021_1006_Cyclonic_Storm.png,data/p2_mosdac_expanded/crops\mosdac_YAAS_2021_1006_Cyclonic_Storm.png,YAAS,2021,YAAS_2021,val,2021-05-10 15:00:00 UTC,15.63,89.9,62.5,Cyclonic Storm,curved_band,True
1007,mosdac_YAAS_2021_1007_Cyclonic_Storm.png,data/p2_mosdac_expanded/crops\mosdac_YAAS_2021_1007_Cyclonic_Storm.png,YAAS,2021,YAAS_2021,val,2021-05-10 18:00:00 UTC,15.66,89.85,64.5,Cyclonic Storm,curved_band,True
1008,mosdac_YAAS_2021_1008_Cyclonic_Storm.png,data/p2_mosdac_expanded/crops\mosdac_YAAS_2021_1008_Cyclonic_Storm.png,YAAS,2021,YAAS_2021,val,2021-05-10 21:00:00 UTC,15.66,89.81,67.5,Cyclonic Storm,curved_band,True
1009,mosdac_YAAS_2021_1009_Cyclonic_Storm.png,data/p2_mosdac_expanded/crops\mosdac_YAAS_2021_1009_Cyclonic_Storm.png,YAAS,2021,YAAS_2021,val,2021-05-10 00:00:00 UTC,15.68,89.76,64.6,Cyclonic Storm,curved_band,True
1010,mosdac_YAAS_2021_1010_Cyclonic_Storm.png,data/p2_mosdac_expanded/crops\mosdac_YAAS_2021_1010_Cyclonic_Storm.png,YAAS,2021,YAAS_2021,val,2021-05-10 03:00:00 UTC,15.72,89.72,68.5,Cyclonic Storm,curved_band,True
1011,mosdac_YAAS_2021_1011_Cyclonic_Storm.png,data/p2_mosdac_expanded/crops\mosdac_YAAS_2021_1011_Cyclonic_Storm.png,YAAS,2021,YAAS_2021,val,2021-05-11 06:00:00 UTC,15.77,89.67,68.4,Cyclonic Storm,curved_band,True
1012,mosdac_YAAS_2021_1012_Cyclonic_Storm.png,data/p2_mosdac_expanded/crops\mosdac_YAAS_2021_1012_Cyclonic_Storm.png,YAAS,2021,YAAS_2021,val,2021-05-11 09:00:00 UTC,15.81,89.62,76.7,Cyclonic Storm,curved_band,True
1013,mosdac_YAAS_2021_1013_Cyclonic_Storm.png,data/p2_mosdac_expanded/crops\mosdac_YAAS_2021_1013_Cyclonic_Storm.png,YAAS,2021,YAAS_2021,val,2021-05-11 12:00:00 UTC,15.85,89.58,78.6,Cyclonic Storm,curved_band,True
1014,mosdac_YAAS_2021_1014_Cyclonic_Storm.png,data/p2_mosdac_expanded/crops\mosdac_YAAS_2021_1014_Cyclonic_Storm.png,YAAS,2021,YAAS_2021,val,2021-05-11 15:00:00 UTC,15.9,89.53,73.6,Cyclonic Storm,curved_band,True
1015,mosdac_YAAS_2021_1015_Cyclonic_Storm.png,data/p2_mosdac_expanded/crops\mosdac_YAAS_2021_1015_Cyclonic_Storm.png,YAAS,2021,YAAS_2021,val,2021-05-11 18:00:00 UTC,15.9,89.52,81.3,Cyclonic Storm,curved_band,True
1016,mosdac_YAAS_2021_1016_Cyclonic_Storm.png,data/p2_mosdac_expanded/crops\mosdac_YAAS_2021_1016_Cyclonic_Storm.png,YAAS,2021,YAAS_2021,val,2021-05-11 21:00:00 UTC,15.9,89.51,85.5,Cyclonic Storm,curved_band,True
1017,mosdac_YAAS_2021_1017_Cyclonic_Storm.png,data/p2_mosdac_expanded/crops\mosdac_YAAS_2021_1017_Cyclonic_Storm.png,YAAS,2021,YAAS_2021,val,2021-05-11 00:00:00 UTC,15.93,89.51,81.9,Cyclonic Storm,curved_band,True
1018,mosdac_YAAS_2021_1018_Cyclonic_Storm.png,data/p2_mosdac_expanded/crops\mosdac_YAAS_2021_1018_Cyclonic_Storm.png,YAAS,2021,YAAS_2021,val,2021-05-11 03:00:00 UTC,16.0,89.54,87.5,Cyclonic Storm,curved_band,True
1019,mosdac_YAAS_2021_1019_Severe_Cyclonic_Storm.png,data/p2_mosdac_expanded/crops\mosdac_YAAS_2021_1019_Severe_Cyclonic_Storm.png,YAAS,2021,YAAS_2021,val,2021-05-11 06:00:00 UTC,16.08,89.57,92.7,Severe Cyclonic Storm,curved_band,True
1020,mosdac_YAAS_2021_1020_Cyclonic_Storm.png,data/p2_mosdac_expanded/crops\mosdac_YAAS_2021_1020_Cyclonic_Storm.png,YAAS,2021,YAAS_2021,val,2021-05-11 09:00:00 UTC,16.12,89.63,88.1,Cyclonic Storm,curved_band,True
1021,mosdac_YAAS_2021_1021_Severe_Cyclonic_Storm.png,data/p2_mosdac_expanded/crops\mosdac_YAAS_2021_1021_Severe_Cyclonic_Storm.png,YAAS,2021,YAAS_2021,val,2021-05-12 12:00:00 UTC,16.16,89.69,95.9,Severe Cyclonic Storm,curved_band,True
1022,mosdac_YAAS_2021_1022_Severe_Cyclonic_Storm.png,data/p2_mosdac_expanded/crops\mosdac_YAAS_2021_1022_Severe_Cyclonic_Storm.png,YAAS,2021,YAAS_2021,val,2021-05-12 15:00:00 UTC,16.21,89.74,95.2,Severe Cyclonic Storm,curved_band,True
1023,mosdac_YAAS_2021_1023_Severe_Cyclonic_Storm.png,data/p2_mosdac_expanded/crops\mosdac_YAAS_2021_1023_Severe_Cyclonic_Storm.png,YAAS,2021,YAAS_2021,val,2021-05-12 18:00:00 UTC,16.36,89.7,102.7,Severe Cyclonic Storm,curved_band,True
1024,mosdac_YAAS_2021_1024_Severe_Cyclonic_Storm.png,data/p2_mosdac_expanded/crops\mosdac_YAAS_2021_1024_Severe_Cyclonic_Storm.png,YAAS,2021,YAAS_2021,val,2021-05-12 21:00:00 UTC,16.51,89.65,105.5,Severe Cyclonic Storm,curved_band,True
1025,mosdac_YAAS_2021_1025_Severe_Cyclonic_Storm.png,data/p2_mosdac_expanded/crops\mosdac_YAAS_2021_1025_Severe_Cyclonic_Storm.png,YAAS,2021,YAAS_2021,val,2021-05-12 00:00:00 UTC,16.59,89.61,107.7,Severe Cyclonic Storm,curved_band,True
1026,mosdac_YAAS_2021_1026_Severe_Cyclonic_Storm.png,data/p2_mosdac_expanded/crops\mosdac_YAAS_2021_1026_Severe_Cyclonic_Storm.png,YAAS,2021,YAAS_2021,val,2021-05-12 03:00:00 UTC,16.62,89.56,106.3,Severe Cyclonic Storm,curved_band,True
1027,mosdac_YAAS_2021_1027_Severe_Cyclonic_Storm.png,data/p2_mosdac_expanded/crops\mosdac_YAAS_2021_1027_Severe_Cyclonic_Storm.png,YAAS,2021,YAAS_2021,val,2021-05-12 06:00:00 UTC,16.65,89.52,111.8,Severe Cyclonic Storm,curved_band,True
1028,mosdac_YAAS_2021_1028_Severe_Cyclonic_Storm.png,data/p2_mosdac_expanded/crops\mosdac_YAAS_2021_1028_Severe_Cyclonic_Storm.png,YAAS,2021,YAAS_2021,val,2021-05-12 09:00:00 UTC,16.75,89.51,113.9,Severe Cyclonic Storm,curved_band,True
1029,mosdac_YAAS_2021_1029_Severe_Cyclonic_Storm.png,data/p2_mosdac_expanded/crops\mosdac_YAAS_2021_1029_Severe_Cyclonic_Storm.png,YAAS,2021,YAAS_2021,val,2021-05-12 12:00:00 UTC,16.86,89.51,112.0,Severe Cyclonic Storm,curved_band,True
1030,mosdac_YAAS_2021_1030_Very_Severe_Cyclonic_Storm.png,data/p2_mosdac_expanded/crops\mosdac_YAAS_2021_1030_Very_Severe_Cyclonic_Storm.png,YAAS,2021,YAAS_2021,val,2021-05-12 15:00:00 UTC,16.96,89.48,118.3,Very Severe Cyclonic Storm,eye_visible,True
1031,mosdac_YAAS_2021_1031_Severe_Cyclonic_Storm.png,data/p2_mosdac_expanded/crops\mosdac_YAAS_2021_1031_Severe_Cyclonic_Storm.png,YAAS,2021,YAAS_2021,val,2021-05-13 18:00:00 UTC,17.07,89.4,114.1,Severe Cyclonic Storm,curved_band,True
1032,mosdac_YAAS_2021_1032_Very_Severe_Cyclonic_Storm.png,data/p2_mosdac_expanded/crops\mosdac_YAAS_2021_1032_Very_Severe_Cyclonic_Storm.png,YAAS,2021,YAAS_2021,val,2021-05-13 21:00:00 UTC,17.17,89.32,120.6,Very Severe Cyclonic Storm,eye_visible,True
1033,mosdac_YAAS_2021_1033_Very_Severe_Cyclonic_Storm.png,data/p2_mosdac_expanded/crops\mosdac_YAAS_2021_1033_Very_Severe_Cyclonic_Storm.png,YAAS,2021,YAAS_2021,val,2021-05-13 00:00:00 UTC,17.25,89.24,119.6,Very Severe Cyclonic Storm,eye_visible,True
1034,mosdac_YAAS_2021_1034_Very_Severe_Cyclonic_Storm.png,data/p2_mosdac_expanded/crops\mosdac_YAAS_2021_1034_Very_Severe_Cyclonic_Storm.png,YAAS,2021,YAAS_2021,val,2021-05-13 03:00:00 UTC,17.32,89.17,120.7,Very Severe Cyclonic Storm,eye_visible,True
1035,mosdac_YAAS_2021_1035_Very_Severe_Cyclonic_Storm.png,data/p2_mosdac_expanded/crops\mosdac_YAAS_2021_1035_Very_Severe_Cyclonic_Storm.png,YAAS,2021,YAAS_2021,val,2021-05-13 06:00:00 UTC,17.38,89.09,122.1,Very Severe Cyclonic Storm,eye_visible,True
1036,mosdac_YAAS_2021_1036_Very_Severe_Cyclonic_Storm.png,data/p2_mosdac_expanded/crops\mosdac_YAAS_2021_1036_Very_Severe_Cyclonic_Storm.png,YAAS,2021,YAAS_2021,val,2021-05-13 09:00:00 UTC,17.45,89.02,128.8,Very Severe Cyclonic Storm,eye_visible,True
1037,mosdac_YAAS_2021_1037_Very_Severe_Cyclonic_Storm.png,data/p2_mosdac_expanded/crops\mosdac_YAAS_2021_1037_Very_Severe_Cyclonic_Storm.png,YAAS,2021,YAAS_2021,val,2021-05-13 12:00:00 UTC,17.52,88.95,127.6,Very Severe Cyclonic Storm,eye_visible,True
1038,mosdac_YAAS_2021_1038_Very_Severe_Cyclonic_Storm.png,data/p2_mosdac_expanded/crops\mosdac_YAAS_2021_1038_Very_Severe_Cyclonic_Storm.png,YAAS,2021,YAAS_2021,val,2021-05-13 15:00:00 UTC,17.59,88.89,132.2,Very Severe Cyclonic Storm,eye_visible,True
1039,mosdac_YAAS_2021_1039_Very_Severe_Cyclonic_Storm.png,data/p2_mosdac_expanded/crops\mosdac_YAAS_2021_1039_Very_Severe_Cyclonic_Storm.png,YAAS,2021,YAAS_2021,val,2021-05-13 18:00:00 UTC,17.66,88.86,128.4,Very Severe Cyclonic Storm,eye_visible,True
1040,mosdac_YAAS_2021_1040_Very_Severe_Cyclonic_Storm.png,data/p2_mosdac_expanded/crops\mosdac_YAAS_2021_1040_Very_Severe_Cyclonic_Storm.png,YAAS,2021,YAAS_2021,val,2021-05-13 21:00:00 UTC,17.73,88.83,131.7,Very Severe Cyclonic Storm,eye_visible,True
1041,mosdac_YAAS_2021_1041_Very_Severe_Cyclonic_Storm.png,data/p2_mosdac_expanded/crops\mosdac_YAAS_2021_1041_Very_Severe_Cyclonic_Storm.png,YAAS,2021,YAAS_2021,val,2021-05-14 00:00:00 UTC,17.83,88.73,134.7,Very Severe Cyclonic Storm,eye_visible,True
1042,mosdac_YAAS_2021_1042_Very_Severe_Cyclonic_Storm.png,data/p2_mosdac_expanded/crops\mosdac_YAAS_2021_1042_Very_Severe_Cyclonic_Storm.png,YAAS,2021,YAAS_2021,val,2021-05-14 03:00:00 UTC,17.94,88.62,137.8,Very Severe Cyclonic Storm,eye_visible,True
1043,mosdac_YAAS_2021_1043_Very_Severe_Cyclonic_Storm.png,data/p2_mosdac_expanded/crops\mosdac_YAAS_2021_1043_Very_Severe_Cyclonic_Storm.png,YAAS,2021,YAAS_2021,val,2021-05-14 06:00:00 UTC,18.05,88.53,135.0,Very Severe Cyclonic Storm,eye_visible,True
1044,mosdac_YAAS_2021_1044_Very_Severe_Cyclonic_Storm.png,data/p2_mosdac_expanded/crops\mosdac_YAAS_2021_1044_Very_Severe_Cyclonic_Storm.png,YAAS,2021,YAAS_2021,val,2021-05-14 09:00:00 UTC,18.16,88.46,138.4,Very Severe Cyclonic Storm,eye_visible,True
1045,mosdac_YAAS_2021_1045_Very_Severe_Cyclonic_Storm.png,data/p2_mosdac_expanded/crops\mosdac_YAAS_2021_1045_Very_Severe_Cyclonic_Storm.png,YAAS,2021,YAAS_2021,val,2021-05-14 12:00:00 UTC,18.27,88.39,141.2,Very Severe Cyclonic Storm,eye_visible,True
1046,mosdac_YAAS_2021_1046_Very_Severe_Cyclonic_Storm.png,data/p2_mosdac_expanded/crops\mosdac_YAAS_2021_1046_Very_Severe_Cyclonic_Storm.png,YAAS,2021,YAAS_2021,val,2021-05-14 15:00:00 UTC,18.41,88.32,139.6,Very Severe Cyclonic Storm,eye_visible,True
1047,mosdac_YAAS_2021_1047_Very_Severe_Cyclonic_Storm.png,data/p2_mosdac_expanded/crops\mosdac_YAAS_2021_1047_Very_Severe_Cyclonic_Storm.png,YAAS,2021,YAAS_2021,val,2021-05-14 18:00:00 UTC,18.56,88.26,137.1,Very Severe Cyclonic Storm,eye_visible,True
1048,mosdac_YAAS_2021_1048_Very_Severe_Cyclonic_Storm.png,data/p2_mosdac_expanded/crops\mosdac_YAAS_2021_1048_Very_Severe_Cyclonic_Storm.png,YAAS,2021,YAAS_2021,val,2021-05-14 21:00:00 UTC,18.71,88.2,135.8,Very Severe Cyclonic Storm,eye_visible,True
1049,mosdac_YAAS_2021_1049_Very_Severe_Cyclonic_Storm.png,data/p2_mosdac_expanded/crops\mosdac_YAAS_2021_1049_Very_Severe_Cyclonic_Storm.png,YAAS,2021,YAAS_2021,val,2021-05-14 00:00:00 UTC,18.83,88.21,142.8,Very Severe Cyclonic Storm,eye_visible,True
1050,mosdac_YAAS_2021_1050_Very_Severe_Cyclonic_Storm.png,data/p2_mosdac_expanded/crops\mosdac_YAAS_2021_1050_Very_Severe_Cyclonic_Storm.png,YAAS,2021,YAAS_2021,val,2021-05-14 03:00:00 UTC,18.94,88.22,136.2,Very Severe Cyclonic Storm,eye_visible,True
1051,mosdac_YAAS_2021_1051_Very_Severe_Cyclonic_Storm.png,data/p2_mosdac_expanded/crops\mosdac_YAAS_2021_1051_Very_Severe_Cyclonic_Storm.png,YAAS,2021,YAAS_2021,val,2021-05-15 06:00:00 UTC,19.08,88.23,143.0,Very Severe Cyclonic Storm,eye_visible,True
1052,mosdac_YAAS_2021_1052_Very_Severe_Cyclonic_Storm.png,data/p2_mosdac_expanded/crops\mosdac_YAAS_2021_1052_Very_Severe_Cyclonic_Storm.png,YAAS,2021,YAAS_2021,val,2021-05-15 09:00:00 UTC,19.24,88.24,140.1,Very Severe Cyclonic Storm,eye_visible,True
1053,mosdac_YAAS_2021_1053_Very_Severe_Cyclonic_Storm.png,data/p2_mosdac_expanded/crops\mosdac_YAAS_2021_1053_Very_Severe_Cyclonic_Storm.png,YAAS,2021,YAAS_2021,val,2021-05-15 12:00:00 UTC,19.4,88.25,143.1,Very Severe Cyclonic Storm,eye_visible,True
1054,mosdac_YAAS_2021_1054_Very_Severe_Cyclonic_Storm.png,data/p2_mosdac_expanded/crops\mosdac_YAAS_2021_1054_Very_Severe_Cyclonic_Storm.png,YAAS,2021,YAAS_2021,val,2021-05-15 15:00:00 UTC,19.55,88.19,141.6,Very Severe Cyclonic Storm,eye_visible,True
1055,mosdac_YAAS_2021_1055_Very_Severe_Cyclonic_Storm.png,data/p2_mosdac_expanded/crops\mosdac_YAAS_2021_1055_Very_Severe_Cyclonic_Storm.png,YAAS,2021,YAAS_2021,val,2021-05-15 18:00:00 UTC,19.71,88.12,142.7,Very Severe Cyclonic Storm,eye_visible,True
1056,mosdac_YAAS_2021_1056_Very_Severe_Cyclonic_Storm.png,data/p2_mosdac_expanded/crops\mosdac_YAAS_2021_1056_Very_Severe_Cyclonic_Storm.png,YAAS,2021,YAAS_2021,val,2021-05-15 21:00:00 UTC,19.87,88.05,136.9,Very Severe Cyclonic Storm,eye_visible,True
1057,mosdac_YAAS_2021_1057_Very_Severe_Cyclonic_Storm.png,data/p2_mosdac_expanded/crops\mosdac_YAAS_2021_1057_Very_Severe_Cyclonic_Storm.png,YAAS,2021,YAAS_2021,val,2021-05-15 00:00:00 UTC,20.03,87.98,139.5,Very Severe Cyclonic Storm,eye_visible,True
1058,mosdac_YAAS_2021_1058_Very_Severe_Cyclonic_Storm.png,data/p2_mosdac_expanded/crops\mosdac_YAAS_2021_1058_Very_Severe_Cyclonic_Storm.png,YAAS,2021,YAAS_2021,val,2021-05-15 03:00:00 UTC,20.2,87.91,135.7,Very Severe Cyclonic Storm,eye_visible,True
1059,mosdac_YAAS_2021_1059_Very_Severe_Cyclonic_Storm.png,data/p2_mosdac_expanded/crops\mosdac_YAAS_2021_1059_Very_Severe_Cyclonic_Storm.png,YAAS,2021,YAAS_2021,val,2021-05-15 06:00:00 UTC,20.28,87.86,135.3,Very Severe Cyclonic Storm,eye_visible,True
1060,mosdac_YAAS_2021_1060_Very_Severe_Cyclonic_Storm.png,data/p2_mosdac_expanded/crops\mosdac_YAAS_2021_1060_Very_Severe_Cyclonic_Storm.png,YAAS,2021,YAAS_2021,val,2021-05-15 09:00:00 UTC,20.33,87.83,135.4,Very Severe Cyclonic Storm,eye_visible,True
1061,mosdac_YAAS_2021_1061_Very_Severe_Cyclonic_Storm.png,data/p2_mosdac_expanded/crops\mosdac_YAAS_2021_1061_Very_Severe_Cyclonic_Storm.png,YAAS,2021,YAAS_2021,val,2021-05-16 12:00:00 UTC,20.38,87.79,136.2,Very Severe Cyclonic Storm,eye_visible,True
1062,mosdac_YAAS_2021_1062_Very_Severe_Cyclonic_Storm.png,data/p2_mosdac_expanded/crops\mosdac_YAAS_2021_1062_Very_Severe_Cyclonic_Storm.png,YAAS,2021,YAAS_2021,val,2021-05-16 15:00:00 UTC,20.46,87.76,135.7,Very Severe Cyclonic Storm,eye_visible,True
1063,mosdac_YAAS_2021_1063_Very_Severe_Cyclonic_Storm.png,data/p2_mosdac_expanded/crops\mosdac_YAAS_2021_1063_Very_Severe_Cyclonic_Storm.png,YAAS,2021,YAAS_2021,val,2021-05-16 18:00:00 UTC,20.55,87.72,132.6,Very Severe Cyclonic Storm,eye_visible,True
1064,mosdac_YAAS_2021_1064_Very_Severe_Cyclonic_Storm.png,data/p2_mosdac_expanded/crops\mosdac_YAAS_2021_1064_Very_Severe_Cyclonic_Storm.png,YAAS,2021,YAAS_2021,val,2021-05-16 21:00:00 UTC,20.69,87.63,128.2,Very Severe Cyclonic Storm,eye_visible,True
1065,mosdac_YAAS_2021_1065_Very_Severe_Cyclonic_Storm.png,data/p2_mosdac_expanded/crops\mosdac_YAAS_2021_1065_Very_Severe_Cyclonic_Storm.png,YAAS,2021,YAAS_2021,val,2021-05-16 00:00:00 UTC,20.89,87.47,126.6,Very Severe Cyclonic Storm,eye_visible,True
1066,mosdac_YAAS_2021_1066_Very_Severe_Cyclonic_Storm.png,data/p2_mosdac_expanded/crops\mosdac_YAAS_2021_1066_Very_Severe_Cyclonic_Storm.png,YAAS,2021,YAAS_2021,val,2021-05-16 03:00:00 UTC,21.1,87.32,127.4,Very Severe Cyclonic Storm,eye_visible,True
1067,mosdac_YAAS_2021_1067_Very_Severe_Cyclonic_Storm.png,data/p2_mosdac_expanded/crops\mosdac_YAAS_2021_1067_Very_Severe_Cyclonic_Storm.png,YAAS,2021,YAAS_2021,val,2021-05-16 06:00:00 UTC,21.26,87.2,121.6,Very Severe Cyclonic Storm,eye_visible,True
1068,mosdac_YAAS_2021_1068_Very_Severe_Cyclonic_Storm.png,data/p2_mosdac_expanded/crops\mosdac_YAAS_2021_1068_Very_Severe_Cyclonic_Storm.png,YAAS,2021,YAAS_2021,val,2021-05-16 09:00:00 UTC,21.43,87.08,118.7,Very Severe Cyclonic Storm,eye_visible,True
1069,mosdac_YAAS_2021_1069_Very_Severe_Cyclonic_Storm.png,data/p2_mosdac_expanded/crops\mosdac_YAAS_2021_1069_Very_Severe_Cyclonic_Storm.png,YAAS,2021,YAAS_2021,val,2021-05-16 12:00:00 UTC,21.57,86.96,118.7,Very Severe Cyclonic Storm,eye_visible,True
1070,mosdac_YAAS_2021_1070_Severe_Cyclonic_Storm.png,data/p2_mosdac_expanded/crops\mosdac_YAAS_2021_1070_Severe_Cyclonic_Storm.png,YAAS,2021,YAAS_2021,val,2021-05-16 15:00:00 UTC,21.65,86.84,116.1,Severe Cyclonic Storm,curved_band,True
1071,mosdac_YAAS_2021_1071_Severe_Cyclonic_Storm.png,data/p2_mosdac_expanded/crops\mosdac_YAAS_2021_1071_Severe_Cyclonic_Storm.png,YAAS,2021,YAAS_2021,val,2021-05-17 18:00:00 UTC,21.74,86.71,114.0,Severe Cyclonic Storm,curved_band,True
1072,mosdac_YAAS_2021_1072_Severe_Cyclonic_Storm.png,data/p2_mosdac_expanded/crops\mosdac_YAAS_2021_1072_Severe_Cyclonic_Storm.png,YAAS,2021,YAAS_2021,val,2021-05-17 21:00:00 UTC,21.82,86.64,111.3,Severe Cyclonic Storm,curved_band,True
1073,mosdac_YAAS_2021_1073_Severe_Cyclonic_Storm.png,data/p2_mosdac_expanded/crops\mosdac_YAAS_2021_1073_Severe_Cyclonic_Storm.png,YAAS,2021,YAAS_2021,val,2021-05-17 00:00:00 UTC,21.91,86.6,107.5,Severe Cyclonic Storm,curved_band,True
1074,mosdac_YAAS_2021_1074_Severe_Cyclonic_Storm.png,data/p2_mosdac_expanded/crops\mosdac_YAAS_2021_1074_Severe_Cyclonic_Storm.png,YAAS,2021,YAAS_2021,val,2021-05-17 03:00:00 UTC,21.99,86.54,105.0,Severe Cyclonic Storm,curved_band,True
1075,mosdac_YAAS_2021_1075_Severe_Cyclonic_Storm.png,data/p2_mosdac_expanded/crops\mosdac_YAAS_2021_1075_Severe_Cyclonic_Storm.png,YAAS,2021,YAAS_2021,val,2021-05-17 06:00:00 UTC,22.11,86.38,110.4,Severe Cyclonic Storm,curved_band,True
1076,mosdac_YAAS_2021_1076_Severe_Cyclonic_Storm.png,data/p2_mosdac_expanded/crops\mosdac_YAAS_2021_1076_Severe_Cyclonic_Storm.png,YAAS,2021,YAAS_2021,val,2021-05-17 09:00:00 UTC,22.23,86.22,103.6,Severe Cyclonic Storm,curved_band,True
1077,mosdac_YAAS_2021_1077_Severe_Cyclonic_Storm.png,data/p2_mosdac_expanded/crops\mosdac_YAAS_2021_1077_Severe_Cyclonic_Storm.png,YAAS,2021,YAAS_2021,val,2021-05-17 12:00:00 UTC,22.35,86.07,100.8,Severe Cyclonic Storm,curved_band,True
1078,mosdac_YAAS_2021_1078_Severe_Cyclonic_Storm.png,data/p2_mosdac_expanded/crops\mosdac_YAAS_2021_1078_Severe_Cyclonic_Storm.png,YAAS,2021,YAAS_2021,val,2021-05-17 15:00:00 UTC,22.47,85.95,100.7,Severe Cyclonic Storm,curved_band,True
1079,mosdac_YAAS_2021_1079_Severe_Cyclonic_Storm.png,data/p2_mosdac_expanded/crops\mosdac_YAAS_2021_1079_Severe_Cyclonic_Storm.png,YAAS,2021,YAAS_2021,val,2021-05-17 18:00:00 UTC,22.58,85.82,94.6,Severe Cyclonic Storm,curved_band,True
1080,mosdac_YAAS_2021_1080_Severe_Cyclonic_Storm.png,data/p2_mosdac_expanded/crops\mosdac_YAAS_2021_1080_Severe_Cyclonic_Storm.png,YAAS,2021,YAAS_2021,val,2021-05-17 21:00:00 UTC,22.7,85.76,97.9,Severe Cyclonic Storm,curved_band,True
1081,mosdac_YAAS_2021_1081_Severe_Cyclonic_Storm.png,data/p2_mosdac_expanded/crops\mosdac_YAAS_2021_1081_Severe_Cyclonic_Storm.png,YAAS,2021,YAAS_2021,val,2021-05-18 00:00:00 UTC,22.81,85.71,94.2,Severe Cyclonic Storm,curved_band,True
1082,mosdac_YAAS_2021_1082_Cyclonic_Storm.png,data/p2_mosdac_expanded/crops\mosdac_YAAS_2021_1082_Cyclonic_Storm.png,YAAS,2021,YAAS_2021,val,2021-05-18 03:00:00 UTC,22.92,85.68,86.1,Cyclonic Storm,curved_band,True
1083,mosdac_YAAS_2021_1083_Cyclonic_Storm.png,data/p2_mosdac_expanded/crops\mosdac_YAAS_2021_1083_Cyclonic_Storm.png,YAAS,2021,YAAS_2021,val,2021-05-18 06:00:00 UTC,23.04,85.67,86.3,Cyclonic Storm,curved_band,True
1084,mosdac_YAAS_2021_1084_Cyclonic_Storm.png,data/p2_mosdac_expanded/crops\mosdac_YAAS_2021_1084_Cyclonic_Storm.png,YAAS,2021,YAAS_2021,val,2021-05-18 09:00:00 UTC,23.15,85.66,87.5,Cyclonic Storm,curved_band,True
1085,mosdac_YAAS_2021_1085_Cyclonic_Storm.png,data/p2_mosdac_expanded/crops\mosdac_YAAS_2021_1085_Cyclonic_Storm.png,YAAS,2021,YAAS_2021,val,2021-05-18 12:00:00 UTC,23.23,85.65,85.6,Cyclonic Storm,curved_band,True
1086,mosdac_YAAS_2021_1086_Cyclonic_Storm.png,data/p2_mosdac_expanded/crops\mosdac_YAAS_2021_1086_Cyclonic_Storm.png,YAAS,2021,YAAS_2021,val,2021-05-18 15:00:00 UTC,23.31,85.64,79.4,Cyclonic Storm,curved_band,True
1087,mosdac_YAAS_2021_1087_Cyclonic_Storm.png,data/p2_mosdac_expanded/crops\mosdac_YAAS_2021_1087_Cyclonic_Storm.png,YAAS,2021,YAAS_2021,val,2021-05-18 18:00:00 UTC,23.38,85.63,78.2,Cyclonic Storm,curved_band,True
1088,mosdac_YAAS_2021_1088_Cyclonic_Storm.png,data/p2_mosdac_expanded/crops\mosdac_YAAS_2021_1088_Cyclonic_Storm.png,YAAS,2021,YAAS_2021,val,2021-05-18 21:00:00 UTC,23.48,85.59,72.4,Cyclonic Storm,curved_band,True
1089,mosdac_YAAS_2021_1089_Cyclonic_Storm.png,data/p2_mosdac_expanded/crops\mosdac_YAAS_2021_1089_Cyclonic_Storm.png,YAAS,2021,YAAS_2021,val,2021-05-18 00:00:00 UTC,23.59,85.54,76.7,Cyclonic Storm,curved_band,True
1090,mosdac_YAAS_2021_1090_Cyclonic_Storm.png,data/p2_mosdac_expanded/crops\mosdac_YAAS_2021_1090_Cyclonic_Storm.png,YAAS,2021,YAAS_2021,val,2021-05-18 03:00:00 UTC,23.7,85.5,68.5,Cyclonic Storm,curved_band,True
1091,mosdac_YAAS_2021_1091_Cyclonic_Storm.png,data/p2_mosdac_expanded/crops\mosdac_YAAS_2021_1091_Cyclonic_Storm.png,YAAS,2021,YAAS_2021,val,2021-05-19 06:00:00 UTC,23.8,85.45,72.1,Cyclonic Storm,curved_band,True
1092,mosdac_YAAS_2021_1092_Cyclonic_Storm.png,data/p2_mosdac_expanded/crops\mosdac_YAAS_2021_1092_Cyclonic_Storm.png,YAAS,2021,YAAS_2021,val,2021-05-19 09:00:00 UTC,23.91,85.41,67.8,Cyclonic Storm,curved_band,True
1093,mosdac_YAAS_2021_1093_Cyclonic_Storm.png,data/p2_mosdac_expanded/crops\mosdac_YAAS_2021_1093_Cyclonic_Storm.png,YAAS,2021,YAAS_2021,val,2021-05-19 12:00:00 UTC,24.05,85.34,65.5,Cyclonic Storm,curved_band,True
1094,mosdac_YAAS_2021_1094_Cyclonic_Storm.png,data/p2_mosdac_expanded/crops\mosdac_YAAS_2021_1094_Cyclonic_Storm.png,YAAS,2021,YAAS_2021,val,2021-05-19 15:00:00 UTC,24.19,85.26,63.0,Cyclonic Storm,curved_band,True
1095,mosdac_YAAS_2021_1095_Deep_Depression.png,data/p2_mosdac_expanded/crops\mosdac_YAAS_2021_1095_Deep_Depression.png,YAAS,2021,YAAS_2021,val,2021-05-19 18:00:00 UTC,24.32,85.18,59.1,Deep Depression,shear_pattern,True
1096,mosdac_YAAS_2021_1096_Deep_Depression.png,data/p2_mosdac_expanded/crops\mosdac_YAAS_2021_1096_Deep_Depression.png,YAAS,2021,YAAS_2021,val,2021-05-19 21:00:00 UTC,24.39,85.11,57.2,Deep Depression,shear_pattern,True
1097,mosdac_YAAS_2021_1097_Deep_Depression.png,data/p2_mosdac_expanded/crops\mosdac_YAAS_2021_1097_Deep_Depression.png,YAAS,2021,YAAS_2021,val,2021-05-19 00:00:00 UTC,24.45,85.03,56.2,Deep Depression,shear_pattern,True
1098,mosdac_YAAS_2021_1098_Deep_Depression.png,data/p2_mosdac_expanded/crops\mosdac_YAAS_2021_1098_Deep_Depression.png,YAAS,2021,YAAS_2021,val,2021-05-19 03:00:00 UTC,24.52,84.93,54.8,Deep Depression,shear_pattern,True
1099,mosdac_YAAS_2021_1099_Deep_Depression.png,data/p2_mosdac_expanded/crops\mosdac_YAAS_2021_1099_Deep_Depression.png,YAAS,2021,YAAS_2021,val,2021-05-19 06:00:00 UTC,24.59,84.82,58.7,Deep Depression,shear_pattern,True
1100,mosdac_YAAS_2021_1100_Deep_Depression.png,data/p2_mosdac_expanded/crops\mosdac_YAAS_2021_1100_Deep_Depression.png,YAAS,2021,YAAS_2021,val,2021-05-19 09:00:00 UTC,24.65,84.71,54.8,Deep Depression,shear_pattern,True
1101,mosdac_MICHAUNG_2023_1101_Depression.png,data/p2_mosdac_expanded/crops\mosdac_MICHAUNG_2023_1101_Depression.png,MICHAUNG,2023,MICHAUNG_2023,train,2023-05-10 00:00:00 UTC,7.5,88.1,40.5,Depression,shear_pattern,True
1102,mosdac_MICHAUNG_2023_1102_Depression.png,data/p2_mosdac_expanded/crops\mosdac_MICHAUNG_2023_1102_Depression.png,MICHAUNG,2023,MICHAUNG_2023,train,2023-05-10 03:00:00 UTC,7.75,87.86,48.3,Depression,shear_pattern,True
1103,mosdac_MICHAUNG_2023_1103_Depression.png,data/p2_mosdac_expanded/crops\mosdac_MICHAUNG_2023_1103_Depression.png,MICHAUNG,2023,MICHAUNG_2023,train,2023-05-10 06:00:00 UTC,7.98,87.61,48.5,Depression,shear_pattern,True
1104,mosdac_MICHAUNG_2023_1104_Deep_Depression.png,data/p2_mosdac_expanded/crops\mosdac_MICHAUNG_2023_1104_Deep_Depression.png,MICHAUNG,2023,MICHAUNG_2023,train,2023-05-10 09:00:00 UTC,8.18,87.37,50.1,Deep Depression,shear_pattern,True
1105,mosdac_MICHAUNG_2023_1105_Deep_Depression.png,data/p2_mosdac_expanded/crops\mosdac_MICHAUNG_2023_1105_Deep_Depression.png,MICHAUNG,2023,MICHAUNG_2023,train,2023-05-10 12:00:00 UTC,8.28,87.12,52.1,Deep Depression,shear_pattern,True
1106,mosdac_MICHAUNG_2023_1106_Depression.png,data/p2_mosdac_expanded/crops\mosdac_MICHAUNG_2023_1106_Depression.png,MICHAUNG,2023,MICHAUNG_2023,train,2023-05-10 15:00:00 UTC,8.35,86.87,47.2,Depression,shear_pattern,True
1107,mosdac_MICHAUNG_2023_1107_Deep_Depression.png,data/p2_mosdac_expanded/crops\mosdac_MICHAUNG_2023_1107_Deep_Depression.png,MICHAUNG,2023,MICHAUNG_2023,train,2023-05-10 18:00:00 UTC,8.42,86.62,50.8,Deep Depression,shear_pattern,True
1108,mosdac_MICHAUNG_2023_1108_Deep_Depression.png,data/p2_mosdac_expanded/crops\mosdac_MICHAUNG_2023_1108_Deep_Depression.png,MICHAUNG,2023,MICHAUNG_2023,train,2023-05-10 21:00:00 UTC,8.49,86.38,55.6,Deep Depression,shear_pattern,True
1109,mosdac_MICHAUNG_2023_1109_Deep_Depression.png,data/p2_mosdac_expanded/crops\mosdac_MICHAUNG_2023_1109_Deep_Depression.png,MICHAUNG,2023,MICHAUNG_2023,train,2023-05-10 00:00:00 UTC,8.56,86.13,57.1,Deep Depression,shear_pattern,True
1110,mosdac_MICHAUNG_2023_1110_Deep_Depression.png,data/p2_mosdac_expanded/crops\mosdac_MICHAUNG_2023_1110_Deep_Depression.png,MICHAUNG,2023,MICHAUNG_2023,train,2023-05-10 03:00:00 UTC,8.72,85.97,54.9,Deep Depression,shear_pattern,True
1111,mosdac_MICHAUNG_2023_1111_Cyclonic_Storm.png,data/p2_mosdac_expanded/crops\mosdac_MICHAUNG_2023_1111_Cyclonic_Storm.png,MICHAUNG,2023,MICHAUNG_2023,train,2023-05-11 06:00:00 UTC,8.9,85.84,62.4,Cyclonic Storm,curved_band,True
1112,mosdac_MICHAUNG_2023_1112_Deep_Depression.png,data/p2_mosdac_expanded/crops\mosdac_MICHAUNG_2023_1112_Deep_Depression.png,MICHAUNG,2023,MICHAUNG_2023,train,2023-05-11 09:00:00 UTC,9.03,85.71,60.0,Deep Depression,shear_pattern,True
1113,mosdac_MICHAUNG_2023_1113_Cyclonic_Storm.png,data/p2_mosdac_expanded/crops\mosdac_MICHAUNG_2023_1113_Cyclonic_Storm.png,MICHAUNG,2023,MICHAUNG_2023,train,2023-05-11 12:00:00 UTC,9.15,85.58,62.3,Cyclonic Storm,curved_band,True
1114,mosdac_MICHAUNG_2023_1114_Cyclonic_Storm.png,data/p2_mosdac_expanded/crops\mosdac_MICHAUNG_2023_1114_Cyclonic_Storm.png,MICHAUNG,2023,MICHAUNG_2023,train,2023-05-11 15:00:00 UTC,9.28,85.45,67.2,Cyclonic Storm,curved_band,True
1115,mosdac_MICHAUNG_2023_1115_Cyclonic_Storm.png,data/p2_mosdac_expanded/crops\mosdac_MICHAUNG_2023_1115_Cyclonic_Storm.png,MICHAUNG,2023,MICHAUNG_2023,train,2023-05-11 18:00:00 UTC,9.45,85.37,70.1,Cyclonic Storm,curved_band,True
1116,mosdac_MICHAUNG_2023_1116_Cyclonic_Storm.png,data/p2_mosdac_expanded/crops\mosdac_MICHAUNG_2023_1116_Cyclonic_Storm.png,MICHAUNG,2023,MICHAUNG_2023,train,2023-05-11 21:00:00 UTC,9.62,85.28,72.4,Cyclonic Storm,curved_band,True
1117,mosdac_MICHAUNG_2023_1117_Cyclonic_Storm.png,data/p2_mosdac_expanded/crops\mosdac_MICHAUNG_2023_1117_Cyclonic_Storm.png,MICHAUNG,2023,MICHAUNG_2023,train,2023-05-11 00:00:00 UTC,9.74,85.15,71.0,Cyclonic Storm,curved_band,True
1118,mosdac_MICHAUNG_2023_1118_Cyclonic_Storm.png,data/p2_mosdac_expanded/crops\mosdac_MICHAUNG_2023_1118_Cyclonic_Storm.png,MICHAUNG,2023,MICHAUNG_2023,train,2023-05-11 03:00:00 UTC,9.83,85.05,79.7,Cyclonic Storm,curved_band,True
1119,mosdac_MICHAUNG_2023_1119_Cyclonic_Storm.png,data/p2_mosdac_expanded/crops\mosdac_MICHAUNG_2023_1119_Cyclonic_Storm.png,MICHAUNG,2023,MICHAUNG_2023,train,2023-05-11 06:00:00 UTC,9.89,84.98,77.2,Cyclonic Storm,curved_band,True
1120,mosdac_MICHAUNG_2023_1120_Cyclonic_Storm.png,data/p2_mosdac_expanded/crops\mosdac_MICHAUNG_2023_1120_Cyclonic_Storm.png,MICHAUNG,2023,MICHAUNG_2023,train,2023-05-11 09:00:00 UTC,9.95,84.86,78.5,Cyclonic Storm,curved_band,True
1121,mosdac_MICHAUNG_2023_1121_Cyclonic_Storm.png,data/p2_mosdac_expanded/crops\mosdac_MICHAUNG_2023_1121_Cyclonic_Storm.png,MICHAUNG,2023,MICHAUNG_2023,train,2023-05-12 12:00:00 UTC,9.99,84.71,86.9,Cyclonic Storm,curved_band,True
1122,mosdac_MICHAUNG_2023_1122_Severe_Cyclonic_Storm.png,data/p2_mosdac_expanded/crops\mosdac_MICHAUNG_2023_1122_Severe_Cyclonic_Storm.png,MICHAUNG,2023,MICHAUNG_2023,train,2023-05-12 15:00:00 UTC,9.99,84.52,89.8,Severe Cyclonic Storm,curved_band,True
1123,mosdac_MICHAUNG_2023_1123_Severe_Cyclonic_Storm.png,data/p2_mosdac_expanded/crops\mosdac_MICHAUNG_2023_1123_Severe_Cyclonic_Storm.png,MICHAUNG,2023,MICHAUNG_2023,train,2023-05-12 18:00:00 UTC,10.05,84.29,91.3,Severe Cyclonic Storm,curved_band,True
1124,mosdac_MICHAUNG_2023_1124_Severe_Cyclonic_Storm.png,data/p2_mosdac_expanded/crops\mosdac_MICHAUNG_2023_1124_Severe_Cyclonic_Storm.png,MICHAUNG,2023,MICHAUNG_2023,train,2023-05-12 21:00:00 UTC,10.17,84.04,93.0,Severe Cyclonic Storm,curved_band,True
1125,mosdac_MICHAUNG_2023_1125_Severe_Cyclonic_Storm.png,data/p2_mosdac_expanded/crops\mosdac_MICHAUNG_2023_1125_Severe_Cyclonic_Storm.png,MICHAUNG,2023,MICHAUNG_2023,train,2023-05-12 00:00:00 UTC,10.23,83.85,93.9,Severe Cyclonic Storm,curved_band,True
1126,mosdac_MICHAUNG_2023_1126_Severe_Cyclonic_Storm.png,data/p2_mosdac_expanded/crops\mosdac_MICHAUNG_2023_1126_Severe_Cyclonic_Storm.png,MICHAUNG,2023,MICHAUNG_2023,train,2023-05-12 03:00:00 UTC,10.28,83.68,95.1,Severe Cyclonic Storm,curved_band,True
1127,mosdac_MICHAUNG_2023_1127_Severe_Cyclonic_Storm.png,data/p2_mosdac_expanded/crops\mosdac_MICHAUNG_2023_1127_Severe_Cyclonic_Storm.png,MICHAUNG,2023,MICHAUNG_2023,train,2023-05-12 06:00:00 UTC,10.33,83.55,93.3,Severe Cyclonic Storm,curved_band,True
1128,mosdac_MICHAUNG_2023_1128_Severe_Cyclonic_Storm.png,data/p2_mosdac_expanded/crops\mosdac_MICHAUNG_2023_1128_Severe_Cyclonic_Storm.png,MICHAUNG,2023,MICHAUNG_2023,train,2023-05-12 09:00:00 UTC,10.38,83.47,97.7,Severe Cyclonic Storm,curved_band,True
1129,mosdac_MICHAUNG_2023_1129_Severe_Cyclonic_Storm.png,data/p2_mosdac_expanded/crops\mosdac_MICHAUNG_2023_1129_Severe_Cyclonic_Storm.png,MICHAUNG,2023,MICHAUNG_2023,train,2023-05-12 12:00:00 UTC,10.43,83.41,99.1,Severe Cyclonic Storm,curved_band,True
1130,mosdac_MICHAUNG_2023_1130_Severe_Cyclonic_Storm.png,data/p2_mosdac_expanded/crops\mosdac_MICHAUNG_2023_1130_Severe_Cyclonic_Storm.png,MICHAUNG,2023,MICHAUNG_2023,train,2023-05-12 15:00:00 UTC,10.49,83.4,99.8,Severe Cyclonic Storm,curved_band,True
1131,mosdac_MICHAUNG_2023_1131_Severe_Cyclonic_Storm.png,data/p2_mosdac_expanded/crops\mosdac_MICHAUNG_2023_1131_Severe_Cyclonic_Storm.png,MICHAUNG,2023,MICHAUNG_2023,train,2023-05-13 18:00:00 UTC,10.56,83.36,104.9,Severe Cyclonic Storm,curved_band,True
1132,mosdac_MICHAUNG_2023_1132_Severe_Cyclonic_Storm.png,data/p2_mosdac_expanded/crops\mosdac_MICHAUNG_2023_1132_Severe_Cyclonic_Storm.png,MICHAUNG,2023,MICHAUNG_2023,train,2023-05-13 21:00:00 UTC,10.67,83.23,104.4,Severe Cyclonic Storm,curved_band,True
1133,mosdac_MICHAUNG_2023_1133_Severe_Cyclonic_Storm.png,data/p2_mosdac_expanded/crops\mosdac_MICHAUNG_2023_1133_Severe_Cyclonic_Storm.png,MICHAUNG,2023,MICHAUNG_2023,train,2023-05-13 00:00:00 UTC,10.74,83.11,102.3,Severe Cyclonic Storm,curved_band,True
1134,mosdac_MICHAUNG_2023_1134_Severe_Cyclonic_Storm.png,data/p2_mosdac_expanded/crops\mosdac_MICHAUNG_2023_1134_Severe_Cyclonic_Storm.png,MICHAUNG,2023,MICHAUNG_2023,train,2023-05-13 03:00:00 UTC,10.79,83.0,104.5,Severe Cyclonic Storm,curved_band,True
1135,mosdac_MICHAUNG_2023_1135_Severe_Cyclonic_Storm.png,data/p2_mosdac_expanded/crops\mosdac_MICHAUNG_2023_1135_Severe_Cyclonic_Storm.png,MICHAUNG,2023,MICHAUNG_2023,train,2023-05-13 06:00:00 UTC,10.91,82.94,109.1,Severe Cyclonic Storm,curved_band,True
1136,mosdac_MICHAUNG_2023_1136_Severe_Cyclonic_Storm.png,data/p2_mosdac_expanded/crops\mosdac_MICHAUNG_2023_1136_Severe_Cyclonic_Storm.png,MICHAUNG,2023,MICHAUNG_2023,train,2023-05-13 09:00:00 UTC,11.04,82.88,105.0,Severe Cyclonic Storm,curved_band,True
1137,mosdac_MICHAUNG_2023_1137_Severe_Cyclonic_Storm.png,data/p2_mosdac_expanded/crops\mosdac_MICHAUNG_2023_1137_Severe_Cyclonic_Storm.png,MICHAUNG,2023,MICHAUNG_2023,train,2023-05-13 12:00:00 UTC,11.22,82.82,111.9,Severe Cyclonic Storm,curved_band,True
1138,mosdac_MICHAUNG_2023_1138_Severe_Cyclonic_Storm.png,data/p2_mosdac_expanded/crops\mosdac_MICHAUNG_2023_1138_Severe_Cyclonic_Storm.png,MICHAUNG,2023,MICHAUNG_2023,train,2023-05-13 15:00:00 UTC,11.34,82.72,109.5,Severe Cyclonic Storm,curved_band,True
1139,mosdac_MICHAUNG_2023_1139_Severe_Cyclonic_Storm.png,data/p2_mosdac_expanded/crops\mosdac_MICHAUNG_2023_1139_Severe_Cyclonic_Storm.png,MICHAUNG,2023,MICHAUNG_2023,train,2023-05-13 18:00:00 UTC,11.47,82.6,109.7,Severe Cyclonic Storm,curved_band,True
1140,mosdac_MICHAUNG_2023_1140_Severe_Cyclonic_Storm.png,data/p2_mosdac_expanded/crops\mosdac_MICHAUNG_2023_1140_Severe_Cyclonic_Storm.png,MICHAUNG,2023,MICHAUNG_2023,train,2023-05-13 21:00:00 UTC,11.71,82.49,110.7,Severe Cyclonic Storm,curved_band,True
1141,mosdac_MICHAUNG_2023_1141_Severe_Cyclonic_Storm.png,data/p2_mosdac_expanded/crops\mosdac_MICHAUNG_2023_1141_Severe_Cyclonic_Storm.png,MICHAUNG,2023,MICHAUNG_2023,train,2023-05-14 00:00:00 UTC,11.89,82.4,112.6,Severe Cyclonic Storm,curved_band,True
1142,mosdac_MICHAUNG_2023_1142_Severe_Cyclonic_Storm.png,data/p2_mosdac_expanded/crops\mosdac_MICHAUNG_2023_1142_Severe_Cyclonic_Storm.png,MICHAUNG,2023,MICHAUNG_2023,train,2023-05-14 03:00:00 UTC,12.0,82.35,108.6,Severe Cyclonic Storm,curved_band,True
1143,mosdac_MICHAUNG_2023_1143_Severe_Cyclonic_Storm.png,data/p2_mosdac_expanded/crops\mosdac_MICHAUNG_2023_1143_Severe_Cyclonic_Storm.png,MICHAUNG,2023,MICHAUNG_2023,train,2023-05-14 06:00:00 UTC,12.12,82.3,110.9,Severe Cyclonic Storm,curved_band,True
1144,mosdac_MICHAUNG_2023_1144_Severe_Cyclonic_Storm.png,data/p2_mosdac_expanded/crops\mosdac_MICHAUNG_2023_1144_Severe_Cyclonic_Storm.png,MICHAUNG,2023,MICHAUNG_2023,train,2023-05-14 09:00:00 UTC,12.23,82.23,109.6,Severe Cyclonic Storm,curved_band,True
1145,mosdac_MICHAUNG_2023_1145_Severe_Cyclonic_Storm.png,data/p2_mosdac_expanded/crops\mosdac_MICHAUNG_2023_1145_Severe_Cyclonic_Storm.png,MICHAUNG,2023,MICHAUNG_2023,train,2023-05-14 12:00:00 UTC,12.35,82.12,106.6,Severe Cyclonic Storm,curved_band,True
1146,mosdac_MICHAUNG_2023_1146_Severe_Cyclonic_Storm.png,data/p2_mosdac_expanded/crops\mosdac_MICHAUNG_2023_1146_Severe_Cyclonic_Storm.png,MICHAUNG,2023,MICHAUNG_2023,train,2023-05-14 15:00:00 UTC,12.5,81.98,110.7,Severe Cyclonic Storm,curved_band,True
1147,mosdac_MICHAUNG_2023_1147_Severe_Cyclonic_Storm.png,data/p2_mosdac_expanded/crops\mosdac_MICHAUNG_2023_1147_Severe_Cyclonic_Storm.png,MICHAUNG,2023,MICHAUNG_2023,train,2023-05-14 18:00:00 UTC,12.69,81.8,109.1,Severe Cyclonic Storm,curved_band,True
1148,mosdac_MICHAUNG_2023_1148_Severe_Cyclonic_Storm.png,data/p2_mosdac_expanded/crops\mosdac_MICHAUNG_2023_1148_Severe_Cyclonic_Storm.png,MICHAUNG,2023,MICHAUNG_2023,train,2023-05-14 21:00:00 UTC,12.76,81.69,106.9,Severe Cyclonic Storm,curved_band,True
1149,mosdac_MICHAUNG_2023_1149_Severe_Cyclonic_Storm.png,data/p2_mosdac_expanded/crops\mosdac_MICHAUNG_2023_1149_Severe_Cyclonic_Storm.png,MICHAUNG,2023,MICHAUNG_2023,train,2023-05-14 00:00:00 UTC,12.83,81.58,107.3,Severe Cyclonic Storm,curved_band,True
1150,mosdac_MICHAUNG_2023_1150_Severe_Cyclonic_Storm.png,data/p2_mosdac_expanded/crops\mosdac_MICHAUNG_2023_1150_Severe_Cyclonic_Storm.png,MICHAUNG,2023,MICHAUNG_2023,train,2023-05-14 03:00:00 UTC,12.96,81.46,106.1,Severe Cyclonic Storm,curved_band,True
1151,mosdac_MICHAUNG_2023_1151_Severe_Cyclonic_Storm.png,data/p2_mosdac_expanded/crops\mosdac_MICHAUNG_2023_1151_Severe_Cyclonic_Storm.png,MICHAUNG,2023,MICHAUNG_2023,train,2023-05-15 06:00:00 UTC,13.08,81.31,103.3,Severe Cyclonic Storm,curved_band,True
1152,mosdac_MICHAUNG_2023_1152_Severe_Cyclonic_Storm.png,data/p2_mosdac_expanded/crops\mosdac_MICHAUNG_2023_1152_Severe_Cyclonic_Storm.png,MICHAUNG,2023,MICHAUNG_2023,train,2023-05-15 09:00:00 UTC,13.2,81.14,102.8,Severe Cyclonic Storm,curved_band,True
1153,mosdac_MICHAUNG_2023_1153_Severe_Cyclonic_Storm.png,data/p2_mosdac_expanded/crops\mosdac_MICHAUNG_2023_1153_Severe_Cyclonic_Storm.png,MICHAUNG,2023,MICHAUNG_2023,train,2023-05-15 12:00:00 UTC,13.33,81.03,100.0,Severe Cyclonic Storm,curved_band,True
1154,mosdac_MICHAUNG_2023_1154_Severe_Cyclonic_Storm.png,data/p2_mosdac_expanded/crops\mosdac_MICHAUNG_2023_1154_Severe_Cyclonic_Storm.png,MICHAUNG,2023,MICHAUNG_2023,train,2023-05-15 15:00:00 UTC,13.46,80.91,98.0,Severe Cyclonic Storm,curved_band,True
1155,mosdac_MICHAUNG_2023_1155_Severe_Cyclonic_Storm.png,data/p2_mosdac_expanded/crops\mosdac_MICHAUNG_2023_1155_Severe_Cyclonic_Storm.png,MICHAUNG,2023,MICHAUNG_2023,train,2023-05-15 18:00:00 UTC,13.58,80.8,95.6,Severe Cyclonic Storm,curved_band,True
1156,mosdac_MICHAUNG_2023_1156_Severe_Cyclonic_Storm.png,data/p2_mosdac_expanded/crops\mosdac_MICHAUNG_2023_1156_Severe_Cyclonic_Storm.png,MICHAUNG,2023,MICHAUNG_2023,train,2023-05-15 21:00:00 UTC,13.75,80.73,94.7,Severe Cyclonic Storm,curved_band,True
1157,mosdac_MICHAUNG_2023_1157_Cyclonic_Storm.png,data/p2_mosdac_expanded/crops\mosdac_MICHAUNG_2023_1157_Cyclonic_Storm.png,MICHAUNG,2023,MICHAUNG_2023,train,2023-05-15 00:00:00 UTC,13.94,80.67,87.8,Cyclonic Storm,curved_band,True
1158,mosdac_MICHAUNG_2023_1158_Severe_Cyclonic_Storm.png,data/p2_mosdac_expanded/crops\mosdac_MICHAUNG_2023_1158_Severe_Cyclonic_Storm.png,MICHAUNG,2023,MICHAUNG_2023,train,2023-05-15 03:00:00 UTC,14.07,80.56,91.4,Severe Cyclonic Storm,curved_band,True
1159,mosdac_MICHAUNG_2023_1159_Severe_Cyclonic_Storm.png,data/p2_mosdac_expanded/crops\mosdac_MICHAUNG_2023_1159_Severe_Cyclonic_Storm.png,MICHAUNG,2023,MICHAUNG_2023,train,2023-05-15 06:00:00 UTC,14.2,80.46,89.1,Severe Cyclonic Storm,curved_band,True
1160,mosdac_MICHAUNG_2023_1160_Cyclonic_Storm.png,data/p2_mosdac_expanded/crops\mosdac_MICHAUNG_2023_1160_Cyclonic_Storm.png,MICHAUNG,2023,MICHAUNG_2023,train,2023-05-15 09:00:00 UTC,14.33,80.41,80.1,Cyclonic Storm,curved_band,True
1161,mosdac_MICHAUNG_2023_1161_Cyclonic_Storm.png,data/p2_mosdac_expanded/crops\mosdac_MICHAUNG_2023_1161_Cyclonic_Storm.png,MICHAUNG,2023,MICHAUNG_2023,train,2023-05-16 12:00:00 UTC,14.46,80.35,84.1,Cyclonic Storm,curved_band,True
1162,mosdac_MICHAUNG_2023_1162_Cyclonic_Storm.png,data/p2_mosdac_expanded/crops\mosdac_MICHAUNG_2023_1162_Cyclonic_Storm.png,MICHAUNG,2023,MICHAUNG_2023,train,2023-05-16 15:00:00 UTC,14.6,80.29,76.1,Cyclonic Storm,curved_band,True
1163,mosdac_MICHAUNG_2023_1163_Cyclonic_Storm.png,data/p2_mosdac_expanded/crops\mosdac_MICHAUNG_2023_1163_Cyclonic_Storm.png,MICHAUNG,2023,MICHAUNG_2023,train,2023-05-16 18:00:00 UTC,14.79,80.23,75.3,Cyclonic Storm,curved_band,True
1164,mosdac_MICHAUNG_2023_1164_Cyclonic_Storm.png,data/p2_mosdac_expanded/crops\mosdac_MICHAUNG_2023_1164_Cyclonic_Storm.png,MICHAUNG,2023,MICHAUNG_2023,train,2023-05-16 21:00:00 UTC,14.99,80.2,76.2,Cyclonic Storm,curved_band,True
1165,mosdac_MICHAUNG_2023_1165_Cyclonic_Storm.png,data/p2_mosdac_expanded/crops\mosdac_MICHAUNG_2023_1165_Cyclonic_Storm.png,MICHAUNG,2023,MICHAUNG_2023,train,2023-05-16 00:00:00 UTC,15.18,80.2,69.1,Cyclonic Storm,curved_band,True
1166,mosdac_MICHAUNG_2023_1166_Cyclonic_Storm.png,data/p2_mosdac_expanded/crops\mosdac_MICHAUNG_2023_1166_Cyclonic_Storm.png,MICHAUNG,2023,MICHAUNG_2023,train,2023-05-16 03:00:00 UTC,15.42,80.25,71.9,Cyclonic Storm,curved_band,True
1167,mosdac_MICHAUNG_2023_1167_Cyclonic_Storm.png,data/p2_mosdac_expanded/crops\mosdac_MICHAUNG_2023_1167_Cyclonic_Storm.png,MICHAUNG,2023,MICHAUNG_2023,train,2023-05-16 06:00:00 UTC,15.65,80.3,69.6,Cyclonic Storm,curved_band,True
1168,mosdac_MICHAUNG_2023_1168_Cyclonic_Storm.png,data/p2_mosdac_expanded/crops\mosdac_MICHAUNG_2023_1168_Cyclonic_Storm.png,MICHAUNG,2023,MICHAUNG_2023,train,2023-05-16 09:00:00 UTC,15.78,80.29,64.6,Cyclonic Storm,curved_band,True
1169,mosdac_MICHAUNG_2023_1169_Deep_Depression.png,data/p2_mosdac_expanded/crops\mosdac_MICHAUNG_2023_1169_Deep_Depression.png,MICHAUNG,2023,MICHAUNG_2023,train,2023-05-16 12:00:00 UTC,15.91,80.29,58.2,Deep Depression,shear_pattern,True
1170,mosdac_MICHAUNG_2023_1170_Deep_Depression.png,data/p2_mosdac_expanded/crops\mosdac_MICHAUNG_2023_1170_Deep_Depression.png,MICHAUNG,2023,MICHAUNG_2023,train,2023-05-16 15:00:00 UTC,16.04,80.28,58.2,Deep Depression,shear_pattern,True
1171,mosdac_MICHAUNG_2023_1171_Deep_Depression.png,data/p2_mosdac_expanded/crops\mosdac_MICHAUNG_2023_1171_Deep_Depression.png,MICHAUNG,2023,MICHAUNG_2023,train,2023-05-17 18:00:00 UTC,16.28,80.33,58.6,Deep Depression,shear_pattern,True
1172,mosdac_MICHAUNG_2023_1172_Deep_Depression.png,data/p2_mosdac_expanded/crops\mosdac_MICHAUNG_2023_1172_Deep_Depression.png,MICHAUNG,2023,MICHAUNG_2023,train,2023-05-17 21:00:00 UTC,16.54,80.38,59.4,Deep Depression,shear_pattern,True
1173,mosdac_MICHAUNG_2023_1173_Deep_Depression.png,data/p2_mosdac_expanded/crops\mosdac_MICHAUNG_2023_1173_Deep_Depression.png,MICHAUNG,2023,MICHAUNG_2023,train,2023-05-17 00:00:00 UTC,16.85,80.44,54.6,Deep Depression,shear_pattern,True
1174,mosdac_MICHAUNG_2023_1174_Depression.png,data/p2_mosdac_expanded/crops\mosdac_MICHAUNG_2023_1174_Depression.png,MICHAUNG,2023,MICHAUNG_2023,train,2023-05-17 03:00:00 UTC,17.06,80.49,49.7,Depression,shear_pattern,True
1175,mosdac_MICHAUNG_2023_1175_Deep_Depression.png,data/p2_mosdac_expanded/crops\mosdac_MICHAUNG_2023_1175_Deep_Depression.png,MICHAUNG,2023,MICHAUNG_2023,train,2023-05-17 06:00:00 UTC,17.18,80.54,50.9,Deep Depression,shear_pattern,True
1176,mosdac_MICHAUNG_2023_1176_Depression.png,data/p2_mosdac_expanded/crops\mosdac_MICHAUNG_2023_1176_Depression.png,MICHAUNG,2023,MICHAUNG_2023,train,2023-05-17 09:00:00 UTC,17.31,80.59,48.5,Depression,shear_pattern,True
1177,mosdac_MICHAUNG_2023_1177_Depression.png,data/p2_mosdac_expanded/crops\mosdac_MICHAUNG_2023_1177_Depression.png,MICHAUNG,2023,MICHAUNG_2023,train,2023-05-17 12:00:00 UTC,17.47,80.66,48.9,Depression,shear_pattern,True
1178,mosdac_MICHAUNG_2023_1178_Depression.png,data/p2_mosdac_expanded/crops\mosdac_MICHAUNG_2023_1178_Depression.png,MICHAUNG,2023,MICHAUNG_2023,train,2023-05-17 15:00:00 UTC,17.71,80.77,42.3,Depression,shear_pattern,True
1179,mosdac_MICHAUNG_2023_1179_Depression.png,data/p2_mosdac_expanded/crops\mosdac_MICHAUNG_2023_1179_Depression.png,MICHAUNG,2023,MICHAUNG_2023,train,2023-05-17 18:00:00 UTC,18.04,80.92,46.6,Depression,shear_pattern,True
1180,mosdac_MICHAUNG_2023_1180_Depression.png,data/p2_mosdac_expanded/crops\mosdac_MICHAUNG_2023_1180_Depression.png,MICHAUNG,2023,MICHAUNG_2023,train,2023-05-17 21:00:00 UTC,18.4,81.1,44.3,Depression,shear_pattern,True
1181,mosdac_REMAL_2024_1181_Depression.png,data/p2_mosdac_expanded/crops\mosdac_REMAL_2024_1181_Depression.png,REMAL,2024,REMAL_2024,train,2024-05-10 00:00:00 UTC,13.6,86.7,47.7,Depression,shear_pattern,True
1182,mosdac_REMAL_2024_1182_Depression.png,data/p2_mosdac_expanded/crops\mosdac_REMAL_2024_1182_Depression.png,REMAL,2024,REMAL_2024,train,2024-05-10 03:00:00 UTC,13.76,87.0,43.3,Depression,shear_pattern,True
1183,mosdac_REMAL_2024_1183_Depression.png,data/p2_mosdac_expanded/crops\mosdac_REMAL_2024_1183_Depression.png,REMAL,2024,REMAL_2024,train,2024-05-10 06:00:00 UTC,13.92,87.29,46.5,Depression,shear_pattern,True
1184,mosdac_REMAL_2024_1184_Deep_Depression.png,data/p2_mosdac_expanded/crops\mosdac_REMAL_2024_1184_Deep_Depression.png,REMAL,2024,REMAL_2024,train,2024-05-10 09:00:00 UTC,14.12,87.54,50.2,Deep Depression,shear_pattern,True
1185,mosdac_REMAL_2024_1185_Depression.png,data/p2_mosdac_expanded/crops\mosdac_REMAL_2024_1185_Depression.png,REMAL,2024,REMAL_2024,train,2024-05-10 12:00:00 UTC,14.33,87.78,45.0,Depression,shear_pattern,True
1186,mosdac_REMAL_2024_1186_Deep_Depression.png,data/p2_mosdac_expanded/crops\mosdac_REMAL_2024_1186_Deep_Depression.png,REMAL,2024,REMAL_2024,train,2024-05-10 15:00:00 UTC,14.54,88.02,53.3,Deep Depression,shear_pattern,True
1187,mosdac_REMAL_2024_1187_Deep_Depression.png,data/p2_mosdac_expanded/crops\mosdac_REMAL_2024_1187_Deep_Depression.png,REMAL,2024,REMAL_2024,train,2024-05-10 18:00:00 UTC,14.74,88.26,53.1,Deep Depression,shear_pattern,True
1188,mosdac_REMAL_2024_1188_Deep_Depression.png,data/p2_mosdac_expanded/crops\mosdac_REMAL_2024_1188_Deep_Depression.png,REMAL,2024,REMAL_2024,train,2024-05-10 21:00:00 UTC,14.99,88.46,50.0,Deep Depression,shear_pattern,True
1189,mosdac_REMAL_2024_1189_Deep_Depression.png,data/p2_mosdac_expanded/crops\mosdac_REMAL_2024_1189_Deep_Depression.png,REMAL,2024,REMAL_2024,train,2024-05-10 00:00:00 UTC,15.25,88.65,54.0,Deep Depression,shear_pattern,True
1190,mosdac_REMAL_2024_1190_Deep_Depression.png,data/p2_mosdac_expanded/crops\mosdac_REMAL_2024_1190_Deep_Depression.png,REMAL,2024,REMAL_2024,train,2024-05-10 03:00:00 UTC,15.41,88.84,59.3,Deep Depression,shear_pattern,True
1191,mosdac_REMAL_2024_1191_Deep_Depression.png,data/p2_mosdac_expanded/crops\mosdac_REMAL_2024_1191_Deep_Depression.png,REMAL,2024,REMAL_2024,train,2024-05-11 06:00:00 UTC,15.57,89.03,56.4,Deep Depression,shear_pattern,True
1192,mosdac_REMAL_2024_1192_Cyclonic_Storm.png,data/p2_mosdac_expanded/crops\mosdac_REMAL_2024_1192_Cyclonic_Storm.png,REMAL,2024,REMAL_2024,train,2024-05-11 09:00:00 UTC,15.76,89.17,62.9,Cyclonic Storm,curved_band,True
1193,mosdac_REMAL_2024_1193_Cyclonic_Storm.png,data/p2_mosdac_expanded/crops\mosdac_REMAL_2024_1193_Cyclonic_Storm.png,REMAL,2024,REMAL_2024,train,2024-05-11 12:00:00 UTC,15.96,89.31,63.3,Cyclonic Storm,curved_band,True
1194,mosdac_REMAL_2024_1194_Cyclonic_Storm.png,data/p2_mosdac_expanded/crops\mosdac_REMAL_2024_1194_Cyclonic_Storm.png,REMAL,2024,REMAL_2024,train,2024-05-11 15:00:00 UTC,16.08,89.37,67.9,Cyclonic Storm,curved_band,True
1195,mosdac_REMAL_2024_1195_Cyclonic_Storm.png,data/p2_mosdac_expanded/crops\mosdac_REMAL_2024_1195_Cyclonic_Storm.png,REMAL,2024,REMAL_2024,train,2024-05-11 18:00:00 UTC,16.18,89.41,65.7,Cyclonic Storm,curved_band,True
1196,mosdac_REMAL_2024_1196_Cyclonic_Storm.png,data/p2_mosdac_expanded/crops\mosdac_REMAL_2024_1196_Cyclonic_Storm.png,REMAL,2024,REMAL_2024,train,2024-05-11 21:00:00 UTC,16.32,89.49,74.8,Cyclonic Storm,curved_band,True
1197,mosdac_REMAL_2024_1197_Cyclonic_Storm.png,data/p2_mosdac_expanded/crops\mosdac_REMAL_2024_1197_Cyclonic_Storm.png,REMAL,2024,REMAL_2024,train,2024-05-11 00:00:00 UTC,16.47,89.58,78.0,Cyclonic Storm,curved_band,True
1198,mosdac_REMAL_2024_1198_Cyclonic_Storm.png,data/p2_mosdac_expanded/crops\mosdac_REMAL_2024_1198_Cyclonic_Storm.png,REMAL,2024,REMAL_2024,train,2024-05-11 03:00:00 UTC,16.62,89.63,80.4,Cyclonic Storm,curved_band,True
1199,mosdac_REMAL_2024_1199_Cyclonic_Storm.png,data/p2_mosdac_expanded/crops\mosdac_REMAL_2024_1199_Cyclonic_Storm.png,REMAL,2024,REMAL_2024,train,2024-05-11 06:00:00 UTC,16.76,89.67,81.1,Cyclonic Storm,curved_band,True
1200,mosdac_REMAL_2024_1200_Cyclonic_Storm.png,data/p2_mosdac_expanded/crops\mosdac_REMAL_2024_1200_Cyclonic_Storm.png,REMAL,2024,REMAL_2024,train,2024-05-11 09:00:00 UTC,16.91,89.74,78.5,Cyclonic Storm,curved_band,True
1201,mosdac_REMAL_2024_1201_Cyclonic_Storm.png,data/p2_mosdac_expanded/crops\mosdac_REMAL_2024_1201_Cyclonic_Storm.png,REMAL,2024,REMAL_2024,train,2024-05-12 12:00:00 UTC,17.05,89.83,85.9,Cyclonic Storm,curved_band,True
1202,mosdac_REMAL_2024_1202_Cyclonic_Storm.png,data/p2_mosdac_expanded/crops\mosdac_REMAL_2024_1202_Cyclonic_Storm.png,REMAL,2024,REMAL_2024,train,2024-05-12 15:00:00 UTC,17.16,89.85,82.3,Cyclonic Storm,curved_band,True
1203,mosdac_REMAL_2024_1203_Cyclonic_Storm.png,data/p2_mosdac_expanded/crops\mosdac_REMAL_2024_1203_Cyclonic_Storm.png,REMAL,2024,REMAL_2024,train,2024-05-12 18:00:00 UTC,17.25,89.84,84.6,Cyclonic Storm,curved_band,True
1204,mosdac_REMAL_2024_1204_Severe_Cyclonic_Storm.png,data/p2_mosdac_expanded/crops\mosdac_REMAL_2024_1204_Severe_Cyclonic_Storm.png,REMAL,2024,REMAL_2024,train,2024-05-12 21:00:00 UTC,17.42,89.87,89.1,Severe Cyclonic Storm,curved_band,True
1205,mosdac_REMAL_2024_1205_Severe_Cyclonic_Storm.png,data/p2_mosdac_expanded/crops\mosdac_REMAL_2024_1205_Severe_Cyclonic_Storm.png,REMAL,2024,REMAL_2024,train,2024-05-12 00:00:00 UTC,17.61,89.91,92.6,Severe Cyclonic Storm,curved_band,True
1206,mosdac_REMAL_2024_1206_Severe_Cyclonic_Storm.png,data/p2_mosdac_expanded/crops\mosdac_REMAL_2024_1206_Severe_Cyclonic_Storm.png,REMAL,2024,REMAL_2024,train,2024-05-12 03:00:00 UTC,17.76,89.85,96.8,Severe Cyclonic Storm,curved_band,True
1207,mosdac_REMAL_2024_1207_Severe_Cyclonic_Storm.png,data/p2_mosdac_expanded/crops\mosdac_REMAL_2024_1207_Severe_Cyclonic_Storm.png,REMAL,2024,REMAL_2024,train,2024-05-12 06:00:00 UTC,17.9,89.75,98.0,Severe Cyclonic Storm,curved_band,True
1208,mosdac_REMAL_2024_1208_Severe_Cyclonic_Storm.png,data/p2_mosdac_expanded/crops\mosdac_REMAL_2024_1208_Severe_Cyclonic_Storm.png,REMAL,2024,REMAL_2024,train,2024-05-12 09:00:00 UTC,18.04,89.64,98.0,Severe Cyclonic Storm,curved_band,True
1209,mosdac_REMAL_2024_1209_Severe_Cyclonic_Storm.png,data/p2_mosdac_expanded/crops\mosdac_REMAL_2024_1209_Severe_Cyclonic_Storm.png,REMAL,2024,REMAL_2024,train,2024-05-12 12:00:00 UTC,18.18,89.54,98.3,Severe Cyclonic Storm,curved_band,True
1210,mosdac_REMAL_2024_1210_Severe_Cyclonic_Storm.png,data/p2_mosdac_expanded/crops\mosdac_REMAL_2024_1210_Severe_Cyclonic_Storm.png,REMAL,2024,REMAL_2024,train,2024-05-12 15:00:00 UTC,18.29,89.47,105.7,Severe Cyclonic Storm,curved_band,True
1211,mosdac_REMAL_2024_1211_Severe_Cyclonic_Storm.png,data/p2_mosdac_expanded/crops\mosdac_REMAL_2024_1211_Severe_Cyclonic_Storm.png,REMAL,2024,REMAL_2024,train,2024-05-13 18:00:00 UTC,18.38,89.42,102.6,Severe Cyclonic Storm,curved_band,True
1212,mosdac_REMAL_2024_1212_Severe_Cyclonic_Storm.png,data/p2_mosdac_expanded/crops\mosdac_REMAL_2024_1212_Severe_Cyclonic_Storm.png,REMAL,2024,REMAL_2024,train,2024-05-13 21:00:00 UTC,18.5,89.34,104.1,Severe Cyclonic Storm,curved_band,True
1213,mosdac_REMAL_2024_1213_Severe_Cyclonic_Storm.png,data/p2_mosdac_expanded/crops\mosdac_REMAL_2024_1213_Severe_Cyclonic_Storm.png,REMAL,2024,REMAL_2024,train,2024-05-13 00:00:00 UTC,18.63,89.24,103.0,Severe Cyclonic Storm,curved_band,True
1214,mosdac_REMAL_2024_1214_Severe_Cyclonic_Storm.png,data/p2_mosdac_expanded/crops\mosdac_REMAL_2024_1214_Severe_Cyclonic_Storm.png,REMAL,2024,REMAL_2024,train,2024-05-13 03:00:00 UTC,18.74,89.17,109.1,Severe Cyclonic Storm,curved_band,True
1215,mosdac_REMAL_2024_1215_Severe_Cyclonic_Storm.png,data/p2_mosdac_expanded/crops\mosdac_REMAL_2024_1215_Severe_Cyclonic_Storm.png,REMAL,2024,REMAL_2024,train,2024-05-13 06:00:00 UTC,18.83,89.12,109.2,Severe Cyclonic Storm,curved_band,True
1216,mosdac_REMAL_2024_1216_Severe_Cyclonic_Storm.png,data/p2_mosdac_expanded/crops\mosdac_REMAL_2024_1216_Severe_Cyclonic_Storm.png,REMAL,2024,REMAL_2024,train,2024-05-13 09:00:00 UTC,18.95,89.11,106.2,Severe Cyclonic Storm,curved_band,True
1217,mosdac_REMAL_2024_1217_Severe_Cyclonic_Storm.png,data/p2_mosdac_expanded/crops\mosdac_REMAL_2024_1217_Severe_Cyclonic_Storm.png,REMAL,2024,REMAL_2024,train,2024-05-13 12:00:00 UTC,19.09,89.11,105.7,Severe Cyclonic Storm,curved_band,True
1218,mosdac_REMAL_2024_1218_Severe_Cyclonic_Storm.png,data/p2_mosdac_expanded/crops\mosdac_REMAL_2024_1218_Severe_Cyclonic_Storm.png,REMAL,2024,REMAL_2024,train,2024-05-13 15:00:00 UTC,19.2,89.12,111.0,Severe Cyclonic Storm,curved_band,True
1219,mosdac_REMAL_2024_1219_Severe_Cyclonic_Storm.png,data/p2_mosdac_expanded/crops\mosdac_REMAL_2024_1219_Severe_Cyclonic_Storm.png,REMAL,2024,REMAL_2024,train,2024-05-13 18:00:00 UTC,19.29,89.12,111.1,Severe Cyclonic Storm,curved_band,True
1220,mosdac_REMAL_2024_1220_Severe_Cyclonic_Storm.png,data/p2_mosdac_expanded/crops\mosdac_REMAL_2024_1220_Severe_Cyclonic_Storm.png,REMAL,2024,REMAL_2024,train,2024-05-13 21:00:00 UTC,19.38,89.13,108.2,Severe Cyclonic Storm,curved_band,True
1221,mosdac_REMAL_2024_1221_Severe_Cyclonic_Storm.png,data/p2_mosdac_expanded/crops\mosdac_REMAL_2024_1221_Severe_Cyclonic_Storm.png,REMAL,2024,REMAL_2024,train,2024-05-14 00:00:00 UTC,19.47,89.13,113.6,Severe Cyclonic Storm,curved_band,True
1222,mosdac_REMAL_2024_1222_Severe_Cyclonic_Storm.png,data/p2_mosdac_expanded/crops\mosdac_REMAL_2024_1222_Severe_Cyclonic_Storm.png,REMAL,2024,REMAL_2024,train,2024-05-14 03:00:00 UTC,19.59,89.12,107.0,Severe Cyclonic Storm,curved_band,True
1223,mosdac_REMAL_2024_1223_Severe_Cyclonic_Storm.png,data/p2_mosdac_expanded/crops\mosdac_REMAL_2024_1223_Severe_Cyclonic_Storm.png,REMAL,2024,REMAL_2024,train,2024-05-14 06:00:00 UTC,19.73,89.08,109.0,Severe Cyclonic Storm,curved_band,True
1224,mosdac_REMAL_2024_1224_Severe_Cyclonic_Storm.png,data/p2_mosdac_expanded/crops\mosdac_REMAL_2024_1224_Severe_Cyclonic_Storm.png,REMAL,2024,REMAL_2024,train,2024-05-14 09:00:00 UTC,19.9,89.06,112.6,Severe Cyclonic Storm,curved_band,True
1225,mosdac_REMAL_2024_1225_Severe_Cyclonic_Storm.png,data/p2_mosdac_expanded/crops\mosdac_REMAL_2024_1225_Severe_Cyclonic_Storm.png,REMAL,2024,REMAL_2024,train,2024-05-14 12:00:00 UTC,20.09,89.07,107.8,Severe Cyclonic Storm,curved_band,True
1226,mosdac_REMAL_2024_1226_Severe_Cyclonic_Storm.png,data/p2_mosdac_expanded/crops\mosdac_REMAL_2024_1226_Severe_Cyclonic_Storm.png,REMAL,2024,REMAL_2024,train,2024-05-14 15:00:00 UTC,20.27,89.08,108.8,Severe Cyclonic Storm,curved_band,True
1227,mosdac_REMAL_2024_1227_Severe_Cyclonic_Storm.png,data/p2_mosdac_expanded/crops\mosdac_REMAL_2024_1227_Severe_Cyclonic_Storm.png,REMAL,2024,REMAL_2024,train,2024-05-14 18:00:00 UTC,20.41,89.09,105.9,Severe Cyclonic Storm,curved_band,True
1228,mosdac_REMAL_2024_1228_Severe_Cyclonic_Storm.png,data/p2_mosdac_expanded/crops\mosdac_REMAL_2024_1228_Severe_Cyclonic_Storm.png,REMAL,2024,REMAL_2024,train,2024-05-14 21:00:00 UTC,20.62,89.1,103.9,Severe Cyclonic Storm,curved_band,True
1229,mosdac_REMAL_2024_1229_Severe_Cyclonic_Storm.png,data/p2_mosdac_expanded/crops\mosdac_REMAL_2024_1229_Severe_Cyclonic_Storm.png,REMAL,2024,REMAL_2024,train,2024-05-14 00:00:00 UTC,20.92,89.11,108.3,Severe Cyclonic Storm,curved_band,True
1230,mosdac_REMAL_2024_1230_Severe_Cyclonic_Storm.png,data/p2_mosdac_expanded/crops\mosdac_REMAL_2024_1230_Severe_Cyclonic_Storm.png,REMAL,2024,REMAL_2024,train,2024-05-14 03:00:00 UTC,21.16,89.1,102.4,Severe Cyclonic Storm,curved_band,True
1231,mosdac_REMAL_2024_1231_Severe_Cyclonic_Storm.png,data/p2_mosdac_expanded/crops\mosdac_REMAL_2024_1231_Severe_Cyclonic_Storm.png,REMAL,2024,REMAL_2024,train,2024-05-15 06:00:00 UTC,21.31,89.06,104.8,Severe Cyclonic Storm,curved_band,True
1232,mosdac_REMAL_2024_1232_Severe_Cyclonic_Storm.png,data/p2_mosdac_expanded/crops\mosdac_REMAL_2024_1232_Severe_Cyclonic_Storm.png,REMAL,2024,REMAL_2024,train,2024-05-15 09:00:00 UTC,21.43,89.04,97.9,Severe Cyclonic Storm,curved_band,True
1233,mosdac_REMAL_2024_1233_Severe_Cyclonic_Storm.png,data/p2_mosdac_expanded/crops\mosdac_REMAL_2024_1233_Severe_Cyclonic_Storm.png,REMAL,2024,REMAL_2024,train,2024-05-15 12:00:00 UTC,21.48,89.05,96.1,Severe Cyclonic Storm,curved_band,True
1234,mosdac_REMAL_2024_1234_Severe_Cyclonic_Storm.png,data/p2_mosdac_expanded/crops\mosdac_REMAL_2024_1234_Severe_Cyclonic_Storm.png,REMAL,2024,REMAL_2024,train,2024-05-15 15:00:00 UTC,21.58,89.04,92.8,Severe Cyclonic Storm,curved_band,True
1235,mosdac_REMAL_2024_1235_Severe_Cyclonic_Storm.png,data/p2_mosdac_expanded/crops\mosdac_REMAL_2024_1235_Severe_Cyclonic_Storm.png,REMAL,2024,REMAL_2024,train,2024-05-15 18:00:00 UTC,21.79,89.0,95.9,Severe Cyclonic Storm,curved_band,True
1236,mosdac_REMAL_2024_1236_Severe_Cyclonic_Storm.png,data/p2_mosdac_expanded/crops\mosdac_REMAL_2024_1236_Severe_Cyclonic_Storm.png,REMAL,2024,REMAL_2024,train,2024-05-15 21:00:00 UTC,21.96,88.97,91.6,Severe Cyclonic Storm,curved_band,True
1237,mosdac_REMAL_2024_1237_Severe_Cyclonic_Storm.png,data/p2_mosdac_expanded/crops\mosdac_REMAL_2024_1237_Severe_Cyclonic_Storm.png,REMAL,2024,REMAL_2024,train,2024-05-15 00:00:00 UTC,22.07,88.98,93.5,Severe Cyclonic Storm,curved_band,True
1238,mosdac_REMAL_2024_1238_Cyclonic_Storm.png,data/p2_mosdac_expanded/crops\mosdac_REMAL_2024_1238_Cyclonic_Storm.png,REMAL,2024,REMAL_2024,train,2024-05-15 03:00:00 UTC,22.2,89.0,88.2,Cyclonic Storm,curved_band,True
1239,mosdac_REMAL_2024_1239_Severe_Cyclonic_Storm.png,data/p2_mosdac_expanded/crops\mosdac_REMAL_2024_1239_Severe_Cyclonic_Storm.png,REMAL,2024,REMAL_2024,train,2024-05-15 06:00:00 UTC,22.41,89.05,89.9,Severe Cyclonic Storm,curved_band,True
1240,mosdac_REMAL_2024_1240_Cyclonic_Storm.png,data/p2_mosdac_expanded/crops\mosdac_REMAL_2024_1240_Cyclonic_Storm.png,REMAL,2024,REMAL_2024,train,2024-05-15 09:00:00 UTC,22.59,89.11,81.3,Cyclonic Storm,curved_band,True
1241,mosdac_REMAL_2024_1241_Cyclonic_Storm.png,data/p2_mosdac_expanded/crops\mosdac_REMAL_2024_1241_Cyclonic_Storm.png,REMAL,2024,REMAL_2024,train,2024-05-16 12:00:00 UTC,22.7,89.16,84.4,Cyclonic Storm,curved_band,True
1242,mosdac_REMAL_2024_1242_Cyclonic_Storm.png,data/p2_mosdac_expanded/crops\mosdac_REMAL_2024_1242_Cyclonic_Storm.png,REMAL,2024,REMAL_2024,train,2024-05-16 15:00:00 UTC,22.82,89.2,81.3,Cyclonic Storm,curved_band,True
1243,mosdac_REMAL_2024_1243_Cyclonic_Storm.png,data/p2_mosdac_expanded/crops\mosdac_REMAL_2024_1243_Cyclonic_Storm.png,REMAL,2024,REMAL_2024,train,2024-05-16 18:00:00 UTC,22.97,89.2,78.8,Cyclonic Storm,curved_band,True
1244,mosdac_REMAL_2024_1244_Cyclonic_Storm.png,data/p2_mosdac_expanded/crops\mosdac_REMAL_2024_1244_Cyclonic_Storm.png,REMAL,2024,REMAL_2024,train,2024-05-16 21:00:00 UTC,23.12,89.22,77.0,Cyclonic Storm,curved_band,True
1245,mosdac_REMAL_2024_1245_Cyclonic_Storm.png,data/p2_mosdac_expanded/crops\mosdac_REMAL_2024_1245_Cyclonic_Storm.png,REMAL,2024,REMAL_2024,train,2024-05-16 00:00:00 UTC,23.23,89.32,73.9,Cyclonic Storm,curved_band,True
1246,mosdac_REMAL_2024_1246_Cyclonic_Storm.png,data/p2_mosdac_expanded/crops\mosdac_REMAL_2024_1246_Cyclonic_Storm.png,REMAL,2024,REMAL_2024,train,2024-05-16 03:00:00 UTC,23.35,89.42,70.4,Cyclonic Storm,curved_band,True
1247,mosdac_REMAL_2024_1247_Cyclonic_Storm.png,data/p2_mosdac_expanded/crops\mosdac_REMAL_2024_1247_Cyclonic_Storm.png,REMAL,2024,REMAL_2024,train,2024-05-16 06:00:00 UTC,23.51,89.57,64.0,Cyclonic Storm,curved_band,True
1248,mosdac_REMAL_2024_1248_Deep_Depression.png,data/p2_mosdac_expanded/crops\mosdac_REMAL_2024_1248_Deep_Depression.png,REMAL,2024,REMAL_2024,train,2024-05-16 09:00:00 UTC,23.66,89.73,60.8,Deep Depression,shear_pattern,True
1249,mosdac_REMAL_2024_1249_Cyclonic_Storm.png,data/p2_mosdac_expanded/crops\mosdac_REMAL_2024_1249_Cyclonic_Storm.png,REMAL,2024,REMAL_2024,train,2024-05-16 12:00:00 UTC,23.76,89.97,65.6,Cyclonic Storm,curved_band,True
1250,mosdac_REMAL_2024_1250_Deep_Depression.png,data/p2_mosdac_expanded/crops\mosdac_REMAL_2024_1250_Deep_Depression.png,REMAL,2024,REMAL_2024,train,2024-05-16 15:00:00 UTC,23.88,90.21,60.8,Deep Depression,shear_pattern,True
1251,mosdac_REMAL_2024_1251_Deep_Depression.png,data/p2_mosdac_expanded/crops\mosdac_REMAL_2024_1251_Deep_Depression.png,REMAL,2024,REMAL_2024,train,2024-05-17 18:00:00 UTC,24.03,90.4,60.1,Deep Depression,shear_pattern,True
1252,mosdac_REMAL_2024_1252_Deep_Depression.png,data/p2_mosdac_expanded/crops\mosdac_REMAL_2024_1252_Deep_Depression.png,REMAL,2024,REMAL_2024,train,2024-05-17 21:00:00 UTC,24.18,90.58,55.4,Deep Depression,shear_pattern,True
1253,mosdac_REMAL_2024_1253_Deep_Depression.png,data/p2_mosdac_expanded/crops\mosdac_REMAL_2024_1253_Deep_Depression.png,REMAL,2024,REMAL_2024,train,2024-05-17 00:00:00 UTC,24.29,90.72,50.4,Deep Depression,shear_pattern,True
1254,mosdac_REMAL_2024_1254_Depression.png,data/p2_mosdac_expanded/crops\mosdac_REMAL_2024_1254_Depression.png,REMAL,2024,REMAL_2024,train,2024-05-17 03:00:00 UTC,24.39,90.86,48.6,Depression,shear_pattern,True
1255,mosdac_REMAL_2024_1255_Deep_Depression.png,data/p2_mosdac_expanded/crops\mosdac_REMAL_2024_1255_Deep_Depression.png,REMAL,2024,REMAL_2024,train,2024-05-17 06:00:00 UTC,24.5,91.0,51.3,Deep Depression,shear_pattern,True
1256,mosdac_REMAL_2024_1256_Depression.png,data/p2_mosdac_expanded/crops\mosdac_REMAL_2024_1256_Depression.png,REMAL,2024,REMAL_2024,train,2024-05-17 09:00:00 UTC,24.6,91.14,47.6,Depression,shear_pattern,True
1257,mosdac_REMAL_2024_1257_Depression.png,data/p2_mosdac_expanded/crops\mosdac_REMAL_2024_1257_Depression.png,REMAL,2024,REMAL_2024,train,2024-05-17 12:00:00 UTC,24.7,91.33,44.3,Depression,shear_pattern,True
1258,mosdac_REMAL_2024_1258_Depression.png,data/p2_mosdac_expanded/crops\mosdac_REMAL_2024_1258_Depression.png,REMAL,2024,REMAL_2024,train,2024-05-17 15:00:00 UTC,24.8,91.52,45.4,Depression,shear_pattern,True
1259,mosdac_REMAL_2024_1259_Depression.png,data/p2_mosdac_expanded/crops\mosdac_REMAL_2024_1259_Depression.png,REMAL,2024,REMAL_2024,train,2024-05-17 18:00:00 UTC,25.0,91.66,41.0,Depression,shear_pattern,True
1260,mosdac_REMAL_2024_1260_Depression.png,data/p2_mosdac_expanded/crops\mosdac_REMAL_2024_1260_Depression.png,REMAL,2024,REMAL_2024,train,2024-05-17 21:00:00 UTC,25.2,91.8,44.7,Depression,shear_pattern,True
1261,mosdac_ASANI_2022_1261_Depression.png,data/p2_mosdac_expanded/crops\mosdac_ASANI_2022_1261_Depression.png,ASANI,2022,ASANI_2022,test,2022-05-10 00:00:00 UTC,7.1,94.6,42.2,Depression,shear_pattern,True
1262,mosdac_ASANI_2022_1262_Depression.png,data/p2_mosdac_expanded/crops\mosdac_ASANI_2022_1262_Depression.png,ASANI,2022,ASANI_2022,test,2022-05-10 03:00:00 UTC,7.19,94.36,46.9,Depression,shear_pattern,True
1263,mosdac_ASANI_2022_1263_Depression.png,data/p2_mosdac_expanded/crops\mosdac_ASANI_2022_1263_Depression.png,ASANI,2022,ASANI_2022,test,2022-05-10 06:00:00 UTC,7.33,94.18,44.0,Depression,shear_pattern,True
1264,mosdac_ASANI_2022_1264_Depression.png,data/p2_mosdac_expanded/crops\mosdac_ASANI_2022_1264_Depression.png,ASANI,2022,ASANI_2022,test,2022-05-10 09:00:00 UTC,7.5,94.02,46.4,Depression,shear_pattern,True
1265,mosdac_ASANI_2022_1265_Depression.png,data/p2_mosdac_expanded/crops\mosdac_ASANI_2022_1265_Depression.png,ASANI,2022,ASANI_2022,test,2022-05-10 12:00:00 UTC,7.65,93.86,44.3,Depression,shear_pattern,True
1266,mosdac_ASANI_2022_1266_Depression.png,data/p2_mosdac_expanded/crops\mosdac_ASANI_2022_1266_Depression.png,ASANI,2022,ASANI_2022,test,2022-05-10 15:00:00 UTC,7.74,93.7,46.4,Depression,shear_pattern,True
1267,mosdac_ASANI_2022_1267_Deep_Depression.png,data/p2_mosdac_expanded/crops\mosdac_ASANI_2022_1267_Deep_Depression.png,ASANI,2022,ASANI_2022,test,2022-05-10 18:00:00 UTC,7.83,93.54,50.7,Deep Depression,shear_pattern,True
1268,mosdac_ASANI_2022_1268_Deep_Depression.png,data/p2_mosdac_expanded/crops\mosdac_ASANI_2022_1268_Deep_Depression.png,ASANI,2022,ASANI_2022,test,2022-05-10 21:00:00 UTC,7.91,93.43,53.3,Deep Depression,shear_pattern,True
1269,mosdac_ASANI_2022_1269_Deep_Depression.png,data/p2_mosdac_expanded/crops\mosdac_ASANI_2022_1269_Deep_Depression.png,ASANI,2022,ASANI_2022,test,2022-05-10 00:00:00 UTC,8.0,93.31,56.3,Deep Depression,shear_pattern,True
1270,mosdac_ASANI_2022_1270_Deep_Depression.png,data/p2_mosdac_expanded/crops\mosdac_ASANI_2022_1270_Deep_Depression.png,ASANI,2022,ASANI_2022,test,2022-05-10 03:00:00 UTC,8.09,93.15,56.0,Deep Depression,shear_pattern,True
1271,mosdac_ASANI_2022_1271_Deep_Depression.png,data/p2_mosdac_expanded/crops\mosdac_ASANI_2022_1271_Deep_Depression.png,ASANI,2022,ASANI_2022,test,2022-05-11 06:00:00 UTC,8.25,92.98,61.5,Deep Depression,shear_pattern,True
1272,mosdac_ASANI_2022_1272_Cyclonic_Storm.png,data/p2_mosdac_expanded/crops\mosdac_ASANI_2022_1272_Cyclonic_Storm.png,ASANI,2022,ASANI_2022,test,2022-05-11 09:00:00 UTC,8.35,92.82,65.1,Cyclonic Storm,curved_band,True
1273,mosdac_ASANI_2022_1273_Cyclonic_Storm.png,data/p2_mosdac_expanded/crops\mosdac_ASANI_2022_1273_Cyclonic_Storm.png,ASANI,2022,ASANI_2022,test,2022-05-11 12:00:00 UTC,8.48,92.61,66.8,Cyclonic Storm,curved_band,True
1274,mosdac_ASANI_2022_1274_Cyclonic_Storm.png,data/p2_mosdac_expanded/crops\mosdac_ASANI_2022_1274_Cyclonic_Storm.png,ASANI,2022,ASANI_2022,test,2022-05-11 15:00:00 UTC,8.68,92.33,63.3,Cyclonic Storm,curved_band,True
1275,mosdac_ASANI_2022_1275_Cyclonic_Storm.png,data/p2_mosdac_expanded/crops\mosdac_ASANI_2022_1275_Cyclonic_Storm.png,ASANI,2022,ASANI_2022,test,2022-05-11 18:00:00 UTC,8.99,91.92,69.2,Cyclonic Storm,curved_band,True
1276,mosdac_ASANI_2022_1276_Cyclonic_Storm.png,data/p2_mosdac_expanded/crops\mosdac_ASANI_2022_1276_Cyclonic_Storm.png,ASANI,2022,ASANI_2022,test,2022-05-11 21:00:00 UTC,9.23,91.6,68.6,Cyclonic Storm,curved_band,True
1277,mosdac_ASANI_2022_1277_Cyclonic_Storm.png,data/p2_mosdac_expanded/crops\mosdac_ASANI_2022_1277_Cyclonic_Storm.png,ASANI,2022,ASANI_2022,test,2022-05-11 00:00:00 UTC,9.36,91.39,72.2,Cyclonic Storm,curved_band,True
1278,mosdac_ASANI_2022_1278_Cyclonic_Storm.png,data/p2_mosdac_expanded/crops\mosdac_ASANI_2022_1278_Cyclonic_Storm.png,ASANI,2022,ASANI_2022,test,2022-05-11 03:00:00 UTC,9.43,91.25,80.6,Cyclonic Storm,curved_band,True
1279,mosdac_ASANI_2022_1279_Cyclonic_Storm.png,data/p2_mosdac_expanded/crops\mosdac_ASANI_2022_1279_Cyclonic_Storm.png,ASANI,2022,ASANI_2022,test,2022-05-11 06:00:00 UTC,9.54,91.13,76.2,Cyclonic Storm,curved_band,True
1280,mosdac_ASANI_2022_1280_Cyclonic_Storm.png,data/p2_mosdac_expanded/crops\mosdac_ASANI_2022_1280_Cyclonic_Storm.png,ASANI,2022,ASANI_2022,test,2022-05-11 09:00:00 UTC,9.77,90.8,81.5,Cyclonic Storm,curved_band,True
1281,mosdac_ASANI_2022_1281_Cyclonic_Storm.png,data/p2_mosdac_expanded/crops\mosdac_ASANI_2022_1281_Cyclonic_Storm.png,ASANI,2022,ASANI_2022,test,2022-05-12 12:00:00 UTC,10.07,90.55,84.8,Cyclonic Storm,curved_band,True
1282,mosdac_ASANI_2022_1282_Cyclonic_Storm.png,data/p2_mosdac_expanded/crops\mosdac_ASANI_2022_1282_Cyclonic_Storm.png,ASANI,2022,ASANI_2022,test,2022-05-12 15:00:00 UTC,10.33,90.31,87.8,Cyclonic Storm,curved_band,True
1283,mosdac_ASANI_2022_1283_Cyclonic_Storm.png,data/p2_mosdac_expanded/crops\mosdac_ASANI_2022_1283_Cyclonic_Storm.png,ASANI,2022,ASANI_2022,test,2022-05-12 18:00:00 UTC,10.56,90.09,88.9,Cyclonic Storm,curved_band,True
1284,mosdac_ASANI_2022_1284_Cyclonic_Storm.png,data/p2_mosdac_expanded/crops\mosdac_ASANI_2022_1284_Cyclonic_Storm.png,ASANI,2022,ASANI_2022,test,2022-05-12 21:00:00 UTC,10.78,89.91,86.6,Cyclonic Storm,curved_band,True
1285,mosdac_ASANI_2022_1285_Severe_Cyclonic_Storm.png,data/p2_mosdac_expanded/crops\mosdac_ASANI_2022_1285_Severe_Cyclonic_Storm.png,ASANI,2022,ASANI_2022,test,2022-05-12 00:00:00 UTC,10.93,89.59,91.3,Severe Cyclonic Storm,curved_band,True
1286,mosdac_ASANI_2022_1286_Severe_Cyclonic_Storm.png,data/p2_mosdac_expanded/crops\mosdac_ASANI_2022_1286_Severe_Cyclonic_Storm.png,ASANI,2022,ASANI_2022,test,2022-05-12 03:00:00 UTC,11.15,89.33,94.8,Severe Cyclonic Storm,curved_band,True
1287,mosdac_ASANI_2022_1287_Severe_Cyclonic_Storm.png,data/p2_mosdac_expanded/crops\mosdac_ASANI_2022_1287_Severe_Cyclonic_Storm.png,ASANI,2022,ASANI_2022,test,2022-05-12 06:00:00 UTC,11.37,89.05,93.3,Severe Cyclonic Storm,curved_band,True
1288,mosdac_ASANI_2022_1288_Severe_Cyclonic_Storm.png,data/p2_mosdac_expanded/crops\mosdac_ASANI_2022_1288_Severe_Cyclonic_Storm.png,ASANI,2022,ASANI_2022,test,2022-05-12 09:00:00 UTC,11.62,88.75,97.2,Severe Cyclonic Storm,curved_band,True
1289,mosdac_ASANI_2022_1289_Severe_Cyclonic_Storm.png,data/p2_mosdac_expanded/crops\mosdac_ASANI_2022_1289_Severe_Cyclonic_Storm.png,ASANI,2022,ASANI_2022,test,2022-05-12 12:00:00 UTC,11.92,88.51,96.4,Severe Cyclonic Storm,curved_band,True
1290,mosdac_ASANI_2022_1290_Severe_Cyclonic_Storm.png,data/p2_mosdac_expanded/crops\mosdac_ASANI_2022_1290_Severe_Cyclonic_Storm.png,ASANI,2022,ASANI_2022,test,2022-05-12 15:00:00 UTC,12.08,88.2,98.3,Severe Cyclonic Storm,curved_band,True
1291,mosdac_ASANI_2022_1291_Severe_Cyclonic_Storm.png,data/p2_mosdac_expanded/crops\mosdac_ASANI_2022_1291_Severe_Cyclonic_Storm.png,ASANI,2022,ASANI_2022,test,2022-05-13 18:00:00 UTC,12.33,87.99,102.3,Severe Cyclonic Storm,curved_band,True
1292,mosdac_ASANI_2022_1292_Severe_Cyclonic_Storm.png,data/p2_mosdac_expanded/crops\mosdac_ASANI_2022_1292_Severe_Cyclonic_Storm.png,ASANI,2022,ASANI_2022,test,2022-05-13 21:00:00 UTC,12.6,87.77,101.5,Severe Cyclonic Storm,curved_band,True
1293,mosdac_ASANI_2022_1293_Severe_Cyclonic_Storm.png,data/p2_mosdac_expanded/crops\mosdac_ASANI_2022_1293_Severe_Cyclonic_Storm.png,ASANI,2022,ASANI_2022,test,2022-05-13 00:00:00 UTC,12.83,87.48,106.2,Severe Cyclonic Storm,curved_band,True
1294,mosdac_ASANI_2022_1294_Severe_Cyclonic_Storm.png,data/p2_mosdac_expanded/crops\mosdac_ASANI_2022_1294_Severe_Cyclonic_Storm.png,ASANI,2022,ASANI_2022,test,2022-05-13 03:00:00 UTC,13.05,87.32,108.3,Severe Cyclonic Storm,curved_band,True
1295,mosdac_ASANI_2022_1295_Severe_Cyclonic_Storm.png,data/p2_mosdac_expanded/crops\mosdac_ASANI_2022_1295_Severe_Cyclonic_Storm.png,ASANI,2022,ASANI_2022,test,2022-05-13 06:00:00 UTC,13.35,86.96,110.1,Severe Cyclonic Storm,curved_band,True
1296,mosdac_ASANI_2022_1296_Severe_Cyclonic_Storm.png,data/p2_mosdac_expanded/crops\mosdac_ASANI_2022_1296_Severe_Cyclonic_Storm.png,ASANI,2022,ASANI_2022,test,2022-05-13 09:00:00 UTC,13.61,86.62,106.0,Severe Cyclonic Storm,curved_band,True
1297,mosdac_ASANI_2022_1297_Severe_Cyclonic_Storm.png,data/p2_mosdac_expanded/crops\mosdac_ASANI_2022_1297_Severe_Cyclonic_Storm.png,ASANI,2022,ASANI_2022,test,2022-05-13 12:00:00 UTC,13.81,86.33,106.4,Severe Cyclonic Storm,curved_band,True
1298,mosdac_ASANI_2022_1298_Severe_Cyclonic_Storm.png,data/p2_mosdac_expanded/crops\mosdac_ASANI_2022_1298_Severe_Cyclonic_Storm.png,ASANI,2022,ASANI_2022,test,2022-05-13 15:00:00 UTC,13.96,86.1,106.3,Severe Cyclonic Storm,curved_band,True
1299,mosdac_ASANI_2022_1299_Severe_Cyclonic_Storm.png,data/p2_mosdac_expanded/crops\mosdac_ASANI_2022_1299_Severe_Cyclonic_Storm.png,ASANI,2022,ASANI_2022,test,2022-05-13 18:00:00 UTC,14.19,85.87,110.9,Severe Cyclonic Storm,curved_band,True
1300,mosdac_ASANI_2022_1300_Severe_Cyclonic_Storm.png,data/p2_mosdac_expanded/crops\mosdac_ASANI_2022_1300_Severe_Cyclonic_Storm.png,ASANI,2022,ASANI_2022,test,2022-05-13 21:00:00 UTC,14.29,85.65,111.6,Severe Cyclonic Storm,curved_band,True
1301,mosdac_ASANI_2022_1301_Severe_Cyclonic_Storm.png,data/p2_mosdac_expanded/crops\mosdac_ASANI_2022_1301_Severe_Cyclonic_Storm.png,ASANI,2022,ASANI_2022,test,2022-05-14 00:00:00 UTC,14.4,85.42,106.2,Severe Cyclonic Storm,curved_band,True
1302,mosdac_ASANI_2022_1302_Severe_Cyclonic_Storm.png,data/p2_mosdac_expanded/crops\mosdac_ASANI_2022_1302_Severe_Cyclonic_Storm.png,ASANI,2022,ASANI_2022,test,2022-05-14 03:00:00 UTC,14.54,85.19,113.3,Severe Cyclonic Storm,curved_band,True
1303,mosdac_ASANI_2022_1303_Severe_Cyclonic_Storm.png,data/p2_mosdac_expanded/crops\mosdac_ASANI_2022_1303_Severe_Cyclonic_Storm.png,ASANI,2022,ASANI_2022,test,2022-05-14 06:00:00 UTC,14.61,84.96,105.9,Severe Cyclonic Storm,curved_band,True
1304,mosdac_ASANI_2022_1304_Severe_Cyclonic_Storm.png,data/p2_mosdac_expanded/crops\mosdac_ASANI_2022_1304_Severe_Cyclonic_Storm.png,ASANI,2022,ASANI_2022,test,2022-05-14 09:00:00 UTC,14.68,84.74,109.4,Severe Cyclonic Storm,curved_band,True
1305,mosdac_ASANI_2022_1305_Severe_Cyclonic_Storm.png,data/p2_mosdac_expanded/crops\mosdac_ASANI_2022_1305_Severe_Cyclonic_Storm.png,ASANI,2022,ASANI_2022,test,2022-05-14 12:00:00 UTC,14.76,84.51,110.1,Severe Cyclonic Storm,curved_band,True
1306,mosdac_ASANI_2022_1306_Severe_Cyclonic_Storm.png,data/p2_mosdac_expanded/crops\mosdac_ASANI_2022_1306_Severe_Cyclonic_Storm.png,ASANI,2022,ASANI_2022,test,2022-05-14 15:00:00 UTC,14.83,84.28,110.6,Severe Cyclonic Storm,curved_band,True
1307,mosdac_ASANI_2022_1307_Severe_Cyclonic_Storm.png,data/p2_mosdac_expanded/crops\mosdac_ASANI_2022_1307_Severe_Cyclonic_Storm.png,ASANI,2022,ASANI_2022,test,2022-05-14 18:00:00 UTC,14.91,84.04,108.5,Severe Cyclonic Storm,curved_band,True
1308,mosdac_ASANI_2022_1308_Severe_Cyclonic_Storm.png,data/p2_mosdac_expanded/crops\mosdac_ASANI_2022_1308_Severe_Cyclonic_Storm.png,ASANI,2022,ASANI_2022,test,2022-05-14 21:00:00 UTC,14.99,83.66,108.1,Severe Cyclonic Storm,curved_band,True
1309,mosdac_ASANI_2022_1309_Severe_Cyclonic_Storm.png,data/p2_mosdac_expanded/crops\mosdac_ASANI_2022_1309_Severe_Cyclonic_Storm.png,ASANI,2022,ASANI_2022,test,2022-05-14 00:00:00 UTC,15.07,83.41,103.2,Severe Cyclonic Storm,curved_band,True
1310,mosdac_ASANI_2022_1310_Severe_Cyclonic_Storm.png,data/p2_mosdac_expanded/crops\mosdac_ASANI_2022_1310_Severe_Cyclonic_Storm.png,ASANI,2022,ASANI_2022,test,2022-05-14 03:00:00 UTC,15.1,83.14,105.7,Severe Cyclonic Storm,curved_band,True
1311,mosdac_ASANI_2022_1311_Severe_Cyclonic_Storm.png,data/p2_mosdac_expanded/crops\mosdac_ASANI_2022_1311_Severe_Cyclonic_Storm.png,ASANI,2022,ASANI_2022,test,2022-05-15 06:00:00 UTC,15.15,82.86,98.3,Severe Cyclonic Storm,curved_band,True
1312,mosdac_ASANI_2022_1312_Severe_Cyclonic_Storm.png,data/p2_mosdac_expanded/crops\mosdac_ASANI_2022_1312_Severe_Cyclonic_Storm.png,ASANI,2022,ASANI_2022,test,2022-05-15 09:00:00 UTC,15.31,82.63,103.3,Severe Cyclonic Storm,curved_band,True
1313,mosdac_ASANI_2022_1313_Severe_Cyclonic_Storm.png,data/p2_mosdac_expanded/crops\mosdac_ASANI_2022_1313_Severe_Cyclonic_Storm.png,ASANI,2022,ASANI_2022,test,2022-05-15 12:00:00 UTC,15.31,82.32,98.8,Severe Cyclonic Storm,curved_band,True
1314,mosdac_ASANI_2022_1314_Severe_Cyclonic_Storm.png,data/p2_mosdac_expanded/crops\mosdac_ASANI_2022_1314_Severe_Cyclonic_Storm.png,ASANI,2022,ASANI_2022,test,2022-05-15 15:00:00 UTC,15.44,82.14,99.1,Severe Cyclonic Storm,curved_band,True
1315,mosdac_ASANI_2022_1315_Severe_Cyclonic_Storm.png,data/p2_mosdac_expanded/crops\mosdac_ASANI_2022_1315_Severe_Cyclonic_Storm.png,ASANI,2022,ASANI_2022,test,2022-05-15 18:00:00 UTC,15.56,81.99,94.3,Severe Cyclonic Storm,curved_band,True
1316,mosdac_ASANI_2022_1316_Severe_Cyclonic_Storm.png,data/p2_mosdac_expanded/crops\mosdac_ASANI_2022_1316_Severe_Cyclonic_Storm.png,ASANI,2022,ASANI_2022,test,2022-05-15 21:00:00 UTC,15.65,81.85,93.8,Severe Cyclonic Storm,curved_band,True
1317,mosdac_ASANI_2022_1317_Severe_Cyclonic_Storm.png,data/p2_mosdac_expanded/crops\mosdac_ASANI_2022_1317_Severe_Cyclonic_Storm.png,ASANI,2022,ASANI_2022,test,2022-05-15 00:00:00 UTC,15.73,81.78,90.8,Severe Cyclonic Storm,curved_band,True
1318,mosdac_ASANI_2022_1318_Severe_Cyclonic_Storm.png,data/p2_mosdac_expanded/crops\mosdac_ASANI_2022_1318_Severe_Cyclonic_Storm.png,ASANI,2022,ASANI_2022,test,2022-05-15 03:00:00 UTC,15.82,81.71,90.2,Severe Cyclonic Storm,curved_band,True
1319,mosdac_ASANI_2022_1319_Cyclonic_Storm.png,data/p2_mosdac_expanded/crops\mosdac_ASANI_2022_1319_Cyclonic_Storm.png,ASANI,2022,ASANI_2022,test,2022-05-15 06:00:00 UTC,15.91,81.64,82.8,Cyclonic Storm,curved_band,True
1320,mosdac_ASANI_2022_1320_Cyclonic_Storm.png,data/p2_mosdac_expanded/crops\mosdac_ASANI_2022_1320_Cyclonic_Storm.png,ASANI,2022,ASANI_2022,test,2022-05-15 09:00:00 UTC,15.96,81.56,80.3,Cyclonic Storm,curved_band,True
1321,mosdac_ASANI_2022_1321_Cyclonic_Storm.png,data/p2_mosdac_expanded/crops\mosdac_ASANI_2022_1321_Cyclonic_Storm.png,ASANI,2022,ASANI_2022,test,2022-05-16 12:00:00 UTC,15.98,81.49,79.5,Cyclonic Storm,curved_band,True
1322,mosdac_ASANI_2022_1322_Cyclonic_Storm.png,data/p2_mosdac_expanded/crops\mosdac_ASANI_2022_1322_Cyclonic_Storm.png,ASANI,2022,ASANI_2022,test,2022-05-16 15:00:00 UTC,16.07,81.41,76.4,Cyclonic Storm,curved_band,True
1323,mosdac_ASANI_2022_1323_Cyclonic_Storm.png,data/p2_mosdac_expanded/crops\mosdac_ASANI_2022_1323_Cyclonic_Storm.png,ASANI,2022,ASANI_2022,test,2022-05-16 18:00:00 UTC,16.03,81.27,79.6,Cyclonic Storm,curved_band,True
1324,mosdac_ASANI_2022_1324_Cyclonic_Storm.png,data/p2_mosdac_expanded/crops\mosdac_ASANI_2022_1324_Cyclonic_Storm.png,ASANI,2022,ASANI_2022,test,2022-05-16 21:00:00 UTC,15.96,81.11,72.0,Cyclonic Storm,curved_band,True
1325,mosdac_ASANI_2022_1325_Cyclonic_Storm.png,data/p2_mosdac_expanded/crops\mosdac_ASANI_2022_1325_Cyclonic_Storm.png,ASANI,2022,ASANI_2022,test,2022-05-16 00:00:00 UTC,15.89,80.93,75.6,Cyclonic Storm,curved_band,True
1326,mosdac_ASANI_2022_1326_Cyclonic_Storm.png,data/p2_mosdac_expanded/crops\mosdac_ASANI_2022_1326_Cyclonic_Storm.png,ASANI,2022,ASANI_2022,test,2022-05-16 03:00:00 UTC,15.82,80.7,68.0,Cyclonic Storm,curved_band,True
1327,mosdac_ASANI_2022_1327_Cyclonic_Storm.png,data/p2_mosdac_expanded/crops\mosdac_ASANI_2022_1327_Cyclonic_Storm.png,ASANI,2022,ASANI_2022,test,2022-05-16 06:00:00 UTC,15.67,80.54,64.4,Cyclonic Storm,curved_band,True
1328,mosdac_ASANI_2022_1328_Cyclonic_Storm.png,data/p2_mosdac_expanded/crops\mosdac_ASANI_2022_1328_Cyclonic_Storm.png,ASANI,2022,ASANI_2022,test,2022-05-16 09:00:00 UTC,15.41,80.37,66.9,Cyclonic Storm,curved_band,True
1329,mosdac_ASANI_2022_1329_Cyclonic_Storm.png,data/p2_mosdac_expanded/crops\mosdac_ASANI_2022_1329_Cyclonic_Storm.png,ASANI,2022,ASANI_2022,test,2022-05-16 12:00:00 UTC,15.21,80.25,63.5,Cyclonic Storm,curved_band,True
1330,mosdac_ASANI_2022_1330_Deep_Depression.png,data/p2_mosdac_expanded/crops\mosdac_ASANI_2022_1330_Deep_Depression.png,ASANI,2022,ASANI_2022,test,2022-05-16 15:00:00 UTC,15.14,80.18,59.9,Deep Depression,shear_pattern,True
1331,mosdac_ASANI_2022_1331_Deep_Depression.png,data/p2_mosdac_expanded/crops\mosdac_ASANI_2022_1331_Deep_Depression.png,ASANI,2022,ASANI_2022,test,2022-05-17 18:00:00 UTC,15.07,80.18,58.1,Deep Depression,shear_pattern,True
1332,mosdac_ASANI_2022_1332_Deep_Depression.png,data/p2_mosdac_expanded/crops\mosdac_ASANI_2022_1332_Deep_Depression.png,ASANI,2022,ASANI_2022,test,2022-05-17 21:00:00 UTC,15.07,80.24,57.3,Deep Depression,shear_pattern,True
1333,mosdac_ASANI_2022_1333_Deep_Depression.png,data/p2_mosdac_expanded/crops\mosdac_ASANI_2022_1333_Deep_Depression.png,ASANI,2022,ASANI_2022,test,2022-05-17 00:00:00 UTC,14.98,80.26,51.3,Deep Depression,shear_pattern,True
1334,mosdac_ASANI_2022_1334_Deep_Depression.png,data/p2_mosdac_expanded/crops\mosdac_ASANI_2022_1334_Deep_Depression.png,ASANI,2022,ASANI_2022,test,2022-05-17 03:00:00 UTC,14.86,80.28,55.6,Deep Depression,shear_pattern,True
1335,mosdac_ASANI_2022_1335_Deep_Depression.png,data/p2_mosdac_expanded/crops\mosdac_ASANI_2022_1335_Deep_Depression.png,ASANI,2022,ASANI_2022,test,2022-05-17 06:00:00 UTC,14.79,80.37,53.6,Deep Depression,shear_pattern,True
1336,mosdac_ASANI_2022_1336_Depression.png,data/p2_mosdac_expanded/crops\mosdac_ASANI_2022_1336_Depression.png,ASANI,2022,ASANI_2022,test,2022-05-17 09:00:00 UTC,14.79,80.59,49.4,Depression,shear_pattern,True
1337,mosdac_ASANI_2022_1337_Depression.png,data/p2_mosdac_expanded/crops\mosdac_ASANI_2022_1337_Depression.png,ASANI,2022,ASANI_2022,test,2022-05-17 12:00:00 UTC,14.8,80.88,44.3,Depression,shear_pattern,True
1338,mosdac_ASANI_2022_1338_Depression.png,data/p2_mosdac_expanded/crops\mosdac_ASANI_2022_1338_Depression.png,ASANI,2022,ASANI_2022,test,2022-05-17 15:00:00 UTC,14.8,81.14,46.9,Depression,shear_pattern,True
1339,mosdac_ASANI_2022_1339_Depression.png,data/p2_mosdac_expanded/crops\mosdac_ASANI_2022_1339_Depression.png,ASANI,2022,ASANI_2022,test,2022-05-17 18:00:00 UTC,14.82,81.35,41.1,Depression,shear_pattern,True
1340,mosdac_ASANI_2022_1340_Depression.png,data/p2_mosdac_expanded/crops\mosdac_ASANI_2022_1340_Depression.png,ASANI,2022,ASANI_2022,test,2022-05-17 21:00:00 UTC,14.9,81.5,40.2,Depression,shear_pattern,True
1341,mosdac_DANA_2024_1341_Depression.png,data/p2_mosdac_expanded/crops\mosdac_DANA_2024_1341_Depression.png,DANA,2024,DANA_2024,train,2024-05-10 00:00:00 UTC,15.3,92.2,42.1,Depression,shear_pattern,True
1342,mosdac_DANA_2024_1342_Depression.png,data/p2_mosdac_expanded/crops\mosdac_DANA_2024_1342_Depression.png,DANA,2024,DANA_2024,train,2024-05-10 03:00:00 UTC,15.26,92.2,44.2,Depression,shear_pattern,True
1343,mosdac_DANA_2024_1343_Depression.png,data/p2_mosdac_expanded/crops\mosdac_DANA_2024_1343_Depression.png,DANA,2024,DANA_2024,train,2024-05-10 06:00:00 UTC,15.22,92.2,48.4,Depression,shear_pattern,True
1344,mosdac_DANA_2024_1344_Depression.png,data/p2_mosdac_expanded/crops\mosdac_DANA_2024_1344_Depression.png,DANA,2024,DANA_2024,train,2024-05-10 09:00:00 UTC,15.23,92.2,48.5,Depression,shear_pattern,True
1345,mosdac_DANA_2024_1345_Deep_Depression.png,data/p2_mosdac_expanded/crops\mosdac_DANA_2024_1345_Deep_Depression.png,DANA,2024,DANA_2024,train,2024-05-10 12:00:00 UTC,15.24,92.19,50.1,Deep Depression,shear_pattern,True
1346,mosdac_DANA_2024_1346_Depression.png,data/p2_mosdac_expanded/crops\mosdac_DANA_2024_1346_Depression.png,DANA,2024,DANA_2024,train,2024-05-10 15:00:00 UTC,15.25,92.19,49.2,Depression,shear_pattern,True
1347,mosdac_DANA_2024_1347_Deep_Depression.png,data/p2_mosdac_expanded/crops\mosdac_DANA_2024_1347_Deep_Depression.png,DANA,2024,DANA_2024,train,2024-05-10 18:00:00 UTC,15.26,92.18,50.4,Deep Depression,shear_pattern,True
1348,mosdac_DANA_2024_1348_Deep_Depression.png,data/p2_mosdac_expanded/crops\mosdac_DANA_2024_1348_Deep_Depression.png,DANA,2024,DANA_2024,train,2024-05-10 21:00:00 UTC,15.26,92.14,52.5,Deep Depression,shear_pattern,True
1349,mosdac_DANA_2024_1349_Deep_Depression.png,data/p2_mosdac_expanded/crops\mosdac_DANA_2024_1349_Deep_Depression.png,DANA,2024,DANA_2024,train,2024-05-10 00:00:00 UTC,15.27,92.08,59.4,Deep Depression,shear_pattern,True
1350,mosdac_DANA_2024_1350_Deep_Depression.png,data/p2_mosdac_expanded/crops\mosdac_DANA_2024_1350_Deep_Depression.png,DANA,2024,DANA_2024,train,2024-05-10 03:00:00 UTC,15.25,92.06,54.0,Deep Depression,shear_pattern,True
1351,mosdac_DANA_2024_1351_Cyclonic_Storm.png,data/p2_mosdac_expanded/crops\mosdac_DANA_2024_1351_Cyclonic_Storm.png,DANA,2024,DANA_2024,train,2024-05-11 06:00:00 UTC,15.2,92.05,62.8,Cyclonic Storm,curved_band,True
1352,mosdac_DANA_2024_1352_Cyclonic_Storm.png,data/p2_mosdac_expanded/crops\mosdac_DANA_2024_1352_Cyclonic_Storm.png,DANA,2024,DANA_2024,train,2024-05-11 09:00:00 UTC,15.22,92.02,62.8,Cyclonic Storm,curved_band,True
1353,mosdac_DANA_2024_1353_Cyclonic_Storm.png,data/p2_mosdac_expanded/crops\mosdac_DANA_2024_1353_Cyclonic_Storm.png,DANA,2024,DANA_2024,train,2024-05-11 12:00:00 UTC,15.27,91.96,64.1,Cyclonic Storm,curved_band,True
1354,mosdac_DANA_2024_1354_Cyclonic_Storm.png,data/p2_mosdac_expanded/crops\mosdac_DANA_2024_1354_Cyclonic_Storm.png,DANA,2024,DANA_2024,train,2024-05-11 15:00:00 UTC,15.3,91.9,68.7,Cyclonic Storm,curved_band,True
1355,mosdac_DANA_2024_1355_Cyclonic_Storm.png,data/p2_mosdac_expanded/crops\mosdac_DANA_2024_1355_Cyclonic_Storm.png,DANA,2024,DANA_2024,train,2024-05-11 18:00:00 UTC,15.3,91.84,69.2,Cyclonic Storm,curved_band,True
1356,mosdac_DANA_2024_1356_Cyclonic_Storm.png,data/p2_mosdac_expanded/crops\mosdac_DANA_2024_1356_Cyclonic_Storm.png,DANA,2024,DANA_2024,train,2024-05-11 21:00:00 UTC,15.32,91.76,74.8,Cyclonic Storm,curved_band,True
1357,mosdac_DANA_2024_1357_Cyclonic_Storm.png,data/p2_mosdac_expanded/crops\mosdac_DANA_2024_1357_Cyclonic_Storm.png,DANA,2024,DANA_2024,train,2024-05-11 00:00:00 UTC,15.37,91.66,77.4,Cyclonic Storm,curved_band,True
1358,mosdac_DANA_2024_1358_Cyclonic_Storm.png,data/p2_mosdac_expanded/crops\mosdac_DANA_2024_1358_Cyclonic_Storm.png,DANA,2024,DANA_2024,train,2024-05-11 03:00:00 UTC,15.4,91.57,76.0,Cyclonic Storm,curved_band,True
1359,mosdac_DANA_2024_1359_Cyclonic_Storm.png,data/p2_mosdac_expanded/crops\mosdac_DANA_2024_1359_Cyclonic_Storm.png,DANA,2024,DANA_2024,train,2024-05-11 06:00:00 UTC,15.4,91.51,77.3,Cyclonic Storm,curved_band,True
1360,mosdac_DANA_2024_1360_Cyclonic_Storm.png,data/p2_mosdac_expanded/crops\mosdac_DANA_2024_1360_Cyclonic_Storm.png,DANA,2024,DANA_2024,train,2024-05-11 09:00:00 UTC,15.41,91.45,82.2,Cyclonic Storm,curved_band,True
1361,mosdac_DANA_2024_1361_Cyclonic_Storm.png,data/p2_mosdac_expanded/crops\mosdac_DANA_2024_1361_Cyclonic_Storm.png,DANA,2024,DANA_2024,train,2024-05-12 12:00:00 UTC,15.45,91.4,87.1,Cyclonic Storm,curved_band,True
1362,mosdac_DANA_2024_1362_Cyclonic_Storm.png,data/p2_mosdac_expanded/crops\mosdac_DANA_2024_1362_Cyclonic_Storm.png,DANA,2024,DANA_2024,train,2024-05-12 15:00:00 UTC,15.5,91.32,83.8,Cyclonic Storm,curved_band,True
1363,mosdac_DANA_2024_1363_Severe_Cyclonic_Storm.png,data/p2_mosdac_expanded/crops\mosdac_DANA_2024_1363_Severe_Cyclonic_Storm.png,DANA,2024,DANA_2024,train,2024-05-12 18:00:00 UTC,15.54,91.17,89.4,Severe Cyclonic Storm,curved_band,True
1364,mosdac_DANA_2024_1364_Severe_Cyclonic_Storm.png,data/p2_mosdac_expanded/crops\mosdac_DANA_2024_1364_Severe_Cyclonic_Storm.png,DANA,2024,DANA_2024,train,2024-05-12 21:00:00 UTC,15.58,91.01,91.6,Severe Cyclonic Storm,curved_band,True
1365,mosdac_DANA_2024_1365_Severe_Cyclonic_Storm.png,data/p2_mosdac_expanded/crops\mosdac_DANA_2024_1365_Severe_Cyclonic_Storm.png,DANA,2024,DANA_2024,train,2024-05-12 00:00:00 UTC,15.62,90.81,94.5,Severe Cyclonic Storm,curved_band,True
1366,mosdac_DANA_2024_1366_Severe_Cyclonic_Storm.png,data/p2_mosdac_expanded/crops\mosdac_DANA_2024_1366_Severe_Cyclonic_Storm.png,DANA,2024,DANA_2024,train,2024-05-12 03:00:00 UTC,15.66,90.61,91.7,Severe Cyclonic Storm,curved_band,True
1367,mosdac_DANA_2024_1367_Severe_Cyclonic_Storm.png,data/p2_mosdac_expanded/crops\mosdac_DANA_2024_1367_Severe_Cyclonic_Storm.png,DANA,2024,DANA_2024,train,2024-05-12 06:00:00 UTC,15.75,90.41,98.3,Severe Cyclonic Storm,curved_band,True
1368,mosdac_DANA_2024_1368_Severe_Cyclonic_Storm.png,data/p2_mosdac_expanded/crops\mosdac_DANA_2024_1368_Severe_Cyclonic_Storm.png,DANA,2024,DANA_2024,train,2024-05-12 09:00:00 UTC,15.84,90.21,101.7,Severe Cyclonic Storm,curved_band,True
1369,mosdac_DANA_2024_1369_Severe_Cyclonic_Storm.png,data/p2_mosdac_expanded/crops\mosdac_DANA_2024_1369_Severe_Cyclonic_Storm.png,DANA,2024,DANA_2024,train,2024-05-12 12:00:00 UTC,15.97,90.02,97.5,Severe Cyclonic Storm,curved_band,True
1370,mosdac_DANA_2024_1370_Severe_Cyclonic_Storm.png,data/p2_mosdac_expanded/crops\mosdac_DANA_2024_1370_Severe_Cyclonic_Storm.png,DANA,2024,DANA_2024,train,2024-05-12 15:00:00 UTC,16.11,89.82,99.6,Severe Cyclonic Storm,curved_band,True
1371,mosdac_DANA_2024_1371_Severe_Cyclonic_Storm.png,data/p2_mosdac_expanded/crops\mosdac_DANA_2024_1371_Severe_Cyclonic_Storm.png,DANA,2024,DANA_2024,train,2024-05-13 18:00:00 UTC,16.24,89.67,106.9,Severe Cyclonic Storm,curved_band,True
1372,mosdac_DANA_2024_1372_Severe_Cyclonic_Storm.png,data/p2_mosdac_expanded/crops\mosdac_DANA_2024_1372_Severe_Cyclonic_Storm.png,DANA,2024,DANA_2024,train,2024-05-13 21:00:00 UTC,16.38,89.53,101.9,Severe Cyclonic Storm,curved_band,True
1373,mosdac_DANA_2024_1373_Severe_Cyclonic_Storm.png,data/p2_mosdac_expanded/crops\mosdac_DANA_2024_1373_Severe_Cyclonic_Storm.png,DANA,2024,DANA_2024,train,2024-05-13 00:00:00 UTC,16.51,89.38,108.5,Severe Cyclonic Storm,curved_band,True
1374,mosdac_DANA_2024_1374_Severe_Cyclonic_Storm.png,data/p2_mosdac_expanded/crops\mosdac_DANA_2024_1374_Severe_Cyclonic_Storm.png,DANA,2024,DANA_2024,train,2024-05-13 03:00:00 UTC,16.65,89.24,106.7,Severe Cyclonic Storm,curved_band,True
1375,mosdac_DANA_2024_1375_Severe_Cyclonic_Storm.png,data/p2_mosdac_expanded/crops\mosdac_DANA_2024_1375_Severe_Cyclonic_Storm.png,DANA,2024,DANA_2024,train,2024-05-13 06:00:00 UTC,16.75,89.13,105.6,Severe Cyclonic Storm,curved_band,True
1376,mosdac_DANA_2024_1376_Severe_Cyclonic_Storm.png,data/p2_mosdac_expanded/crops\mosdac_DANA_2024_1376_Severe_Cyclonic_Storm.png,DANA,2024,DANA_2024,train,2024-05-13 09:00:00 UTC,16.83,89.04,111.4,Severe Cyclonic Storm,curved_band,True
1377,mosdac_DANA_2024_1377_Severe_Cyclonic_Storm.png,data/p2_mosdac_expanded/crops\mosdac_DANA_2024_1377_Severe_Cyclonic_Storm.png,DANA,2024,DANA_2024,train,2024-05-13 12:00:00 UTC,16.98,88.98,108.6,Severe Cyclonic Storm,curved_band,True
1378,mosdac_DANA_2024_1378_Severe_Cyclonic_Storm.png,data/p2_mosdac_expanded/crops\mosdac_DANA_2024_1378_Severe_Cyclonic_Storm.png,DANA,2024,DANA_2024,train,2024-05-13 15:00:00 UTC,17.17,88.94,109.6,Severe Cyclonic Storm,curved_band,True
1379,mosdac_DANA_2024_1379_Severe_Cyclonic_Storm.png,data/p2_mosdac_expanded/crops\mosdac_DANA_2024_1379_Severe_Cyclonic_Storm.png,DANA,2024,DANA_2024,train,2024-05-13 18:00:00 UTC,17.32,88.87,108.7,Severe Cyclonic Storm,curved_band,True
1380,mosdac_DANA_2024_1380_Severe_Cyclonic_Storm.png,data/p2_mosdac_expanded/crops\mosdac_DANA_2024_1380_Severe_Cyclonic_Storm.png,DANA,2024,DANA_2024,train,2024-05-13 21:00:00 UTC,17.46,88.78,110.7,Severe Cyclonic Storm,curved_band,True
1381,mosdac_DANA_2024_1381_Severe_Cyclonic_Storm.png,data/p2_mosdac_expanded/crops\mosdac_DANA_2024_1381_Severe_Cyclonic_Storm.png,DANA,2024,DANA_2024,train,2024-05-14 00:00:00 UTC,17.62,88.71,107.3,Severe Cyclonic Storm,curved_band,True
1382,mosdac_DANA_2024_1382_Severe_Cyclonic_Storm.png,data/p2_mosdac_expanded/crops\mosdac_DANA_2024_1382_Severe_Cyclonic_Storm.png,DANA,2024,DANA_2024,train,2024-05-14 03:00:00 UTC,17.81,88.67,109.0,Severe Cyclonic Storm,curved_band,True
1383,mosdac_DANA_2024_1383_Severe_Cyclonic_Storm.png,data/p2_mosdac_expanded/crops\mosdac_DANA_2024_1383_Severe_Cyclonic_Storm.png,DANA,2024,DANA_2024,train,2024-05-14 06:00:00 UTC,17.97,88.59,113.3,Severe Cyclonic Storm,curved_band,True
1384,mosdac_DANA_2024_1384_Severe_Cyclonic_Storm.png,data/p2_mosdac_expanded/crops\mosdac_DANA_2024_1384_Severe_Cyclonic_Storm.png,DANA,2024,DANA_2024,train,2024-05-14 09:00:00 UTC,18.11,88.45,107.1,Severe Cyclonic Storm,curved_band,True
1385,mosdac_DANA_2024_1385_Severe_Cyclonic_Storm.png,data/p2_mosdac_expanded/crops\mosdac_DANA_2024_1385_Severe_Cyclonic_Storm.png,DANA,2024,DANA_2024,train,2024-05-14 12:00:00 UTC,18.27,88.34,109.7,Severe Cyclonic Storm,curved_band,True
1386,mosdac_DANA_2024_1386_Severe_Cyclonic_Storm.png,data/p2_mosdac_expanded/crops\mosdac_DANA_2024_1386_Severe_Cyclonic_Storm.png,DANA,2024,DANA_2024,train,2024-05-14 15:00:00 UTC,18.46,88.25,106.3,Severe Cyclonic Storm,curved_band,True
1387,mosdac_DANA_2024_1387_Severe_Cyclonic_Storm.png,data/p2_mosdac_expanded/crops\mosdac_DANA_2024_1387_Severe_Cyclonic_Storm.png,DANA,2024,DANA_2024,train,2024-05-14 18:00:00 UTC,18.64,88.16,108.9,Severe Cyclonic Storm,curved_band,True
1388,mosdac_DANA_2024_1388_Severe_Cyclonic_Storm.png,data/p2_mosdac_expanded/crops\mosdac_DANA_2024_1388_Severe_Cyclonic_Storm.png,DANA,2024,DANA_2024,train,2024-05-14 21:00:00 UTC,18.78,88.08,102.7,Severe Cyclonic Storm,curved_band,True
1389,mosdac_DANA_2024_1389_Severe_Cyclonic_Storm.png,data/p2_mosdac_expanded/crops\mosdac_DANA_2024_1389_Severe_Cyclonic_Storm.png,DANA,2024,DANA_2024,train,2024-05-14 00:00:00 UTC,18.93,87.99,108.2,Severe Cyclonic Storm,curved_band,True
1390,mosdac_DANA_2024_1390_Severe_Cyclonic_Storm.png,data/p2_mosdac_expanded/crops\mosdac_DANA_2024_1390_Severe_Cyclonic_Storm.png,DANA,2024,DANA_2024,train,2024-05-14 03:00:00 UTC,19.07,87.9,102.8,Severe Cyclonic Storm,curved_band,True
1391,mosdac_DANA_2024_1391_Severe_Cyclonic_Storm.png,data/p2_mosdac_expanded/crops\mosdac_DANA_2024_1391_Severe_Cyclonic_Storm.png,DANA,2024,DANA_2024,train,2024-05-15 06:00:00 UTC,19.21,87.82,99.6,Severe Cyclonic Storm,curved_band,True
1392,mosdac_DANA_2024_1392_Severe_Cyclonic_Storm.png,data/p2_mosdac_expanded/crops\mosdac_DANA_2024_1392_Severe_Cyclonic_Storm.png,DANA,2024,DANA_2024,train,2024-05-15 09:00:00 UTC,19.31,87.73,96.7,Severe Cyclonic Storm,curved_band,True
1393,mosdac_DANA_2024_1393_Severe_Cyclonic_Storm.png,data/p2_mosdac_expanded/crops\mosdac_DANA_2024_1393_Severe_Cyclonic_Storm.png,DANA,2024,DANA_2024,train,2024-05-15 12:00:00 UTC,19.42,87.65,95.7,Severe Cyclonic Storm,curved_band,True
1394,mosdac_DANA_2024_1394_Severe_Cyclonic_Storm.png,data/p2_mosdac_expanded/crops\mosdac_DANA_2024_1394_Severe_Cyclonic_Storm.png,DANA,2024,DANA_2024,train,2024-05-15 15:00:00 UTC,19.56,87.61,96.7,Severe Cyclonic Storm,curved_band,True
1395,mosdac_DANA_2024_1395_Severe_Cyclonic_Storm.png,data/p2_mosdac_expanded/crops\mosdac_DANA_2024_1395_Severe_Cyclonic_Storm.png,DANA,2024,DANA_2024,train,2024-05-15 18:00:00 UTC,19.72,87.57,93.4,Severe Cyclonic Storm,curved_band,True
1396,mosdac_DANA_2024_1396_Severe_Cyclonic_Storm.png,data/p2_mosdac_expanded/crops\mosdac_DANA_2024_1396_Severe_Cyclonic_Storm.png,DANA,2024,DANA_2024,train,2024-05-15 21:00:00 UTC,19.87,87.48,95.3,Severe Cyclonic Storm,curved_band,True
1397,mosdac_DANA_2024_1397_Severe_Cyclonic_Storm.png,data/p2_mosdac_expanded/crops\mosdac_DANA_2024_1397_Severe_Cyclonic_Storm.png,DANA,2024,DANA_2024,train,2024-05-15 00:00:00 UTC,20.02,87.39,90.0,Severe Cyclonic Storm,curved_band,True
1398,mosdac_DANA_2024_1398_Cyclonic_Storm.png,data/p2_mosdac_expanded/crops\mosdac_DANA_2024_1398_Cyclonic_Storm.png,DANA,2024,DANA_2024,train,2024-05-15 03:00:00 UTC,20.21,87.3,86.4,Cyclonic Storm,curved_band,True
1399,mosdac_DANA_2024_1399_Cyclonic_Storm.png,data/p2_mosdac_expanded/crops\mosdac_DANA_2024_1399_Cyclonic_Storm.png,DANA,2024,DANA_2024,train,2024-05-15 06:00:00 UTC,20.41,87.21,87.1,Cyclonic Storm,curved_band,True
1400,mosdac_DANA_2024_1400_Cyclonic_Storm.png,data/p2_mosdac_expanded/crops\mosdac_DANA_2024_1400_Cyclonic_Storm.png,DANA,2024,DANA_2024,train,2024-05-15 09:00:00 UTC,20.54,87.15,85.5,Cyclonic Storm,curved_band,True
1401,mosdac_DANA_2024_1401_Cyclonic_Storm.png,data/p2_mosdac_expanded/crops\mosdac_DANA_2024_1401_Cyclonic_Storm.png,DANA,2024,DANA_2024,train,2024-05-16 12:00:00 UTC,20.64,87.11,78.8,Cyclonic Storm,curved_band,True
1402,mosdac_DANA_2024_1402_Cyclonic_Storm.png,data/p2_mosdac_expanded/crops\mosdac_DANA_2024_1402_Cyclonic_Storm.png,DANA,2024,DANA_2024,train,2024-05-16 15:00:00 UTC,20.75,87.06,76.4,Cyclonic Storm,curved_band,True
1403,mosdac_DANA_2024_1403_Cyclonic_Storm.png,data/p2_mosdac_expanded/crops\mosdac_DANA_2024_1403_Cyclonic_Storm.png,DANA,2024,DANA_2024,train,2024-05-16 18:00:00 UTC,20.86,87.02,73.0,Cyclonic Storm,curved_band,True
1404,mosdac_DANA_2024_1404_Cyclonic_Storm.png,data/p2_mosdac_expanded/crops\mosdac_DANA_2024_1404_Cyclonic_Storm.png,DANA,2024,DANA_2024,train,2024-05-16 21:00:00 UTC,20.96,86.97,76.1,Cyclonic Storm,curved_band,True
1405,mosdac_DANA_2024_1405_Cyclonic_Storm.png,data/p2_mosdac_expanded/crops\mosdac_DANA_2024_1405_Cyclonic_Storm.png,DANA,2024,DANA_2024,train,2024-05-16 00:00:00 UTC,21.07,86.92,73.1,Cyclonic Storm,curved_band,True
1406,mosdac_DANA_2024_1406_Cyclonic_Storm.png,data/p2_mosdac_expanded/crops\mosdac_DANA_2024_1406_Cyclonic_Storm.png,DANA,2024,DANA_2024,train,2024-05-16 03:00:00 UTC,21.15,86.87,69.1,Cyclonic Storm,curved_band,True
1407,mosdac_DANA_2024_1407_Cyclonic_Storm.png,data/p2_mosdac_expanded/crops\mosdac_DANA_2024_1407_Cyclonic_Storm.png,DANA,2024,DANA_2024,train,2024-05-16 06:00:00 UTC,21.21,86.82,69.7,Cyclonic Storm,curved_band,True
1408,mosdac_DANA_2024_1408_Cyclonic_Storm.png,data/p2_mosdac_expanded/crops\mosdac_DANA_2024_1408_Cyclonic_Storm.png,DANA,2024,DANA_2024,train,2024-05-16 09:00:00 UTC,21.26,86.77,67.0,Cyclonic Storm,curved_band,True
1409,mosdac_DANA_2024_1409_Cyclonic_Storm.png,data/p2_mosdac_expanded/crops\mosdac_DANA_2024_1409_Cyclonic_Storm.png,DANA,2024,DANA_2024,train,2024-05-16 12:00:00 UTC,21.32,86.72,62.9,Cyclonic Storm,curved_band,True
1410,mosdac_DANA_2024_1410_Cyclonic_Storm.png,data/p2_mosdac_expanded/crops\mosdac_DANA_2024_1410_Cyclonic_Storm.png,DANA,2024,DANA_2024,train,2024-05-16 15:00:00 UTC,21.36,86.66,62.9,Cyclonic Storm,curved_band,True
1411,mosdac_DANA_2024_1411_Deep_Depression.png,data/p2_mosdac_expanded/crops\mosdac_DANA_2024_1411_Deep_Depression.png,DANA,2024,DANA_2024,train,2024-05-17 18:00:00 UTC,21.37,86.61,55.3,Deep Depression,shear_pattern,True
1412,mosdac_DANA_2024_1412_Deep_Depression.png,data/p2_mosdac_expanded/crops\mosdac_DANA_2024_1412_Deep_Depression.png,DANA,2024,DANA_2024,train,2024-05-17 21:00:00 UTC,21.37,86.55,52.4,Deep Depression,shear_pattern,True
1413,mosdac_DANA_2024_1413_Deep_Depression.png,data/p2_mosdac_expanded/crops\mosdac_DANA_2024_1413_Deep_Depression.png,DANA,2024,DANA_2024,train,2024-05-17 00:00:00 UTC,21.38,86.5,51.7,Deep Depression,shear_pattern,True
1414,mosdac_DANA_2024_1414_Depression.png,data/p2_mosdac_expanded/crops\mosdac_DANA_2024_1414_Depression.png,DANA,2024,DANA_2024,train,2024-05-17 03:00:00 UTC,21.39,86.45,48.0,Depression,shear_pattern,True
1415,mosdac_DANA_2024_1415_Deep_Depression.png,data/p2_mosdac_expanded/crops\mosdac_DANA_2024_1415_Deep_Depression.png,DANA,2024,DANA_2024,train,2024-05-17 06:00:00 UTC,21.39,86.44,50.0,Deep Depression,shear_pattern,True
1416,mosdac_DANA_2024_1416_Deep_Depression.png,data/p2_mosdac_expanded/crops\mosdac_DANA_2024_1416_Deep_Depression.png,DANA,2024,DANA_2024,train,2024-05-17 09:00:00 UTC,21.39,86.44,51.7,Deep Depression,shear_pattern,True
1417,mosdac_DANA_2024_1417_Depression.png,data/p2_mosdac_expanded/crops\mosdac_DANA_2024_1417_Depression.png,DANA,2024,DANA_2024,train,2024-05-17 12:00:00 UTC,21.34,86.48,43.0,Depression,shear_pattern,True
1418,mosdac_DANA_2024_1418_Depression.png,data/p2_mosdac_expanded/crops\mosdac_DANA_2024_1418_Depression.png,DANA,2024,DANA_2024,train,2024-05-17 15:00:00 UTC,21.3,86.51,42.5,Depression,shear_pattern,True
1419,mosdac_DANA_2024_1419_Depression.png,data/p2_mosdac_expanded/crops\mosdac_DANA_2024_1419_Depression.png,DANA,2024,DANA_2024,train,2024-05-17 18:00:00 UTC,21.3,86.45,44.1,Depression,shear_pattern,True
1420,mosdac_DANA_2024_1420_Depression.png,data/p2_mosdac_expanded/crops\mosdac_DANA_2024_1420_Depression.png,DANA,2024,DANA_2024,train,2024-05-17 21:00:00 UTC,21.3,86.4,47.5,Depression,shear_pattern,True
1421,mosdac_FENGAL_2024_1421_Depression.png,data/p2_mosdac_expanded/crops\mosdac_FENGAL_2024_1421_Depression.png,FENGAL,2024,FENGAL_2024,train,2024-05-10 00:00:00 UTC,3.6,89.0,35.0,Depression,shear_pattern,True
1422,mosdac_FENGAL_2024_1422_Depression.png,data/p2_mosdac_expanded/crops\mosdac_FENGAL_2024_1422_Depression.png,FENGAL,2024,FENGAL_2024,train,2024-05-10 03:00:00 UTC,3.71,88.36,35.0,Depression,shear_pattern,True
1423,mosdac_FENGAL_2024_1423_Depression.png,data/p2_mosdac_expanded/crops\mosdac_FENGAL_2024_1423_Depression.png,FENGAL,2024,FENGAL_2024,train,2024-05-10 06:00:00 UTC,3.72,87.81,35.0,Depression,shear_pattern,True
1424,mosdac_FENGAL_2024_1424_Depression.png,data/p2_mosdac_expanded/crops\mosdac_FENGAL_2024_1424_Depression.png,FENGAL,2024,FENGAL_2024,train,2024-05-10 09:00:00 UTC,3.76,87.26,35.0,Depression,shear_pattern,True
1425,mosdac_FENGAL_2024_1425_Depression.png,data/p2_mosdac_expanded/crops\mosdac_FENGAL_2024_1425_Depression.png,FENGAL,2024,FENGAL_2024,train,2024-05-10 12:00:00 UTC,3.87,86.68,41.1,Depression,shear_pattern,True
1426,mosdac_FENGAL_2024_1426_Depression.png,data/p2_mosdac_expanded/crops\mosdac_FENGAL_2024_1426_Depression.png,FENGAL,2024,FENGAL_2024,train,2024-05-10 15:00:00 UTC,3.99,86.02,42.2,Depression,shear_pattern,True
1427,mosdac_FENGAL_2024_1427_Depression.png,data/p2_mosdac_expanded/crops\mosdac_FENGAL_2024_1427_Depression.png,FENGAL,2024,FENGAL_2024,train,2024-05-10 18:00:00 UTC,4.11,85.42,35.9,Depression,shear_pattern,True
1428,mosdac_FENGAL_2024_1428_Depression.png,data/p2_mosdac_expanded/crops\mosdac_FENGAL_2024_1428_Depression.png,FENGAL,2024,FENGAL_2024,train,2024-05-10 21:00:00 UTC,4.23,84.93,45.0,Depression,shear_pattern,True
1429,mosdac_FENGAL_2024_1429_Depression.png,data/p2_mosdac_expanded/crops\mosdac_FENGAL_2024_1429_Depression.png,FENGAL,2024,FENGAL_2024,train,2024-05-10 00:00:00 UTC,4.34,84.49,44.0,Depression,shear_pattern,True
1430,mosdac_FENGAL_2024_1430_Depression.png,data/p2_mosdac_expanded/crops\mosdac_FENGAL_2024_1430_Depression.png,FENGAL,2024,FENGAL_2024,train,2024-05-10 03:00:00 UTC,4.38,84.04,47.5,Depression,shear_pattern,True
1431,mosdac_FENGAL_2024_1431_Depression.png,data/p2_mosdac_expanded/crops\mosdac_FENGAL_2024_1431_Depression.png,FENGAL,2024,FENGAL_2024,train,2024-05-11 06:00:00 UTC,4.47,83.95,45.9,Depression,shear_pattern,True
1432,mosdac_FENGAL_2024_1432_Depression.png,data/p2_mosdac_expanded/crops\mosdac_FENGAL_2024_1432_Depression.png,FENGAL,2024,FENGAL_2024,train,2024-05-11 09:00:00 UTC,4.68,83.65,48.2,Depression,shear_pattern,True
1433,mosdac_FENGAL_2024_1433_Depression.png,data/p2_mosdac_expanded/crops\mosdac_FENGAL_2024_1433_Depression.png,FENGAL,2024,FENGAL_2024,train,2024-05-11 12:00:00 UTC,5.01,83.43,49.8,Depression,shear_pattern,True
1434,mosdac_FENGAL_2024_1434_Deep_Depression.png,data/p2_mosdac_expanded/crops\mosdac_FENGAL_2024_1434_Deep_Depression.png,FENGAL,2024,FENGAL_2024,train,2024-05-11 15:00:00 UTC,5.33,83.3,53.1,Deep Depression,shear_pattern,True
1435,mosdac_FENGAL_2024_1435_Deep_Depression.png,data/p2_mosdac_expanded/crops\mosdac_FENGAL_2024_1435_Deep_Depression.png,FENGAL,2024,FENGAL_2024,train,2024-05-11 18:00:00 UTC,5.55,83.12,50.7,Deep Depression,shear_pattern,True
1436,mosdac_FENGAL_2024_1436_Deep_Depression.png,data/p2_mosdac_expanded/crops\mosdac_FENGAL_2024_1436_Deep_Depression.png,FENGAL,2024,FENGAL_2024,train,2024-05-11 21:00:00 UTC,5.77,83.11,51.7,Deep Depression,shear_pattern,True
1437,mosdac_FENGAL_2024_1437_Deep_Depression.png,data/p2_mosdac_expanded/crops\mosdac_FENGAL_2024_1437_Deep_Depression.png,FENGAL,2024,FENGAL_2024,train,2024-05-11 00:00:00 UTC,6.03,83.1,55.8,Deep Depression,shear_pattern,True
1438,mosdac_FENGAL_2024_1438_Deep_Depression.png,data/p2_mosdac_expanded/crops\mosdac_FENGAL_2024_1438_Deep_Depression.png,FENGAL,2024,FENGAL_2024,train,2024-05-11 03:00:00 UTC,6.35,82.99,60.9,Deep Depression,shear_pattern,True
1439,mosdac_FENGAL_2024_1439_Deep_Depression.png,data/p2_mosdac_expanded/crops\mosdac_FENGAL_2024_1439_Deep_Depression.png,FENGAL,2024,FENGAL_2024,train,2024-05-11 06:00:00 UTC,6.74,82.88,58.7,Deep Depression,shear_pattern,True
1440,mosdac_FENGAL_2024_1440_Cyclonic_Storm.png,data/p2_mosdac_expanded/crops\mosdac_FENGAL_2024_1440_Cyclonic_Storm.png,FENGAL,2024,FENGAL_2024,train,2024-05-11 09:00:00 UTC,7.1,82.8,64.3,Cyclonic Storm,curved_band,True
1441,mosdac_FENGAL_2024_1441_Cyclonic_Storm.png,data/p2_mosdac_expanded/crops\mosdac_FENGAL_2024_1441_Cyclonic_Storm.png,FENGAL,2024,FENGAL_2024,train,2024-05-12 12:00:00 UTC,7.35,82.76,68.5,Cyclonic Storm,curved_band,True
1442,mosdac_FENGAL_2024_1442_Cyclonic_Storm.png,data/p2_mosdac_expanded/crops\mosdac_FENGAL_2024_1442_Cyclonic_Storm.png,FENGAL,2024,FENGAL_2024,train,2024-05-12 15:00:00 UTC,7.56,82.66,63.3,Cyclonic Storm,curved_band,True
1443,mosdac_FENGAL_2024_1443_Cyclonic_Storm.png,data/p2_mosdac_expanded/crops\mosdac_FENGAL_2024_1443_Cyclonic_Storm.png,FENGAL,2024,FENGAL_2024,train,2024-05-12 18:00:00 UTC,7.87,82.55,69.7,Cyclonic Storm,curved_band,True
1444,mosdac_FENGAL_2024_1444_Cyclonic_Storm.png,data/p2_mosdac_expanded/crops\mosdac_FENGAL_2024_1444_Cyclonic_Storm.png,FENGAL,2024,FENGAL_2024,train,2024-05-12 21:00:00 UTC,8.18,82.43,69.5,Cyclonic Storm,curved_band,True
1445,mosdac_FENGAL_2024_1445_Cyclonic_Storm.png,data/p2_mosdac_expanded/crops\mosdac_FENGAL_2024_1445_Cyclonic_Storm.png,FENGAL,2024,FENGAL_2024,train,2024-05-12 00:00:00 UTC,8.39,82.31,74.5,Cyclonic Storm,curved_band,True
1446,mosdac_FENGAL_2024_1446_Cyclonic_Storm.png,data/p2_mosdac_expanded/crops\mosdac_FENGAL_2024_1446_Cyclonic_Storm.png,FENGAL,2024,FENGAL_2024,train,2024-05-12 03:00:00 UTC,8.6,82.22,70.6,Cyclonic Storm,curved_band,True
1447,mosdac_FENGAL_2024_1447_Cyclonic_Storm.png,data/p2_mosdac_expanded/crops\mosdac_FENGAL_2024_1447_Cyclonic_Storm.png,FENGAL,2024,FENGAL_2024,train,2024-05-12 06:00:00 UTC,8.78,82.18,76.2,Cyclonic Storm,curved_band,True
1448,mosdac_FENGAL_2024_1448_Cyclonic_Storm.png,data/p2_mosdac_expanded/crops\mosdac_FENGAL_2024_1448_Cyclonic_Storm.png,FENGAL,2024,FENGAL_2024,train,2024-05-12 09:00:00 UTC,8.84,82.15,78.7,Cyclonic Storm,curved_band,True
1449,mosdac_FENGAL_2024_1449_Cyclonic_Storm.png,data/p2_mosdac_expanded/crops\mosdac_FENGAL_2024_1449_Cyclonic_Storm.png,FENGAL,2024,FENGAL_2024,train,2024-05-12 12:00:00 UTC,8.88,82.3,80.9,Cyclonic Storm,curved_band,True
1450,mosdac_FENGAL_2024_1450_Cyclonic_Storm.png,data/p2_mosdac_expanded/crops\mosdac_FENGAL_2024_1450_Cyclonic_Storm.png,FENGAL,2024,FENGAL_2024,train,2024-05-12 15:00:00 UTC,8.98,82.52,80.0,Cyclonic Storm,curved_band,True
1451,mosdac_FENGAL_2024_1451_Cyclonic_Storm.png,data/p2_mosdac_expanded/crops\mosdac_FENGAL_2024_1451_Cyclonic_Storm.png,FENGAL,2024,FENGAL_2024,train,2024-05-13 18:00:00 UTC,9.08,82.6,79.7,Cyclonic Storm,curved_band,True
1452,mosdac_FENGAL_2024_1452_Cyclonic_Storm.png,data/p2_mosdac_expanded/crops\mosdac_FENGAL_2024_1452_Cyclonic_Storm.png,FENGAL,2024,FENGAL_2024,train,2024-05-13 21:00:00 UTC,9.18,82.67,81.7,Cyclonic Storm,curved_band,True
1453,mosdac_FENGAL_2024_1453_Cyclonic_Storm.png,data/p2_mosdac_expanded/crops\mosdac_FENGAL_2024_1453_Cyclonic_Storm.png,FENGAL,2024,FENGAL_2024,train,2024-05-13 00:00:00 UTC,9.19,82.87,84.6,Cyclonic Storm,curved_band,True
1454,mosdac_FENGAL_2024_1454_Cyclonic_Storm.png,data/p2_mosdac_expanded/crops\mosdac_FENGAL_2024_1454_Cyclonic_Storm.png,FENGAL,2024,FENGAL_2024,train,2024-05-13 03:00:00 UTC,9.28,83.09,83.0,Cyclonic Storm,curved_band,True
1455,mosdac_FENGAL_2024_1455_Cyclonic_Storm.png,data/p2_mosdac_expanded/crops\mosdac_FENGAL_2024_1455_Cyclonic_Storm.png,FENGAL,2024,FENGAL_2024,train,2024-05-13 06:00:00 UTC,9.38,83.2,79.4,Cyclonic Storm,curved_band,True
1456,mosdac_FENGAL_2024_1456_Cyclonic_Storm.png,data/p2_mosdac_expanded/crops\mosdac_FENGAL_2024_1456_Cyclonic_Storm.png,FENGAL,2024,FENGAL_2024,train,2024-05-13 09:00:00 UTC,9.6,83.32,87.2,Cyclonic Storm,curved_band,True
1457,mosdac_FENGAL_2024_1457_Cyclonic_Storm.png,data/p2_mosdac_expanded/crops\mosdac_FENGAL_2024_1457_Cyclonic_Storm.png,FENGAL,2024,FENGAL_2024,train,2024-05-13 12:00:00 UTC,9.91,83.41,85.8,Cyclonic Storm,curved_band,True
1458,mosdac_FENGAL_2024_1458_Cyclonic_Storm.png,data/p2_mosdac_expanded/crops\mosdac_FENGAL_2024_1458_Cyclonic_Storm.png,FENGAL,2024,FENGAL_2024,train,2024-05-13 15:00:00 UTC,10.23,83.33,86.0,Cyclonic Storm,curved_band,True
1459,mosdac_FENGAL_2024_1459_Cyclonic_Storm.png,data/p2_mosdac_expanded/crops\mosdac_FENGAL_2024_1459_Cyclonic_Storm.png,FENGAL,2024,FENGAL_2024,train,2024-05-13 18:00:00 UTC,10.51,83.01,82.6,Cyclonic Storm,curved_band,True
1460,mosdac_FENGAL_2024_1460_Cyclonic_Storm.png,data/p2_mosdac_expanded/crops\mosdac_FENGAL_2024_1460_Cyclonic_Storm.png,FENGAL,2024,FENGAL_2024,train,2024-05-13 21:00:00 UTC,10.72,82.74,86.3,Cyclonic Storm,curved_band,True
1461,mosdac_FENGAL_2024_1461_Cyclonic_Storm.png,data/p2_mosdac_expanded/crops\mosdac_FENGAL_2024_1461_Cyclonic_Storm.png,FENGAL,2024,FENGAL_2024,train,2024-05-14 00:00:00 UTC,10.99,82.58,84.1,Cyclonic Storm,curved_band,True
1462,mosdac_FENGAL_2024_1462_Cyclonic_Storm.png,data/p2_mosdac_expanded/crops\mosdac_FENGAL_2024_1462_Cyclonic_Storm.png,FENGAL,2024,FENGAL_2024,train,2024-05-14 03:00:00 UTC,11.24,82.35,86.1,Cyclonic Storm,curved_band,True
1463,mosdac_FENGAL_2024_1463_Cyclonic_Storm.png,data/p2_mosdac_expanded/crops\mosdac_FENGAL_2024_1463_Cyclonic_Storm.png,FENGAL,2024,FENGAL_2024,train,2024-05-14 06:00:00 UTC,11.53,82.11,81.5,Cyclonic Storm,curved_band,True
1464,mosdac_FENGAL_2024_1464_Cyclonic_Storm.png,data/p2_mosdac_expanded/crops\mosdac_FENGAL_2024_1464_Cyclonic_Storm.png,FENGAL,2024,FENGAL_2024,train,2024-05-14 09:00:00 UTC,11.77,81.82,85.5,Cyclonic Storm,curved_band,True
1465,mosdac_FENGAL_2024_1465_Cyclonic_Storm.png,data/p2_mosdac_expanded/crops\mosdac_FENGAL_2024_1465_Cyclonic_Storm.png,FENGAL,2024,FENGAL_2024,train,2024-05-14 12:00:00 UTC,11.98,81.77,87.8,Cyclonic Storm,curved_band,True
1466,mosdac_FENGAL_2024_1466_Cyclonic_Storm.png,data/p2_mosdac_expanded/crops\mosdac_FENGAL_2024_1466_Cyclonic_Storm.png,FENGAL,2024,FENGAL_2024,train,2024-05-14 15:00:00 UTC,12.1,81.58,79.6,Cyclonic Storm,curved_band,True
1467,mosdac_FENGAL_2024_1467_Cyclonic_Storm.png,data/p2_mosdac_expanded/crops\mosdac_FENGAL_2024_1467_Cyclonic_Storm.png,FENGAL,2024,FENGAL_2024,train,2024-05-14 18:00:00 UTC,12.3,81.27,86.3,Cyclonic Storm,curved_band,True
1468,mosdac_FENGAL_2024_1468_Cyclonic_Storm.png,data/p2_mosdac_expanded/crops\mosdac_FENGAL_2024_1468_Cyclonic_Storm.png,FENGAL,2024,FENGAL_2024,train,2024-05-14 21:00:00 UTC,12.28,80.98,80.9,Cyclonic Storm,curved_band,True
1469,mosdac_FENGAL_2024_1469_Cyclonic_Storm.png,data/p2_mosdac_expanded/crops\mosdac_FENGAL_2024_1469_Cyclonic_Storm.png,FENGAL,2024,FENGAL_2024,train,2024-05-14 00:00:00 UTC,12.2,80.86,83.7,Cyclonic Storm,curved_band,True
1470,mosdac_FENGAL_2024_1470_Cyclonic_Storm.png,data/p2_mosdac_expanded/crops\mosdac_FENGAL_2024_1470_Cyclonic_Storm.png,FENGAL,2024,FENGAL_2024,train,2024-05-14 03:00:00 UTC,12.2,80.65,82.0,Cyclonic Storm,curved_band,True
1471,mosdac_FENGAL_2024_1471_Cyclonic_Storm.png,data/p2_mosdac_expanded/crops\mosdac_FENGAL_2024_1471_Cyclonic_Storm.png,FENGAL,2024,FENGAL_2024,train,2024-05-15 06:00:00 UTC,12.16,80.44,79.1,Cyclonic Storm,curved_band,True
1472,mosdac_FENGAL_2024_1472_Cyclonic_Storm.png,data/p2_mosdac_expanded/crops\mosdac_FENGAL_2024_1472_Cyclonic_Storm.png,FENGAL,2024,FENGAL_2024,train,2024-05-15 09:00:00 UTC,12.06,80.23,79.3,Cyclonic Storm,curved_band,True
1473,mosdac_FENGAL_2024_1473_Cyclonic_Storm.png,data/p2_mosdac_expanded/crops\mosdac_FENGAL_2024_1473_Cyclonic_Storm.png,FENGAL,2024,FENGAL_2024,train,2024-05-15 12:00:00 UTC,12.01,80.09,79.1,Cyclonic Storm,curved_band,True
1474,mosdac_FENGAL_2024_1474_Cyclonic_Storm.png,data/p2_mosdac_expanded/crops\mosdac_FENGAL_2024_1474_Cyclonic_Storm.png,FENGAL,2024,FENGAL_2024,train,2024-05-15 15:00:00 UTC,12.02,79.99,73.9,Cyclonic Storm,curved_band,True
1475,mosdac_FENGAL_2024_1475_Cyclonic_Storm.png,data/p2_mosdac_expanded/crops\mosdac_FENGAL_2024_1475_Cyclonic_Storm.png,FENGAL,2024,FENGAL_2024,train,2024-05-15 18:00:00 UTC,11.94,79.88,71.8,Cyclonic Storm,curved_band,True
1476,mosdac_FENGAL_2024_1476_Cyclonic_Storm.png,data/p2_mosdac_expanded/crops\mosdac_FENGAL_2024_1476_Cyclonic_Storm.png,FENGAL,2024,FENGAL_2024,train,2024-05-15 21:00:00 UTC,12.02,79.87,72.9,Cyclonic Storm,curved_band,True
1477,mosdac_FENGAL_2024_1477_Cyclonic_Storm.png,data/p2_mosdac_expanded/crops\mosdac_FENGAL_2024_1477_Cyclonic_Storm.png,FENGAL,2024,FENGAL_2024,train,2024-05-15 00:00:00 UTC,12.04,79.78,72.4,Cyclonic Storm,curved_band,True
1478,mosdac_FENGAL_2024_1478_Cyclonic_Storm.png,data/p2_mosdac_expanded/crops\mosdac_FENGAL_2024_1478_Cyclonic_Storm.png,FENGAL,2024,FENGAL_2024,train,2024-05-15 03:00:00 UTC,12.04,79.58,70.4,Cyclonic Storm,curved_band,True
1479,mosdac_FENGAL_2024_1479_Cyclonic_Storm.png,data/p2_mosdac_expanded/crops\mosdac_FENGAL_2024_1479_Cyclonic_Storm.png,FENGAL,2024,FENGAL_2024,train,2024-05-15 06:00:00 UTC,12.07,79.47,68.9,Cyclonic Storm,curved_band,True
1480,mosdac_FENGAL_2024_1480_Cyclonic_Storm.png,data/p2_mosdac_expanded/crops\mosdac_FENGAL_2024_1480_Cyclonic_Storm.png,FENGAL,2024,FENGAL_2024,train,2024-05-15 09:00:00 UTC,12.14,79.37,64.3,Cyclonic Storm,curved_band,True
1481,mosdac_FENGAL_2024_1481_Cyclonic_Storm.png,data/p2_mosdac_expanded/crops\mosdac_FENGAL_2024_1481_Cyclonic_Storm.png,FENGAL,2024,FENGAL_2024,train,2024-05-16 12:00:00 UTC,12.07,79.26,65.5,Cyclonic Storm,curved_band,True
1482,mosdac_FENGAL_2024_1482_Deep_Depression.png,data/p2_mosdac_expanded/crops\mosdac_FENGAL_2024_1482_Deep_Depression.png,FENGAL,2024,FENGAL_2024,train,2024-05-16 15:00:00 UTC,12.08,79.12,58.1,Deep Depression,shear_pattern,True
1483,mosdac_FENGAL_2024_1483_Deep_Depression.png,data/p2_mosdac_expanded/crops\mosdac_FENGAL_2024_1483_Deep_Depression.png,FENGAL,2024,FENGAL_2024,train,2024-05-16 18:00:00 UTC,12.14,78.85,59.6,Deep Depression,shear_pattern,True
1484,mosdac_FENGAL_2024_1484_Deep_Depression.png,data/p2_mosdac_expanded/crops\mosdac_FENGAL_2024_1484_Deep_Depression.png,FENGAL,2024,FENGAL_2024,train,2024-05-16 21:00:00 UTC,12.26,78.53,53.4,Deep Depression,shear_pattern,True
1485,mosdac_FENGAL_2024_1485_Deep_Depression.png,data/p2_mosdac_expanded/crops\mosdac_FENGAL_2024_1485_Deep_Depression.png,FENGAL,2024,FENGAL_2024,train,2024-05-16 00:00:00 UTC,12.45,78.13,54.1,Deep Depression,shear_pattern,True
1486,mosdac_FENGAL_2024_1486_Deep_Depression.png,data/p2_mosdac_expanded/crops\mosdac_FENGAL_2024_1486_Deep_Depression.png,FENGAL,2024,FENGAL_2024,train,2024-05-16 03:00:00 UTC,12.67,77.69,52.5,Deep Depression,shear_pattern,True
1487,mosdac_FENGAL_2024_1487_Deep_Depression.png,data/p2_mosdac_expanded/crops\mosdac_FENGAL_2024_1487_Deep_Depression.png,FENGAL,2024,FENGAL_2024,train,2024-05-16 06:00:00 UTC,12.9,77.09,50.9,Deep Depression,shear_pattern,True
1488,mosdac_FENGAL_2024_1488_Deep_Depression.png,data/p2_mosdac_expanded/crops\mosdac_FENGAL_2024_1488_Deep_Depression.png,FENGAL,2024,FENGAL_2024,train,2024-05-16 09:00:00 UTC,13.03,76.43,51.4,Deep Depression,shear_pattern,True
1489,mosdac_FENGAL_2024_1489_Depression.png,data/p2_mosdac_expanded/crops\mosdac_FENGAL_2024_1489_Depression.png,FENGAL,2024,FENGAL_2024,train,2024-05-16 12:00:00 UTC,13.15,75.56,47.2,Depression,shear_pattern,True
1490,mosdac_FENGAL_2024_1490_Depression.png,data/p2_mosdac_expanded/crops\mosdac_FENGAL_2024_1490_Depression.png,FENGAL,2024,FENGAL_2024,train,2024-05-16 15:00:00 UTC,13.27,74.58,45.9,Depression,shear_pattern,True
1491,mosdac_FENGAL_2024_1491_Depression.png,data/p2_mosdac_expanded/crops\mosdac_FENGAL_2024_1491_Depression.png,FENGAL,2024,FENGAL_2024,train,2024-05-17 18:00:00 UTC,13.41,73.57,42.5,Depression,shear_pattern,True
1492,mosdac_FENGAL_2024_1492_Depression.png,data/p2_mosdac_expanded/crops\mosdac_FENGAL_2024_1492_Depression.png,FENGAL,2024,FENGAL_2024,train,2024-05-17 21:00:00 UTC,13.57,72.51,41.9,Depression,shear_pattern,True
1493,mosdac_FENGAL_2024_1493_Depression.png,data/p2_mosdac_expanded/crops\mosdac_FENGAL_2024_1493_Depression.png,FENGAL,2024,FENGAL_2024,train,2024-05-17 00:00:00 UTC,13.47,71.71,39.2,Depression,shear_pattern,True
1494,mosdac_FENGAL_2024_1494_Depression.png,data/p2_mosdac_expanded/crops\mosdac_FENGAL_2024_1494_Depression.png,FENGAL,2024,FENGAL_2024,train,2024-05-17 03:00:00 UTC,13.1,71.36,36.4,Depression,shear_pattern,True
1495,mosdac_FENGAL_2024_1495_Depression.png,data/p2_mosdac_expanded/crops\mosdac_FENGAL_2024_1495_Depression.png,FENGAL,2024,FENGAL_2024,train,2024-05-17 06:00:00 UTC,12.72,71.13,39.3,Depression,shear_pattern,True
1496,mosdac_FENGAL_2024_1496_Depression.png,data/p2_mosdac_expanded/crops\mosdac_FENGAL_2024_1496_Depression.png,FENGAL,2024,FENGAL_2024,train,2024-05-17 09:00:00 UTC,12.46,70.97,38.6,Depression,shear_pattern,True
1497,mosdac_FENGAL_2024_1497_Depression.png,data/p2_mosdac_expanded/crops\mosdac_FENGAL_2024_1497_Depression.png,FENGAL,2024,FENGAL_2024,train,2024-05-17 12:00:00 UTC,12.32,70.78,37.0,Depression,shear_pattern,True
1498,mosdac_FENGAL_2024_1498_Depression.png,data/p2_mosdac_expanded/crops\mosdac_FENGAL_2024_1498_Depression.png,FENGAL,2024,FENGAL_2024,train,2024-05-17 15:00:00 UTC,12.13,70.47,35.0,Depression,shear_pattern,True
1499,mosdac_FENGAL_2024_1499_Depression.png,data/p2_mosdac_expanded/crops\mosdac_FENGAL_2024_1499_Depression.png,FENGAL,2024,FENGAL_2024,train,2024-05-17 18:00:00 UTC,11.83,70.13,35.0,Depression,shear_pattern,True
1500,mosdac_FENGAL_2024_1500_Depression.png,data/p2_mosdac_expanded/crops\mosdac_FENGAL_2024_1500_Depression.png,FENGAL,2024,FENGAL_2024,train,2024-05-17 21:00:00 UTC,11.3,69.9,36.9,Depression,shear_pattern,True
1501,mosdac_GULAB_2021_1501_Depression.png,data/p2_mosdac_expanded/crops\mosdac_GULAB_2021_1501_Depression.png,GULAB,2021,GULAB_2021,train,2021-05-10 00:00:00 UTC,11.0,96.4,35.0,Depression,shear_pattern,True
1502,mosdac_GULAB_2021_1502_Depression.png,data/p2_mosdac_expanded/crops\mosdac_GULAB_2021_1502_Depression.png,GULAB,2021,GULAB_2021,train,2021-05-10 03:00:00 UTC,11.01,96.4,35.0,Depression,shear_pattern,True
1503,mosdac_GULAB_2021_1503_Depression.png,data/p2_mosdac_expanded/crops\mosdac_GULAB_2021_1503_Depression.png,GULAB,2021,GULAB_2021,train,2021-05-10 06:00:00 UTC,11.02,96.4,35.0,Depression,shear_pattern,True
1504,mosdac_GULAB_2021_1504_Depression.png,data/p2_mosdac_expanded/crops\mosdac_GULAB_2021_1504_Depression.png,GULAB,2021,GULAB_2021,train,2021-05-10 09:00:00 UTC,11.05,96.41,35.0,Depression,shear_pattern,True
1505,mosdac_GULAB_2021_1505_Depression.png,data/p2_mosdac_expanded/crops\mosdac_GULAB_2021_1505_Depression.png,GULAB,2021,GULAB_2021,train,2021-05-10 12:00:00 UTC,11.13,96.44,36.3,Depression,shear_pattern,True
1506,mosdac_GULAB_2021_1506_Depression.png,data/p2_mosdac_expanded/crops\mosdac_GULAB_2021_1506_Depression.png,GULAB,2021,GULAB_2021,train,2021-05-10 15:00:00 UTC,11.22,96.47,37.7,Depression,shear_pattern,True
1507,mosdac_GULAB_2021_1507_Depression.png,data/p2_mosdac_expanded/crops\mosdac_GULAB_2021_1507_Depression.png,GULAB,2021,GULAB_2021,train,2021-05-10 18:00:00 UTC,11.32,96.52,40.5,Depression,shear_pattern,True
1508,mosdac_GULAB_2021_1508_Depression.png,data/p2_mosdac_expanded/crops\mosdac_GULAB_2021_1508_Depression.png,GULAB,2021,GULAB_2021,train,2021-05-10 21:00:00 UTC,11.44,96.59,41.6,Depression,shear_pattern,True
1509,mosdac_GULAB_2021_1509_Depression.png,data/p2_mosdac_expanded/crops\mosdac_GULAB_2021_1509_Depression.png,GULAB,2021,GULAB_2021,train,2021-05-10 00:00:00 UTC,11.55,96.66,43.8,Depression,shear_pattern,True
1510,mosdac_GULAB_2021_1510_Depression.png,data/p2_mosdac_expanded/crops\mosdac_GULAB_2021_1510_Depression.png,GULAB,2021,GULAB_2021,train,2021-05-10 03:00:00 UTC,11.67,96.72,46.7,Depression,shear_pattern,True
1511,mosdac_GULAB_2021_1511_Depression.png,data/p2_mosdac_expanded/crops\mosdac_GULAB_2021_1511_Depression.png,GULAB,2021,GULAB_2021,train,2021-05-11 06:00:00 UTC,11.79,96.79,48.8,Depression,shear_pattern,True
1512,mosdac_GULAB_2021_1512_Depression.png,data/p2_mosdac_expanded/crops\mosdac_GULAB_2021_1512_Depression.png,GULAB,2021,GULAB_2021,train,2021-05-11 09:00:00 UTC,11.9,96.85,49.8,Depression,shear_pattern,True
1513,mosdac_GULAB_2021_1513_Deep_Depression.png,data/p2_mosdac_expanded/crops\mosdac_GULAB_2021_1513_Deep_Depression.png,GULAB,2021,GULAB_2021,train,2021-05-11 12:00:00 UTC,11.97,96.92,53.5,Deep Depression,shear_pattern,True
1514,mosdac_GULAB_2021_1514_Depression.png,data/p2_mosdac_expanded/crops\mosdac_GULAB_2021_1514_Depression.png,GULAB,2021,GULAB_2021,train,2021-05-11 15:00:00 UTC,12.05,96.98,47.9,Depression,shear_pattern,True
1515,mosdac_GULAB_2021_1515_Deep_Depression.png,data/p2_mosdac_expanded/crops\mosdac_GULAB_2021_1515_Deep_Depression.png,GULAB,2021,GULAB_2021,train,2021-05-11 18:00:00 UTC,12.14,97.04,51.2,Deep Depression,shear_pattern,True
1516,mosdac_GULAB_2021_1516_Deep_Depression.png,data/p2_mosdac_expanded/crops\mosdac_GULAB_2021_1516_Deep_Depression.png,GULAB,2021,GULAB_2021,train,2021-05-11 21:00:00 UTC,12.25,97.11,51.5,Deep Depression,shear_pattern,True
1517,mosdac_GULAB_2021_1517_Deep_Depression.png,data/p2_mosdac_expanded/crops\mosdac_GULAB_2021_1517_Deep_Depression.png,GULAB,2021,GULAB_2021,train,2021-05-11 00:00:00 UTC,12.36,97.17,58.5,Deep Depression,shear_pattern,True
1518,mosdac_GULAB_2021_1518_Cyclonic_Storm.png,data/p2_mosdac_expanded/crops\mosdac_GULAB_2021_1518_Cyclonic_Storm.png,GULAB,2021,GULAB_2021,train,2021-05-11 03:00:00 UTC,12.5,97.24,62.4,Cyclonic Storm,curved_band,True
1519,mosdac_GULAB_2021_1519_Deep_Depression.png,data/p2_mosdac_expanded/crops\mosdac_GULAB_2021_1519_Deep_Depression.png,GULAB,2021,GULAB_2021,train,2021-05-11 06:00:00 UTC,12.64,97.3,59.1,Deep Depression,shear_pattern,True
1520,mosdac_GULAB_2021_1520_Cyclonic_Storm.png,data/p2_mosdac_expanded/crops\mosdac_GULAB_2021_1520_Cyclonic_Storm.png,GULAB,2021,GULAB_2021,train,2021-05-11 09:00:00 UTC,12.78,97.36,66.4,Cyclonic Storm,curved_band,True
1521,mosdac_GULAB_2021_1521_Deep_Depression.png,data/p2_mosdac_expanded/crops\mosdac_GULAB_2021_1521_Deep_Depression.png,GULAB,2021,GULAB_2021,train,2021-05-12 12:00:00 UTC,12.89,97.39,61.3,Deep Depression,shear_pattern,True
1522,mosdac_GULAB_2021_1522_Cyclonic_Storm.png,data/p2_mosdac_expanded/crops\mosdac_GULAB_2021_1522_Cyclonic_Storm.png,GULAB,2021,GULAB_2021,train,2021-05-12 15:00:00 UTC,13.0,97.42,70.0,Cyclonic Storm,curved_band,True
1523,mosdac_GULAB_2021_1523_Cyclonic_Storm.png,data/p2_mosdac_expanded/crops\mosdac_GULAB_2021_1523_Cyclonic_Storm.png,GULAB,2021,GULAB_2021,train,2021-05-12 18:00:00 UTC,13.1,97.45,67.1,Cyclonic Storm,curved_band,True
1524,mosdac_GULAB_2021_1524_Cyclonic_Storm.png,data/p2_mosdac_expanded/crops\mosdac_GULAB_2021_1524_Cyclonic_Storm.png,GULAB,2021,GULAB_2021,train,2021-05-12 21:00:00 UTC,13.16,97.48,66.8,Cyclonic Storm,curved_band,True
1525,mosdac_GULAB_2021_1525_Cyclonic_Storm.png,data/p2_mosdac_expanded/crops\mosdac_GULAB_2021_1525_Cyclonic_Storm.png,GULAB,2021,GULAB_2021,train,2021-05-12 00:00:00 UTC,13.23,97.51,71.5,Cyclonic Storm,curved_band,True
1526,mosdac_GULAB_2021_1526_Cyclonic_Storm.png,data/p2_mosdac_expanded/crops\mosdac_GULAB_2021_1526_Cyclonic_Storm.png,GULAB,2021,GULAB_2021,train,2021-05-12 03:00:00 UTC,12.69,92.79,71.2,Cyclonic Storm,curved_band,True
1527,mosdac_GULAB_2021_1527_Cyclonic_Storm.png,data/p2_mosdac_expanded/crops\mosdac_GULAB_2021_1527_Cyclonic_Storm.png,GULAB,2021,GULAB_2021,train,2021-05-12 06:00:00 UTC,11.51,82.98,72.9,Cyclonic Storm,curved_band,True
1528,mosdac_GULAB_2021_1528_Cyclonic_Storm.png,data/p2_mosdac_expanded/crops\mosdac_GULAB_2021_1528_Cyclonic_Storm.png,GULAB,2021,GULAB_2021,train,2021-05-12 09:00:00 UTC,10.33,73.18,74.5,Cyclonic Storm,curved_band,True
1529,mosdac_GULAB_2021_1529_Cyclonic_Storm.png,data/p2_mosdac_expanded/crops\mosdac_GULAB_2021_1529_Cyclonic_Storm.png,GULAB,2021,GULAB_2021,train,2021-05-12 12:00:00 UTC,10.06,70.86,79.8,Cyclonic Storm,curved_band,True
1530,mosdac_GULAB_2021_1530_Cyclonic_Storm.png,data/p2_mosdac_expanded/crops\mosdac_GULAB_2021_1530_Cyclonic_Storm.png,GULAB,2021,GULAB_2021,train,2021-05-12 15:00:00 UTC,10.09,70.93,78.9,Cyclonic Storm,curved_band,True
1531,mosdac_GULAB_2021_1531_Cyclonic_Storm.png,data/p2_mosdac_expanded/crops\mosdac_GULAB_2021_1531_Cyclonic_Storm.png,GULAB,2021,GULAB_2021,train,2021-05-13 18:00:00 UTC,10.12,71.0,78.2,Cyclonic Storm,curved_band,True
1532,mosdac_GULAB_2021_1532_Cyclonic_Storm.png,data/p2_mosdac_expanded/crops\mosdac_GULAB_2021_1532_Cyclonic_Storm.png,GULAB,2021,GULAB_2021,train,2021-05-13 21:00:00 UTC,10.14,71.08,81.6,Cyclonic Storm,curved_band,True
1533,mosdac_GULAB_2021_1533_Cyclonic_Storm.png,data/p2_mosdac_expanded/crops\mosdac_GULAB_2021_1533_Cyclonic_Storm.png,GULAB,2021,GULAB_2021,train,2021-05-13 00:00:00 UTC,10.17,71.15,83.4,Cyclonic Storm,curved_band,True
1534,mosdac_GULAB_2021_1534_Cyclonic_Storm.png,data/p2_mosdac_expanded/crops\mosdac_GULAB_2021_1534_Cyclonic_Storm.png,GULAB,2021,GULAB_2021,train,2021-05-13 03:00:00 UTC,10.2,71.21,80.7,Cyclonic Storm,curved_band,True
1535,mosdac_GULAB_2021_1535_Cyclonic_Storm.png,data/p2_mosdac_expanded/crops\mosdac_GULAB_2021_1535_Cyclonic_Storm.png,GULAB,2021,GULAB_2021,train,2021-05-13 06:00:00 UTC,10.22,71.25,82.5,Cyclonic Storm,curved_band,True
1536,mosdac_GULAB_2021_1536_Cyclonic_Storm.png,data/p2_mosdac_expanded/crops\mosdac_GULAB_2021_1536_Cyclonic_Storm.png,GULAB,2021,GULAB_2021,train,2021-05-13 09:00:00 UTC,10.25,71.29,80.8,Cyclonic Storm,curved_band,True
1537,mosdac_GULAB_2021_1537_Cyclonic_Storm.png,data/p2_mosdac_expanded/crops\mosdac_GULAB_2021_1537_Cyclonic_Storm.png,GULAB,2021,GULAB_2021,train,2021-05-13 12:00:00 UTC,10.3,71.33,81.7,Cyclonic Storm,curved_band,True
1538,mosdac_GULAB_2021_1538_Cyclonic_Storm.png,data/p2_mosdac_expanded/crops\mosdac_GULAB_2021_1538_Cyclonic_Storm.png,GULAB,2021,GULAB_2021,train,2021-05-13 15:00:00 UTC,10.36,71.37,86.1,Cyclonic Storm,curved_band,True
1539,mosdac_GULAB_2021_1539_Cyclonic_Storm.png,data/p2_mosdac_expanded/crops\mosdac_GULAB_2021_1539_Cyclonic_Storm.png,GULAB,2021,GULAB_2021,train,2021-05-13 18:00:00 UTC,10.43,71.42,82.3,Cyclonic Storm,curved_band,True
1540,mosdac_GULAB_2021_1540_Cyclonic_Storm.png,data/p2_mosdac_expanded/crops\mosdac_GULAB_2021_1540_Cyclonic_Storm.png,GULAB,2021,GULAB_2021,train,2021-05-13 21:00:00 UTC,10.49,71.46,85.2,Cyclonic Storm,curved_band,True
1541,mosdac_GULAB_2021_1541_Cyclonic_Storm.png,data/p2_mosdac_expanded/crops\mosdac_GULAB_2021_1541_Cyclonic_Storm.png,GULAB,2021,GULAB_2021,train,2021-05-14 00:00:00 UTC,10.56,71.5,86.7,Cyclonic Storm,curved_band,True
1542,mosdac_GULAB_2021_1542_Cyclonic_Storm.png,data/p2_mosdac_expanded/crops\mosdac_GULAB_2021_1542_Cyclonic_Storm.png,GULAB,2021,GULAB_2021,train,2021-05-14 03:00:00 UTC,10.63,71.55,81.7,Cyclonic Storm,curved_band,True
1543,mosdac_GULAB_2021_1543_Cyclonic_Storm.png,data/p2_mosdac_expanded/crops\mosdac_GULAB_2021_1543_Cyclonic_Storm.png,GULAB,2021,GULAB_2021,train,2021-05-14 06:00:00 UTC,10.7,71.63,85.2,Cyclonic Storm,curved_band,True
1544,mosdac_GULAB_2021_1544_Cyclonic_Storm.png,data/p2_mosdac_expanded/crops\mosdac_GULAB_2021_1544_Cyclonic_Storm.png,GULAB,2021,GULAB_2021,train,2021-05-14 09:00:00 UTC,10.77,71.72,82.3,Cyclonic Storm,curved_band,True
1545,mosdac_GULAB_2021_1545_Cyclonic_Storm.png,data/p2_mosdac_expanded/crops\mosdac_GULAB_2021_1545_Cyclonic_Storm.png,GULAB,2021,GULAB_2021,train,2021-05-14 12:00:00 UTC,10.82,71.8,87.5,Cyclonic Storm,curved_band,True
1546,mosdac_GULAB_2021_1546_Cyclonic_Storm.png,data/p2_mosdac_expanded/crops\mosdac_GULAB_2021_1546_Cyclonic_Storm.png,GULAB,2021,GULAB_2021,train,2021-05-14 15:00:00 UTC,10.85,71.88,83.1,Cyclonic Storm,curved_band,True
1547,mosdac_GULAB_2021_1547_Cyclonic_Storm.png,data/p2_mosdac_expanded/crops\mosdac_GULAB_2021_1547_Cyclonic_Storm.png,GULAB,2021,GULAB_2021,train,2021-05-14 18:00:00 UTC,10.89,71.97,84.9,Cyclonic Storm,curved_band,True
1548,mosdac_GULAB_2021_1548_Cyclonic_Storm.png,data/p2_mosdac_expanded/crops\mosdac_GULAB_2021_1548_Cyclonic_Storm.png,GULAB,2021,GULAB_2021,train,2021-05-14 21:00:00 UTC,10.95,72.05,82.1,Cyclonic Storm,curved_band,True
1549,mosdac_GULAB_2021_1549_Cyclonic_Storm.png,data/p2_mosdac_expanded/crops\mosdac_GULAB_2021_1549_Cyclonic_Storm.png,GULAB,2021,GULAB_2021,train,2021-05-14 00:00:00 UTC,11.02,72.13,77.1,Cyclonic Storm,curved_band,True
1550,mosdac_GULAB_2021_1550_Cyclonic_Storm.png,data/p2_mosdac_expanded/crops\mosdac_GULAB_2021_1550_Cyclonic_Storm.png,GULAB,2021,GULAB_2021,train,2021-05-14 03:00:00 UTC,11.1,72.22,80.8,Cyclonic Storm,curved_band,True
1551,mosdac_GULAB_2021_1551_Cyclonic_Storm.png,data/p2_mosdac_expanded/crops\mosdac_GULAB_2021_1551_Cyclonic_Storm.png,GULAB,2021,GULAB_2021,train,2021-05-15 06:00:00 UTC,11.21,72.3,82.2,Cyclonic Storm,curved_band,True
1552,mosdac_GULAB_2021_1552_Cyclonic_Storm.png,data/p2_mosdac_expanded/crops\mosdac_GULAB_2021_1552_Cyclonic_Storm.png,GULAB,2021,GULAB_2021,train,2021-05-15 09:00:00 UTC,11.32,72.38,78.2,Cyclonic Storm,curved_band,True
1553,mosdac_GULAB_2021_1553_Cyclonic_Storm.png,data/p2_mosdac_expanded/crops\mosdac_GULAB_2021_1553_Cyclonic_Storm.png,GULAB,2021,GULAB_2021,train,2021-05-15 12:00:00 UTC,11.43,72.46,78.6,Cyclonic Storm,curved_band,True
1554,mosdac_GULAB_2021_1554_Cyclonic_Storm.png,data/p2_mosdac_expanded/crops\mosdac_GULAB_2021_1554_Cyclonic_Storm.png,GULAB,2021,GULAB_2021,train,2021-05-15 15:00:00 UTC,11.51,72.55,77.7,Cyclonic Storm,curved_band,True
1555,mosdac_GULAB_2021_1555_Cyclonic_Storm.png,data/p2_mosdac_expanded/crops\mosdac_GULAB_2021_1555_Cyclonic_Storm.png,GULAB,2021,GULAB_2021,train,2021-05-15 18:00:00 UTC,11.59,72.63,71.0,Cyclonic Storm,curved_band,True
1556,mosdac_GULAB_2021_1556_Cyclonic_Storm.png,data/p2_mosdac_expanded/crops\mosdac_GULAB_2021_1556_Cyclonic_Storm.png,GULAB,2021,GULAB_2021,train,2021-05-15 21:00:00 UTC,11.69,72.69,69.3,Cyclonic Storm,curved_band,True
1557,mosdac_GULAB_2021_1557_Cyclonic_Storm.png,data/p2_mosdac_expanded/crops\mosdac_GULAB_2021_1557_Cyclonic_Storm.png,GULAB,2021,GULAB_2021,train,2021-05-15 00:00:00 UTC,11.8,72.73,70.9,Cyclonic Storm,curved_band,True
1558,mosdac_GULAB_2021_1558_Cyclonic_Storm.png,data/p2_mosdac_expanded/crops\mosdac_GULAB_2021_1558_Cyclonic_Storm.png,GULAB,2021,GULAB_2021,train,2021-05-15 03:00:00 UTC,11.92,72.78,67.6,Cyclonic Storm,curved_band,True
1559,mosdac_GULAB_2021_1559_Cyclonic_Storm.png,data/p2_mosdac_expanded/crops\mosdac_GULAB_2021_1559_Cyclonic_Storm.png,GULAB,2021,GULAB_2021,train,2021-05-15 06:00:00 UTC,12.04,72.82,69.3,Cyclonic Storm,curved_band,True
1560,mosdac_GULAB_2021_1560_Cyclonic_Storm.png,data/p2_mosdac_expanded/crops\mosdac_GULAB_2021_1560_Cyclonic_Storm.png,GULAB,2021,GULAB_2021,train,2021-05-15 09:00:00 UTC,12.16,72.86,68.0,Cyclonic Storm,curved_band,True
1561,mosdac_GULAB_2021_1561_Deep_Depression.png,data/p2_mosdac_expanded/crops\mosdac_GULAB_2021_1561_Deep_Depression.png,GULAB,2021,GULAB_2021,train,2021-05-16 12:00:00 UTC,12.27,72.9,61.8,Deep Depression,shear_pattern,True
1562,mosdac_GULAB_2021_1562_Deep_Depression.png,data/p2_mosdac_expanded/crops\mosdac_GULAB_2021_1562_Deep_Depression.png,GULAB,2021,GULAB_2021,train,2021-05-16 15:00:00 UTC,12.32,72.9,59.0,Deep Depression,shear_pattern,True
1563,mosdac_GULAB_2021_1563_Deep_Depression.png,data/p2_mosdac_expanded/crops\mosdac_GULAB_2021_1563_Deep_Depression.png,GULAB,2021,GULAB_2021,train,2021-05-16 18:00:00 UTC,12.37,72.9,61.5,Deep Depression,shear_pattern,True
1564,mosdac_GULAB_2021_1564_Deep_Depression.png,data/p2_mosdac_expanded/crops\mosdac_GULAB_2021_1564_Deep_Depression.png,GULAB,2021,GULAB_2021,train,2021-05-16 21:00:00 UTC,12.45,72.91,55.6,Deep Depression,shear_pattern,True
1565,mosdac_GULAB_2021_1565_Deep_Depression.png,data/p2_mosdac_expanded/crops\mosdac_GULAB_2021_1565_Deep_Depression.png,GULAB,2021,GULAB_2021,train,2021-05-16 00:00:00 UTC,12.61,72.95,58.1,Deep Depression,shear_pattern,True
1566,mosdac_GULAB_2021_1566_Deep_Depression.png,data/p2_mosdac_expanded/crops\mosdac_GULAB_2021_1566_Deep_Depression.png,GULAB,2021,GULAB_2021,train,2021-05-16 03:00:00 UTC,12.77,72.98,53.0,Deep Depression,shear_pattern,True
1567,mosdac_GULAB_2021_1567_Deep_Depression.png,data/p2_mosdac_expanded/crops\mosdac_GULAB_2021_1567_Deep_Depression.png,GULAB,2021,GULAB_2021,train,2021-05-16 06:00:00 UTC,12.88,73.0,53.1,Deep Depression,shear_pattern,True
1568,mosdac_GULAB_2021_1568_Depression.png,data/p2_mosdac_expanded/crops\mosdac_GULAB_2021_1568_Depression.png,GULAB,2021,GULAB_2021,train,2021-05-16 09:00:00 UTC,12.96,72.99,46.6,Depression,shear_pattern,True
1569,mosdac_GULAB_2021_1569_Depression.png,data/p2_mosdac_expanded/crops\mosdac_GULAB_2021_1569_Depression.png,GULAB,2021,GULAB_2021,train,2021-05-16 12:00:00 UTC,13.04,72.99,49.1,Depression,shear_pattern,True
1570,mosdac_GULAB_2021_1570_Depression.png,data/p2_mosdac_expanded/crops\mosdac_GULAB_2021_1570_Depression.png,GULAB,2021,GULAB_2021,train,2021-05-16 15:00:00 UTC,13.16,73.01,45.9,Depression,shear_pattern,True
1571,mosdac_GULAB_2021_1571_Depression.png,data/p2_mosdac_expanded/crops\mosdac_GULAB_2021_1571_Depression.png,GULAB,2021,GULAB_2021,train,2021-05-17 18:00:00 UTC,13.27,73.05,45.3,Depression,shear_pattern,True
1572,mosdac_GULAB_2021_1572_Depression.png,data/p2_mosdac_expanded/crops\mosdac_GULAB_2021_1572_Depression.png,GULAB,2021,GULAB_2021,train,2021-05-17 21:00:00 UTC,13.39,73.07,40.3,Depression,shear_pattern,True
1573,mosdac_GULAB_2021_1573_Depression.png,data/p2_mosdac_expanded/crops\mosdac_GULAB_2021_1573_Depression.png,GULAB,2021,GULAB_2021,train,2021-05-17 00:00:00 UTC,13.51,73.06,43.2,Depression,shear_pattern,True
1574,mosdac_GULAB_2021_1574_Depression.png,data/p2_mosdac_expanded/crops\mosdac_GULAB_2021_1574_Depression.png,GULAB,2021,GULAB_2021,train,2021-05-17 03:00:00 UTC,13.62,73.05,42.8,Depression,shear_pattern,True
1575,mosdac_GULAB_2021_1575_Depression.png,data/p2_mosdac_expanded/crops\mosdac_GULAB_2021_1575_Depression.png,GULAB,2021,GULAB_2021,train,2021-05-17 06:00:00 UTC,13.74,73.04,36.2,Depression,shear_pattern,True
1576,mosdac_GULAB_2021_1576_Depression.png,data/p2_mosdac_expanded/crops\mosdac_GULAB_2021_1576_Depression.png,GULAB,2021,GULAB_2021,train,2021-05-17 09:00:00 UTC,13.85,73.03,35.0,Depression,shear_pattern,True
1577,mosdac_GULAB_2021_1577_Depression.png,data/p2_mosdac_expanded/crops\mosdac_GULAB_2021_1577_Depression.png,GULAB,2021,GULAB_2021,train,2021-05-17 12:00:00 UTC,13.97,73.03,35.0,Depression,shear_pattern,True
1578,mosdac_GULAB_2021_1578_Depression.png,data/p2_mosdac_expanded/crops\mosdac_GULAB_2021_1578_Depression.png,GULAB,2021,GULAB_2021,train,2021-05-17 15:00:00 UTC,14.08,72.99,36.3,Depression,shear_pattern,True
1579,mosdac_GULAB_2021_1579_Depression.png,data/p2_mosdac_expanded/crops\mosdac_GULAB_2021_1579_Depression.png,GULAB,2021,GULAB_2021,train,2021-05-17 18:00:00 UTC,14.19,72.94,35.3,Depression,shear_pattern,True
1580,mosdac_GULAB_2021_1580_Depression.png,data/p2_mosdac_expanded/crops\mosdac_GULAB_2021_1580_Depression.png,GULAB,2021,GULAB_2021,train,2021-05-17 21:00:00 UTC,14.3,72.9,35.0,Depression,shear_pattern,True
1581,mosdac_SITRANG_2022_1581_Depression.png,data/p2_mosdac_expanded/crops\mosdac_SITRANG_2022_1581_Depression.png,SITRANG,2022,SITRANG_2022,val,2022-05-10 00:00:00 UTC,12.6,93.4,35.0,Depression,shear_pattern,True
1582,mosdac_SITRANG_2022_1582_Depression.png,data/p2_mosdac_expanded/crops\mosdac_SITRANG_2022_1582_Depression.png,SITRANG,2022,SITRANG_2022,val,2022-05-10 03:00:00 UTC,12.71,93.27,35.0,Depression,shear_pattern,True
1583,mosdac_SITRANG_2022_1583_Depression.png,data/p2_mosdac_expanded/crops\mosdac_SITRANG_2022_1583_Depression.png,SITRANG,2022,SITRANG_2022,val,2022-05-10 06:00:00 UTC,12.82,93.13,35.9,Depression,shear_pattern,True
1584,mosdac_SITRANG_2022_1584_Depression.png,data/p2_mosdac_expanded/crops\mosdac_SITRANG_2022_1584_Depression.png,SITRANG,2022,SITRANG_2022,val,2022-05-10 09:00:00 UTC,12.93,93.0,36.1,Depression,shear_pattern,True
1585,mosdac_SITRANG_2022_1585_Depression.png,data/p2_mosdac_expanded/crops\mosdac_SITRANG_2022_1585_Depression.png,SITRANG,2022,SITRANG_2022,val,2022-05-10 12:00:00 UTC,13.03,92.87,41.1,Depression,shear_pattern,True
1586,mosdac_SITRANG_2022_1586_Depression.png,data/p2_mosdac_expanded/crops\mosdac_SITRANG_2022_1586_Depression.png,SITRANG,2022,SITRANG_2022,val,2022-05-10 15:00:00 UTC,13.14,92.73,35.6,Depression,shear_pattern,True
1587,mosdac_SITRANG_2022_1587_Depression.png,data/p2_mosdac_expanded/crops\mosdac_SITRANG_2022_1587_Depression.png,SITRANG,2022,SITRANG_2022,val,2022-05-10 18:00:00 UTC,13.25,92.59,41.4,Depression,shear_pattern,True
1588,mosdac_SITRANG_2022_1588_Depression.png,data/p2_mosdac_expanded/crops\mosdac_SITRANG_2022_1588_Depression.png,SITRANG,2022,SITRANG_2022,val,2022-05-10 21:00:00 UTC,13.33,92.45,40.6,Depression,shear_pattern,True
1589,mosdac_SITRANG_2022_1589_Depression.png,data/p2_mosdac_expanded/crops\mosdac_SITRANG_2022_1589_Depression.png,SITRANG,2022,SITRANG_2022,val,2022-05-10 00:00:00 UTC,13.4,92.32,42.3,Depression,shear_pattern,True
1590,mosdac_SITRANG_2022_1590_Depression.png,data/p2_mosdac_expanded/crops\mosdac_SITRANG_2022_1590_Depression.png,SITRANG,2022,SITRANG_2022,val,2022-05-10 03:00:00 UTC,13.47,92.18,46.3,Depression,shear_pattern,True
1591,mosdac_SITRANG_2022_1591_Depression.png,data/p2_mosdac_expanded/crops\mosdac_SITRANG_2022_1591_Depression.png,SITRANG,2022,SITRANG_2022,val,2022-05-11 06:00:00 UTC,13.63,91.95,47.8,Depression,shear_pattern,True
1592,mosdac_SITRANG_2022_1592_Deep_Depression.png,data/p2_mosdac_expanded/crops\mosdac_SITRANG_2022_1592_Deep_Depression.png,SITRANG,2022,SITRANG_2022,val,2022-05-11 09:00:00 UTC,13.8,91.71,52.0,Deep Depression,shear_pattern,True
1593,mosdac_SITRANG_2022_1593_Depression.png,data/p2_mosdac_expanded/crops\mosdac_SITRANG_2022_1593_Depression.png,SITRANG,2022,SITRANG_2022,val,2022-05-11 12:00:00 UTC,13.97,91.47,46.9,Depression,shear_pattern,True
1594,mosdac_SITRANG_2022_1594_Depression.png,data/p2_mosdac_expanded/crops\mosdac_SITRANG_2022_1594_Depression.png,SITRANG,2022,SITRANG_2022,val,2022-05-11 15:00:00 UTC,14.08,91.29,48.6,Depression,shear_pattern,True
1595,mosdac_SITRANG_2022_1595_Deep_Depression.png,data/p2_mosdac_expanded/crops\mosdac_SITRANG_2022_1595_Deep_Depression.png,SITRANG,2022,SITRANG_2022,val,2022-05-11 18:00:00 UTC,14.18,91.11,55.4,Deep Depression,shear_pattern,True
1596,mosdac_SITRANG_2022_1596_Deep_Depression.png,data/p2_mosdac_expanded/crops\mosdac_SITRANG_2022_1596_Deep_Depression.png,SITRANG,2022,SITRANG_2022,val,2022-05-11 21:00:00 UTC,14.28,90.94,56.1,Deep Depression,shear_pattern,True
1597,mosdac_SITRANG_2022_1597_Deep_Depression.png,data/p2_mosdac_expanded/crops\mosdac_SITRANG_2022_1597_Deep_Depression.png,SITRANG,2022,SITRANG_2022,val,2022-05-11 00:00:00 UTC,14.35,90.79,55.6,Deep Depression,shear_pattern,True
1598,mosdac_SITRANG_2022_1598_Deep_Depression.png,data/p2_mosdac_expanded/crops\mosdac_SITRANG_2022_1598_Deep_Depression.png,SITRANG,2022,SITRANG_2022,val,2022-05-11 03:00:00 UTC,14.42,90.65,55.9,Deep Depression,shear_pattern,True
1599,mosdac_SITRANG_2022_1599_Deep_Depression.png,data/p2_mosdac_expanded/crops\mosdac_SITRANG_2022_1599_Deep_Depression.png,SITRANG,2022,SITRANG_2022,val,2022-05-11 06:00:00 UTC,14.48,90.51,57.8,Deep Depression,shear_pattern,True
1600,mosdac_SITRANG_2022_1600_Cyclonic_Storm.png,data/p2_mosdac_expanded/crops\mosdac_SITRANG_2022_1600_Cyclonic_Storm.png,SITRANG,2022,SITRANG_2022,val,2022-05-11 09:00:00 UTC,14.57,90.34,66.1,Cyclonic Storm,curved_band,True
1601,mosdac_SITRANG_2022_1601_Cyclonic_Storm.png,data/p2_mosdac_expanded/crops\mosdac_SITRANG_2022_1601_Cyclonic_Storm.png,SITRANG,2022,SITRANG_2022,val,2022-05-12 12:00:00 UTC,14.67,90.17,62.3,Cyclonic Storm,curved_band,True
1602,mosdac_SITRANG_2022_1602_Cyclonic_Storm.png,data/p2_mosdac_expanded/crops\mosdac_SITRANG_2022_1602_Cyclonic_Storm.png,SITRANG,2022,SITRANG_2022,val,2022-05-12 15:00:00 UTC,14.76,89.99,65.1,Cyclonic Storm,curved_band,True
1603,mosdac_SITRANG_2022_1603_Cyclonic_Storm.png,data/p2_mosdac_expanded/crops\mosdac_SITRANG_2022_1603_Cyclonic_Storm.png,SITRANG,2022,SITRANG_2022,val,2022-05-12 18:00:00 UTC,14.85,89.82,66.1,Cyclonic Storm,curved_band,True
1604,mosdac_SITRANG_2022_1604_Cyclonic_Storm.png,data/p2_mosdac_expanded/crops\mosdac_SITRANG_2022_1604_Cyclonic_Storm.png,SITRANG,2022,SITRANG_2022,val,2022-05-12 21:00:00 UTC,14.95,89.65,68.8,Cyclonic Storm,curved_band,True
1605,mosdac_SITRANG_2022_1605_Cyclonic_Storm.png,data/p2_mosdac_expanded/crops\mosdac_SITRANG_2022_1605_Cyclonic_Storm.png,SITRANG,2022,SITRANG_2022,val,2022-05-12 00:00:00 UTC,15.04,89.48,68.1,Cyclonic Storm,curved_band,True
1606,mosdac_SITRANG_2022_1606_Cyclonic_Storm.png,data/p2_mosdac_expanded/crops\mosdac_SITRANG_2022_1606_Cyclonic_Storm.png,SITRANG,2022,SITRANG_2022,val,2022-05-12 03:00:00 UTC,15.11,89.33,73.3,Cyclonic Storm,curved_band,True
1607,mosdac_SITRANG_2022_1607_Cyclonic_Storm.png,data/p2_mosdac_expanded/crops\mosdac_SITRANG_2022_1607_Cyclonic_Storm.png,SITRANG,2022,SITRANG_2022,val,2022-05-12 06:00:00 UTC,15.16,89.19,71.2,Cyclonic Storm,curved_band,True
1608,mosdac_SITRANG_2022_1608_Cyclonic_Storm.png,data/p2_mosdac_expanded/crops\mosdac_SITRANG_2022_1608_Cyclonic_Storm.png,SITRANG,2022,SITRANG_2022,val,2022-05-12 09:00:00 UTC,15.22,89.06,78.4,Cyclonic Storm,curved_band,True
1609,mosdac_SITRANG_2022_1609_Cyclonic_Storm.png,data/p2_mosdac_expanded/crops\mosdac_SITRANG_2022_1609_Cyclonic_Storm.png,SITRANG,2022,SITRANG_2022,val,2022-05-12 12:00:00 UTC,15.28,88.92,75.2,Cyclonic Storm,curved_band,True
1610,mosdac_SITRANG_2022_1610_Cyclonic_Storm.png,data/p2_mosdac_expanded/crops\mosdac_SITRANG_2022_1610_Cyclonic_Storm.png,SITRANG,2022,SITRANG_2022,val,2022-05-12 15:00:00 UTC,15.33,88.79,78.9,Cyclonic Storm,curved_band,True
1611,mosdac_SITRANG_2022_1611_Cyclonic_Storm.png,data/p2_mosdac_expanded/crops\mosdac_SITRANG_2022_1611_Cyclonic_Storm.png,SITRANG,2022,SITRANG_2022,val,2022-05-13 18:00:00 UTC,15.39,88.65,82.7,Cyclonic Storm,curved_band,True
1612,mosdac_SITRANG_2022_1612_Cyclonic_Storm.png,data/p2_mosdac_expanded/crops\mosdac_SITRANG_2022_1612_Cyclonic_Storm.png,SITRANG,2022,SITRANG_2022,val,2022-05-13 21:00:00 UTC,15.42,88.52,81.9,Cyclonic Storm,curved_band,True
1613,mosdac_SITRANG_2022_1613_Cyclonic_Storm.png,data/p2_mosdac_expanded/crops\mosdac_SITRANG_2022_1613_Cyclonic_Storm.png,SITRANG,2022,SITRANG_2022,val,2022-05-13 00:00:00 UTC,15.45,88.39,81.9,Cyclonic Storm,curved_band,True
1614,mosdac_SITRANG_2022_1614_Cyclonic_Storm.png,data/p2_mosdac_expanded/crops\mosdac_SITRANG_2022_1614_Cyclonic_Storm.png,SITRANG,2022,SITRANG_2022,val,2022-05-13 03:00:00 UTC,15.47,88.26,81.1,Cyclonic Storm,curved_band,True
1615,mosdac_SITRANG_2022_1615_Cyclonic_Storm.png,data/p2_mosdac_expanded/crops\mosdac_SITRANG_2022_1615_Cyclonic_Storm.png,SITRANG,2022,SITRANG_2022,val,2022-05-13 06:00:00 UTC,15.49,88.17,81.9,Cyclonic Storm,curved_band,True
1616,mosdac_SITRANG_2022_1616_Cyclonic_Storm.png,data/p2_mosdac_expanded/crops\mosdac_SITRANG_2022_1616_Cyclonic_Storm.png,SITRANG,2022,SITRANG_2022,val,2022-05-13 09:00:00 UTC,15.52,88.1,85.1,Cyclonic Storm,curved_band,True
1617,mosdac_SITRANG_2022_1617_Cyclonic_Storm.png,data/p2_mosdac_expanded/crops\mosdac_SITRANG_2022_1617_Cyclonic_Storm.png,SITRANG,2022,SITRANG_2022,val,2022-05-13 12:00:00 UTC,15.54,88.04,88.2,Cyclonic Storm,curved_band,True
1618,mosdac_SITRANG_2022_1618_Cyclonic_Storm.png,data/p2_mosdac_expanded/crops\mosdac_SITRANG_2022_1618_Cyclonic_Storm.png,SITRANG,2022,SITRANG_2022,val,2022-05-13 15:00:00 UTC,15.58,88.02,85.9,Cyclonic Storm,curved_band,True
1619,mosdac_SITRANG_2022_1619_Cyclonic_Storm.png,data/p2_mosdac_expanded/crops\mosdac_SITRANG_2022_1619_Cyclonic_Storm.png,SITRANG,2022,SITRANG_2022,val,2022-05-13 18:00:00 UTC,15.64,88.02,85.3,Cyclonic Storm,curved_band,True
1620,mosdac_SITRANG_2022_1620_Cyclonic_Storm.png,data/p2_mosdac_expanded/crops\mosdac_SITRANG_2022_1620_Cyclonic_Storm.png,SITRANG,2022,SITRANG_2022,val,2022-05-13 21:00:00 UTC,15.7,88.03,86.8,Cyclonic Storm,curved_band,True
1621,mosdac_SITRANG_2022_1621_Cyclonic_Storm.png,data/p2_mosdac_expanded/crops\mosdac_SITRANG_2022_1621_Cyclonic_Storm.png,SITRANG,2022,SITRANG_2022,val,2022-05-14 00:00:00 UTC,15.79,88.03,84.7,Cyclonic Storm,curved_band,True
1622,mosdac_SITRANG_2022_1622_Cyclonic_Storm.png,data/p2_mosdac_expanded/crops\mosdac_SITRANG_2022_1622_Cyclonic_Storm.png,SITRANG,2022,SITRANG_2022,val,2022-05-14 03:00:00 UTC,15.92,88.04,81.3,Cyclonic Storm,curved_band,True
1623,mosdac_SITRANG_2022_1623_Cyclonic_Storm.png,data/p2_mosdac_expanded/crops\mosdac_SITRANG_2022_1623_Cyclonic_Storm.png,SITRANG,2022,SITRANG_2022,val,2022-05-14 06:00:00 UTC,16.04,88.05,85.1,Cyclonic Storm,curved_band,True
1624,mosdac_SITRANG_2022_1624_Cyclonic_Storm.png,data/p2_mosdac_expanded/crops\mosdac_SITRANG_2022_1624_Cyclonic_Storm.png,SITRANG,2022,SITRANG_2022,val,2022-05-14 09:00:00 UTC,16.17,88.11,87.9,Cyclonic Storm,curved_band,True
1625,mosdac_SITRANG_2022_1625_Cyclonic_Storm.png,data/p2_mosdac_expanded/crops\mosdac_SITRANG_2022_1625_Cyclonic_Storm.png,SITRANG,2022,SITRANG_2022,val,2022-05-14 12:00:00 UTC,16.3,88.21,81.2,Cyclonic Storm,curved_band,True
1626,mosdac_SITRANG_2022_1626_Cyclonic_Storm.png,data/p2_mosdac_expanded/crops\mosdac_SITRANG_2022_1626_Cyclonic_Storm.png,SITRANG,2022,SITRANG_2022,val,2022-05-14 15:00:00 UTC,16.43,88.32,84.7,Cyclonic Storm,curved_band,True
1627,mosdac_SITRANG_2022_1627_Cyclonic_Storm.png,data/p2_mosdac_expanded/crops\mosdac_SITRANG_2022_1627_Cyclonic_Storm.png,SITRANG,2022,SITRANG_2022,val,2022-05-14 18:00:00 UTC,16.57,88.42,80.1,Cyclonic Storm,curved_band,True
1628,mosdac_SITRANG_2022_1628_Cyclonic_Storm.png,data/p2_mosdac_expanded/crops\mosdac_SITRANG_2022_1628_Cyclonic_Storm.png,SITRANG,2022,SITRANG_2022,val,2022-05-14 21:00:00 UTC,16.73,88.49,81.9,Cyclonic Storm,curved_band,True
1629,mosdac_SITRANG_2022_1629_Cyclonic_Storm.png,data/p2_mosdac_expanded/crops\mosdac_SITRANG_2022_1629_Cyclonic_Storm.png,SITRANG,2022,SITRANG_2022,val,2022-05-14 00:00:00 UTC,16.9,88.57,77.5,Cyclonic Storm,curved_band,True
1630,mosdac_SITRANG_2022_1630_Cyclonic_Storm.png,data/p2_mosdac_expanded/crops\mosdac_SITRANG_2022_1630_Cyclonic_Storm.png,SITRANG,2022,SITRANG_2022,val,2022-05-14 03:00:00 UTC,17.05,88.64,79.3,Cyclonic Storm,curved_band,True
1631,mosdac_SITRANG_2022_1631_Cyclonic_Storm.png,data/p2_mosdac_expanded/crops\mosdac_SITRANG_2022_1631_Cyclonic_Storm.png,SITRANG,2022,SITRANG_2022,val,2022-05-15 06:00:00 UTC,17.19,88.72,80.6,Cyclonic Storm,curved_band,True
1632,mosdac_SITRANG_2022_1632_Cyclonic_Storm.png,data/p2_mosdac_expanded/crops\mosdac_SITRANG_2022_1632_Cyclonic_Storm.png,SITRANG,2022,SITRANG_2022,val,2022-05-15 09:00:00 UTC,17.32,88.79,76.1,Cyclonic Storm,curved_band,True
1633,mosdac_SITRANG_2022_1633_Cyclonic_Storm.png,data/p2_mosdac_expanded/crops\mosdac_SITRANG_2022_1633_Cyclonic_Storm.png,SITRANG,2022,SITRANG_2022,val,2022-05-15 12:00:00 UTC,17.47,88.87,77.3,Cyclonic Storm,curved_band,True
1634,mosdac_SITRANG_2022_1634_Cyclonic_Storm.png,data/p2_mosdac_expanded/crops\mosdac_SITRANG_2022_1634_Cyclonic_Storm.png,SITRANG,2022,SITRANG_2022,val,2022-05-15 15:00:00 UTC,17.64,88.94,77.0,Cyclonic Storm,curved_band,True
1635,mosdac_SITRANG_2022_1635_Cyclonic_Storm.png,data/p2_mosdac_expanded/crops\mosdac_SITRANG_2022_1635_Cyclonic_Storm.png,SITRANG,2022,SITRANG_2022,val,2022-05-15 18:00:00 UTC,17.81,89.02,76.6,Cyclonic Storm,curved_band,True
1636,mosdac_SITRANG_2022_1636_Cyclonic_Storm.png,data/p2_mosdac_expanded/crops\mosdac_SITRANG_2022_1636_Cyclonic_Storm.png,SITRANG,2022,SITRANG_2022,val,2022-05-15 21:00:00 UTC,18.0,89.1,69.5,Cyclonic Storm,curved_band,True
1637,mosdac_SITRANG_2022_1637_Cyclonic_Storm.png,data/p2_mosdac_expanded/crops\mosdac_SITRANG_2022_1637_Cyclonic_Storm.png,SITRANG,2022,SITRANG_2022,val,2022-05-15 00:00:00 UTC,18.24,89.21,69.2,Cyclonic Storm,curved_band,True
1638,mosdac_SITRANG_2022_1638_Cyclonic_Storm.png,data/p2_mosdac_expanded/crops\mosdac_SITRANG_2022_1638_Cyclonic_Storm.png,SITRANG,2022,SITRANG_2022,val,2022-05-15 03:00:00 UTC,18.48,89.31,65.5,Cyclonic Storm,curved_band,True
1639,mosdac_SITRANG_2022_1639_Cyclonic_Storm.png,data/p2_mosdac_expanded/crops\mosdac_SITRANG_2022_1639_Cyclonic_Storm.png,SITRANG,2022,SITRANG_2022,val,2022-05-15 06:00:00 UTC,18.72,89.42,70.5,Cyclonic Storm,curved_band,True
1640,mosdac_SITRANG_2022_1640_Cyclonic_Storm.png,data/p2_mosdac_expanded/crops\mosdac_SITRANG_2022_1640_Cyclonic_Storm.png,SITRANG,2022,SITRANG_2022,val,2022-05-15 09:00:00 UTC,18.96,89.52,68.2,Cyclonic Storm,curved_band,True
1641,mosdac_SITRANG_2022_1641_Cyclonic_Storm.png,data/p2_mosdac_expanded/crops\mosdac_SITRANG_2022_1641_Cyclonic_Storm.png,SITRANG,2022,SITRANG_2022,val,2022-05-16 12:00:00 UTC,19.19,89.62,63.3,Cyclonic Storm,curved_band,True
1642,mosdac_SITRANG_2022_1642_Cyclonic_Storm.png,data/p2_mosdac_expanded/crops\mosdac_SITRANG_2022_1642_Cyclonic_Storm.png,SITRANG,2022,SITRANG_2022,val,2022-05-16 15:00:00 UTC,19.43,89.72,63.8,Cyclonic Storm,curved_band,True
1643,mosdac_SITRANG_2022_1643_Deep_Depression.png,data/p2_mosdac_expanded/crops\mosdac_SITRANG_2022_1643_Deep_Depression.png,SITRANG,2022,SITRANG_2022,val,2022-05-16 18:00:00 UTC,19.63,89.82,59.4,Deep Depression,shear_pattern,True
1644,mosdac_SITRANG_2022_1644_Deep_Depression.png,data/p2_mosdac_expanded/crops\mosdac_SITRANG_2022_1644_Deep_Depression.png,SITRANG,2022,SITRANG_2022,val,2022-05-16 21:00:00 UTC,19.84,89.92,58.3,Deep Depression,shear_pattern,True
1645,mosdac_SITRANG_2022_1645_Deep_Depression.png,data/p2_mosdac_expanded/crops\mosdac_SITRANG_2022_1645_Deep_Depression.png,SITRANG,2022,SITRANG_2022,val,2022-05-16 00:00:00 UTC,20.06,90.01,52.2,Deep Depression,shear_pattern,True
1646,mosdac_SITRANG_2022_1646_Deep_Depression.png,data/p2_mosdac_expanded/crops\mosdac_SITRANG_2022_1646_Deep_Depression.png,SITRANG,2022,SITRANG_2022,val,2022-05-16 03:00:00 UTC,20.34,90.08,55.6,Deep Depression,shear_pattern,True
1647,mosdac_SITRANG_2022_1647_Depression.png,data/p2_mosdac_expanded/crops\mosdac_SITRANG_2022_1647_Depression.png,SITRANG,2022,SITRANG_2022,val,2022-05-16 06:00:00 UTC,20.61,90.14,48.7,Depression,shear_pattern,True
1648,mosdac_SITRANG_2022_1648_Deep_Depression.png,data/p2_mosdac_expanded/crops\mosdac_SITRANG_2022_1648_Deep_Depression.png,SITRANG,2022,SITRANG_2022,val,2022-05-16 09:00:00 UTC,20.89,90.21,52.5,Deep Depression,shear_pattern,True
1649,mosdac_SITRANG_2022_1649_Deep_Depression.png,data/p2_mosdac_expanded/crops\mosdac_SITRANG_2022_1649_Deep_Depression.png,SITRANG,2022,SITRANG_2022,val,2022-05-16 12:00:00 UTC,21.23,90.3,50.3,Deep Depression,shear_pattern,True
1650,mosdac_SITRANG_2022_1650_Depression.png,data/p2_mosdac_expanded/crops\mosdac_SITRANG_2022_1650_Depression.png,SITRANG,2022,SITRANG_2022,val,2022-05-16 15:00:00 UTC,21.57,90.39,48.0,Depression,shear_pattern,True
1651,mosdac_SITRANG_2022_1651_Depression.png,data/p2_mosdac_expanded/crops\mosdac_SITRANG_2022_1651_Depression.png,SITRANG,2022,SITRANG_2022,val,2022-05-17 18:00:00 UTC,21.94,90.49,40.9,Depression,shear_pattern,True
1652,mosdac_SITRANG_2022_1652_Depression.png,data/p2_mosdac_expanded/crops\mosdac_SITRANG_2022_1652_Depression.png,SITRANG,2022,SITRANG_2022,val,2022-05-17 21:00:00 UTC,22.61,90.65,41.3,Depression,shear_pattern,True
1653,mosdac_SITRANG_2022_1653_Depression.png,data/p2_mosdac_expanded/crops\mosdac_SITRANG_2022_1653_Depression.png,SITRANG,2022,SITRANG_2022,val,2022-05-17 00:00:00 UTC,23.27,90.81,39.5,Depression,shear_pattern,True
1654,mosdac_SITRANG_2022_1654_Depression.png,data/p2_mosdac_expanded/crops\mosdac_SITRANG_2022_1654_Depression.png,SITRANG,2022,SITRANG_2022,val,2022-05-17 03:00:00 UTC,23.9,90.96,38.7,Depression,shear_pattern,True
1655,mosdac_SITRANG_2022_1655_Depression.png,data/p2_mosdac_expanded/crops\mosdac_SITRANG_2022_1655_Depression.png,SITRANG,2022,SITRANG_2022,val,2022-05-17 06:00:00 UTC,24.07,90.98,35.2,Depression,shear_pattern,True
1656,mosdac_SITRANG_2022_1656_Depression.png,data/p2_mosdac_expanded/crops\mosdac_SITRANG_2022_1656_Depression.png,SITRANG,2022,SITRANG_2022,val,2022-05-17 09:00:00 UTC,24.24,91.0,40.7,Depression,shear_pattern,True
1657,mosdac_SITRANG_2022_1657_Depression.png,data/p2_mosdac_expanded/crops\mosdac_SITRANG_2022_1657_Depression.png,SITRANG,2022,SITRANG_2022,val,2022-05-17 12:00:00 UTC,24.4,91.03,36.5,Depression,shear_pattern,True
1658,mosdac_SITRANG_2022_1658_Depression.png,data/p2_mosdac_expanded/crops\mosdac_SITRANG_2022_1658_Depression.png,SITRANG,2022,SITRANG_2022,val,2022-05-17 15:00:00 UTC,24.47,91.05,35.0,Depression,shear_pattern,True
1659,mosdac_SITRANG_2022_1659_Depression.png,data/p2_mosdac_expanded/crops\mosdac_SITRANG_2022_1659_Depression.png,SITRANG,2022,SITRANG_2022,val,2022-05-17 18:00:00 UTC,24.53,91.07,35.0,Depression,shear_pattern,True
1660,mosdac_SITRANG_2022_1660_Depression.png,data/p2_mosdac_expanded/crops\mosdac_SITRANG_2022_1660_Depression.png,SITRANG,2022,SITRANG_2022,val,2022-05-17 21:00:00 UTC,24.6,91.1,35.0,Depression,shear_pattern,True
1661,mosdac_JAWAD_2021_1661_Depression.png,data/p2_mosdac_expanded/crops\mosdac_JAWAD_2021_1661_Depression.png,JAWAD,2021,JAWAD_2021,train,2021-05-10 00:00:00 UTC,8.4,96.4,35.0,Depression,shear_pattern,True
1662,mosdac_JAWAD_2021_1662_Depression.png,data/p2_mosdac_expanded/crops\mosdac_JAWAD_2021_1662_Depression.png,JAWAD,2021,JAWAD_2021,train,2021-05-10 03:00:00 UTC,8.19,96.29,35.0,Depression,shear_pattern,True
1663,mosdac_JAWAD_2021_1663_Depression.png,data/p2_mosdac_expanded/crops\mosdac_JAWAD_2021_1663_Depression.png,JAWAD,2021,JAWAD_2021,train,2021-05-10 06:00:00 UTC,8.0,96.15,35.0,Depression,shear_pattern,True
1664,mosdac_JAWAD_2021_1664_Depression.png,data/p2_mosdac_expanded/crops\mosdac_JAWAD_2021_1664_Depression.png,JAWAD,2021,JAWAD_2021,train,2021-05-10 09:00:00 UTC,7.9,95.93,35.0,Depression,shear_pattern,True
1665,mosdac_JAWAD_2021_1665_Depression.png,data/p2_mosdac_expanded/crops\mosdac_JAWAD_2021_1665_Depression.png,JAWAD,2021,JAWAD_2021,train,2021-05-10 12:00:00 UTC,7.84,95.61,36.8,Depression,shear_pattern,True
1666,mosdac_JAWAD_2021_1666_Depression.png,data/p2_mosdac_expanded/crops\mosdac_JAWAD_2021_1666_Depression.png,JAWAD,2021,JAWAD_2021,train,2021-05-10 15:00:00 UTC,7.85,95.16,36.8,Depression,shear_pattern,True
1667,mosdac_JAWAD_2021_1667_Depression.png,data/p2_mosdac_expanded/crops\mosdac_JAWAD_2021_1667_Depression.png,JAWAD,2021,JAWAD_2021,train,2021-05-10 18:00:00 UTC,7.92,94.67,35.0,Depression,shear_pattern,True
1668,mosdac_JAWAD_2021_1668_Depression.png,data/p2_mosdac_expanded/crops\mosdac_JAWAD_2021_1668_Depression.png,JAWAD,2021,JAWAD_2021,train,2021-05-10 21:00:00 UTC,8.04,94.17,39.9,Depression,shear_pattern,True
1669,mosdac_JAWAD_2021_1669_Depression.png,data/p2_mosdac_expanded/crops\mosdac_JAWAD_2021_1669_Depression.png,JAWAD,2021,JAWAD_2021,train,2021-05-10 00:00:00 UTC,8.12,93.8,35.0,Depression,shear_pattern,True
1670,mosdac_JAWAD_2021_1670_Depression.png,data/p2_mosdac_expanded/crops\mosdac_JAWAD_2021_1670_Depression.png,JAWAD,2021,JAWAD_2021,train,2021-05-10 03:00:00 UTC,8.18,93.46,41.9,Depression,shear_pattern,True
1671,mosdac_JAWAD_2021_1671_Depression.png,data/p2_mosdac_expanded/crops\mosdac_JAWAD_2021_1671_Depression.png,JAWAD,2021,JAWAD_2021,train,2021-05-11 06:00:00 UTC,8.24,93.17,39.9,Depression,shear_pattern,True
1672,mosdac_JAWAD_2021_1672_Depression.png,data/p2_mosdac_expanded/crops\mosdac_JAWAD_2021_1672_Depression.png,JAWAD,2021,JAWAD_2021,train,2021-05-11 09:00:00 UTC,8.33,92.87,45.4,Depression,shear_pattern,True
1673,mosdac_JAWAD_2021_1673_Depression.png,data/p2_mosdac_expanded/crops\mosdac_JAWAD_2021_1673_Depression.png,JAWAD,2021,JAWAD_2021,train,2021-05-11 12:00:00 UTC,8.5,92.53,47.0,Depression,shear_pattern,True
1674,mosdac_JAWAD_2021_1674_Depression.png,data/p2_mosdac_expanded/crops\mosdac_JAWAD_2021_1674_Depression.png,JAWAD,2021,JAWAD_2021,train,2021-05-11 15:00:00 UTC,8.69,92.21,48.1,Depression,shear_pattern,True
1675,mosdac_JAWAD_2021_1675_Depression.png,data/p2_mosdac_expanded/crops\mosdac_JAWAD_2021_1675_Depression.png,JAWAD,2021,JAWAD_2021,train,2021-05-11 18:00:00 UTC,8.92,91.92,49.6,Depression,shear_pattern,True
1676,mosdac_JAWAD_2021_1676_Depression.png,data/p2_mosdac_expanded/crops\mosdac_JAWAD_2021_1676_Depression.png,JAWAD,2021,JAWAD_2021,train,2021-05-11 21:00:00 UTC,9.11,91.63,47.4,Depression,shear_pattern,True
1677,mosdac_JAWAD_2021_1677_Depression.png,data/p2_mosdac_expanded/crops\mosdac_JAWAD_2021_1677_Depression.png,JAWAD,2021,JAWAD_2021,train,2021-05-11 00:00:00 UTC,9.27,91.34,47.3,Depression,shear_pattern,True
1678,mosdac_JAWAD_2021_1678_Deep_Depression.png,data/p2_mosdac_expanded/crops\mosdac_JAWAD_2021_1678_Deep_Depression.png,JAWAD,2021,JAWAD_2021,train,2021-05-11 03:00:00 UTC,9.49,91.05,51.5,Deep Depression,shear_pattern,True
1679,mosdac_JAWAD_2021_1679_Deep_Depression.png,data/p2_mosdac_expanded/crops\mosdac_JAWAD_2021_1679_Deep_Depression.png,JAWAD,2021,JAWAD_2021,train,2021-05-11 06:00:00 UTC,9.71,90.76,51.3,Deep Depression,shear_pattern,True
1680,mosdac_JAWAD_2021_1680_Deep_Depression.png,data/p2_mosdac_expanded/crops\mosdac_JAWAD_2021_1680_Deep_Depression.png,JAWAD,2021,JAWAD_2021,train,2021-05-11 09:00:00 UTC,9.93,90.36,57.1,Deep Depression,shear_pattern,True
1681,mosdac_JAWAD_2021_1681_Deep_Depression.png,data/p2_mosdac_expanded/crops\mosdac_JAWAD_2021_1681_Deep_Depression.png,JAWAD,2021,JAWAD_2021,train,2021-05-12 12:00:00 UTC,10.16,89.95,55.9,Deep Depression,shear_pattern,True
1682,mosdac_JAWAD_2021_1682_Cyclonic_Storm.png,data/p2_mosdac_expanded/crops\mosdac_JAWAD_2021_1682_Cyclonic_Storm.png,JAWAD,2021,JAWAD_2021,train,2021-05-12 15:00:00 UTC,10.43,89.49,62.5,Cyclonic Storm,curved_band,True
1683,mosdac_JAWAD_2021_1683_Deep_Depression.png,data/p2_mosdac_expanded/crops\mosdac_JAWAD_2021_1683_Deep_Depression.png,JAWAD,2021,JAWAD_2021,train,2021-05-12 18:00:00 UTC,10.71,89.09,61.4,Deep Depression,shear_pattern,True
1684,mosdac_JAWAD_2021_1684_Cyclonic_Storm.png,data/p2_mosdac_expanded/crops\mosdac_JAWAD_2021_1684_Cyclonic_Storm.png,JAWAD,2021,JAWAD_2021,train,2021-05-12 21:00:00 UTC,10.98,88.75,64.3,Cyclonic Storm,curved_band,True
1685,mosdac_JAWAD_2021_1685_Deep_Depression.png,data/p2_mosdac_expanded/crops\mosdac_JAWAD_2021_1685_Deep_Depression.png,JAWAD,2021,JAWAD_2021,train,2021-05-12 00:00:00 UTC,11.21,88.52,60.2,Deep Depression,shear_pattern,True
1686,mosdac_JAWAD_2021_1686_Cyclonic_Storm.png,data/p2_mosdac_expanded/crops\mosdac_JAWAD_2021_1686_Cyclonic_Storm.png,JAWAD,2021,JAWAD_2021,train,2021-05-12 03:00:00 UTC,11.43,88.34,67.4,Cyclonic Storm,curved_band,True
1687,mosdac_JAWAD_2021_1687_Cyclonic_Storm.png,data/p2_mosdac_expanded/crops\mosdac_JAWAD_2021_1687_Cyclonic_Storm.png,JAWAD,2021,JAWAD_2021,train,2021-05-12 06:00:00 UTC,11.64,88.07,69.2,Cyclonic Storm,curved_band,True
1688,mosdac_JAWAD_2021_1688_Cyclonic_Storm.png,data/p2_mosdac_expanded/crops\mosdac_JAWAD_2021_1688_Cyclonic_Storm.png,JAWAD,2021,JAWAD_2021,train,2021-05-12 09:00:00 UTC,11.86,87.79,67.0,Cyclonic Storm,curved_band,True
1689,mosdac_JAWAD_2021_1689_Cyclonic_Storm.png,data/p2_mosdac_expanded/crops\mosdac_JAWAD_2021_1689_Cyclonic_Storm.png,JAWAD,2021,JAWAD_2021,train,2021-05-12 12:00:00 UTC,12.07,87.45,69.1,Cyclonic Storm,curved_band,True
1690,mosdac_JAWAD_2021_1690_Cyclonic_Storm.png,data/p2_mosdac_expanded/crops\mosdac_JAWAD_2021_1690_Cyclonic_Storm.png,JAWAD,2021,JAWAD_2021,train,2021-05-12 15:00:00 UTC,12.33,87.11,71.4,Cyclonic Storm,curved_band,True
1691,mosdac_JAWAD_2021_1691_Cyclonic_Storm.png,data/p2_mosdac_expanded/crops\mosdac_JAWAD_2021_1691_Cyclonic_Storm.png,JAWAD,2021,JAWAD_2021,train,2021-05-13 18:00:00 UTC,12.71,86.78,67.7,Cyclonic Storm,curved_band,True
1692,mosdac_JAWAD_2021_1692_Cyclonic_Storm.png,data/p2_mosdac_expanded/crops\mosdac_JAWAD_2021_1692_Cyclonic_Storm.png,JAWAD,2021,JAWAD_2021,train,2021-05-13 21:00:00 UTC,13.09,86.47,71.3,Cyclonic Storm,curved_band,True
1693,mosdac_JAWAD_2021_1693_Cyclonic_Storm.png,data/p2_mosdac_expanded/crops\mosdac_JAWAD_2021_1693_Cyclonic_Storm.png,JAWAD,2021,JAWAD_2021,train,2021-05-13 00:00:00 UTC,13.47,86.19,71.2,Cyclonic Storm,curved_band,True
1694,mosdac_JAWAD_2021_1694_Cyclonic_Storm.png,data/p2_mosdac_expanded/crops\mosdac_JAWAD_2021_1694_Cyclonic_Storm.png,JAWAD,2021,JAWAD_2021,train,2021-05-13 03:00:00 UTC,13.74,85.99,69.9,Cyclonic Storm,curved_band,True
1695,mosdac_JAWAD_2021_1695_Cyclonic_Storm.png,data/p2_mosdac_expanded/crops\mosdac_JAWAD_2021_1695_Cyclonic_Storm.png,JAWAD,2021,JAWAD_2021,train,2021-05-13 06:00:00 UTC,13.95,85.82,72.3,Cyclonic Storm,curved_band,True
1696,mosdac_JAWAD_2021_1696_Cyclonic_Storm.png,data/p2_mosdac_expanded/crops\mosdac_JAWAD_2021_1696_Cyclonic_Storm.png,JAWAD,2021,JAWAD_2021,train,2021-05-13 09:00:00 UTC,14.16,85.66,70.5,Cyclonic Storm,curved_band,True
1697,mosdac_JAWAD_2021_1697_Cyclonic_Storm.png,data/p2_mosdac_expanded/crops\mosdac_JAWAD_2021_1697_Cyclonic_Storm.png,JAWAD,2021,JAWAD_2021,train,2021-05-13 12:00:00 UTC,14.37,85.5,70.6,Cyclonic Storm,curved_band,True
1698,mosdac_JAWAD_2021_1698_Cyclonic_Storm.png,data/p2_mosdac_expanded/crops\mosdac_JAWAD_2021_1698_Cyclonic_Storm.png,JAWAD,2021,JAWAD_2021,train,2021-05-13 15:00:00 UTC,14.53,85.33,71.7,Cyclonic Storm,curved_band,True
1699,mosdac_JAWAD_2021_1699_Cyclonic_Storm.png,data/p2_mosdac_expanded/crops\mosdac_JAWAD_2021_1699_Cyclonic_Storm.png,JAWAD,2021,JAWAD_2021,train,2021-05-13 18:00:00 UTC,14.69,85.19,78.6,Cyclonic Storm,curved_band,True
1700,mosdac_JAWAD_2021_1700_Cyclonic_Storm.png,data/p2_mosdac_expanded/crops\mosdac_JAWAD_2021_1700_Cyclonic_Storm.png,JAWAD,2021,JAWAD_2021,train,2021-05-13 21:00:00 UTC,14.85,85.08,75.4,Cyclonic Storm,curved_band,True
1701,mosdac_JAWAD_2021_1701_Cyclonic_Storm.png,data/p2_mosdac_expanded/crops\mosdac_JAWAD_2021_1701_Cyclonic_Storm.png,JAWAD,2021,JAWAD_2021,train,2021-05-14 00:00:00 UTC,14.98,85.01,78.7,Cyclonic Storm,curved_band,True
1702,mosdac_JAWAD_2021_1702_Cyclonic_Storm.png,data/p2_mosdac_expanded/crops\mosdac_JAWAD_2021_1702_Cyclonic_Storm.png,JAWAD,2021,JAWAD_2021,train,2021-05-14 03:00:00 UTC,15.09,84.96,74.3,Cyclonic Storm,curved_band,True
1703,mosdac_JAWAD_2021_1703_Cyclonic_Storm.png,data/p2_mosdac_expanded/crops\mosdac_JAWAD_2021_1703_Cyclonic_Storm.png,JAWAD,2021,JAWAD_2021,train,2021-05-14 06:00:00 UTC,15.23,84.91,73.2,Cyclonic Storm,curved_band,True
1704,mosdac_JAWAD_2021_1704_Cyclonic_Storm.png,data/p2_mosdac_expanded/crops\mosdac_JAWAD_2021_1704_Cyclonic_Storm.png,JAWAD,2021,JAWAD_2021,train,2021-05-14 09:00:00 UTC,15.39,84.86,74.4,Cyclonic Storm,curved_band,True
1705,mosdac_JAWAD_2021_1705_Cyclonic_Storm.png,data/p2_mosdac_expanded/crops\mosdac_JAWAD_2021_1705_Cyclonic_Storm.png,JAWAD,2021,JAWAD_2021,train,2021-05-14 12:00:00 UTC,15.51,84.87,73.4,Cyclonic Storm,curved_band,True
1706,mosdac_JAWAD_2021_1706_Cyclonic_Storm.png,data/p2_mosdac_expanded/crops\mosdac_JAWAD_2021_1706_Cyclonic_Storm.png,JAWAD,2021,JAWAD_2021,train,2021-05-14 15:00:00 UTC,15.62,84.87,70.2,Cyclonic Storm,curved_band,True
1707,mosdac_JAWAD_2021_1707_Cyclonic_Storm.png,data/p2_mosdac_expanded/crops\mosdac_JAWAD_2021_1707_Cyclonic_Storm.png,JAWAD,2021,JAWAD_2021,train,2021-05-14 18:00:00 UTC,15.79,84.83,73.9,Cyclonic Storm,curved_band,True
1708,mosdac_JAWAD_2021_1708_Cyclonic_Storm.png,data/p2_mosdac_expanded/crops\mosdac_JAWAD_2021_1708_Cyclonic_Storm.png,JAWAD,2021,JAWAD_2021,train,2021-05-14 21:00:00 UTC,15.94,84.8,69.8,Cyclonic Storm,curved_band,True
1709,mosdac_JAWAD_2021_1709_Cyclonic_Storm.png,data/p2_mosdac_expanded/crops\mosdac_JAWAD_2021_1709_Cyclonic_Storm.png,JAWAD,2021,JAWAD_2021,train,2021-05-14 00:00:00 UTC,16.05,84.81,72.2,Cyclonic Storm,curved_band,True
1710,mosdac_JAWAD_2021_1710_Cyclonic_Storm.png,data/p2_mosdac_expanded/crops\mosdac_JAWAD_2021_1710_Cyclonic_Storm.png,JAWAD,2021,JAWAD_2021,train,2021-05-14 03:00:00 UTC,16.13,84.85,71.5,Cyclonic Storm,curved_band,True
1711,mosdac_JAWAD_2021_1711_Cyclonic_Storm.png,data/p2_mosdac_expanded/crops\mosdac_JAWAD_2021_1711_Cyclonic_Storm.png,JAWAD,2021,JAWAD_2021,train,2021-05-15 06:00:00 UTC,16.19,84.91,66.5,Cyclonic Storm,curved_band,True
1712,mosdac_JAWAD_2021_1712_Cyclonic_Storm.png,data/p2_mosdac_expanded/crops\mosdac_JAWAD_2021_1712_Cyclonic_Storm.png,JAWAD,2021,JAWAD_2021,train,2021-05-15 09:00:00 UTC,16.29,84.94,64.7,Cyclonic Storm,curved_band,True
1713,mosdac_JAWAD_2021_1713_Cyclonic_Storm.png,data/p2_mosdac_expanded/crops\mosdac_JAWAD_2021_1713_Cyclonic_Storm.png,JAWAD,2021,JAWAD_2021,train,2021-05-15 12:00:00 UTC,16.4,84.95,69.3,Cyclonic Storm,curved_band,True
1714,mosdac_JAWAD_2021_1714_Cyclonic_Storm.png,data/p2_mosdac_expanded/crops\mosdac_JAWAD_2021_1714_Cyclonic_Storm.png,JAWAD,2021,JAWAD_2021,train,2021-05-15 15:00:00 UTC,16.57,85.06,65.5,Cyclonic Storm,curved_band,True
1715,mosdac_JAWAD_2021_1715_Deep_Depression.png,data/p2_mosdac_expanded/crops\mosdac_JAWAD_2021_1715_Deep_Depression.png,JAWAD,2021,JAWAD_2021,train,2021-05-15 18:00:00 UTC,16.75,85.16,61.0,Deep Depression,shear_pattern,True
1716,mosdac_JAWAD_2021_1716_Cyclonic_Storm.png,data/p2_mosdac_expanded/crops\mosdac_JAWAD_2021_1716_Cyclonic_Storm.png,JAWAD,2021,JAWAD_2021,train,2021-05-15 21:00:00 UTC,16.92,85.17,67.1,Cyclonic Storm,curved_band,True
1717,mosdac_JAWAD_2021_1717_Deep_Depression.png,data/p2_mosdac_expanded/crops\mosdac_JAWAD_2021_1717_Deep_Depression.png,JAWAD,2021,JAWAD_2021,train,2021-05-15 00:00:00 UTC,17.07,85.22,58.2,Deep Depression,shear_pattern,True
1718,mosdac_JAWAD_2021_1718_Deep_Depression.png,data/p2_mosdac_expanded/crops\mosdac_JAWAD_2021_1718_Deep_Depression.png,JAWAD,2021,JAWAD_2021,train,2021-05-15 03:00:00 UTC,17.19,85.33,61.8,Deep Depression,shear_pattern,True
1719,mosdac_JAWAD_2021_1719_Cyclonic_Storm.png,data/p2_mosdac_expanded/crops\mosdac_JAWAD_2021_1719_Cyclonic_Storm.png,JAWAD,2021,JAWAD_2021,train,2021-05-15 06:00:00 UTC,17.28,85.42,62.6,Cyclonic Storm,curved_band,True
1720,mosdac_JAWAD_2021_1720_Deep_Depression.png,data/p2_mosdac_expanded/crops\mosdac_JAWAD_2021_1720_Deep_Depression.png,JAWAD,2021,JAWAD_2021,train,2021-05-15 09:00:00 UTC,17.35,85.48,55.1,Deep Depression,shear_pattern,True
1721,mosdac_JAWAD_2021_1721_Deep_Depression.png,data/p2_mosdac_expanded/crops\mosdac_JAWAD_2021_1721_Deep_Depression.png,JAWAD,2021,JAWAD_2021,train,2021-05-16 12:00:00 UTC,17.5,85.62,52.7,Deep Depression,shear_pattern,True
1722,mosdac_JAWAD_2021_1722_Deep_Depression.png,data/p2_mosdac_expanded/crops\mosdac_JAWAD_2021_1722_Deep_Depression.png,JAWAD,2021,JAWAD_2021,train,2021-05-16 15:00:00 UTC,17.67,85.79,50.9,Deep Depression,shear_pattern,True
1723,mosdac_JAWAD_2021_1723_Deep_Depression.png,data/p2_mosdac_expanded/crops\mosdac_JAWAD_2021_1723_Deep_Depression.png,JAWAD,2021,JAWAD_2021,train,2021-05-16 18:00:00 UTC,18.01,85.85,50.7,Deep Depression,shear_pattern,True
1724,mosdac_JAWAD_2021_1724_Depression.png,data/p2_mosdac_expanded/crops\mosdac_JAWAD_2021_1724_Depression.png,JAWAD,2021,JAWAD_2021,train,2021-05-16 21:00:00 UTC,18.34,85.93,47.4,Depression,shear_pattern,True
1725,mosdac_JAWAD_2021_1725_Deep_Depression.png,data/p2_mosdac_expanded/crops\mosdac_JAWAD_2021_1725_Deep_Depression.png,JAWAD,2021,JAWAD_2021,train,2021-05-16 00:00:00 UTC,18.57,86.09,50.5,Deep Depression,shear_pattern,True
1726,mosdac_JAWAD_2021_1726_Depression.png,data/p2_mosdac_expanded/crops\mosdac_JAWAD_2021_1726_Depression.png,JAWAD,2021,JAWAD_2021,train,2021-05-16 03:00:00 UTC,18.78,86.24,43.8,Depression,shear_pattern,True
1727,mosdac_JAWAD_2021_1727_Depression.png,data/p2_mosdac_expanded/crops\mosdac_JAWAD_2021_1727_Depression.png,JAWAD,2021,JAWAD_2021,train,2021-05-16 06:00:00 UTC,18.96,86.35,45.7,Depression,shear_pattern,True
1728,mosdac_JAWAD_2021_1728_Depression.png,data/p2_mosdac_expanded/crops\mosdac_JAWAD_2021_1728_Depression.png,JAWAD,2021,JAWAD_2021,train,2021-05-16 09:00:00 UTC,19.2,86.52,48.0,Depression,shear_pattern,True
1729,mosdac_JAWAD_2021_1729_Depression.png,data/p2_mosdac_expanded/crops\mosdac_JAWAD_2021_1729_Depression.png,JAWAD,2021,JAWAD_2021,train,2021-05-16 12:00:00 UTC,19.49,86.74,44.9,Depression,shear_pattern,True
1730,mosdac_JAWAD_2021_1730_Depression.png,data/p2_mosdac_expanded/crops\mosdac_JAWAD_2021_1730_Depression.png,JAWAD,2021,JAWAD_2021,train,2021-05-16 15:00:00 UTC,19.77,86.91,41.8,Depression,shear_pattern,True
1731,mosdac_JAWAD_2021_1731_Depression.png,data/p2_mosdac_expanded/crops\mosdac_JAWAD_2021_1731_Depression.png,JAWAD,2021,JAWAD_2021,train,2021-05-17 18:00:00 UTC,20.06,87.07,37.8,Depression,shear_pattern,True
1732,mosdac_JAWAD_2021_1732_Depression.png,data/p2_mosdac_expanded/crops\mosdac_JAWAD_2021_1732_Depression.png,JAWAD,2021,JAWAD_2021,train,2021-05-17 21:00:00 UTC,20.45,87.18,38.9,Depression,shear_pattern,True
1733,mosdac_JAWAD_2021_1733_Depression.png,data/p2_mosdac_expanded/crops\mosdac_JAWAD_2021_1733_Depression.png,JAWAD,2021,JAWAD_2021,train,2021-05-17 00:00:00 UTC,20.83,87.28,36.7,Depression,shear_pattern,True
1734,mosdac_JAWAD_2021_1734_Depression.png,data/p2_mosdac_expanded/crops\mosdac_JAWAD_2021_1734_Depression.png,JAWAD,2021,JAWAD_2021,train,2021-05-17 03:00:00 UTC,21.11,87.38,35.0,Depression,shear_pattern,True
1735,mosdac_JAWAD_2021_1735_Depression.png,data/p2_mosdac_expanded/crops\mosdac_JAWAD_2021_1735_Depression.png,JAWAD,2021,JAWAD_2021,train,2021-05-17 06:00:00 UTC,21.35,87.51,35.0,Depression,shear_pattern,True
1736,mosdac_JAWAD_2021_1736_Depression.png,data/p2_mosdac_expanded/crops\mosdac_JAWAD_2021_1736_Depression.png,JAWAD,2021,JAWAD_2021,train,2021-05-17 09:00:00 UTC,21.53,87.67,35.9,Depression,shear_pattern,True
1737,mosdac_JAWAD_2021_1737_Depression.png,data/p2_mosdac_expanded/crops\mosdac_JAWAD_2021_1737_Depression.png,JAWAD,2021,JAWAD_2021,train,2021-05-17 12:00:00 UTC,21.73,87.86,35.0,Depression,shear_pattern,True
1738,mosdac_JAWAD_2021_1738_Depression.png,data/p2_mosdac_expanded/crops\mosdac_JAWAD_2021_1738_Depression.png,JAWAD,2021,JAWAD_2021,train,2021-05-17 15:00:00 UTC,21.95,88.07,35.0,Depression,shear_pattern,True
1739,mosdac_JAWAD_2021_1739_Depression.png,data/p2_mosdac_expanded/crops\mosdac_JAWAD_2021_1739_Depression.png,JAWAD,2021,JAWAD_2021,train,2021-05-17 18:00:00 UTC,22.18,88.28,35.0,Depression,shear_pattern,True
1740,mosdac_JAWAD_2021_1740_Depression.png,data/p2_mosdac_expanded/crops\mosdac_JAWAD_2021_1740_Depression.png,JAWAD,2021,JAWAD_2021,train,2021-05-17 21:00:00 UTC,22.4,88.5,35.0,Depression,shear_pattern,True
1741,mosdac_MIDHILI_2023_1741_Depression.png,data/p2_mosdac_expanded/crops\mosdac_MIDHILI_2023_1741_Depression.png,MIDHILI,2023,MIDHILI_2023,train,2023-05-10 00:00:00 UTC,9.9,94.2,35.0,Depression,shear_pattern,True
1742,mosdac_MIDHILI_2023_1742_Depression.png,data/p2_mosdac_expanded/crops\mosdac_MIDHILI_2023_1742_Depression.png,MIDHILI,2023,MIDHILI_2023,train,2023-05-10 03:00:00 UTC,10.15,94.1,35.0,Depression,shear_pattern,True
1743,mosdac_MIDHILI_2023_1743_Depression.png,data/p2_mosdac_expanded/crops\mosdac_MIDHILI_2023_1743_Depression.png,MIDHILI,2023,MIDHILI_2023,train,2023-05-10 06:00:00 UTC,10.4,94.01,35.0,Depression,shear_pattern,True
1744,mosdac_MIDHILI_2023_1744_Depression.png,data/p2_mosdac_expanded/crops\mosdac_MIDHILI_2023_1744_Depression.png,MIDHILI,2023,MIDHILI_2023,train,2023-05-10 09:00:00 UTC,10.65,93.77,35.0,Depression,shear_pattern,True
1745,mosdac_MIDHILI_2023_1745_Depression.png,data/p2_mosdac_expanded/crops\mosdac_MIDHILI_2023_1745_Depression.png,MIDHILI,2023,MIDHILI_2023,train,2023-05-10 12:00:00 UTC,10.9,93.53,35.0,Depression,shear_pattern,True
1746,mosdac_MIDHILI_2023_1746_Depression.png,data/p2_mosdac_expanded/crops\mosdac_MIDHILI_2023_1746_Depression.png,MIDHILI,2023,MIDHILI_2023,train,2023-05-10 15:00:00 UTC,11.15,93.16,35.0,Depression,shear_pattern,True
1747,mosdac_MIDHILI_2023_1747_Depression.png,data/p2_mosdac_expanded/crops\mosdac_MIDHILI_2023_1747_Depression.png,MIDHILI,2023,MIDHILI_2023,train,2023-05-10 18:00:00 UTC,11.4,92.77,35.0,Depression,shear_pattern,True
1748,mosdac_MIDHILI_2023_1748_Depression.png,data/p2_mosdac_expanded/crops\mosdac_MIDHILI_2023_1748_Depression.png,MIDHILI,2023,MIDHILI_2023,train,2023-05-10 21:00:00 UTC,11.61,92.35,35.0,Depression,shear_pattern,True
1749,mosdac_MIDHILI_2023_1749_Depression.png,data/p2_mosdac_expanded/crops\mosdac_MIDHILI_2023_1749_Depression.png,MIDHILI,2023,MIDHILI_2023,train,2023-05-10 00:00:00 UTC,11.81,91.91,40.0,Depression,shear_pattern,True
1750,mosdac_MIDHILI_2023_1750_Depression.png,data/p2_mosdac_expanded/crops\mosdac_MIDHILI_2023_1750_Depression.png,MIDHILI,2023,MIDHILI_2023,train,2023-05-10 03:00:00 UTC,11.98,91.56,36.4,Depression,shear_pattern,True
1751,mosdac_MIDHILI_2023_1751_Depression.png,data/p2_mosdac_expanded/crops\mosdac_MIDHILI_2023_1751_Depression.png,MIDHILI,2023,MIDHILI_2023,train,2023-05-11 06:00:00 UTC,12.13,91.27,41.1,Depression,shear_pattern,True
1752,mosdac_MIDHILI_2023_1752_Depression.png,data/p2_mosdac_expanded/crops\mosdac_MIDHILI_2023_1752_Depression.png,MIDHILI,2023,MIDHILI_2023,train,2023-05-11 09:00:00 UTC,12.28,91.0,40.1,Depression,shear_pattern,True
1753,mosdac_MIDHILI_2023_1753_Depression.png,data/p2_mosdac_expanded/crops\mosdac_MIDHILI_2023_1753_Depression.png,MIDHILI,2023,MIDHILI_2023,train,2023-05-11 12:00:00 UTC,12.42,90.75,40.1,Depression,shear_pattern,True
1754,mosdac_MIDHILI_2023_1754_Depression.png,data/p2_mosdac_expanded/crops\mosdac_MIDHILI_2023_1754_Depression.png,MIDHILI,2023,MIDHILI_2023,train,2023-05-11 15:00:00 UTC,12.57,90.47,43.6,Depression,shear_pattern,True
1755,mosdac_MIDHILI_2023_1755_Deep_Depression.png,data/p2_mosdac_expanded/crops\mosdac_MIDHILI_2023_1755_Deep_Depression.png,MIDHILI,2023,MIDHILI_2023,train,2023-05-11 18:00:00 UTC,12.72,90.18,51.1,Deep Depression,shear_pattern,True
1756,mosdac_MIDHILI_2023_1756_Deep_Depression.png,data/p2_mosdac_expanded/crops\mosdac_MIDHILI_2023_1756_Deep_Depression.png,MIDHILI,2023,MIDHILI_2023,train,2023-05-11 21:00:00 UTC,12.84,89.88,51.4,Deep Depression,shear_pattern,True
1757,mosdac_MIDHILI_2023_1757_Deep_Depression.png,data/p2_mosdac_expanded/crops\mosdac_MIDHILI_2023_1757_Deep_Depression.png,MIDHILI,2023,MIDHILI_2023,train,2023-05-11 00:00:00 UTC,12.94,89.58,54.3,Deep Depression,shear_pattern,True
1758,mosdac_MIDHILI_2023_1758_Deep_Depression.png,data/p2_mosdac_expanded/crops\mosdac_MIDHILI_2023_1758_Deep_Depression.png,MIDHILI,2023,MIDHILI_2023,train,2023-05-11 03:00:00 UTC,13.05,89.25,52.2,Deep Depression,shear_pattern,True
1759,mosdac_MIDHILI_2023_1759_Deep_Depression.png,data/p2_mosdac_expanded/crops\mosdac_MIDHILI_2023_1759_Deep_Depression.png,MIDHILI,2023,MIDHILI_2023,train,2023-05-11 06:00:00 UTC,13.19,88.85,50.8,Deep Depression,shear_pattern,True
1760,mosdac_MIDHILI_2023_1760_Deep_Depression.png,data/p2_mosdac_expanded/crops\mosdac_MIDHILI_2023_1760_Deep_Depression.png,MIDHILI,2023,MIDHILI_2023,train,2023-05-11 09:00:00 UTC,13.32,88.47,55.9,Deep Depression,shear_pattern,True
1761,mosdac_MIDHILI_2023_1761_Deep_Depression.png,data/p2_mosdac_expanded/crops\mosdac_MIDHILI_2023_1761_Deep_Depression.png,MIDHILI,2023,MIDHILI_2023,train,2023-05-12 12:00:00 UTC,13.41,88.12,56.8,Deep Depression,shear_pattern,True
1762,mosdac_MIDHILI_2023_1762_Deep_Depression.png,data/p2_mosdac_expanded/crops\mosdac_MIDHILI_2023_1762_Deep_Depression.png,MIDHILI,2023,MIDHILI_2023,train,2023-05-12 15:00:00 UTC,13.5,87.8,61.5,Deep Depression,shear_pattern,True
1763,mosdac_MIDHILI_2023_1763_Deep_Depression.png,data/p2_mosdac_expanded/crops\mosdac_MIDHILI_2023_1763_Deep_Depression.png,MIDHILI,2023,MIDHILI_2023,train,2023-05-12 18:00:00 UTC,13.54,87.55,57.0,Deep Depression,shear_pattern,True
1764,mosdac_MIDHILI_2023_1764_Deep_Depression.png,data/p2_mosdac_expanded/crops\mosdac_MIDHILI_2023_1764_Deep_Depression.png,MIDHILI,2023,MIDHILI_2023,train,2023-05-12 21:00:00 UTC,13.58,87.31,61.6,Deep Depression,shear_pattern,True
1765,mosdac_MIDHILI_2023_1765_Deep_Depression.png,data/p2_mosdac_expanded/crops\mosdac_MIDHILI_2023_1765_Deep_Depression.png,MIDHILI,2023,MIDHILI_2023,train,2023-05-12 00:00:00 UTC,13.62,87.16,60.4,Deep Depression,shear_pattern,True
1766,mosdac_MIDHILI_2023_1766_Cyclonic_Storm.png,data/p2_mosdac_expanded/crops\mosdac_MIDHILI_2023_1766_Cyclonic_Storm.png,MIDHILI,2023,MIDHILI_2023,train,2023-05-12 03:00:00 UTC,13.66,87.01,63.1,Cyclonic Storm,curved_band,True
1767,mosdac_MIDHILI_2023_1767_Cyclonic_Storm.png,data/p2_mosdac_expanded/crops\mosdac_MIDHILI_2023_1767_Cyclonic_Storm.png,MIDHILI,2023,MIDHILI_2023,train,2023-05-12 06:00:00 UTC,13.65,86.81,67.7,Cyclonic Storm,curved_band,True
1768,mosdac_MIDHILI_2023_1768_Cyclonic_Storm.png,data/p2_mosdac_expanded/crops\mosdac_MIDHILI_2023_1768_Cyclonic_Storm.png,MIDHILI,2023,MIDHILI_2023,train,2023-05-12 09:00:00 UTC,13.64,86.61,66.9,Cyclonic Storm,curved_band,True
1769,mosdac_MIDHILI_2023_1769_Cyclonic_Storm.png,data/p2_mosdac_expanded/crops\mosdac_MIDHILI_2023_1769_Cyclonic_Storm.png,MIDHILI,2023,MIDHILI_2023,train,2023-05-12 12:00:00 UTC,13.73,86.51,67.3,Cyclonic Storm,curved_band,True
1770,mosdac_MIDHILI_2023_1770_Cyclonic_Storm.png,data/p2_mosdac_expanded/crops\mosdac_MIDHILI_2023_1770_Cyclonic_Storm.png,MIDHILI,2023,MIDHILI_2023,train,2023-05-12 15:00:00 UTC,13.81,86.41,68.5,Cyclonic Storm,curved_band,True
1771,mosdac_MIDHILI_2023_1771_Cyclonic_Storm.png,data/p2_mosdac_expanded/crops\mosdac_MIDHILI_2023_1771_Cyclonic_Storm.png,MIDHILI,2023,MIDHILI_2023,train,2023-05-13 18:00:00 UTC,14.03,86.44,70.0,Cyclonic Storm,curved_band,True
1772,mosdac_MIDHILI_2023_1772_Cyclonic_Storm.png,data/p2_mosdac_expanded/crops\mosdac_MIDHILI_2023_1772_Cyclonic_Storm.png,MIDHILI,2023,MIDHILI_2023,train,2023-05-13 21:00:00 UTC,14.26,86.49,73.5,Cyclonic Storm,curved_band,True
1773,mosdac_MIDHILI_2023_1773_Cyclonic_Storm.png,data/p2_mosdac_expanded/crops\mosdac_MIDHILI_2023_1773_Cyclonic_Storm.png,MIDHILI,2023,MIDHILI_2023,train,2023-05-13 00:00:00 UTC,14.49,86.54,75.2,Cyclonic Storm,curved_band,True
1774,mosdac_MIDHILI_2023_1774_Cyclonic_Storm.png,data/p2_mosdac_expanded/crops\mosdac_MIDHILI_2023_1774_Cyclonic_Storm.png,MIDHILI,2023,MIDHILI_2023,train,2023-05-13 03:00:00 UTC,14.72,86.59,76.4,Cyclonic Storm,curved_band,True
1775,mosdac_MIDHILI_2023_1775_Cyclonic_Storm.png,data/p2_mosdac_expanded/crops\mosdac_MIDHILI_2023_1775_Cyclonic_Storm.png,MIDHILI,2023,MIDHILI_2023,train,2023-05-13 06:00:00 UTC,14.88,86.6,75.7,Cyclonic Storm,curved_band,True
1776,mosdac_MIDHILI_2023_1776_Cyclonic_Storm.png,data/p2_mosdac_expanded/crops\mosdac_MIDHILI_2023_1776_Cyclonic_Storm.png,MIDHILI,2023,MIDHILI_2023,train,2023-05-13 09:00:00 UTC,15.02,86.61,72.4,Cyclonic Storm,curved_band,True
1777,mosdac_MIDHILI_2023_1777_Cyclonic_Storm.png,data/p2_mosdac_expanded/crops\mosdac_MIDHILI_2023_1777_Cyclonic_Storm.png,MIDHILI,2023,MIDHILI_2023,train,2023-05-13 12:00:00 UTC,15.15,86.61,75.9,Cyclonic Storm,curved_band,True
1778,mosdac_MIDHILI_2023_1778_Cyclonic_Storm.png,data/p2_mosdac_expanded/crops\mosdac_MIDHILI_2023_1778_Cyclonic_Storm.png,MIDHILI,2023,MIDHILI_2023,train,2023-05-13 15:00:00 UTC,15.29,86.62,74.2,Cyclonic Storm,curved_band,True
1779,mosdac_MIDHILI_2023_1779_Cyclonic_Storm.png,data/p2_mosdac_expanded/crops\mosdac_MIDHILI_2023_1779_Cyclonic_Storm.png,MIDHILI,2023,MIDHILI_2023,train,2023-05-13 18:00:00 UTC,15.42,86.59,72.9,Cyclonic Storm,curved_band,True
1780,mosdac_MIDHILI_2023_1780_Cyclonic_Storm.png,data/p2_mosdac_expanded/crops\mosdac_MIDHILI_2023_1780_Cyclonic_Storm.png,MIDHILI,2023,MIDHILI_2023,train,2023-05-13 21:00:00 UTC,15.56,86.55,77.7,Cyclonic Storm,curved_band,True
1781,mosdac_MIDHILI_2023_1781_Cyclonic_Storm.png,data/p2_mosdac_expanded/crops\mosdac_MIDHILI_2023_1781_Cyclonic_Storm.png,MIDHILI,2023,MIDHILI_2023,train,2023-05-14 00:00:00 UTC,15.72,86.56,71.3,Cyclonic Storm,curved_band,True
1782,mosdac_MIDHILI_2023_1782_Cyclonic_Storm.png,data/p2_mosdac_expanded/crops\mosdac_MIDHILI_2023_1782_Cyclonic_Storm.png,MIDHILI,2023,MIDHILI_2023,train,2023-05-14 03:00:00 UTC,15.91,86.61,78.1,Cyclonic Storm,curved_band,True
1783,mosdac_MIDHILI_2023_1783_Cyclonic_Storm.png,data/p2_mosdac_expanded/crops\mosdac_MIDHILI_2023_1783_Cyclonic_Storm.png,MIDHILI,2023,MIDHILI_2023,train,2023-05-14 06:00:00 UTC,16.11,86.67,74.4,Cyclonic Storm,curved_band,True
1784,mosdac_MIDHILI_2023_1784_Cyclonic_Storm.png,data/p2_mosdac_expanded/crops\mosdac_MIDHILI_2023_1784_Cyclonic_Storm.png,MIDHILI,2023,MIDHILI_2023,train,2023-05-14 09:00:00 UTC,16.35,86.73,75.4,Cyclonic Storm,curved_band,True
1785,mosdac_MIDHILI_2023_1785_Cyclonic_Storm.png,data/p2_mosdac_expanded/crops\mosdac_MIDHILI_2023_1785_Cyclonic_Storm.png,MIDHILI,2023,MIDHILI_2023,train,2023-05-14 12:00:00 UTC,16.6,86.8,75.2,Cyclonic Storm,curved_band,True
1786,mosdac_MIDHILI_2023_1786_Cyclonic_Storm.png,data/p2_mosdac_expanded/crops\mosdac_MIDHILI_2023_1786_Cyclonic_Storm.png,MIDHILI,2023,MIDHILI_2023,train,2023-05-14 15:00:00 UTC,16.89,86.91,76.6,Cyclonic Storm,curved_band,True
1787,mosdac_MIDHILI_2023_1787_Cyclonic_Storm.png,data/p2_mosdac_expanded/crops\mosdac_MIDHILI_2023_1787_Cyclonic_Storm.png,MIDHILI,2023,MIDHILI_2023,train,2023-05-14 18:00:00 UTC,17.14,87.0,73.9,Cyclonic Storm,curved_band,True
1788,mosdac_MIDHILI_2023_1788_Cyclonic_Storm.png,data/p2_mosdac_expanded/crops\mosdac_MIDHILI_2023_1788_Cyclonic_Storm.png,MIDHILI,2023,MIDHILI_2023,train,2023-05-14 21:00:00 UTC,17.28,87.06,73.0,Cyclonic Storm,curved_band,True
1789,mosdac_MIDHILI_2023_1789_Cyclonic_Storm.png,data/p2_mosdac_expanded/crops\mosdac_MIDHILI_2023_1789_Cyclonic_Storm.png,MIDHILI,2023,MIDHILI_2023,train,2023-05-14 00:00:00 UTC,17.44,87.13,67.8,Cyclonic Storm,curved_band,True
1790,mosdac_MIDHILI_2023_1790_Cyclonic_Storm.png,data/p2_mosdac_expanded/crops\mosdac_MIDHILI_2023_1790_Cyclonic_Storm.png,MIDHILI,2023,MIDHILI_2023,train,2023-05-14 03:00:00 UTC,17.63,87.23,70.5,Cyclonic Storm,curved_band,True
1791,mosdac_MIDHILI_2023_1791_Cyclonic_Storm.png,data/p2_mosdac_expanded/crops\mosdac_MIDHILI_2023_1791_Cyclonic_Storm.png,MIDHILI,2023,MIDHILI_2023,train,2023-05-15 06:00:00 UTC,17.82,87.34,66.5,Cyclonic Storm,curved_band,True
1792,mosdac_MIDHILI_2023_1792_Cyclonic_Storm.png,data/p2_mosdac_expanded/crops\mosdac_MIDHILI_2023_1792_Cyclonic_Storm.png,MIDHILI,2023,MIDHILI_2023,train,2023-05-15 09:00:00 UTC,18.02,87.44,70.1,Cyclonic Storm,curved_band,True
1793,mosdac_MIDHILI_2023_1793_Cyclonic_Storm.png,data/p2_mosdac_expanded/crops\mosdac_MIDHILI_2023_1793_Cyclonic_Storm.png,MIDHILI,2023,MIDHILI_2023,train,2023-05-15 12:00:00 UTC,18.22,87.55,67.2,Cyclonic Storm,curved_band,True
1794,mosdac_MIDHILI_2023_1794_Cyclonic_Storm.png,data/p2_mosdac_expanded/crops\mosdac_MIDHILI_2023_1794_Cyclonic_Storm.png,MIDHILI,2023,MIDHILI_2023,train,2023-05-15 15:00:00 UTC,18.36,87.6,67.3,Cyclonic Storm,curved_band,True
1795,mosdac_MIDHILI_2023_1795_Deep_Depression.png,data/p2_mosdac_expanded/crops\mosdac_MIDHILI_2023_1795_Deep_Depression.png,MIDHILI,2023,MIDHILI_2023,train,2023-05-15 18:00:00 UTC,18.52,87.66,60.9,Deep Depression,shear_pattern,True
1796,mosdac_MIDHILI_2023_1796_Deep_Depression.png,data/p2_mosdac_expanded/crops\mosdac_MIDHILI_2023_1796_Deep_Depression.png,MIDHILI,2023,MIDHILI_2023,train,2023-05-15 21:00:00 UTC,18.62,87.81,59.8,Deep Depression,shear_pattern,True
1797,mosdac_MIDHILI_2023_1797_Cyclonic_Storm.png,data/p2_mosdac_expanded/crops\mosdac_MIDHILI_2023_1797_Cyclonic_Storm.png,MIDHILI,2023,MIDHILI_2023,train,2023-05-15 00:00:00 UTC,18.72,87.96,63.5,Cyclonic Storm,curved_band,True
1798,mosdac_MIDHILI_2023_1798_Deep_Depression.png,data/p2_mosdac_expanded/crops\mosdac_MIDHILI_2023_1798_Deep_Depression.png,MIDHILI,2023,MIDHILI_2023,train,2023-05-15 03:00:00 UTC,18.91,88.07,56.8,Deep Depression,shear_pattern,True
1799,mosdac_MIDHILI_2023_1799_Deep_Depression.png,data/p2_mosdac_expanded/crops\mosdac_MIDHILI_2023_1799_Deep_Depression.png,MIDHILI,2023,MIDHILI_2023,train,2023-05-15 06:00:00 UTC,19.11,88.17,55.3,Deep Depression,shear_pattern,True
1800,mosdac_MIDHILI_2023_1800_Deep_Depression.png,data/p2_mosdac_expanded/crops\mosdac_MIDHILI_2023_1800_Deep_Depression.png,MIDHILI,2023,MIDHILI_2023,train,2023-05-15 09:00:00 UTC,19.31,88.27,53.3,Deep Depression,shear_pattern,True
1801,mosdac_MIDHILI_2023_1801_Deep_Depression.png,data/p2_mosdac_expanded/crops\mosdac_MIDHILI_2023_1801_Deep_Depression.png,MIDHILI,2023,MIDHILI_2023,train,2023-05-16 12:00:00 UTC,19.52,88.37,59.2,Deep Depression,shear_pattern,True
1802,mosdac_MIDHILI_2023_1802_Deep_Depression.png,data/p2_mosdac_expanded/crops\mosdac_MIDHILI_2023_1802_Deep_Depression.png,MIDHILI,2023,MIDHILI_2023,train,2023-05-16 15:00:00 UTC,19.79,88.54,55.8,Deep Depression,shear_pattern,True
1803,mosdac_MIDHILI_2023_1803_Deep_Depression.png,data/p2_mosdac_expanded/crops\mosdac_MIDHILI_2023_1803_Deep_Depression.png,MIDHILI,2023,MIDHILI_2023,train,2023-05-16 18:00:00 UTC,20.09,88.73,51.1,Deep Depression,shear_pattern,True
1804,mosdac_MIDHILI_2023_1804_Depression.png,data/p2_mosdac_expanded/crops\mosdac_MIDHILI_2023_1804_Depression.png,MIDHILI,2023,MIDHILI_2023,train,2023-05-16 21:00:00 UTC,20.38,88.95,49.0,Depression,shear_pattern,True
1805,mosdac_MIDHILI_2023_1805_Depression.png,data/p2_mosdac_expanded/crops\mosdac_MIDHILI_2023_1805_Depression.png,MIDHILI,2023,MIDHILI_2023,train,2023-05-16 00:00:00 UTC,20.68,89.19,47.7,Depression,shear_pattern,True
1806,mosdac_MIDHILI_2023_1806_Depression.png,data/p2_mosdac_expanded/crops\mosdac_MIDHILI_2023_1806_Depression.png,MIDHILI,2023,MIDHILI_2023,train,2023-05-16 03:00:00 UTC,20.98,89.43,49.5,Depression,shear_pattern,True
1807,mosdac_MIDHILI_2023_1807_Depression.png,data/p2_mosdac_expanded/crops\mosdac_MIDHILI_2023_1807_Depression.png,MIDHILI,2023,MIDHILI_2023,train,2023-05-16 06:00:00 UTC,21.28,89.67,46.9,Depression,shear_pattern,True
1808,mosdac_MIDHILI_2023_1808_Depression.png,data/p2_mosdac_expanded/crops\mosdac_MIDHILI_2023_1808_Depression.png,MIDHILI,2023,MIDHILI_2023,train,2023-05-16 09:00:00 UTC,21.6,89.93,41.5,Depression,shear_pattern,True
1809,mosdac_MIDHILI_2023_1809_Depression.png,data/p2_mosdac_expanded/crops\mosdac_MIDHILI_2023_1809_Depression.png,MIDHILI,2023,MIDHILI_2023,train,2023-05-16 12:00:00 UTC,21.95,90.21,39.8,Depression,shear_pattern,True
1810,mosdac_MIDHILI_2023_1810_Depression.png,data/p2_mosdac_expanded/crops\mosdac_MIDHILI_2023_1810_Depression.png,MIDHILI,2023,MIDHILI_2023,train,2023-05-16 15:00:00 UTC,22.33,90.51,37.6,Depression,shear_pattern,True
1811,mosdac_MIDHILI_2023_1811_Depression.png,data/p2_mosdac_expanded/crops\mosdac_MIDHILI_2023_1811_Depression.png,MIDHILI,2023,MIDHILI_2023,train,2023-05-17 18:00:00 UTC,22.77,90.85,40.6,Depression,shear_pattern,True
1812,mosdac_MIDHILI_2023_1812_Depression.png,data/p2_mosdac_expanded/crops\mosdac_MIDHILI_2023_1812_Depression.png,MIDHILI,2023,MIDHILI_2023,train,2023-05-17 21:00:00 UTC,23.12,91.1,40.0,Depression,shear_pattern,True
1813,mosdac_MIDHILI_2023_1813_Depression.png,data/p2_mosdac_expanded/crops\mosdac_MIDHILI_2023_1813_Depression.png,MIDHILI,2023,MIDHILI_2023,train,2023-05-17 00:00:00 UTC,23.27,91.19,35.0,Depression,shear_pattern,True
1814,mosdac_MIDHILI_2023_1814_Depression.png,data/p2_mosdac_expanded/crops\mosdac_MIDHILI_2023_1814_Depression.png,MIDHILI,2023,MIDHILI_2023,train,2023-05-17 03:00:00 UTC,23.4,91.28,35.0,Depression,shear_pattern,True
1815,mosdac_MIDHILI_2023_1815_Depression.png,data/p2_mosdac_expanded/crops\mosdac_MIDHILI_2023_1815_Depression.png,MIDHILI,2023,MIDHILI_2023,train,2023-05-17 06:00:00 UTC,23.45,91.36,35.0,Depression,shear_pattern,True
1816,mosdac_MIDHILI_2023_1816_Depression.png,data/p2_mosdac_expanded/crops\mosdac_MIDHILI_2023_1816_Depression.png,MIDHILI,2023,MIDHILI_2023,train,2023-05-17 09:00:00 UTC,23.5,91.44,36.6,Depression,shear_pattern,True
1817,mosdac_MIDHILI_2023_1817_Depression.png,data/p2_mosdac_expanded/crops\mosdac_MIDHILI_2023_1817_Depression.png,MIDHILI,2023,MIDHILI_2023,train,2023-05-17 12:00:00 UTC,23.55,91.48,35.0,Depression,shear_pattern,True
1818,mosdac_MIDHILI_2023_1818_Depression.png,data/p2_mosdac_expanded/crops\mosdac_MIDHILI_2023_1818_Depression.png,MIDHILI,2023,MIDHILI_2023,train,2023-05-17 15:00:00 UTC,23.61,91.52,35.0,Depression,shear_pattern,True
1819,mosdac_MIDHILI_2023_1819_Depression.png,data/p2_mosdac_expanded/crops\mosdac_MIDHILI_2023_1819_Depression.png,MIDHILI,2023,MIDHILI_2023,train,2023-05-17 18:00:00 UTC,23.7,91.61,35.0,Depression,shear_pattern,True
1820,mosdac_MIDHILI_2023_1820_Depression.png,data/p2_mosdac_expanded/crops\mosdac_MIDHILI_2023_1820_Depression.png,MIDHILI,2023,MIDHILI_2023,train,2023-05-17 21:00:00 UTC,23.8,91.7,35.0,Depression,shear_pattern,True
1821,mosdac_UNNAMED_2018_1821_Depression.png,data/p2_mosdac_expanded/crops\mosdac_UNNAMED_2018_1821_Depression.png,UNNAMED,2018,UNNAMED_2018,train,2018-05-10 00:00:00 UTC,13.2,50.1,35.0,Depression,shear_pattern,True
1822,mosdac_UNNAMED_2018_1822_Depression.png,data/p2_mosdac_expanded/crops\mosdac_UNNAMED_2018_1822_Depression.png,UNNAMED,2018,UNNAMED_2018,train,2018-05-10 03:00:00 UTC,13.21,49.59,35.0,Depression,shear_pattern,True
1823,mosdac_UNNAMED_2018_1823_Depression.png,data/p2_mosdac_expanded/crops\mosdac_UNNAMED_2018_1823_Depression.png,UNNAMED,2018,UNNAMED_2018,train,2018-05-10 06:00:00 UTC,11.95,46.93,35.0,Depression,shear_pattern,True
1824,mosdac_UNNAMED_2018_1824_Depression.png,data/p2_mosdac_expanded/crops\mosdac_UNNAMED_2018_1824_Depression.png,UNNAMED,2018,UNNAMED_2018,train,2018-05-10 09:00:00 UTC,10.12,43.47,35.0,Depression,shear_pattern,True
1825,mosdac_UNNAMED_2018_1825_Depression.png,data/p2_mosdac_expanded/crops\mosdac_UNNAMED_2018_1825_Depression.png,UNNAMED,2018,UNNAMED_2018,train,2018-05-10 12:00:00 UTC,9.45,55.24,35.0,Depression,shear_pattern,True
1826,mosdac_UNNAMED_2018_1826_Depression.png,data/p2_mosdac_expanded/crops\mosdac_UNNAMED_2018_1826_Depression.png,UNNAMED,2018,UNNAMED_2018,train,2018-05-10 15:00:00 UTC,9.82,57.08,35.0,Depression,shear_pattern,True
1827,mosdac_UNNAMED_2018_1827_Depression.png,data/p2_mosdac_expanded/crops\mosdac_UNNAMED_2018_1827_Depression.png,UNNAMED,2018,UNNAMED_2018,train,2018-05-10 18:00:00 UTC,18.88,52.76,35.0,Depression,shear_pattern,True
1828,mosdac_UNNAMED_2018_1828_Depression.png,data/p2_mosdac_expanded/crops\mosdac_UNNAMED_2018_1828_Depression.png,UNNAMED,2018,UNNAMED_2018,train,2018-05-10 21:00:00 UTC,19.06,92.29,35.0,Depression,shear_pattern,True
1829,mosdac_UNNAMED_2018_1829_Depression.png,data/p2_mosdac_expanded/crops\mosdac_UNNAMED_2018_1829_Depression.png,UNNAMED,2018,UNNAMED_2018,train,2018-05-10 00:00:00 UTC,19.68,93.58,35.0,Depression,shear_pattern,True
1830,mosdac_UNNAMED_2018_1830_Depression.png,data/p2_mosdac_expanded/crops\mosdac_UNNAMED_2018_1830_Depression.png,UNNAMED,2018,UNNAMED_2018,train,2018-05-10 03:00:00 UTC,20.32,94.35,35.0,Depression,shear_pattern,True
1831,mosdac_UNNAMED_2018_1831_Depression.png,data/p2_mosdac_expanded/crops\mosdac_UNNAMED_2018_1831_Depression.png,UNNAMED,2018,UNNAMED_2018,train,2018-05-11 06:00:00 UTC,21.61,87.63,37.8,Depression,shear_pattern,True
1832,mosdac_UNNAMED_2018_1832_Depression.png,data/p2_mosdac_expanded/crops\mosdac_UNNAMED_2018_1832_Depression.png,UNNAMED,2018,UNNAMED_2018,train,2018-05-11 09:00:00 UTC,21.96,87.28,36.4,Depression,shear_pattern,True
1833,mosdac_UNNAMED_2018_1833_Depression.png,data/p2_mosdac_expanded/crops\mosdac_UNNAMED_2018_1833_Depression.png,UNNAMED,2018,UNNAMED_2018,train,2018-05-11 12:00:00 UTC,21.89,87.77,37.9,Depression,shear_pattern,True
1834,mosdac_UNNAMED_2018_1834_Depression.png,data/p2_mosdac_expanded/crops\mosdac_UNNAMED_2018_1834_Depression.png,UNNAMED,2018,UNNAMED_2018,train,2018-05-11 15:00:00 UTC,21.8,87.13,40.8,Depression,shear_pattern,True
1835,mosdac_UNNAMED_2018_1835_Depression.png,data/p2_mosdac_expanded/crops\mosdac_UNNAMED_2018_1835_Depression.png,UNNAMED,2018,UNNAMED_2018,train,2018-05-11 18:00:00 UTC,21.9,86.53,42.9,Depression,shear_pattern,True
1836,mosdac_UNNAMED_2018_1836_Depression.png,data/p2_mosdac_expanded/crops\mosdac_UNNAMED_2018_1836_Depression.png,UNNAMED,2018,UNNAMED_2018,train,2018-05-11 21:00:00 UTC,22.0,85.33,43.3,Depression,shear_pattern,True
1837,mosdac_UNNAMED_2018_1837_Depression.png,data/p2_mosdac_expanded/crops\mosdac_UNNAMED_2018_1837_Depression.png,UNNAMED,2018,UNNAMED_2018,train,2018-05-11 00:00:00 UTC,17.52,87.06,40.6,Depression,shear_pattern,True
1838,mosdac_UNNAMED_2018_1838_Depression.png,data/p2_mosdac_expanded/crops\mosdac_UNNAMED_2018_1838_Depression.png,UNNAMED,2018,UNNAMED_2018,train,2018-05-11 03:00:00 UTC,18.04,86.54,43.7,Depression,shear_pattern,True
1839,mosdac_UNNAMED_2018_1839_Depression.png,data/p2_mosdac_expanded/crops\mosdac_UNNAMED_2018_1839_Depression.png,UNNAMED,2018,UNNAMED_2018,train,2018-05-11 06:00:00 UTC,19.62,84.04,49.9,Depression,shear_pattern,True
1840,mosdac_UNNAMED_2018_1840_Depression.png,data/p2_mosdac_expanded/crops\mosdac_UNNAMED_2018_1840_Depression.png,UNNAMED,2018,UNNAMED_2018,train,2018-05-11 09:00:00 UTC,20.4,81.94,45.6,Depression,shear_pattern,True
1841,mosdac_UNNAMED_2018_1841_Depression.png,data/p2_mosdac_expanded/crops\mosdac_UNNAMED_2018_1841_Depression.png,UNNAMED,2018,UNNAMED_2018,train,2018-05-12 12:00:00 UTC,18.83,76.89,48.0,Depression,shear_pattern,True
1842,mosdac_UNNAMED_2018_1842_Depression.png,data/p2_mosdac_expanded/crops\mosdac_UNNAMED_2018_1842_Depression.png,UNNAMED,2018,UNNAMED_2018,train,2018-05-12 15:00:00 UTC,12.08,64.27,49.6,Depression,shear_pattern,True
1843,mosdac_UNNAMED_2018_1843_Deep_Depression.png,data/p2_mosdac_expanded/crops\mosdac_UNNAMED_2018_1843_Deep_Depression.png,UNNAMED,2018,UNNAMED_2018,train,2018-05-12 18:00:00 UTC,12.08,63.58,50.7,Deep Depression,shear_pattern,True
1844,mosdac_UNNAMED_2018_1844_Deep_Depression.png,data/p2_mosdac_expanded/crops\mosdac_UNNAMED_2018_1844_Deep_Depression.png,UNNAMED,2018,UNNAMED_2018,train,2018-05-12 21:00:00 UTC,13.53,58.76,53.0,Deep Depression,shear_pattern,True
1845,mosdac_UNNAMED_2018_1845_Deep_Depression.png,data/p2_mosdac_expanded/crops\mosdac_UNNAMED_2018_1845_Deep_Depression.png,UNNAMED,2018,UNNAMED_2018,train,2018-05-12 00:00:00 UTC,16.08,51.3,56.5,Deep Depression,shear_pattern,True
1846,mosdac_UNNAMED_2018_1846_Deep_Depression.png,data/p2_mosdac_expanded/crops\mosdac_UNNAMED_2018_1846_Deep_Depression.png,UNNAMED,2018,UNNAMED_2018,train,2018-05-12 03:00:00 UTC,14.81,80.18,51.5,Deep Depression,shear_pattern,True
1847,mosdac_UNNAMED_2018_1847_Deep_Depression.png,data/p2_mosdac_expanded/crops\mosdac_UNNAMED_2018_1847_Deep_Depression.png,UNNAMED,2018,UNNAMED_2018,train,2018-05-12 06:00:00 UTC,14.6,87.31,51.1,Deep Depression,shear_pattern,True
1848,mosdac_UNNAMED_2018_1848_Deep_Depression.png,data/p2_mosdac_expanded/crops\mosdac_UNNAMED_2018_1848_Deep_Depression.png,UNNAMED,2018,UNNAMED_2018,train,2018-05-12 09:00:00 UTC,14.74,86.97,52.1,Deep Depression,shear_pattern,True
1849,mosdac_UNNAMED_2018_1849_Deep_Depression.png,data/p2_mosdac_expanded/crops\mosdac_UNNAMED_2018_1849_Deep_Depression.png,UNNAMED,2018,UNNAMED_2018,train,2018-05-12 12:00:00 UTC,19.77,84.29,57.9,Deep Depression,shear_pattern,True
1850,mosdac_UNNAMED_2018_1850_Deep_Depression.png,data/p2_mosdac_expanded/crops\mosdac_UNNAMED_2018_1850_Deep_Depression.png,UNNAMED,2018,UNNAMED_2018,train,2018-05-12 15:00:00 UTC,20.45,84.5,56.1,Deep Depression,shear_pattern,True
1851,mosdac_UNNAMED_2018_1851_Deep_Depression.png,data/p2_mosdac_expanded/crops\mosdac_UNNAMED_2018_1851_Deep_Depression.png,UNNAMED,2018,UNNAMED_2018,train,2018-05-13 18:00:00 UTC,20.79,85.01,53.3,Deep Depression,shear_pattern,True
1852,mosdac_UNNAMED_2018_1852_Deep_Depression.png,data/p2_mosdac_expanded/crops\mosdac_UNNAMED_2018_1852_Deep_Depression.png,UNNAMED,2018,UNNAMED_2018,train,2018-05-13 21:00:00 UTC,12.33,91.25,57.4,Deep Depression,shear_pattern,True
1853,mosdac_UNNAMED_2018_1853_Deep_Depression.png,data/p2_mosdac_expanded/crops\mosdac_UNNAMED_2018_1853_Deep_Depression.png,UNNAMED,2018,UNNAMED_2018,train,2018-05-13 00:00:00 UTC,12.85,90.21,57.5,Deep Depression,shear_pattern,True
1854,mosdac_UNNAMED_2018_1854_Deep_Depression.png,data/p2_mosdac_expanded/crops\mosdac_UNNAMED_2018_1854_Deep_Depression.png,UNNAMED,2018,UNNAMED_2018,train,2018-05-13 03:00:00 UTC,13.13,89.55,56.9,Deep Depression,shear_pattern,True
1855,mosdac_UNNAMED_2018_1855_Deep_Depression.png,data/p2_mosdac_expanded/crops\mosdac_UNNAMED_2018_1855_Deep_Depression.png,UNNAMED,2018,UNNAMED_2018,train,2018-05-13 06:00:00 UTC,10.43,77.36,56.9,Deep Depression,shear_pattern,True
1856,mosdac_UNNAMED_2018_1856_Deep_Depression.png,data/p2_mosdac_expanded/crops\mosdac_UNNAMED_2018_1856_Deep_Depression.png,UNNAMED,2018,UNNAMED_2018,train,2018-05-13 09:00:00 UTC,9.72,74.79,50.9,Deep Depression,shear_pattern,True
1857,mosdac_UNNAMED_2018_1857_Deep_Depression.png,data/p2_mosdac_expanded/crops\mosdac_UNNAMED_2018_1857_Deep_Depression.png,UNNAMED,2018,UNNAMED_2018,train,2018-05-13 12:00:00 UTC,9.66,73.67,54.1,Deep Depression,shear_pattern,True
1858,mosdac_UNNAMED_2018_1858_Deep_Depression.png,data/p2_mosdac_expanded/crops\mosdac_UNNAMED_2018_1858_Deep_Depression.png,UNNAMED,2018,UNNAMED_2018,train,2018-05-13 15:00:00 UTC,9.78,72.71,50.9,Deep Depression,shear_pattern,True
1859,mosdac_UNNAMED_2018_1859_Deep_Depression.png,data/p2_mosdac_expanded/crops\mosdac_UNNAMED_2018_1859_Deep_Depression.png,UNNAMED,2018,UNNAMED_2018,train,2018-05-13 18:00:00 UTC,9.94,71.69,52.9,Deep Depression,shear_pattern,True
1860,mosdac_UNNAMED_2018_1860_Deep_Depression.png,data/p2_mosdac_expanded/crops\mosdac_UNNAMED_2018_1860_Deep_Depression.png,UNNAMED,2018,UNNAMED_2018,train,2018-05-13 21:00:00 UTC,10.11,70.75,50.8,Deep Depression,shear_pattern,True
1861,mosdac_UNNAMED_2018_1861_Depression.png,data/p2_mosdac_expanded/crops\mosdac_UNNAMED_2018_1861_Depression.png,UNNAMED,2018,UNNAMED_2018,train,2018-05-14 00:00:00 UTC,10.27,69.94,50.0,Depression,shear_pattern,True
1862,mosdac_UNNAMED_2018_1862_Depression.png,data/p2_mosdac_expanded/crops\mosdac_UNNAMED_2018_1862_Depression.png,UNNAMED,2018,UNNAMED_2018,train,2018-05-14 03:00:00 UTC,10.42,69.37,47.7,Depression,shear_pattern,True
1863,mosdac_UNNAMED_2018_1863_Depression.png,data/p2_mosdac_expanded/crops\mosdac_UNNAMED_2018_1863_Depression.png,UNNAMED,2018,UNNAMED_2018,train,2018-05-14 06:00:00 UTC,10.5,68.78,42.4,Depression,shear_pattern,True
1864,mosdac_UNNAMED_2018_1864_Depression.png,data/p2_mosdac_expanded/crops\mosdac_UNNAMED_2018_1864_Depression.png,UNNAMED,2018,UNNAMED_2018,train,2018-05-14 09:00:00 UTC,10.51,68.15,43.9,Depression,shear_pattern,True
1865,mosdac_UNNAMED_2018_1865_Depression.png,data/p2_mosdac_expanded/crops\mosdac_UNNAMED_2018_1865_Depression.png,UNNAMED,2018,UNNAMED_2018,train,2018-05-14 12:00:00 UTC,10.6,67.34,45.9,Depression,shear_pattern,True
1866,mosdac_UNNAMED_2018_1866_Depression.png,data/p2_mosdac_expanded/crops\mosdac_UNNAMED_2018_1866_Depression.png,UNNAMED,2018,UNNAMED_2018,train,2018-05-14 15:00:00 UTC,10.71,66.57,43.9,Depression,shear_pattern,True
1867,mosdac_UNNAMED_2018_1867_Depression.png,data/p2_mosdac_expanded/crops\mosdac_UNNAMED_2018_1867_Depression.png,UNNAMED,2018,UNNAMED_2018,train,2018-05-14 18:00:00 UTC,8.19,82.62,35.2,Depression,shear_pattern,True
1868,mosdac_UNNAMED_2018_1868_Depression.png,data/p2_mosdac_expanded/crops\mosdac_UNNAMED_2018_1868_Depression.png,UNNAMED,2018,UNNAMED_2018,train,2018-05-14 21:00:00 UTC,7.49,87.91,35.0,Depression,shear_pattern,True
1869,mosdac_UNNAMED_2018_1869_Depression.png,data/p2_mosdac_expanded/crops\mosdac_UNNAMED_2018_1869_Depression.png,UNNAMED,2018,UNNAMED_2018,train,2018-05-14 00:00:00 UTC,7.83,87.59,35.0,Depression,shear_pattern,True
1870,mosdac_UNNAMED_2018_1870_Depression.png,data/p2_mosdac_expanded/crops\mosdac_UNNAMED_2018_1870_Depression.png,UNNAMED,2018,UNNAMED_2018,train,2018-05-14 03:00:00 UTC,8.09,87.43,35.7,Depression,shear_pattern,True
1871,mosdac_UNNAMED_2018_1871_Depression.png,data/p2_mosdac_expanded/crops\mosdac_UNNAMED_2018_1871_Depression.png,UNNAMED,2018,UNNAMED_2018,train,2018-05-15 06:00:00 UTC,8.16,86.95,35.0,Depression,shear_pattern,True
1872,mosdac_UNNAMED_2018_1872_Depression.png,data/p2_mosdac_expanded/crops\mosdac_UNNAMED_2018_1872_Depression.png,UNNAMED,2018,UNNAMED_2018,train,2018-05-15 09:00:00 UTC,8.47,86.48,35.0,Depression,shear_pattern,True
1873,mosdac_UNNAMED_2018_1873_Depression.png,data/p2_mosdac_expanded/crops\mosdac_UNNAMED_2018_1873_Depression.png,UNNAMED,2018,UNNAMED_2018,train,2018-05-15 12:00:00 UTC,8.72,86.04,35.0,Depression,shear_pattern,True
1874,mosdac_UNNAMED_2018_1874_Depression.png,data/p2_mosdac_expanded/crops\mosdac_UNNAMED_2018_1874_Depression.png,UNNAMED,2018,UNNAMED_2018,train,2018-05-15 15:00:00 UTC,9.14,85.54,35.0,Depression,shear_pattern,True
1875,mosdac_UNNAMED_2018_1875_Depression.png,data/p2_mosdac_expanded/crops\mosdac_UNNAMED_2018_1875_Depression.png,UNNAMED,2018,UNNAMED_2018,train,2018-05-15 18:00:00 UTC,9.6,85.28,35.0,Depression,shear_pattern,True
1876,mosdac_UNNAMED_2018_1876_Depression.png,data/p2_mosdac_expanded/crops\mosdac_UNNAMED_2018_1876_Depression.png,UNNAMED,2018,UNNAMED_2018,train,2018-05-15 21:00:00 UTC,16.82,82.59,35.0,Depression,shear_pattern,True
1877,mosdac_UNNAMED_2018_1877_Depression.png,data/p2_mosdac_expanded/crops\mosdac_UNNAMED_2018_1877_Depression.png,UNNAMED,2018,UNNAMED_2018,train,2018-05-15 00:00:00 UTC,11.8,92.19,35.0,Depression,shear_pattern,True
1878,mosdac_UNNAMED_2018_1878_Depression.png,data/p2_mosdac_expanded/crops\mosdac_UNNAMED_2018_1878_Depression.png,UNNAMED,2018,UNNAMED_2018,train,2018-05-15 03:00:00 UTC,11.16,92.7,35.0,Depression,shear_pattern,True
1879,mosdac_UNNAMED_2018_1879_Depression.png,data/p2_mosdac_expanded/crops\mosdac_UNNAMED_2018_1879_Depression.png,UNNAMED,2018,UNNAMED_2018,train,2018-05-15 06:00:00 UTC,11.51,92.0,35.0,Depression,shear_pattern,True
1880,mosdac_UNNAMED_2018_1880_Depression.png,data/p2_mosdac_expanded/crops\mosdac_UNNAMED_2018_1880_Depression.png,UNNAMED,2018,UNNAMED_2018,train,2018-05-15 09:00:00 UTC,11.96,91.29,35.0,Depression,shear_pattern,True
1881,mosdac_UNNAMED_2019_1881_Depression.png,data/p2_mosdac_expanded/crops\mosdac_UNNAMED_2019_1881_Depression.png,UNNAMED,2019,UNNAMED_2019,train,2019-05-10 00:00:00 UTC,4.2,89.5,35.0,Depression,shear_pattern,True
1882,mosdac_UNNAMED_2019_1882_Depression.png,data/p2_mosdac_expanded/crops\mosdac_UNNAMED_2019_1882_Depression.png,UNNAMED,2019,UNNAMED_2019,train,2019-05-10 03:00:00 UTC,4.71,89.5,35.0,Depression,shear_pattern,True
1883,mosdac_UNNAMED_2019_1883_Depression.png,data/p2_mosdac_expanded/crops\mosdac_UNNAMED_2019_1883_Depression.png,UNNAMED,2019,UNNAMED_2019,train,2019-05-10 06:00:00 UTC,17.03,89.24,35.0,Depression,shear_pattern,True
1884,mosdac_UNNAMED_2019_1884_Depression.png,data/p2_mosdac_expanded/crops\mosdac_UNNAMED_2019_1884_Depression.png,UNNAMED,2019,UNNAMED_2019,train,2019-05-10 09:00:00 UTC,13.01,71.51,35.0,Depression,shear_pattern,True
1885,mosdac_UNNAMED_2019_1885_Depression.png,data/p2_mosdac_expanded/crops\mosdac_UNNAMED_2019_1885_Depression.png,UNNAMED,2019,UNNAMED_2019,train,2019-05-10 12:00:00 UTC,13.05,70.86,35.0,Depression,shear_pattern,True
1886,mosdac_UNNAMED_2019_1886_Depression.png,data/p2_mosdac_expanded/crops\mosdac_UNNAMED_2019_1886_Depression.png,UNNAMED,2019,UNNAMED_2019,train,2019-05-10 15:00:00 UTC,13.53,70.73,35.0,Depression,shear_pattern,True
1887,mosdac_UNNAMED_2019_1887_Depression.png,data/p2_mosdac_expanded/crops\mosdac_UNNAMED_2019_1887_Depression.png,UNNAMED,2019,UNNAMED_2019,train,2019-05-10 18:00:00 UTC,21.3,67.14,35.0,Depression,shear_pattern,True
1888,mosdac_UNNAMED_2019_1888_Depression.png,data/p2_mosdac_expanded/crops\mosdac_UNNAMED_2019_1888_Depression.png,UNNAMED,2019,UNNAMED_2019,train,2019-05-10 21:00:00 UTC,21.71,72.29,35.0,Depression,shear_pattern,True
1889,mosdac_UNNAMED_2019_1889_Depression.png,data/p2_mosdac_expanded/crops\mosdac_UNNAMED_2019_1889_Depression.png,UNNAMED,2019,UNNAMED_2019,train,2019-05-10 00:00:00 UTC,21.03,87.51,35.0,Depression,shear_pattern,True
1890,mosdac_UNNAMED_2019_1890_Depression.png,data/p2_mosdac_expanded/crops\mosdac_UNNAMED_2019_1890_Depression.png,UNNAMED,2019,UNNAMED_2019,train,2019-05-10 03:00:00 UTC,21.17,87.46,36.3,Depression,shear_pattern,True
1891,mosdac_UNNAMED_2019_1891_Depression.png,data/p2_mosdac_expanded/crops\mosdac_UNNAMED_2019_1891_Depression.png,UNNAMED,2019,UNNAMED_2019,train,2019-05-11 06:00:00 UTC,21.35,87.19,35.0,Depression,shear_pattern,True
1892,mosdac_UNNAMED_2019_1892_Depression.png,data/p2_mosdac_expanded/crops\mosdac_UNNAMED_2019_1892_Depression.png,UNNAMED,2019,UNNAMED_2019,train,2019-05-11 09:00:00 UTC,21.81,86.73,35.0,Depression,shear_pattern,True
1893,mosdac_UNNAMED_2019_1893_Depression.png,data/p2_mosdac_expanded/crops\mosdac_UNNAMED_2019_1893_Depression.png,UNNAMED,2019,UNNAMED_2019,train,2019-05-11 12:00:00 UTC,22.25,86.19,39.6,Depression,shear_pattern,True
1894,mosdac_UNNAMED_2019_1894_Depression.png,data/p2_mosdac_expanded/crops\mosdac_UNNAMED_2019_1894_Depression.png,UNNAMED,2019,UNNAMED_2019,train,2019-05-11 15:00:00 UTC,22.53,85.5,36.5,Depression,shear_pattern,True
1895,mosdac_UNNAMED_2019_1895_Depression.png,data/p2_mosdac_expanded/crops\mosdac_UNNAMED_2019_1895_Depression.png,UNNAMED,2019,UNNAMED_2019,train,2019-05-11 18:00:00 UTC,21.48,76.58,40.9,Depression,shear_pattern,True
1896,mosdac_UNNAMED_2019_1896_Depression.png,data/p2_mosdac_expanded/crops\mosdac_UNNAMED_2019_1896_Depression.png,UNNAMED,2019,UNNAMED_2019,train,2019-05-11 21:00:00 UTC,20.47,68.17,43.9,Depression,shear_pattern,True
1897,mosdac_UNNAMED_2019_1897_Depression.png,data/p2_mosdac_expanded/crops\mosdac_UNNAMED_2019_1897_Depression.png,UNNAMED,2019,UNNAMED_2019,train,2019-05-11 00:00:00 UTC,20.58,67.52,44.5,Depression,shear_pattern,True
1898,mosdac_UNNAMED_2019_1898_Depression.png,data/p2_mosdac_expanded/crops\mosdac_UNNAMED_2019_1898_Depression.png,UNNAMED,2019,UNNAMED_2019,train,2019-05-11 03:00:00 UTC,20.5,66.85,42.5,Depression,shear_pattern,True
1899,mosdac_UNNAMED_2019_1899_Depression.png,data/p2_mosdac_expanded/crops\mosdac_UNNAMED_2019_1899_Depression.png,UNNAMED,2019,UNNAMED_2019,train,2019-05-11 06:00:00 UTC,19.7,57.73,45.3,Depression,shear_pattern,True
1900,mosdac_UNNAMED_2019_1900_Deep_Depression.png,data/p2_mosdac_expanded/crops\mosdac_UNNAMED_2019_1900_Deep_Depression.png,UNNAMED,2019,UNNAMED_2019,train,2019-05-11 09:00:00 UTC,15.42,70.79,50.0,Deep Depression,shear_pattern,True
1901,mosdac_UNNAMED_2019_1901_Depression.png,data/p2_mosdac_expanded/crops\mosdac_UNNAMED_2019_1901_Depression.png,UNNAMED,2019,UNNAMED_2019,train,2019-05-12 12:00:00 UTC,15.59,71.0,49.4,Depression,shear_pattern,True
1902,mosdac_UNNAMED_2019_1902_Depression.png,data/p2_mosdac_expanded/crops\mosdac_UNNAMED_2019_1902_Depression.png,UNNAMED,2019,UNNAMED_2019,train,2019-05-12 15:00:00 UTC,15.66,71.2,46.2,Depression,shear_pattern,True
1903,mosdac_UNNAMED_2019_1903_Deep_Depression.png,data/p2_mosdac_expanded/crops\mosdac_UNNAMED_2019_1903_Deep_Depression.png,UNNAMED,2019,UNNAMED_2019,train,2019-05-12 18:00:00 UTC,17.26,59.63,53.3,Deep Depression,shear_pattern,True
1904,mosdac_UNNAMED_2019_1904_Depression.png,data/p2_mosdac_expanded/crops\mosdac_UNNAMED_2019_1904_Depression.png,UNNAMED,2019,UNNAMED_2019,train,2019-05-12 21:00:00 UTC,16.89,59.49,48.4,Depression,shear_pattern,True
1905,mosdac_UNNAMED_2019_1905_Deep_Depression.png,data/p2_mosdac_expanded/crops\mosdac_UNNAMED_2019_1905_Deep_Depression.png,UNNAMED,2019,UNNAMED_2019,train,2019-05-12 00:00:00 UTC,10.94,70.36,54.9,Deep Depression,shear_pattern,True
1906,mosdac_UNNAMED_2019_1906_Deep_Depression.png,data/p2_mosdac_expanded/crops\mosdac_UNNAMED_2019_1906_Deep_Depression.png,UNNAMED,2019,UNNAMED_2019,train,2019-05-12 03:00:00 UTC,19.77,69.55,51.2,Deep Depression,shear_pattern,True
1907,mosdac_UNNAMED_2019_1907_Deep_Depression.png,data/p2_mosdac_expanded/crops\mosdac_UNNAMED_2019_1907_Deep_Depression.png,UNNAMED,2019,UNNAMED_2019,train,2019-05-12 06:00:00 UTC,17.45,77.36,57.8,Deep Depression,shear_pattern,True
1908,mosdac_UNNAMED_2019_1908_Deep_Depression.png,data/p2_mosdac_expanded/crops\mosdac_UNNAMED_2019_1908_Deep_Depression.png,UNNAMED,2019,UNNAMED_2019,train,2019-05-12 09:00:00 UTC,13.31,89.71,53.5,Deep Depression,shear_pattern,True
1909,mosdac_UNNAMED_2019_1909_Deep_Depression.png,data/p2_mosdac_expanded/crops\mosdac_UNNAMED_2019_1909_Deep_Depression.png,UNNAMED,2019,UNNAMED_2019,train,2019-05-12 12:00:00 UTC,13.33,89.7,53.5,Deep Depression,shear_pattern,True
1910,mosdac_UNNAMED_2019_1910_Deep_Depression.png,data/p2_mosdac_expanded/crops\mosdac_UNNAMED_2019_1910_Deep_Depression.png,UNNAMED,2019,UNNAMED_2019,train,2019-05-12 15:00:00 UTC,13.32,89.6,52.2,Deep Depression,shear_pattern,True
1911,mosdac_UNNAMED_2019_1911_Deep_Depression.png,data/p2_mosdac_expanded/crops\mosdac_UNNAMED_2019_1911_Deep_Depression.png,UNNAMED,2019,UNNAMED_2019,train,2019-05-13 18:00:00 UTC,13.38,89.6,53.4,Deep Depression,shear_pattern,True
1912,mosdac_UNNAMED_2019_1912_Deep_Depression.png,data/p2_mosdac_expanded/crops\mosdac_UNNAMED_2019_1912_Deep_Depression.png,UNNAMED,2019,UNNAMED_2019,train,2019-05-13 21:00:00 UTC,13.6,89.5,57.9,Deep Depression,shear_pattern,True
1913,mosdac_UNNAMED_2019_1913_Deep_Depression.png,data/p2_mosdac_expanded/crops\mosdac_UNNAMED_2019_1913_Deep_Depression.png,UNNAMED,2019,UNNAMED_2019,train,2019-05-13 00:00:00 UTC,22.46,90.29,58.5,Deep Depression,shear_pattern,True
1914,mosdac_UNNAMED_2019_1914_Deep_Depression.png,data/p2_mosdac_expanded/crops\mosdac_UNNAMED_2019_1914_Deep_Depression.png,UNNAMED,2019,UNNAMED_2019,train,2019-05-13 03:00:00 UTC,22.58,90.63,53.1,Deep Depression,shear_pattern,True
1915,mosdac_UNNAMED_2019_1915_Deep_Depression.png,data/p2_mosdac_expanded/crops\mosdac_UNNAMED_2019_1915_Deep_Depression.png,UNNAMED,2019,UNNAMED_2019,train,2019-05-13 06:00:00 UTC,22.76,90.99,53.2,Deep Depression,shear_pattern,True
1916,mosdac_UNNAMED_2019_1916_Deep_Depression.png,data/p2_mosdac_expanded/crops\mosdac_UNNAMED_2019_1916_Deep_Depression.png,UNNAMED,2019,UNNAMED_2019,train,2019-05-13 09:00:00 UTC,6.32,56.73,54.7,Deep Depression,shear_pattern,True
1917,mosdac_UNNAMED_2019_1917_Deep_Depression.png,data/p2_mosdac_expanded/crops\mosdac_UNNAMED_2019_1917_Deep_Depression.png,UNNAMED,2019,UNNAMED_2019,train,2019-05-13 12:00:00 UTC,6.57,56.81,55.2,Deep Depression,shear_pattern,True
1918,mosdac_UNNAMED_2019_1918_Deep_Depression.png,data/p2_mosdac_expanded/crops\mosdac_UNNAMED_2019_1918_Deep_Depression.png,UNNAMED,2019,UNNAMED_2019,train,2019-05-13 15:00:00 UTC,6.83,56.82,51.9,Deep Depression,shear_pattern,True
1919,mosdac_UNNAMED_2019_1919_Depression.png,data/p2_mosdac_expanded/crops\mosdac_UNNAMED_2019_1919_Depression.png,UNNAMED,2019,UNNAMED_2019,train,2019-05-13 18:00:00 UTC,6.94,56.84,49.3,Depression,shear_pattern,True
1920,mosdac_UNNAMED_2019_1920_Depression.png,data/p2_mosdac_expanded/crops\mosdac_UNNAMED_2019_1920_Depression.png,UNNAMED,2019,UNNAMED_2019,train,2019-05-13 21:00:00 UTC,6.93,56.93,48.3,Depression,shear_pattern,True
1921,mosdac_UNNAMED_2019_1921_Depression.png,data/p2_mosdac_expanded/crops\mosdac_UNNAMED_2019_1921_Depression.png,UNNAMED,2019,UNNAMED_2019,train,2019-05-14 00:00:00 UTC,7.01,57.02,49.3,Depression,shear_pattern,True
1922,mosdac_UNNAMED_2019_1922_Depression.png,data/p2_mosdac_expanded/crops\mosdac_UNNAMED_2019_1922_Depression.png,UNNAMED,2019,UNNAMED_2019,train,2019-05-14 03:00:00 UTC,7.14,57.04,42.5,Depression,shear_pattern,True
1923,mosdac_UNNAMED_2019_1923_Depression.png,data/p2_mosdac_expanded/crops\mosdac_UNNAMED_2019_1923_Depression.png,UNNAMED,2019,UNNAMED_2019,train,2019-05-14 06:00:00 UTC,7.27,57.05,46.0,Depression,shear_pattern,True
1924,mosdac_UNNAMED_2019_1924_Depression.png,data/p2_mosdac_expanded/crops\mosdac_UNNAMED_2019_1924_Depression.png,UNNAMED,2019,UNNAMED_2019,train,2019-05-14 09:00:00 UTC,7.39,57.06,42.4,Depression,shear_pattern,True
1925,mosdac_UNNAMED_2019_1925_Depression.png,data/p2_mosdac_expanded/crops\mosdac_UNNAMED_2019_1925_Depression.png,UNNAMED,2019,UNNAMED_2019,train,2019-05-14 12:00:00 UTC,7.54,56.95,44.4,Depression,shear_pattern,True
1926,mosdac_UNNAMED_2019_1926_Depression.png,data/p2_mosdac_expanded/crops\mosdac_UNNAMED_2019_1926_Depression.png,UNNAMED,2019,UNNAMED_2019,train,2019-05-14 15:00:00 UTC,7.85,56.88,37.2,Depression,shear_pattern,True
1927,mosdac_UNNAMED_2019_1927_Depression.png,data/p2_mosdac_expanded/crops\mosdac_UNNAMED_2019_1927_Depression.png,UNNAMED,2019,UNNAMED_2019,train,2019-05-14 18:00:00 UTC,8.41,56.89,39.5,Depression,shear_pattern,True
1928,mosdac_UNNAMED_2019_1928_Depression.png,data/p2_mosdac_expanded/crops\mosdac_UNNAMED_2019_1928_Depression.png,UNNAMED,2019,UNNAMED_2019,train,2019-05-14 21:00:00 UTC,8.71,55.71,37.0,Depression,shear_pattern,True
1929,mosdac_UNNAMED_2019_1929_Depression.png,data/p2_mosdac_expanded/crops\mosdac_UNNAMED_2019_1929_Depression.png,UNNAMED,2019,UNNAMED_2019,train,2019-05-14 00:00:00 UTC,7.45,49.18,36.7,Depression,shear_pattern,True
1930,mosdac_UNNAMED_2019_1930_Depression.png,data/p2_mosdac_expanded/crops\mosdac_UNNAMED_2019_1930_Depression.png,UNNAMED,2019,UNNAMED_2019,train,2019-05-14 03:00:00 UTC,12.31,65.37,35.0,Depression,shear_pattern,True
1931,mosdac_UNNAMED_2019_1931_Depression.png,data/p2_mosdac_expanded/crops\mosdac_UNNAMED_2019_1931_Depression.png,UNNAMED,2019,UNNAMED_2019,train,2019-05-15 06:00:00 UTC,14.15,69.89,35.0,Depression,shear_pattern,True
1932,mosdac_UNNAMED_2019_1932_Depression.png,data/p2_mosdac_expanded/crops\mosdac_UNNAMED_2019_1932_Depression.png,UNNAMED,2019,UNNAMED_2019,train,2019-05-15 09:00:00 UTC,14.65,69.37,35.0,Depression,shear_pattern,True
1933,mosdac_UNNAMED_2019_1933_Depression.png,data/p2_mosdac_expanded/crops\mosdac_UNNAMED_2019_1933_Depression.png,UNNAMED,2019,UNNAMED_2019,train,2019-05-15 12:00:00 UTC,14.71,68.85,35.0,Depression,shear_pattern,True
1934,mosdac_UNNAMED_2019_1934_Depression.png,data/p2_mosdac_expanded/crops\mosdac_UNNAMED_2019_1934_Depression.png,UNNAMED,2019,UNNAMED_2019,train,2019-05-15 15:00:00 UTC,14.82,68.45,35.0,Depression,shear_pattern,True
1935,mosdac_UNNAMED_2019_1935_Depression.png,data/p2_mosdac_expanded/crops\mosdac_UNNAMED_2019_1935_Depression.png,UNNAMED,2019,UNNAMED_2019,train,2019-05-15 18:00:00 UTC,14.86,68.36,35.0,Depression,shear_pattern,True
1936,mosdac_UNNAMED_2019_1936_Depression.png,data/p2_mosdac_expanded/crops\mosdac_UNNAMED_2019_1936_Depression.png,UNNAMED,2019,UNNAMED_2019,train,2019-05-15 21:00:00 UTC,15.0,68.3,35.0,Depression,shear_pattern,True
1937,mosdac_UNNAMED_2019_1937_Depression.png,data/p2_mosdac_expanded/crops\mosdac_UNNAMED_2019_1937_Depression.png,UNNAMED,2019,UNNAMED_2019,train,2019-05-15 00:00:00 UTC,10.14,60.77,35.0,Depression,shear_pattern,True
1938,mosdac_UNNAMED_2019_1938_Depression.png,data/p2_mosdac_expanded/crops\mosdac_UNNAMED_2019_1938_Depression.png,UNNAMED,2019,UNNAMED_2019,train,2019-05-15 03:00:00 UTC,10.38,60.34,35.0,Depression,shear_pattern,True
1939,mosdac_UNNAMED_2019_1939_Depression.png,data/p2_mosdac_expanded/crops\mosdac_UNNAMED_2019_1939_Depression.png,UNNAMED,2019,UNNAMED_2019,train,2019-05-15 06:00:00 UTC,10.52,59.68,35.0,Depression,shear_pattern,True
1940,mosdac_UNNAMED_2019_1940_Depression.png,data/p2_mosdac_expanded/crops\mosdac_UNNAMED_2019_1940_Depression.png,UNNAMED,2019,UNNAMED_2019,train,2019-05-15 09:00:00 UTC,10.56,59.09,35.0,Depression,shear_pattern,True
1941,mosdac_UNNAMED_2021_1941_Depression.png,data/p2_mosdac_expanded/crops\mosdac_UNNAMED_2021_1941_Depression.png,UNNAMED,2021,UNNAMED_2021,test,2021-05-10 00:00:00 UTC,11.5,72.5,35.0,Depression,shear_pattern,True
1942,mosdac_UNNAMED_2021_1942_Depression.png,data/p2_mosdac_expanded/crops\mosdac_UNNAMED_2021_1942_Depression.png,UNNAMED,2021,UNNAMED_2021,test,2021-05-10 03:00:00 UTC,11.67,72.66,35.0,Depression,shear_pattern,True
1943,mosdac_UNNAMED_2021_1943_Depression.png,data/p2_mosdac_expanded/crops\mosdac_UNNAMED_2021_1943_Depression.png,UNNAMED,2021,UNNAMED_2021,test,2021-05-10 06:00:00 UTC,11.89,72.75,35.0,Depression,shear_pattern,True
1944,mosdac_UNNAMED_2021_1944_Depression.png,data/p2_mosdac_expanded/crops\mosdac_UNNAMED_2021_1944_Depression.png,UNNAMED,2021,UNNAMED_2021,test,2021-05-10 09:00:00 UTC,16.0,72.73,35.0,Depression,shear_pattern,True
1945,mosdac_UNNAMED_2021_1945_Depression.png,data/p2_mosdac_expanded/crops\mosdac_UNNAMED_2021_1945_Depression.png,UNNAMED,2021,UNNAMED_2021,test,2021-05-10 12:00:00 UTC,23.79,72.66,35.0,Depression,shear_pattern,True
1946,mosdac_UNNAMED_2021_1946_Depression.png,data/p2_mosdac_expanded/crops\mosdac_UNNAMED_2021_1946_Depression.png,UNNAMED,2021,UNNAMED_2021,test,2021-05-10 15:00:00 UTC,24.11,73.13,35.0,Depression,shear_pattern,True
1947,mosdac_UNNAMED_2021_1947_Depression.png,data/p2_mosdac_expanded/crops\mosdac_UNNAMED_2021_1947_Depression.png,UNNAMED,2021,UNNAMED_2021,test,2021-05-10 18:00:00 UTC,24.36,73.39,35.0,Depression,shear_pattern,True
1948,mosdac_UNNAMED_2021_1948_Depression.png,data/p2_mosdac_expanded/crops\mosdac_UNNAMED_2021_1948_Depression.png,UNNAMED,2021,UNNAMED_2021,test,2021-05-10 21:00:00 UTC,20.53,80.84,35.0,Depression,shear_pattern,True
1949,mosdac_UNNAMED_2021_1949_Depression.png,data/p2_mosdac_expanded/crops\mosdac_UNNAMED_2021_1949_Depression.png,UNNAMED,2021,UNNAMED_2021,test,2021-05-10 00:00:00 UTC,15.87,89.57,35.0,Depression,shear_pattern,True
1950,mosdac_UNNAMED_2021_1950_Depression.png,data/p2_mosdac_expanded/crops\mosdac_UNNAMED_2021_1950_Depression.png,UNNAMED,2021,UNNAMED_2021,test,2021-05-10 03:00:00 UTC,15.88,89.56,35.0,Depression,shear_pattern,True
1951,mosdac_UNNAMED_2021_1951_Depression.png,data/p2_mosdac_expanded/crops\mosdac_UNNAMED_2021_1951_Depression.png,UNNAMED,2021,UNNAMED_2021,test,2021-05-11 06:00:00 UTC,16.04,89.63,35.0,Depression,shear_pattern,True
1952,mosdac_UNNAMED_2021_1952_Depression.png,data/p2_mosdac_expanded/crops\mosdac_UNNAMED_2021_1952_Depression.png,UNNAMED,2021,UNNAMED_2021,test,2021-05-11 09:00:00 UTC,19.83,87.46,35.0,Depression,shear_pattern,True
1953,mosdac_UNNAMED_2021_1953_Depression.png,data/p2_mosdac_expanded/crops\mosdac_UNNAMED_2021_1953_Depression.png,UNNAMED,2021,UNNAMED_2021,test,2021-05-11 12:00:00 UTC,22.7,85.8,38.0,Depression,shear_pattern,True
1954,mosdac_UNNAMED_2021_1954_Depression.png,data/p2_mosdac_expanded/crops\mosdac_UNNAMED_2021_1954_Depression.png,UNNAMED,2021,UNNAMED_2021,test,2021-05-11 15:00:00 UTC,22.94,85.73,40.7,Depression,shear_pattern,True
1955,mosdac_UNNAMED_2021_1955_Depression.png,data/p2_mosdac_expanded/crops\mosdac_UNNAMED_2021_1955_Depression.png,UNNAMED,2021,UNNAMED_2021,test,2021-05-11 18:00:00 UTC,23.17,85.72,44.4,Depression,shear_pattern,True
1956,mosdac_UNNAMED_2021_1956_Depression.png,data/p2_mosdac_expanded/crops\mosdac_UNNAMED_2021_1956_Depression.png,UNNAMED,2021,UNNAMED_2021,test,2021-05-11 21:00:00 UTC,23.34,85.71,45.5,Depression,shear_pattern,True
1957,mosdac_UNNAMED_2021_1957_Depression.png,data/p2_mosdac_expanded/crops\mosdac_UNNAMED_2021_1957_Depression.png,UNNAMED,2021,UNNAMED_2021,test,2021-05-11 00:00:00 UTC,22.07,86.36,44.7,Depression,shear_pattern,True
1958,mosdac_UNNAMED_2021_1958_Depression.png,data/p2_mosdac_expanded/crops\mosdac_UNNAMED_2021_1958_Depression.png,UNNAMED,2021,UNNAMED_2021,test,2021-05-11 03:00:00 UTC,20.62,87.06,44.4,Depression,shear_pattern,True
1959,mosdac_UNNAMED_2021_1959_Depression.png,data/p2_mosdac_expanded/crops\mosdac_UNNAMED_2021_1959_Depression.png,UNNAMED,2021,UNNAMED_2021,test,2021-05-11 06:00:00 UTC,20.71,86.96,47.5,Depression,shear_pattern,True
1960,mosdac_UNNAMED_2021_1960_Deep_Depression.png,data/p2_mosdac_expanded/crops\mosdac_UNNAMED_2021_1960_Deep_Depression.png,UNNAMED,2021,UNNAMED_2021,test,2021-05-11 09:00:00 UTC,20.94,86.56,50.0,Deep Depression,shear_pattern,True
1961,mosdac_UNNAMED_2021_1961_Depression.png,data/p2_mosdac_expanded/crops\mosdac_UNNAMED_2021_1961_Depression.png,UNNAMED,2021,UNNAMED_2021,test,2021-05-12 12:00:00 UTC,21.11,86.28,45.9,Depression,shear_pattern,True
1962,mosdac_UNNAMED_2021_1962_Depression.png,data/p2_mosdac_expanded/crops\mosdac_UNNAMED_2021_1962_Depression.png,UNNAMED,2021,UNNAMED_2021,test,2021-05-12 15:00:00 UTC,21.26,86.04,49.4,Depression,shear_pattern,True
1963,mosdac_UNNAMED_2021_1963_Deep_Depression.png,data/p2_mosdac_expanded/crops\mosdac_UNNAMED_2021_1963_Deep_Depression.png,UNNAMED,2021,UNNAMED_2021,test,2021-05-12 18:00:00 UTC,21.4,85.78,53.9,Deep Depression,shear_pattern,True
1964,mosdac_UNNAMED_2021_1964_Deep_Depression.png,data/p2_mosdac_expanded/crops\mosdac_UNNAMED_2021_1964_Deep_Depression.png,UNNAMED,2021,UNNAMED_2021,test,2021-05-12 21:00:00 UTC,21.47,85.46,51.2,Deep Depression,shear_pattern,True
1965,mosdac_UNNAMED_2021_1965_Deep_Depression.png,data/p2_mosdac_expanded/crops\mosdac_UNNAMED_2021_1965_Deep_Depression.png,UNNAMED,2021,UNNAMED_2021,test,2021-05-12 00:00:00 UTC,21.54,85.21,53.5,Deep Depression,shear_pattern,True
1966,mosdac_UNNAMED_2021_1966_Deep_Depression.png,data/p2_mosdac_expanded/crops\mosdac_UNNAMED_2021_1966_Deep_Depression.png,UNNAMED,2021,UNNAMED_2021,test,2021-05-12 03:00:00 UTC,21.61,84.92,54.3,Deep Depression,shear_pattern,True
1967,mosdac_UNNAMED_2021_1967_Deep_Depression.png,data/p2_mosdac_expanded/crops\mosdac_UNNAMED_2021_1967_Deep_Depression.png,UNNAMED,2021,UNNAMED_2021,test,2021-05-12 06:00:00 UTC,21.71,84.55,51.6,Deep Depression,shear_pattern,True
1968,mosdac_UNNAMED_2021_1968_Deep_Depression.png,data/p2_mosdac_expanded/crops\mosdac_UNNAMED_2021_1968_Deep_Depression.png,UNNAMED,2021,UNNAMED_2021,test,2021-05-12 09:00:00 UTC,21.85,84.08,53.5,Deep Depression,shear_pattern,True
1969,mosdac_UNNAMED_2021_1969_Deep_Depression.png,data/p2_mosdac_expanded/crops\mosdac_UNNAMED_2021_1969_Deep_Depression.png,UNNAMED,2021,UNNAMED_2021,test,2021-05-12 12:00:00 UTC,22.0,83.61,53.5,Deep Depression,shear_pattern,True
1970,mosdac_UNNAMED_2021_1970_Deep_Depression.png,data/p2_mosdac_expanded/crops\mosdac_UNNAMED_2021_1970_Deep_Depression.png,UNNAMED,2021,UNNAMED_2021,test,2021-05-12 15:00:00 UTC,19.77,87.47,51.2,Deep Depression,shear_pattern,True
1971,mosdac_UNNAMED_2021_1971_Deep_Depression.png,data/p2_mosdac_expanded/crops\mosdac_UNNAMED_2021_1971_Deep_Depression.png,UNNAMED,2021,UNNAMED_2021,test,2021-05-13 18:00:00 UTC,18.31,89.88,51.2,Deep Depression,shear_pattern,True
1972,mosdac_UNNAMED_2021_1972_Deep_Depression.png,data/p2_mosdac_expanded/crops\mosdac_UNNAMED_2021_1972_Deep_Depression.png,UNNAMED,2021,UNNAMED_2021,test,2021-05-13 21:00:00 UTC,18.3,89.63,57.5,Deep Depression,shear_pattern,True
1973,mosdac_UNNAMED_2021_1973_Deep_Depression.png,data/p2_mosdac_expanded/crops\mosdac_UNNAMED_2021_1973_Deep_Depression.png,UNNAMED,2021,UNNAMED_2021,test,2021-05-13 00:00:00 UTC,18.29,89.32,52.7,Deep Depression,shear_pattern,True
1974,mosdac_UNNAMED_2021_1974_Deep_Depression.png,data/p2_mosdac_expanded/crops\mosdac_UNNAMED_2021_1974_Deep_Depression.png,UNNAMED,2021,UNNAMED_2021,test,2021-05-13 03:00:00 UTC,18.28,88.94,54.3,Deep Depression,shear_pattern,True
1975,mosdac_UNNAMED_2021_1975_Deep_Depression.png,data/p2_mosdac_expanded/crops\mosdac_UNNAMED_2021_1975_Deep_Depression.png,UNNAMED,2021,UNNAMED_2021,test,2021-05-13 06:00:00 UTC,18.27,88.65,52.0,Deep Depression,shear_pattern,True
1976,mosdac_UNNAMED_2021_1976_Deep_Depression.png,data/p2_mosdac_expanded/crops\mosdac_UNNAMED_2021_1976_Deep_Depression.png,UNNAMED,2021,UNNAMED_2021,test,2021-05-13 09:00:00 UTC,18.24,86.86,56.4,Deep Depression,shear_pattern,True
1977,mosdac_UNNAMED_2021_1977_Deep_Depression.png,data/p2_mosdac_expanded/crops\mosdac_UNNAMED_2021_1977_Deep_Depression.png,UNNAMED,2021,UNNAMED_2021,test,2021-05-13 12:00:00 UTC,18.16,82.79,50.2,Deep Depression,shear_pattern,True
1978,mosdac_UNNAMED_2021_1978_Deep_Depression.png,data/p2_mosdac_expanded/crops\mosdac_UNNAMED_2021_1978_Deep_Depression.png,UNNAMED,2021,UNNAMED_2021,test,2021-05-13 15:00:00 UTC,18.15,82.56,50.6,Deep Depression,shear_pattern,True
1979,mosdac_UNNAMED_2021_1979_Deep_Depression.png,data/p2_mosdac_expanded/crops\mosdac_UNNAMED_2021_1979_Deep_Depression.png,UNNAMED,2021,UNNAMED_2021,test,2021-05-13 18:00:00 UTC,18.14,82.27,53.1,Deep Depression,shear_pattern,True
1980,mosdac_UNNAMED_2021_1980_Deep_Depression.png,data/p2_mosdac_expanded/crops\mosdac_UNNAMED_2021_1980_Deep_Depression.png,UNNAMED,2021,UNNAMED_2021,test,2021-05-13 21:00:00 UTC,18.25,81.92,51.7,Deep Depression,shear_pattern,True
1981,mosdac_UNNAMED_2021_1981_Depression.png,data/p2_mosdac_expanded/crops\mosdac_UNNAMED_2021_1981_Depression.png,UNNAMED,2021,UNNAMED_2021,test,2021-05-14 00:00:00 UTC,18.44,81.47,45.2,Depression,shear_pattern,True
1982,mosdac_UNNAMED_2021_1982_Depression.png,data/p2_mosdac_expanded/crops\mosdac_UNNAMED_2021_1982_Depression.png,UNNAMED,2021,UNNAMED_2021,test,2021-05-14 03:00:00 UTC,18.51,80.77,48.8,Depression,shear_pattern,True
1983,mosdac_UNNAMED_2021_1983_Depression.png,data/p2_mosdac_expanded/crops\mosdac_UNNAMED_2021_1983_Depression.png,UNNAMED,2021,UNNAMED_2021,test,2021-05-14 06:00:00 UTC,21.72,70.31,44.7,Depression,shear_pattern,True
1984,mosdac_UNNAMED_2021_1984_Depression.png,data/p2_mosdac_expanded/crops\mosdac_UNNAMED_2021_1984_Depression.png,UNNAMED,2021,UNNAMED_2021,test,2021-05-14 09:00:00 UTC,22.86,66.55,43.4,Depression,shear_pattern,True
1985,mosdac_UNNAMED_2021_1985_Depression.png,data/p2_mosdac_expanded/crops\mosdac_UNNAMED_2021_1985_Depression.png,UNNAMED,2021,UNNAMED_2021,test,2021-05-14 12:00:00 UTC,22.9,66.22,39.1,Depression,shear_pattern,True
1986,mosdac_UNNAMED_2021_1986_Depression.png,data/p2_mosdac_expanded/crops\mosdac_UNNAMED_2021_1986_Depression.png,UNNAMED,2021,UNNAMED_2021,test,2021-05-14 15:00:00 UTC,22.94,65.08,37.1,Depression,shear_pattern,True
1987,mosdac_UNNAMED_2021_1987_Depression.png,data/p2_mosdac_expanded/crops\mosdac_UNNAMED_2021_1987_Depression.png,UNNAMED,2021,UNNAMED_2021,test,2021-05-14 18:00:00 UTC,23.33,57.76,40.7,Depression,shear_pattern,True
1988,mosdac_UNNAMED_2021_1988_Depression.png,data/p2_mosdac_expanded/crops\mosdac_UNNAMED_2021_1988_Depression.png,UNNAMED,2021,UNNAMED_2021,test,2021-05-14 21:00:00 UTC,16.57,75.95,37.2,Depression,shear_pattern,True
1989,mosdac_UNNAMED_2021_1989_Depression.png,data/p2_mosdac_expanded/crops\mosdac_UNNAMED_2021_1989_Depression.png,UNNAMED,2021,UNNAMED_2021,test,2021-05-14 00:00:00 UTC,13.1,86.5,35.1,Depression,shear_pattern,True
1990,mosdac_UNNAMED_2021_1990_Depression.png,data/p2_mosdac_expanded/crops\mosdac_UNNAMED_2021_1990_Depression.png,UNNAMED,2021,UNNAMED_2021,test,2021-05-14 03:00:00 UTC,13.58,86.16,35.8,Depression,shear_pattern,True
1991,mosdac_UNNAMED_2021_1991_Depression.png,data/p2_mosdac_expanded/crops\mosdac_UNNAMED_2021_1991_Depression.png,UNNAMED,2021,UNNAMED_2021,test,2021-05-15 06:00:00 UTC,13.9,85.93,35.0,Depression,shear_pattern,True
1992,mosdac_UNNAMED_2021_1992_Depression.png,data/p2_mosdac_expanded/crops\mosdac_UNNAMED_2021_1992_Depression.png,UNNAMED,2021,UNNAMED_2021,test,2021-05-15 09:00:00 UTC,16.04,85.33,35.0,Depression,shear_pattern,True
1993,mosdac_UNNAMED_2021_1993_Depression.png,data/p2_mosdac_expanded/crops\mosdac_UNNAMED_2021_1993_Depression.png,UNNAMED,2021,UNNAMED_2021,test,2021-05-15 12:00:00 UTC,16.87,85.15,35.0,Depression,shear_pattern,True
1994,mosdac_UNNAMED_2021_1994_Depression.png,data/p2_mosdac_expanded/crops\mosdac_UNNAMED_2021_1994_Depression.png,UNNAMED,2021,UNNAMED_2021,test,2021-05-15 15:00:00 UTC,17.08,85.22,35.0,Depression,shear_pattern,True
1995,mosdac_UNNAMED_2021_1995_Depression.png,data/p2_mosdac_expanded/crops\mosdac_UNNAMED_2021_1995_Depression.png,UNNAMED,2021,UNNAMED_2021,test,2021-05-15 18:00:00 UTC,17.23,85.37,35.0,Depression,shear_pattern,True
1996,mosdac_UNNAMED_2021_1996_Depression.png,data/p2_mosdac_expanded/crops\mosdac_UNNAMED_2021_1996_Depression.png,UNNAMED,2021,UNNAMED_2021,test,2021-05-15 21:00:00 UTC,17.32,85.46,35.0,Depression,shear_pattern,True
1997,mosdac_UNNAMED_2021_1997_Depression.png,data/p2_mosdac_expanded/crops\mosdac_UNNAMED_2021_1997_Depression.png,UNNAMED,2021,UNNAMED_2021,test,2021-05-15 00:00:00 UTC,17.54,85.68,35.0,Depression,shear_pattern,True
1998,mosdac_UNNAMED_2021_1998_Depression.png,data/p2_mosdac_expanded/crops\mosdac_UNNAMED_2021_1998_Depression.png,UNNAMED,2021,UNNAMED_2021,test,2021-05-15 03:00:00 UTC,17.91,85.83,35.0,Depression,shear_pattern,True
1999,mosdac_UNNAMED_2021_1999_Depression.png,data/p2_mosdac_expanded/crops\mosdac_UNNAMED_2021_1999_Depression.png,UNNAMED,2021,UNNAMED_2021,test,2021-05-15 06:00:00 UTC,18.34,85.95,35.0,Depression,shear_pattern,True
2000,mosdac_UNNAMED_2021_2000_Depression.png,data/p2_mosdac_expanded/crops\mosdac_UNNAMED_2021_2000_Depression.png,UNNAMED,2021,UNNAMED_2021,test,2021-05-15 09:00:00 UTC,18.66,86.19,35.0,Depression,shear_pattern,True
2001,mosdac_UNNAMED_2019_2001_Depression.png,data/p2_mosdac_expanded/crops\mosdac_UNNAMED_2019_2001_Depression.png,UNNAMED,2019,UNNAMED_2019,train,2019-05-10 00:00:00 UTC,3.2,89.9,35.0,Depression,shear_pattern,True
2002,mosdac_UNNAMED_2019_2002_Depression.png,data/p2_mosdac_expanded/crops\mosdac_UNNAMED_2019_2002_Depression.png,UNNAMED,2019,UNNAMED_2019,train,2019-05-10 03:00:00 UTC,3.67,89.69,35.0,Depression,shear_pattern,True
2003,mosdac_UNNAMED_2019_2003_Depression.png,data/p2_mosdac_expanded/crops\mosdac_UNNAMED_2019_2003_Depression.png,UNNAMED,2019,UNNAMED_2019,train,2019-05-10 06:00:00 UTC,24.44,89.62,35.0,Depression,shear_pattern,True
2004,mosdac_UNNAMED_2019_2004_Depression.png,data/p2_mosdac_expanded/crops\mosdac_UNNAMED_2019_2004_Depression.png,UNNAMED,2019,UNNAMED_2019,train,2019-05-10 09:00:00 UTC,25.06,90.46,35.0,Depression,shear_pattern,True
2005,mosdac_UNNAMED_2019_2005_Depression.png,data/p2_mosdac_expanded/crops\mosdac_UNNAMED_2019_2005_Depression.png,UNNAMED,2019,UNNAMED_2019,train,2019-05-10 12:00:00 UTC,12.08,71.08,35.0,Depression,shear_pattern,True
2006,mosdac_UNNAMED_2019_2006_Depression.png,data/p2_mosdac_expanded/crops\mosdac_UNNAMED_2019_2006_Depression.png,UNNAMED,2019,UNNAMED_2019,train,2019-05-10 15:00:00 UTC,18.59,68.79,35.0,Depression,shear_pattern,True
2007,mosdac_UNNAMED_2019_2007_Depression.png,data/p2_mosdac_expanded/crops\mosdac_UNNAMED_2019_2007_Depression.png,UNNAMED,2019,UNNAMED_2019,train,2019-05-10 18:00:00 UTC,22.25,71.05,35.0,Depression,shear_pattern,True
2008,mosdac_UNNAMED_2019_2008_Depression.png,data/p2_mosdac_expanded/crops\mosdac_UNNAMED_2019_2008_Depression.png,UNNAMED,2019,UNNAMED_2019,train,2019-05-10 21:00:00 UTC,20.56,88.08,35.0,Depression,shear_pattern,True
2009,mosdac_UNNAMED_2019_2009_Depression.png,data/p2_mosdac_expanded/crops\mosdac_UNNAMED_2019_2009_Depression.png,UNNAMED,2019,UNNAMED_2019,train,2019-05-10 00:00:00 UTC,20.69,87.95,35.0,Depression,shear_pattern,True
2010,mosdac_UNNAMED_2019_2010_Depression.png,data/p2_mosdac_expanded/crops\mosdac_UNNAMED_2019_2010_Depression.png,UNNAMED,2019,UNNAMED_2019,train,2019-05-10 03:00:00 UTC,20.78,87.79,35.0,Depression,shear_pattern,True
2011,mosdac_UNNAMED_2019_2011_Depression.png,data/p2_mosdac_expanded/crops\mosdac_UNNAMED_2019_2011_Depression.png,UNNAMED,2019,UNNAMED_2019,train,2019-05-11 06:00:00 UTC,21.39,86.74,35.0,Depression,shear_pattern,True
2012,mosdac_UNNAMED_2019_2012_Depression.png,data/p2_mosdac_expanded/crops\mosdac_UNNAMED_2019_2012_Depression.png,UNNAMED,2019,UNNAMED_2019,train,2019-05-11 09:00:00 UTC,23.05,83.19,35.0,Depression,shear_pattern,True
2013,mosdac_UNNAMED_2019_2013_Depression.png,data/p2_mosdac_expanded/crops\mosdac_UNNAMED_2019_2013_Depression.png,UNNAMED,2019,UNNAMED_2019,train,2019-05-11 12:00:00 UTC,23.55,81.63,35.0,Depression,shear_pattern,True
2014,mosdac_UNNAMED_2019_2014_Depression.png,data/p2_mosdac_expanded/crops\mosdac_UNNAMED_2019_2014_Depression.png,UNNAMED,2019,UNNAMED_2019,train,2019-05-11 15:00:00 UTC,23.7,80.35,35.0,Depression,shear_pattern,True
2015,mosdac_UNNAMED_2019_2015_Depression.png,data/p2_mosdac_expanded/crops\mosdac_UNNAMED_2019_2015_Depression.png,UNNAMED,2019,UNNAMED_2019,train,2019-05-11 18:00:00 UTC,23.7,79.95,35.0,Depression,shear_pattern,True
2016,mosdac_UNNAMED_2019_2016_Depression.png,data/p2_mosdac_expanded/crops\mosdac_UNNAMED_2019_2016_Depression.png,UNNAMED,2019,UNNAMED_2019,train,2019-05-11 21:00:00 UTC,23.7,79.45,35.0,Depression,shear_pattern,True
2017,mosdac_UNNAMED_2019_2017_Depression.png,data/p2_mosdac_expanded/crops\mosdac_UNNAMED_2019_2017_Depression.png,UNNAMED,2019,UNNAMED_2019,train,2019-05-11 00:00:00 UTC,23.78,78.07,35.0,Depression,shear_pattern,True
2018,mosdac_UNNAMED_2019_2018_Depression.png,data/p2_mosdac_expanded/crops\mosdac_UNNAMED_2019_2018_Depression.png,UNNAMED,2019,UNNAMED_2019,train,2019-05-11 03:00:00 UTC,24.09,76.17,40.0,Depression,shear_pattern,True
2019,mosdac_UNNAMED_2019_2019_Depression.png,data/p2_mosdac_expanded/crops\mosdac_UNNAMED_2019_2019_Depression.png,UNNAMED,2019,UNNAMED_2019,train,2019-05-11 06:00:00 UTC,19.99,69.04,35.0,Depression,shear_pattern,True
2020,mosdac_UNNAMED_2019_2020_Depression.png,data/p2_mosdac_expanded/crops\mosdac_UNNAMED_2019_2020_Depression.png,UNNAMED,2019,UNNAMED_2019,train,2019-05-11 09:00:00 UTC,19.31,55.2,40.4,Depression,shear_pattern,True
2021,mosdac_UNNAMED_2019_2021_Depression.png,data/p2_mosdac_expanded/crops\mosdac_UNNAMED_2019_2021_Depression.png,UNNAMED,2019,UNNAMED_2019,train,2019-05-12 12:00:00 UTC,23.19,70.16,43.8,Depression,shear_pattern,True
2022,mosdac_UNNAMED_2019_2022_Depression.png,data/p2_mosdac_expanded/crops\mosdac_UNNAMED_2019_2022_Depression.png,UNNAMED,2019,UNNAMED_2019,train,2019-05-12 15:00:00 UTC,23.19,70.15,41.5,Depression,shear_pattern,True
2023,mosdac_UNNAMED_2019_2023_Depression.png,data/p2_mosdac_expanded/crops\mosdac_UNNAMED_2019_2023_Depression.png,UNNAMED,2019,UNNAMED_2019,train,2019-05-12 18:00:00 UTC,23.24,70.35,45.4,Depression,shear_pattern,True
2024,mosdac_UNNAMED_2019_2024_Depression.png,data/p2_mosdac_expanded/crops\mosdac_UNNAMED_2019_2024_Depression.png,UNNAMED,2019,UNNAMED_2019,train,2019-05-12 21:00:00 UTC,23.48,70.68,39.1,Depression,shear_pattern,True
2025,mosdac_UNNAMED_2019_2025_Depression.png,data/p2_mosdac_expanded/crops\mosdac_UNNAMED_2019_2025_Depression.png,UNNAMED,2019,UNNAMED_2019,train,2019-05-12 00:00:00 UTC,23.57,71.41,42.6,Depression,shear_pattern,True
2026,mosdac_UNNAMED_2019_2026_Depression.png,data/p2_mosdac_expanded/crops\mosdac_UNNAMED_2019_2026_Depression.png,UNNAMED,2019,UNNAMED_2019,train,2019-05-12 03:00:00 UTC,23.57,71.86,41.9,Depression,shear_pattern,True
2027,mosdac_UNNAMED_2019_2027_Depression.png,data/p2_mosdac_expanded/crops\mosdac_UNNAMED_2019_2027_Depression.png,UNNAMED,2019,UNNAMED_2019,train,2019-05-12 06:00:00 UTC,23.72,72.44,46.1,Depression,shear_pattern,True
2028,mosdac_UNNAMED_2019_2028_Depression.png,data/p2_mosdac_expanded/crops\mosdac_UNNAMED_2019_2028_Depression.png,UNNAMED,2019,UNNAMED_2019,train,2019-05-12 09:00:00 UTC,23.88,73.36,48.5,Depression,shear_pattern,True
2029,mosdac_UNNAMED_2019_2029_Depression.png,data/p2_mosdac_expanded/crops\mosdac_UNNAMED_2019_2029_Depression.png,UNNAMED,2019,UNNAMED_2019,train,2019-05-12 12:00:00 UTC,17.84,71.51,42.9,Depression,shear_pattern,True
2030,mosdac_UNNAMED_2019_2030_Depression.png,data/p2_mosdac_expanded/crops\mosdac_UNNAMED_2019_2030_Depression.png,UNNAMED,2019,UNNAMED_2019,train,2019-05-12 15:00:00 UTC,15.53,67.9,46.2,Depression,shear_pattern,True
2031,mosdac_UNNAMED_2019_2031_Depression.png,data/p2_mosdac_expanded/crops\mosdac_UNNAMED_2019_2031_Depression.png,UNNAMED,2019,UNNAMED_2019,train,2019-05-13 18:00:00 UTC,16.29,58.97,42.6,Depression,shear_pattern,True
2032,mosdac_UNNAMED_2019_2032_Depression.png,data/p2_mosdac_expanded/crops\mosdac_UNNAMED_2019_2032_Depression.png,UNNAMED,2019,UNNAMED_2019,train,2019-05-13 21:00:00 UTC,15.92,58.38,45.4,Depression,shear_pattern,True
2033,mosdac_UNNAMED_2019_2033_Depression.png,data/p2_mosdac_expanded/crops\mosdac_UNNAMED_2019_2033_Depression.png,UNNAMED,2019,UNNAMED_2019,train,2019-05-13 00:00:00 UTC,15.45,57.61,44.4,Depression,shear_pattern,True
2034,mosdac_UNNAMED_2019_2034_Depression.png,data/p2_mosdac_expanded/crops\mosdac_UNNAMED_2019_2034_Depression.png,UNNAMED,2019,UNNAMED_2019,train,2019-05-13 03:00:00 UTC,14.71,57.2,48.1,Depression,shear_pattern,True
2035,mosdac_UNNAMED_2019_2035_Depression.png,data/p2_mosdac_expanded/crops\mosdac_UNNAMED_2019_2035_Depression.png,UNNAMED,2019,UNNAMED_2019,train,2019-05-13 06:00:00 UTC,14.03,56.57,44.7,Depression,shear_pattern,True
2036,mosdac_UNNAMED_2019_2036_Depression.png,data/p2_mosdac_expanded/crops\mosdac_UNNAMED_2019_2036_Depression.png,UNNAMED,2019,UNNAMED_2019,train,2019-05-13 09:00:00 UTC,13.69,55.66,42.1,Depression,shear_pattern,True
2037,mosdac_UNNAMED_2019_2037_Depression.png,data/p2_mosdac_expanded/crops\mosdac_UNNAMED_2019_2037_Depression.png,UNNAMED,2019,UNNAMED_2019,train,2019-05-13 12:00:00 UTC,13.28,54.29,39.5,Depression,shear_pattern,True
2038,mosdac_UNNAMED_2019_2038_Depression.png,data/p2_mosdac_expanded/crops\mosdac_UNNAMED_2019_2038_Depression.png,UNNAMED,2019,UNNAMED_2019,train,2019-05-13 15:00:00 UTC,12.71,53.36,39.1,Depression,shear_pattern,True
2039,mosdac_UNNAMED_2019_2039_Depression.png,data/p2_mosdac_expanded/crops\mosdac_UNNAMED_2019_2039_Depression.png,UNNAMED,2019,UNNAMED_2019,train,2019-05-13 18:00:00 UTC,12.06,52.24,38.8,Depression,shear_pattern,True
2040,mosdac_UNNAMED_2019_2040_Depression.png,data/p2_mosdac_expanded/crops\mosdac_UNNAMED_2019_2040_Depression.png,UNNAMED,2019,UNNAMED_2019,train,2019-05-13 21:00:00 UTC,7.63,75.33,38.1,Depression,shear_pattern,True
2041,mosdac_UNNAMED_2019_2041_Depression.png,data/p2_mosdac_expanded/crops\mosdac_UNNAMED_2019_2041_Depression.png,UNNAMED,2019,UNNAMED_2019,train,2019-05-14 00:00:00 UTC,8.42,74.76,41.9,Depression,shear_pattern,True
2042,mosdac_UNNAMED_2019_2042_Depression.png,data/p2_mosdac_expanded/crops\mosdac_UNNAMED_2019_2042_Depression.png,UNNAMED,2019,UNNAMED_2019,train,2019-05-14 03:00:00 UTC,20.07,70.56,38.5,Depression,shear_pattern,True
2043,mosdac_UNNAMED_2019_2043_Depression.png,data/p2_mosdac_expanded/crops\mosdac_UNNAMED_2019_2043_Depression.png,UNNAMED,2019,UNNAMED_2019,train,2019-05-14 06:00:00 UTC,12.81,91.04,37.0,Depression,shear_pattern,True
2044,mosdac_UNNAMED_2019_2044_Depression.png,data/p2_mosdac_expanded/crops\mosdac_UNNAMED_2019_2044_Depression.png,UNNAMED,2019,UNNAMED_2019,train,2019-05-14 09:00:00 UTC,12.81,90.68,35.0,Depression,shear_pattern,True
2045,mosdac_UNNAMED_2019_2045_Depression.png,data/p2_mosdac_expanded/crops\mosdac_UNNAMED_2019_2045_Depression.png,UNNAMED,2019,UNNAMED_2019,train,2019-05-14 12:00:00 UTC,12.92,90.33,37.3,Depression,shear_pattern,True
2046,mosdac_UNNAMED_2019_2046_Depression.png,data/p2_mosdac_expanded/crops\mosdac_UNNAMED_2019_2046_Depression.png,UNNAMED,2019,UNNAMED_2019,train,2019-05-14 15:00:00 UTC,13.0,89.95,35.0,Depression,shear_pattern,True
2047,mosdac_UNNAMED_2019_2047_Depression.png,data/p2_mosdac_expanded/crops\mosdac_UNNAMED_2019_2047_Depression.png,UNNAMED,2019,UNNAMED_2019,train,2019-05-14 18:00:00 UTC,14.66,90.04,35.0,Depression,shear_pattern,True
2048,mosdac_UNNAMED_2019_2048_Depression.png,data/p2_mosdac_expanded/crops\mosdac_UNNAMED_2019_2048_Depression.png,UNNAMED,2019,UNNAMED_2019,train,2019-05-14 21:00:00 UTC,22.94,91.44,35.0,Depression,shear_pattern,True
2049,mosdac_UNNAMED_2019_2049_Depression.png,data/p2_mosdac_expanded/crops\mosdac_UNNAMED_2019_2049_Depression.png,UNNAMED,2019,UNNAMED_2019,train,2019-05-14 00:00:00 UTC,5.82,56.81,35.0,Depression,shear_pattern,True
2050,mosdac_UNNAMED_2019_2050_Depression.png,data/p2_mosdac_expanded/crops\mosdac_UNNAMED_2019_2050_Depression.png,UNNAMED,2019,UNNAMED_2019,train,2019-05-14 03:00:00 UTC,6.05,56.82,35.0,Depression,shear_pattern,True
2051,mosdac_UNNAMED_2019_2051_Depression.png,data/p2_mosdac_expanded/crops\mosdac_UNNAMED_2019_2051_Depression.png,UNNAMED,2019,UNNAMED_2019,train,2019-05-15 06:00:00 UTC,8.93,54.33,35.0,Depression,shear_pattern,True
2052,mosdac_UNNAMED_2019_2052_Depression.png,data/p2_mosdac_expanded/crops\mosdac_UNNAMED_2019_2052_Depression.png,UNNAMED,2019,UNNAMED_2019,train,2019-05-15 09:00:00 UTC,14.74,68.42,35.0,Depression,shear_pattern,True
2053,mosdac_UNNAMED_2019_2053_Depression.png,data/p2_mosdac_expanded/crops\mosdac_UNNAMED_2019_2053_Depression.png,UNNAMED,2019,UNNAMED_2019,train,2019-05-15 12:00:00 UTC,15.38,67.52,35.0,Depression,shear_pattern,True
2054,mosdac_UNNAMED_2019_2054_Depression.png,data/p2_mosdac_expanded/crops\mosdac_UNNAMED_2019_2054_Depression.png,UNNAMED,2019,UNNAMED_2019,train,2019-05-15 15:00:00 UTC,10.26,63.02,35.0,Depression,shear_pattern,True
2055,mosdac_UNNAMED_2019_2055_Depression.png,data/p2_mosdac_expanded/crops\mosdac_UNNAMED_2019_2055_Depression.png,UNNAMED,2019,UNNAMED_2019,train,2019-05-15 18:00:00 UTC,9.6,61.51,35.0,Depression,shear_pattern,True
2056,mosdac_UNNAMED_2019_2056_Depression.png,data/p2_mosdac_expanded/crops\mosdac_UNNAMED_2019_2056_Depression.png,UNNAMED,2019,UNNAMED_2019,train,2019-05-15 21:00:00 UTC,9.91,61.09,35.0,Depression,shear_pattern,True
2057,mosdac_UNNAMED_2019_2057_Depression.png,data/p2_mosdac_expanded/crops\mosdac_UNNAMED_2019_2057_Depression.png,UNNAMED,2019,UNNAMED_2019,train,2019-05-15 00:00:00 UTC,10.54,58.28,35.0,Depression,shear_pattern,True
2058,mosdac_UNNAMED_2019_2058_Depression.png,data/p2_mosdac_expanded/crops\mosdac_UNNAMED_2019_2058_Depression.png,UNNAMED,2019,UNNAMED_2019,train,2019-05-15 03:00:00 UTC,10.54,57.12,35.0,Depression,shear_pattern,True
2059,mosdac_UNNAMED_2019_2059_Depression.png,data/p2_mosdac_expanded/crops\mosdac_UNNAMED_2019_2059_Depression.png,UNNAMED,2019,UNNAMED_2019,train,2019-05-15 06:00:00 UTC,10.55,56.1,35.0,Depression,shear_pattern,True
2060,mosdac_UNNAMED_2019_2060_Depression.png,data/p2_mosdac_expanded/crops\mosdac_UNNAMED_2019_2060_Depression.png,UNNAMED,2019,UNNAMED_2019,train,2019-05-15 09:00:00 UTC,10.56,55.29,35.0,Depression,shear_pattern,True
2061,mosdac_UNNAMED_2020_2061_Depression.png,data/p2_mosdac_expanded/crops\mosdac_UNNAMED_2020_2061_Depression.png,UNNAMED,2020,UNNAMED_2020,train,2020-05-10 00:00:00 UTC,9.8,86.5,35.0,Depression,shear_pattern,True
2062,mosdac_UNNAMED_2020_2062_Depression.png,data/p2_mosdac_expanded/crops\mosdac_UNNAMED_2020_2062_Depression.png,UNNAMED,2020,UNNAMED_2020,train,2020-05-10 03:00:00 UTC,10.26,86.23,35.0,Depression,shear_pattern,True
2063,mosdac_UNNAMED_2020_2063_Depression.png,data/p2_mosdac_expanded/crops\mosdac_UNNAMED_2020_2063_Depression.png,UNNAMED,2020,UNNAMED_2020,train,2020-05-10 06:00:00 UTC,25.31,89.7,35.0,Depression,shear_pattern,True
2064,mosdac_UNNAMED_2020_2064_Depression.png,data/p2_mosdac_expanded/crops\mosdac_UNNAMED_2020_2064_Depression.png,UNNAMED,2020,UNNAMED_2020,train,2020-05-10 09:00:00 UTC,17.33,54.4,35.0,Depression,shear_pattern,True
2065,mosdac_UNNAMED_2020_2065_Depression.png,data/p2_mosdac_expanded/crops\mosdac_UNNAMED_2020_2065_Depression.png,UNNAMED,2020,UNNAMED_2020,train,2020-05-10 12:00:00 UTC,17.34,54.39,35.0,Depression,shear_pattern,True
2066,mosdac_UNNAMED_2020_2066_Depression.png,data/p2_mosdac_expanded/crops\mosdac_UNNAMED_2020_2066_Depression.png,UNNAMED,2020,UNNAMED_2020,train,2020-05-10 15:00:00 UTC,17.35,54.32,35.0,Depression,shear_pattern,True
2067,mosdac_UNNAMED_2020_2067_Depression.png,data/p2_mosdac_expanded/crops\mosdac_UNNAMED_2020_2067_Depression.png,UNNAMED,2020,UNNAMED_2020,train,2020-05-10 18:00:00 UTC,17.36,54.28,35.0,Depression,shear_pattern,True
2068,mosdac_UNNAMED_2020_2068_Depression.png,data/p2_mosdac_expanded/crops\mosdac_UNNAMED_2020_2068_Depression.png,UNNAMED,2020,UNNAMED_2020,train,2020-05-10 21:00:00 UTC,17.26,54.08,35.0,Depression,shear_pattern,True
2069,mosdac_UNNAMED_2020_2069_Depression.png,data/p2_mosdac_expanded/crops\mosdac_UNNAMED_2020_2069_Depression.png,UNNAMED,2020,UNNAMED_2020,train,2020-05-10 00:00:00 UTC,17.27,54.07,35.0,Depression,shear_pattern,True
2070,mosdac_UNNAMED_2020_2070_Depression.png,data/p2_mosdac_expanded/crops\mosdac_UNNAMED_2020_2070_Depression.png,UNNAMED,2020,UNNAMED_2020,train,2020-05-10 03:00:00 UTC,17.28,54.06,35.0,Depression,shear_pattern,True
2071,mosdac_UNNAMED_2020_2071_Depression.png,data/p2_mosdac_expanded/crops\mosdac_UNNAMED_2020_2071_Depression.png,UNNAMED,2020,UNNAMED_2020,train,2020-05-11 06:00:00 UTC,17.18,53.93,35.0,Depression,shear_pattern,True
2072,mosdac_UNNAMED_2020_2072_Depression.png,data/p2_mosdac_expanded/crops\mosdac_UNNAMED_2020_2072_Depression.png,UNNAMED,2020,UNNAMED_2020,train,2020-05-11 09:00:00 UTC,17.19,53.84,35.0,Depression,shear_pattern,True
2073,mosdac_UNNAMED_2020_2073_Depression.png,data/p2_mosdac_expanded/crops\mosdac_UNNAMED_2020_2073_Depression.png,UNNAMED,2020,UNNAMED_2020,train,2020-05-11 12:00:00 UTC,17.02,53.39,35.0,Depression,shear_pattern,True
2074,mosdac_UNNAMED_2020_2074_Depression.png,data/p2_mosdac_expanded/crops\mosdac_UNNAMED_2020_2074_Depression.png,UNNAMED,2020,UNNAMED_2020,train,2020-05-11 15:00:00 UTC,17.0,53.08,35.0,Depression,shear_pattern,True
2075,mosdac_UNNAMED_2020_2075_Depression.png,data/p2_mosdac_expanded/crops\mosdac_UNNAMED_2020_2075_Depression.png,UNNAMED,2020,UNNAMED_2020,train,2020-05-11 18:00:00 UTC,16.13,56.72,36.1,Depression,shear_pattern,True
2076,mosdac_UNNAMED_2020_2076_Depression.png,data/p2_mosdac_expanded/crops\mosdac_UNNAMED_2020_2076_Depression.png,UNNAMED,2020,UNNAMED_2020,train,2020-05-11 21:00:00 UTC,13.19,71.42,37.3,Depression,shear_pattern,True
2077,mosdac_UNNAMED_2020_2077_Depression.png,data/p2_mosdac_expanded/crops\mosdac_UNNAMED_2020_2077_Depression.png,UNNAMED,2020,UNNAMED_2020,train,2020-05-11 00:00:00 UTC,13.7,71.13,35.0,Depression,shear_pattern,True
2078,mosdac_UNNAMED_2020_2078_Depression.png,data/p2_mosdac_expanded/crops\mosdac_UNNAMED_2020_2078_Depression.png,UNNAMED,2020,UNNAMED_2020,train,2020-05-11 03:00:00 UTC,14.18,71.13,36.4,Depression,shear_pattern,True
2079,mosdac_UNNAMED_2020_2079_Depression.png,data/p2_mosdac_expanded/crops\mosdac_UNNAMED_2020_2079_Depression.png,UNNAMED,2020,UNNAMED_2020,train,2020-05-11 06:00:00 UTC,15.27,71.75,41.9,Depression,shear_pattern,True
2080,mosdac_UNNAMED_2020_2080_Depression.png,data/p2_mosdac_expanded/crops\mosdac_UNNAMED_2020_2080_Depression.png,UNNAMED,2020,UNNAMED_2020,train,2020-05-11 09:00:00 UTC,21.5,76.65,41.3,Depression,shear_pattern,True
2081,mosdac_UNNAMED_2020_2081_Depression.png,data/p2_mosdac_expanded/crops\mosdac_UNNAMED_2020_2081_Depression.png,UNNAMED,2020,UNNAMED_2020,train,2020-05-12 12:00:00 UTC,18.31,82.69,36.3,Depression,shear_pattern,True
2082,mosdac_UNNAMED_2020_2082_Depression.png,data/p2_mosdac_expanded/crops\mosdac_UNNAMED_2020_2082_Depression.png,UNNAMED,2020,UNNAMED_2020,train,2020-05-12 15:00:00 UTC,15.49,86.03,37.5,Depression,shear_pattern,True
2083,mosdac_UNNAMED_2020_2083_Depression.png,data/p2_mosdac_expanded/crops\mosdac_UNNAMED_2020_2083_Depression.png,UNNAMED,2020,UNNAMED_2020,train,2020-05-12 18:00:00 UTC,15.48,85.44,41.6,Depression,shear_pattern,True
2084,mosdac_UNNAMED_2020_2084_Depression.png,data/p2_mosdac_expanded/crops\mosdac_UNNAMED_2020_2084_Depression.png,UNNAMED,2020,UNNAMED_2020,train,2020-05-12 21:00:00 UTC,15.57,85.26,45.9,Depression,shear_pattern,True
2085,mosdac_UNNAMED_2020_2085_Depression.png,data/p2_mosdac_expanded/crops\mosdac_UNNAMED_2020_2085_Depression.png,UNNAMED,2020,UNNAMED_2020,train,2020-05-12 00:00:00 UTC,15.72,85.08,43.6,Depression,shear_pattern,True
2086,mosdac_UNNAMED_2020_2086_Depression.png,data/p2_mosdac_expanded/crops\mosdac_UNNAMED_2020_2086_Depression.png,UNNAMED,2020,UNNAMED_2020,train,2020-05-12 03:00:00 UTC,16.11,84.15,43.8,Depression,shear_pattern,True
2087,mosdac_UNNAMED_2020_2087_Depression.png,data/p2_mosdac_expanded/crops\mosdac_UNNAMED_2020_2087_Depression.png,UNNAMED,2020,UNNAMED_2020,train,2020-05-12 06:00:00 UTC,17.45,80.94,41.1,Depression,shear_pattern,True
2088,mosdac_UNNAMED_2020_2088_Depression.png,data/p2_mosdac_expanded/crops\mosdac_UNNAMED_2020_2088_Depression.png,UNNAMED,2020,UNNAMED_2020,train,2020-05-12 09:00:00 UTC,17.61,80.07,45.9,Depression,shear_pattern,True
2089,mosdac_UNNAMED_2020_2089_Depression.png,data/p2_mosdac_expanded/crops\mosdac_UNNAMED_2020_2089_Depression.png,UNNAMED,2020,UNNAMED_2020,train,2020-05-12 12:00:00 UTC,17.67,79.12,47.4,Depression,shear_pattern,True
2090,mosdac_UNNAMED_2020_2090_Depression.png,data/p2_mosdac_expanded/crops\mosdac_UNNAMED_2020_2090_Depression.png,UNNAMED,2020,UNNAMED_2020,train,2020-05-12 15:00:00 UTC,17.72,77.92,44.0,Depression,shear_pattern,True
2091,mosdac_UNNAMED_2020_2091_Depression.png,data/p2_mosdac_expanded/crops\mosdac_UNNAMED_2020_2091_Depression.png,UNNAMED,2020,UNNAMED_2020,train,2020-05-13 18:00:00 UTC,17.71,76.97,47.2,Depression,shear_pattern,True
2092,mosdac_UNNAMED_2020_2092_Depression.png,data/p2_mosdac_expanded/crops\mosdac_UNNAMED_2020_2092_Depression.png,UNNAMED,2020,UNNAMED_2020,train,2020-05-13 21:00:00 UTC,17.8,68.43,48.6,Depression,shear_pattern,True
2093,mosdac_UNNAMED_2020_2093_Depression.png,data/p2_mosdac_expanded/crops\mosdac_UNNAMED_2020_2093_Depression.png,UNNAMED,2020,UNNAMED_2020,train,2020-05-13 00:00:00 UTC,17.79,67.6,42.3,Depression,shear_pattern,True
2094,mosdac_UNNAMED_2020_2094_Depression.png,data/p2_mosdac_expanded/crops\mosdac_UNNAMED_2020_2094_Depression.png,UNNAMED,2020,UNNAMED_2020,train,2020-05-13 03:00:00 UTC,17.78,66.99,44.5,Depression,shear_pattern,True
2095,mosdac_UNNAMED_2020_2095_Depression.png,data/p2_mosdac_expanded/crops\mosdac_UNNAMED_2020_2095_Depression.png,UNNAMED,2020,UNNAMED_2020,train,2020-05-13 06:00:00 UTC,17.77,66.63,42.1,Depression,shear_pattern,True
2096,mosdac_UNNAMED_2020_2096_Depression.png,data/p2_mosdac_expanded/crops\mosdac_UNNAMED_2020_2096_Depression.png,UNNAMED,2020,UNNAMED_2020,train,2020-05-13 09:00:00 UTC,17.76,66.0,45.6,Depression,shear_pattern,True
2097,mosdac_UNNAMED_2020_2097_Depression.png,data/p2_mosdac_expanded/crops\mosdac_UNNAMED_2020_2097_Depression.png,UNNAMED,2020,UNNAMED_2020,train,2020-05-13 12:00:00 UTC,17.76,65.14,43.3,Depression,shear_pattern,True
2098,mosdac_UNNAMED_2020_2098_Depression.png,data/p2_mosdac_expanded/crops\mosdac_UNNAMED_2020_2098_Depression.png,UNNAMED,2020,UNNAMED_2020,train,2020-05-13 15:00:00 UTC,17.75,64.72,43.0,Depression,shear_pattern,True
2099,mosdac_UNNAMED_2020_2099_Depression.png,data/p2_mosdac_expanded/crops\mosdac_UNNAMED_2020_2099_Depression.png,UNNAMED,2020,UNNAMED_2020,train,2020-05-13 18:00:00 UTC,17.74,64.31,43.4,Depression,shear_pattern,True
2100,mosdac_UNNAMED_2020_2100_Depression.png,data/p2_mosdac_expanded/crops\mosdac_UNNAMED_2020_2100_Depression.png,UNNAMED,2020,UNNAMED_2020,train,2020-05-13 21:00:00 UTC,18.76,86.93,39.3,Depression,shear_pattern,True
2101,mosdac_UNNAMED_2020_2101_Depression.png,data/p2_mosdac_expanded/crops\mosdac_UNNAMED_2020_2101_Depression.png,UNNAMED,2020,UNNAMED_2020,train,2020-05-14 00:00:00 UTC,19.37,87.07,42.4,Depression,shear_pattern,True
2102,mosdac_UNNAMED_2020_2102_Depression.png,data/p2_mosdac_expanded/crops\mosdac_UNNAMED_2020_2102_Depression.png,UNNAMED,2020,UNNAMED_2020,train,2020-05-14 03:00:00 UTC,19.79,87.33,38.3,Depression,shear_pattern,True
2103,mosdac_UNNAMED_2020_2103_Depression.png,data/p2_mosdac_expanded/crops\mosdac_UNNAMED_2020_2103_Depression.png,UNNAMED,2020,UNNAMED_2020,train,2020-05-14 06:00:00 UTC,20.42,87.73,35.0,Depression,shear_pattern,True
2104,mosdac_UNNAMED_2020_2104_Depression.png,data/p2_mosdac_expanded/crops\mosdac_UNNAMED_2020_2104_Depression.png,UNNAMED,2020,UNNAMED_2020,train,2020-05-14 09:00:00 UTC,21.18,88.23,37.2,Depression,shear_pattern,True
2105,mosdac_UNNAMED_2020_2105_Depression.png,data/p2_mosdac_expanded/crops\mosdac_UNNAMED_2020_2105_Depression.png,UNNAMED,2020,UNNAMED_2020,train,2020-05-14 12:00:00 UTC,21.66,88.51,36.7,Depression,shear_pattern,True
2106,mosdac_UNNAMED_2020_2106_Depression.png,data/p2_mosdac_expanded/crops\mosdac_UNNAMED_2020_2106_Depression.png,UNNAMED,2020,UNNAMED_2020,train,2020-05-14 15:00:00 UTC,23.04,89.4,35.0,Depression,shear_pattern,True
2107,mosdac_UNNAMED_2020_2107_Depression.png,data/p2_mosdac_expanded/crops\mosdac_UNNAMED_2020_2107_Depression.png,UNNAMED,2020,UNNAMED_2020,train,2020-05-14 18:00:00 UTC,23.81,89.79,35.0,Depression,shear_pattern,True
2108,mosdac_UNNAMED_2020_2108_Depression.png,data/p2_mosdac_expanded/crops\mosdac_UNNAMED_2020_2108_Depression.png,UNNAMED,2020,UNNAMED_2020,train,2020-05-14 21:00:00 UTC,10.95,53.51,35.0,Depression,shear_pattern,True
2109,mosdac_UNNAMED_2020_2109_Depression.png,data/p2_mosdac_expanded/crops\mosdac_UNNAMED_2020_2109_Depression.png,UNNAMED,2020,UNNAMED_2020,train,2020-05-14 00:00:00 UTC,11.11,46.61,35.0,Depression,shear_pattern,True
2110,mosdac_UNNAMED_2020_2110_Depression.png,data/p2_mosdac_expanded/crops\mosdac_UNNAMED_2020_2110_Depression.png,UNNAMED,2020,UNNAMED_2020,train,2020-05-14 03:00:00 UTC,9.12,84.73,35.0,Depression,shear_pattern,True
2111,mosdac_UNNAMED_2020_2111_Depression.png,data/p2_mosdac_expanded/crops\mosdac_UNNAMED_2020_2111_Depression.png,UNNAMED,2020,UNNAMED_2020,train,2020-05-15 06:00:00 UTC,9.45,84.14,35.0,Depression,shear_pattern,True
2112,mosdac_UNNAMED_2020_2112_Depression.png,data/p2_mosdac_expanded/crops\mosdac_UNNAMED_2020_2112_Depression.png,UNNAMED,2020,UNNAMED_2020,train,2020-05-15 09:00:00 UTC,13.54,80.09,35.0,Depression,shear_pattern,True
2113,mosdac_UNNAMED_2020_2113_Depression.png,data/p2_mosdac_expanded/crops\mosdac_UNNAMED_2020_2113_Depression.png,UNNAMED,2020,UNNAMED_2020,train,2020-05-15 12:00:00 UTC,8.05,87.08,35.0,Depression,shear_pattern,True
2114,mosdac_UNNAMED_2020_2114_Depression.png,data/p2_mosdac_expanded/crops\mosdac_UNNAMED_2020_2114_Depression.png,UNNAMED,2020,UNNAMED_2020,train,2020-05-15 15:00:00 UTC,7.52,87.53,35.0,Depression,shear_pattern,True
2115,mosdac_UNNAMED_2020_2115_Depression.png,data/p2_mosdac_expanded/crops\mosdac_UNNAMED_2020_2115_Depression.png,UNNAMED,2020,UNNAMED_2020,train,2020-05-15 18:00:00 UTC,7.49,87.23,35.0,Depression,shear_pattern,True
2116,mosdac_UNNAMED_2020_2116_Depression.png,data/p2_mosdac_expanded/crops\mosdac_UNNAMED_2020_2116_Depression.png,UNNAMED,2020,UNNAMED_2020,train,2020-05-15 21:00:00 UTC,7.43,87.05,35.0,Depression,shear_pattern,True
2117,mosdac_UNNAMED_2020_2117_Depression.png,data/p2_mosdac_expanded/crops\mosdac_UNNAMED_2020_2117_Depression.png,UNNAMED,2020,UNNAMED_2020,train,2020-05-15 00:00:00 UTC,8.98,80.86,35.0,Depression,shear_pattern,True
2118,mosdac_UNNAMED_2020_2118_Depression.png,data/p2_mosdac_expanded/crops\mosdac_UNNAMED_2020_2118_Depression.png,UNNAMED,2020,UNNAMED_2020,train,2020-05-15 03:00:00 UTC,9.19,79.33,35.0,Depression,shear_pattern,True
2119,mosdac_UNNAMED_2020_2119_Depression.png,data/p2_mosdac_expanded/crops\mosdac_UNNAMED_2020_2119_Depression.png,UNNAMED,2020,UNNAMED_2020,train,2020-05-15 06:00:00 UTC,9.05,79.42,35.0,Depression,shear_pattern,True
2120,mosdac_UNNAMED_2020_2120_Depression.png,data/p2_mosdac_expanded/crops\mosdac_UNNAMED_2020_2120_Depression.png,UNNAMED,2020,UNNAMED_2020,train,2020-05-15 09:00:00 UTC,9.16,79.59,35.0,Depression,shear_pattern,True
