sample_id,SID,input_start_time,input_end_time,target_6h_time,target_12h_time,target_24h_time
0,1980284N09092,1980-10-10 06:00:00,1980-10-11 06:00:00,1980-10-11 12:00:00,1980-10-11 18:00:00,1980-10-12 06:00:00
1,1980284N09092,1980-10-10 09:00:00,1980-10-11 09:00:00,1980-10-11 15:00:00,1980-10-11 21:00:00,1980-10-12 09:00:00
2,1980284N09092,1980-10-10 12:00:00,1980-10-11 12:00:00,1980-10-11 18:00:00,1980-10-12 00:00:00,1980-10-12 12:00:00
3,1980284N09092,1980-10-10 15:00:00,1980-10-11 15:00:00,1980-10-11 21:00:00,1980-10-12 03:00:00,1980-10-12 15:00:00
4,1980284N09092,1980-10-10 18:00:00,1980-10-11 18:00:00,1980-10-12 00:00:00,1980-10-12 06:00:00,1980-10-12 18:00:00
5,1980284N09092,1980-10-10 21:00:00,1980-10-11 21:00:00,1980-10-12 03:00:00,1980-10-12 09:00:00,1980-10-12 21:00:00
6,1980284N09092,1980-10-11 00:00:00,1980-10-12 00:00:00,1980-10-12 06:00:00,1980-10-12 12:00:00,1980-10-13 00:00:00
7,1980284N09092,1980-10-11 03:00:00,1980-10-12 03:00:00,1980-10-12 09:00:00,1980-10-12 15:00:00,1980-10-13 03:00:00
8,1980284N09092,1980-10-11 06:00:00,1980-10-12 06:00:00,1980-10-12 12:00:00,1980-10-12 18:00:00,1980-10-13 06:00:00
9,1980284N09092,1980-10-11 09:00:00,1980-10-12 09:00:00,1980-10-12 15:00:00,1980-10-12 21:00:00,1980-10-13 09:00:00
10,1980284N09092,1980-10-11 12:00:00,1980-10-12 12:00:00,1980-10-12 18:00:00,1980-10-13 00:00:00,1980-10-13 12:00:00
11,1980284N09092,1980-10-11 15:00:00,1980-10-12 15:00:00,1980-10-12 21:00:00,1980-10-13 03:00:00,1980-10-13 15:00:00
12,1980284N09092,1980-10-11 18:00:00,1980-10-12 18:00:00,1980-10-13 00:00:00,1980-10-13 06:00:00,1980-10-13 18:00:00
13,1980284N09092,1980-10-11 21:00:00,1980-10-12 21:00:00,1980-10-13 03:00:00,1980-10-13 09:00:00,1980-10-13 21:00:00
14,1980284N09092,1980-10-12 00:00:00,1980-10-13 00:00:00,1980-10-13 06:00:00,1980-10-13 12:00:00,1980-10-14 00:00:00
15,1980284N09092,1980-10-12 03:00:00,1980-10-13 03:00:00,1980-10-13 09:00:00,1980-10-13 15:00:00,1980-10-14 03:00:00
16,1980284N09092,1980-10-12 06:00:00,1980-10-13 06:00:00,1980-10-13 12:00:00,1980-10-13 18:00:00,1980-10-14 06:00:00
17,1980284N09092,1980-10-12 09:00:00,1980-10-13 09:00:00,1980-10-13 15:00:00,1980-10-13 21:00:00,1980-10-14 09:00:00
18,1980284N09092,1980-10-12 12:00:00,1980-10-13 12:00:00,1980-10-13 18:00:00,1980-10-14 00:00:00,1980-10-14 12:00:00
19,1980284N09092,1980-10-12 15:00:00,1980-10-13 15:00:00,1980-10-13 21:00:00,1980-10-14 03:00:00,1980-10-14 15:00:00
20,1980284N09092,1980-10-12 18:00:00,1980-10-13 18:00:00,1980-10-14 00:00:00,1980-10-14 06:00:00,1980-10-14 18:00:00
21,1980284N09092,1980-10-12 21:00:00,1980-10-13 21:00:00,1980-10-14 03:00:00,1980-10-14 09:00:00,1980-10-14 21:00:00
22,1980284N09092,1980-10-13 00:00:00,1980-10-14 00:00:00,1980-10-14 06:00:00,1980-10-14 12:00:00,1980-10-15 00:00:00
23,1980284N09092,1980-10-13 03:00:00,1980-10-14 03:00:00,1980-10-14 09:00:00,1980-10-14 15:00:00,1980-10-15 03:00:00
24,1980284N09092,1980-10-13 06:00:00,1980-10-14 06:00:00,1980-10-14 12:00:00,1980-10-14 18:00:00,1980-10-15 06:00:00
25,1980284N09092,1980-10-13 09:00:00,1980-10-14 09:00:00,1980-10-14 15:00:00,1980-10-14 21:00:00,1980-10-15 09:00:00
26,1980284N09092,1980-10-13 12:00:00,1980-10-14 12:00:00,1980-10-14 18:00:00,1980-10-15 00:00:00,1980-10-15 12:00:00
27,1980284N09092,1980-10-13 15:00:00,1980-10-14 15:00:00,1980-10-14 21:00:00,1980-10-15 03:00:00,1980-10-15 15:00:00
28,1980284N09092,1980-10-13 18:00:00,1980-10-14 18:00:00,1980-10-15 00:00:00,1980-10-15 06:00:00,1980-10-15 18:00:00
29,1980284N09092,1980-10-13 21:00:00,1980-10-14 21:00:00,1980-10-15 03:00:00,1980-10-15 09:00:00,1980-10-15 21:00:00
30,1980284N09092,1980-10-14 00:00:00,1980-10-15 00:00:00,1980-10-15 06:00:00,1980-10-15 12:00:00,1980-10-16 00:00:00
31,1980284N09092,1980-10-14 03:00:00,1980-10-15 03:00:00,1980-10-15 09:00:00,1980-10-15 15:00:00,1980-10-16 03:00:00
32,1980284N09092,1980-10-14 06:00:00,1980-10-15 06:00:00,1980-10-15 12:00:00,1980-10-15 18:00:00,1980-10-16 06:00:00
33,1980284N09092,1980-10-14 09:00:00,1980-10-15 09:00:00,1980-10-15 15:00:00,1980-10-15 21:00:00,1980-10-16 09:00:00
34,1980284N09092,1980-10-14 12:00:00,1980-10-15 12:00:00,1980-10-15 18:00:00,1980-10-16 00:00:00,1980-10-16 12:00:00
35,1980284N09092,1980-10-14 15:00:00,1980-10-15 15:00:00,1980-10-15 21:00:00,1980-10-16 03:00:00,1980-10-16 15:00:00
36,1980284N09092,1980-10-14 18:00:00,1980-10-15 18:00:00,1980-10-16 00:00:00,1980-10-16 06:00:00,1980-10-16 18:00:00
37,1980284N09092,1980-10-14 21:00:00,1980-10-15 21:00:00,1980-10-16 03:00:00,1980-10-16 09:00:00,1980-10-16 21:00:00
38,1980284N09092,1980-10-15 00:00:00,1980-10-16 00:00:00,1980-10-16 06:00:00,1980-10-16 12:00:00,1980-10-17 00:00:00
39,1980284N09092,1980-10-15 03:00:00,1980-10-16 03:00:00,1980-10-16 09:00:00,1980-10-16 15:00:00,1980-10-17 03:00:00
40,1980284N09092,1980-10-15 06:00:00,1980-10-16 06:00:00,1980-10-16 12:00:00,1980-10-16 18:00:00,1980-10-17 06:00:00
41,1980284N09092,1980-10-15 09:00:00,1980-10-16 09:00:00,1980-10-16 15:00:00,1980-10-16 21:00:00,1980-10-17 09:00:00
42,1980284N09092,1980-10-15 12:00:00,1980-10-16 12:00:00,1980-10-16 18:00:00,1980-10-17 00:00:00,1980-10-17 12:00:00
43,1980284N09092,1980-10-15 15:00:00,1980-10-16 15:00:00,1980-10-16 21:00:00,1980-10-17 03:00:00,1980-10-17 15:00:00
44,1980284N09092,1980-10-15 18:00:00,1980-10-16 18:00:00,1980-10-17 00:00:00,1980-10-17 06:00:00,1980-10-17 18:00:00
45,1980284N09092,1980-10-15 21:00:00,1980-10-16 21:00:00,1980-10-17 03:00:00,1980-10-17 09:00:00,1980-10-17 21:00:00
46,1980284N09092,1980-10-16 00:00:00,1980-10-17 00:00:00,1980-10-17 06:00:00,1980-10-17 12:00:00,1980-10-18 00:00:00
47,1980284N09092,1980-10-16 03:00:00,1980-10-17 03:00:00,1980-10-17 09:00:00,1980-10-17 15:00:00,1980-10-18 03:00:00
48,1980284N09092,1980-10-16 06:00:00,1980-10-17 06:00:00,1980-10-17 12:00:00,1980-10-17 18:00:00,1980-10-18 06:00:00
49,1980284N09092,1980-10-16 09:00:00,1980-10-17 09:00:00,1980-10-17 15:00:00,1980-10-17 21:00:00,1980-10-18 09:00:00
50,1980284N09092,1980-10-16 12:00:00,1980-10-17 12:00:00,1980-10-17 18:00:00,1980-10-18 00:00:00,1980-10-18 12:00:00
51,1980284N09092,1980-10-16 15:00:00,1980-10-17 15:00:00,1980-10-17 21:00:00,1980-10-18 03:00:00,1980-10-18 15:00:00
52,1980284N09092,1980-10-16 18:00:00,1980-10-17 18:00:00,1980-10-18 00:00:00,1980-10-18 06:00:00,1980-10-18 18:00:00
53,1980284N09092,1980-10-16 21:00:00,1980-10-17 21:00:00,1980-10-18 03:00:00,1980-10-18 09:00:00,1980-10-18 21:00:00
54,1980284N09092,1980-10-17 00:00:00,1980-10-18 00:00:00,1980-10-18 06:00:00,1980-10-18 12:00:00,1980-10-19 00:00:00
55,1980284N09092,1980-10-17 03:00:00,1980-10-18 03:00:00,1980-10-18 09:00:00,1980-10-18 15:00:00,1980-10-19 03:00:00
56,1980284N09092,1980-10-17 06:00:00,1980-10-18 06:00:00,1980-10-18 12:00:00,1980-10-18 18:00:00,1980-10-19 06:00:00
57,1980284N09092,1980-10-17 09:00:00,1980-10-18 09:00:00,1980-10-18 15:00:00,1980-10-18 21:00:00,1980-10-19 09:00:00
58,1980284N09092,1980-10-17 12:00:00,1980-10-18 12:00:00,1980-10-18 18:00:00,1980-10-19 00:00:00,1980-10-19 12:00:00
59,1980284N09092,1980-10-17 15:00:00,1980-10-18 15:00:00,1980-10-18 21:00:00,1980-10-19 03:00:00,1980-10-19 15:00:00
60,1980284N09092,1980-10-17 18:00:00,1980-10-18 18:00:00,1980-10-19 00:00:00,1980-10-19 06:00:00,1980-10-19 18:00:00
61,1980284N09092,1980-10-17 21:00:00,1980-10-18 21:00:00,1980-10-19 03:00:00,1980-10-19 09:00:00,1980-10-19 21:00:00
62,1980284N09092,1980-10-18 00:00:00,1980-10-19 00:00:00,1980-10-19 06:00:00,1980-10-19 12:00:00,1980-10-20 00:00:00
63,1980290N10088,1980-10-16 00:00:00,1980-10-17 00:00:00,1980-10-17 06:00:00,1980-10-17 12:00:00,1980-10-18 00:00:00
64,1980290N10088,1980-10-16 03:00:00,1980-10-17 03:00:00,1980-10-17 09:00:00,1980-10-17 15:00:00,1980-10-18 03:00:00
65,1980290N10088,1980-10-16 06:00:00,1980-10-17 06:00:00,1980-10-17 12:00:00,1980-10-17 18:00:00,1980-10-18 06:00:00
66,1980290N10088,1980-10-16 09:00:00,1980-10-17 09:00:00,1980-10-17 15:00:00,1980-10-17 21:00:00,1980-10-18 09:00:00
67,1980290N10088,1980-10-16 12:00:00,1980-10-17 12:00:00,1980-10-17 18:00:00,1980-10-18 00:00:00,1980-10-18 12:00:00
68,1980290N10088,1980-10-16 15:00:00,1980-10-17 15:00:00,1980-10-17 21:00:00,1980-10-18 03:00:00,1980-10-18 15:00:00
69,1980290N10088,1980-10-16 18:00:00,1980-10-17 18:00:00,1980-10-18 00:00:00,1980-10-18 06:00:00,1980-10-18 18:00:00
70,1980290N10088,1980-10-16 21:00:00,1980-10-17 21:00:00,1980-10-18 03:00:00,1980-10-18 09:00:00,1980-10-18 21:00:00
71,1980290N10088,1980-10-17 00:00:00,1980-10-18 00:00:00,1980-10-18 06:00:00,1980-10-18 12:00:00,1980-10-19 00:00:00
72,1980338N09085,1980-12-03 00:00:00,1980-12-04 00:00:00,1980-12-04 06:00:00,1980-12-04 12:00:00,1980-12-05 00:00:00
73,1980338N09085,1980-12-03 03:00:00,1980-12-04 03:00:00,1980-12-04 09:00:00,1980-12-04 15:00:00,1980-12-05 03:00:00
74,1980338N09085,1980-12-03 06:00:00,1980-12-04 06:00:00,1980-12-04 12:00:00,1980-12-04 18:00:00,1980-12-05 06:00:00
75,1980338N09085,1980-12-03 09:00:00,1980-12-04 09:00:00,1980-12-04 15:00:00,1980-12-04 21:00:00,1980-12-05 09:00:00
76,1980338N09085,1980-12-03 12:00:00,1980-12-04 12:00:00,1980-12-04 18:00:00,1980-12-05 00:00:00,1980-12-05 12:00:00
77,1980338N09085,1980-12-03 15:00:00,1980-12-04 15:00:00,1980-12-04 21:00:00,1980-12-05 03:00:00,1980-12-05 15:00:00
78,1980338N09085,1980-12-03 18:00:00,1980-12-04 18:00:00,1980-12-05 00:00:00,1980-12-05 06:00:00,1980-12-05 18:00:00
79,1980338N09085,1980-12-03 21:00:00,1980-12-04 21:00:00,1980-12-05 03:00:00,1980-12-05 09:00:00,1980-12-05 21:00:00
80,1980338N09085,1980-12-04 00:00:00,1980-12-05 00:00:00,1980-12-05 06:00:00,1980-12-05 12:00:00,1980-12-06 00:00:00
81,1980338N09085,1980-12-04 03:00:00,1980-12-05 03:00:00,1980-12-05 09:00:00,1980-12-05 15:00:00,1980-12-06 03:00:00
82,1980338N09085,1980-12-04 06:00:00,1980-12-05 06:00:00,1980-12-05 12:00:00,1980-12-05 18:00:00,1980-12-06 06:00:00
83,1980338N09085,1980-12-04 09:00:00,1980-12-05 09:00:00,1980-12-05 15:00:00,1980-12-05 21:00:00,1980-12-06 09:00:00
84,1980338N09085,1980-12-04 12:00:00,1980-12-05 12:00:00,1980-12-05 18:00:00,1980-12-06 00:00:00,1980-12-06 12:00:00
85,1980338N09085,1980-12-04 15:00:00,1980-12-05 15:00:00,1980-12-05 21:00:00,1980-12-06 03:00:00,1980-12-06 15:00:00
86,1980338N09085,1980-12-04 18:00:00,1980-12-05 18:00:00,1980-12-06 00:00:00,1980-12-06 06:00:00,1980-12-06 18:00:00
87,1980338N09085,1980-12-04 21:00:00,1980-12-05 21:00:00,1980-12-06 03:00:00,1980-12-06 09:00:00,1980-12-06 21:00:00
88,1980338N09085,1980-12-05 00:00:00,1980-12-06 00:00:00,1980-12-06 06:00:00,1980-12-06 12:00:00,1980-12-07 00:00:00
89,1980338N09085,1980-12-05 03:00:00,1980-12-06 03:00:00,1980-12-06 09:00:00,1980-12-06 15:00:00,1980-12-07 03:00:00
90,1980338N09085,1980-12-05 06:00:00,1980-12-06 06:00:00,1980-12-06 12:00:00,1980-12-06 18:00:00,1980-12-07 06:00:00
91,1980338N09085,1980-12-05 09:00:00,1980-12-06 09:00:00,1980-12-06 15:00:00,1980-12-06 21:00:00,1980-12-07 09:00:00
92,1980338N09085,1980-12-05 12:00:00,1980-12-06 12:00:00,1980-12-06 18:00:00,1980-12-07 00:00:00,1980-12-07 12:00:00
93,1981283N07132,1981-10-12 12:00:00,1981-10-13 12:00:00,1981-10-13 18:00:00,1981-10-14 00:00:00,1981-10-14 12:00:00
94,1981283N07132,1981-10-12 15:00:00,1981-10-13 15:00:00,1981-10-13 21:00:00,1981-10-14 03:00:00,1981-10-14 15:00:00
95,1981283N07132,1981-10-12 18:00:00,1981-10-13 18:00:00,1981-10-14 00:00:00,1981-10-14 06:00:00,1981-10-14 18:00:00
96,1981283N07132,1981-10-12 21:00:00,1981-10-13 21:00:00,1981-10-14 03:00:00,1981-10-14 09:00:00,1981-10-14 21:00:00
97,1981283N07132,1981-10-13 00:00:00,1981-10-14 00:00:00,1981-10-14 06:00:00,1981-10-14 12:00:00,1981-10-15 00:00:00
98,1981283N07132,1981-10-13 03:00:00,1981-10-14 03:00:00,1981-10-14 09:00:00,1981-10-14 15:00:00,1981-10-15 03:00:00
99,1982214N23090,1982-08-02 03:00:00,1982-08-03 03:00:00,1982-08-03 09:00:00,1982-08-03 15:00:00,1982-08-04 03:00:00
100,1982239N19089,1982-08-27 03:00:00,1982-08-28 03:00:00,1982-08-28 09:00:00,1982-08-28 15:00:00,1982-08-29 03:00:00
101,1982239N19089,1982-08-27 06:00:00,1982-08-28 06:00:00,1982-08-28 12:00:00,1982-08-28 18:00:00,1982-08-29 06:00:00
102,1982239N19089,1982-08-27 09:00:00,1982-08-28 09:00:00,1982-08-28 15:00:00,1982-08-28 21:00:00,1982-08-29 09:00:00
103,1982239N19089,1982-08-27 12:00:00,1982-08-28 12:00:00,1982-08-28 18:00:00,1982-08-29 00:00:00,1982-08-29 12:00:00
104,1982239N19089,1982-08-27 15:00:00,1982-08-28 15:00:00,1982-08-28 21:00:00,1982-08-29 03:00:00,1982-08-29 15:00:00
105,1982239N19089,1982-08-27 18:00:00,1982-08-28 18:00:00,1982-08-29 00:00:00,1982-08-29 06:00:00,1982-08-29 18:00:00
106,1982239N19089,1982-08-27 21:00:00,1982-08-28 21:00:00,1982-08-29 03:00:00,1982-08-29 09:00:00,1982-08-29 21:00:00
107,1982239N19089,1982-08-28 00:00:00,1982-08-29 00:00:00,1982-08-29 06:00:00,1982-08-29 12:00:00,1982-08-30 00:00:00
108,1982239N19089,1982-08-28 03:00:00,1982-08-29 03:00:00,1982-08-29 09:00:00,1982-08-29 15:00:00,1982-08-30 03:00:00
109,1982239N19089,1982-08-28 06:00:00,1982-08-29 06:00:00,1982-08-29 12:00:00,1982-08-29 18:00:00,1982-08-30 06:00:00
110,1982239N19089,1982-08-28 09:00:00,1982-08-29 09:00:00,1982-08-29 15:00:00,1982-08-29 21:00:00,1982-08-30 09:00:00
111,1982239N19089,1982-08-28 12:00:00,1982-08-29 12:00:00,1982-08-29 18:00:00,1982-08-30 00:00:00,1982-08-30 12:00:00
112,1982239N19089,1982-08-28 15:00:00,1982-08-29 15:00:00,1982-08-29 21:00:00,1982-08-30 03:00:00,1982-08-30 15:00:00
113,1982239N19089,1982-08-28 18:00:00,1982-08-29 18:00:00,1982-08-30 00:00:00,1982-08-30 06:00:00,1982-08-30 18:00:00
114,1982239N19089,1982-08-28 21:00:00,1982-08-29 21:00:00,1982-08-30 03:00:00,1982-08-30 09:00:00,1982-08-30 21:00:00
115,1982239N19089,1982-08-29 00:00:00,1982-08-30 00:00:00,1982-08-30 06:00:00,1982-08-30 12:00:00,1982-08-31 00:00:00
116,1982239N19089,1982-08-29 03:00:00,1982-08-30 03:00:00,1982-08-30 09:00:00,1982-08-30 15:00:00,1982-08-31 03:00:00
117,1982239N19089,1982-08-29 06:00:00,1982-08-30 06:00:00,1982-08-30 12:00:00,1982-08-30 18:00:00,1982-08-31 06:00:00
118,1982239N19089,1982-08-29 09:00:00,1982-08-30 09:00:00,1982-08-30 15:00:00,1982-08-30 21:00:00,1982-08-31 09:00:00
119,1982239N19089,1982-08-29 12:00:00,1982-08-30 12:00:00,1982-08-30 18:00:00,1982-08-31 00:00:00,1982-08-31 12:00:00
120,1982239N19089,1982-08-29 15:00:00,1982-08-30 15:00:00,1982-08-30 21:00:00,1982-08-31 03:00:00,1982-08-31 15:00:00
121,1982239N19089,1982-08-29 18:00:00,1982-08-30 18:00:00,1982-08-31 00:00:00,1982-08-31 06:00:00,1982-08-31 18:00:00
122,1982239N19089,1982-08-29 21:00:00,1982-08-30 21:00:00,1982-08-31 03:00:00,1982-08-31 09:00:00,1982-08-31 21:00:00
123,1982239N19089,1982-08-30 00:00:00,1982-08-31 00:00:00,1982-08-31 06:00:00,1982-08-31 12:00:00,1982-09-01 00:00:00
124,1982239N19089,1982-08-30 03:00:00,1982-08-31 03:00:00,1982-08-31 09:00:00,1982-08-31 15:00:00,1982-09-01 03:00:00
125,1982239N19089,1982-08-30 06:00:00,1982-08-31 06:00:00,1982-08-31 12:00:00,1982-08-31 18:00:00,1982-09-01 06:00:00
126,1982239N19089,1982-08-30 09:00:00,1982-08-31 09:00:00,1982-08-31 15:00:00,1982-08-31 21:00:00,1982-09-01 09:00:00
127,1982239N19089,1982-08-30 12:00:00,1982-08-31 12:00:00,1982-08-31 18:00:00,1982-09-01 00:00:00,1982-09-01 12:00:00
128,1982239N19089,1982-08-30 15:00:00,1982-08-31 15:00:00,1982-08-31 21:00:00,1982-09-01 03:00:00,1982-09-01 15:00:00
129,1982239N19089,1982-08-30 18:00:00,1982-08-31 18:00:00,1982-09-01 00:00:00,1982-09-01 06:00:00,1982-09-01 18:00:00
130,1982239N19089,1982-08-30 21:00:00,1982-08-31 21:00:00,1982-09-01 03:00:00,1982-09-01 09:00:00,1982-09-01 21:00:00
131,1982239N19089,1982-08-31 00:00:00,1982-09-01 00:00:00,1982-09-01 06:00:00,1982-09-01 12:00:00,1982-09-02 00:00:00
132,1982239N19089,1982-08-31 03:00:00,1982-09-01 03:00:00,1982-09-01 09:00:00,1982-09-01 15:00:00,1982-09-02 03:00:00
133,1982239N19089,1982-08-31 06:00:00,1982-09-01 06:00:00,1982-09-01 12:00:00,1982-09-01 18:00:00,1982-09-02 06:00:00
134,1982239N19089,1982-08-31 09:00:00,1982-09-01 09:00:00,1982-09-01 15:00:00,1982-09-01 21:00:00,1982-09-02 09:00:00
135,1982239N19089,1982-08-31 12:00:00,1982-09-01 12:00:00,1982-09-01 18:00:00,1982-09-02 00:00:00,1982-09-02 12:00:00
136,1982290N09084,1982-10-19 03:00:00,1982-10-20 03:00:00,1982-10-20 09:00:00,1982-10-20 15:00:00,1982-10-21 03:00:00
137,1982290N09084,1982-10-19 06:00:00,1982-10-20 06:00:00,1982-10-20 12:00:00,1982-10-20 18:00:00,1982-10-21 06:00:00
138,1982290N09084,1982-10-19 09:00:00,1982-10-20 09:00:00,1982-10-20 15:00:00,1982-10-20 21:00:00,1982-10-21 09:00:00
139,1982290N09084,1982-10-19 12:00:00,1982-10-20 12:00:00,1982-10-20 18:00:00,1982-10-21 00:00:00,1982-10-21 12:00:00
140,1983171N20071,1983-06-20 03:00:00,1983-06-21 03:00:00,1983-06-21 09:00:00,1983-06-21 15:00:00,1983-06-22 03:00:00
141,1983171N20071,1983-06-20 06:00:00,1983-06-21 06:00:00,1983-06-21 12:00:00,1983-06-21 18:00:00,1983-06-22 06:00:00
142,1983171N20071,1983-06-20 09:00:00,1983-06-21 09:00:00,1983-06-21 15:00:00,1983-06-21 21:00:00,1983-06-22 09:00:00
143,1983171N20071,1983-06-20 12:00:00,1983-06-21 12:00:00,1983-06-21 18:00:00,1983-06-22 00:00:00,1983-06-22 12:00:00
144,1983175N18087,1983-06-24 03:00:00,1983-06-25 03:00:00,1983-06-25 09:00:00,1983-06-25 15:00:00,1983-06-26 03:00:00
145,1983175N18087,1983-06-24 06:00:00,1983-06-25 06:00:00,1983-06-25 12:00:00,1983-06-25 18:00:00,1983-06-26 06:00:00
146,1983175N18087,1983-06-24 09:00:00,1983-06-25 09:00:00,1983-06-25 15:00:00,1983-06-25 21:00:00,1983-06-26 09:00:00
147,1983175N18087,1983-06-24 12:00:00,1983-06-25 12:00:00,1983-06-25 18:00:00,1983-06-26 00:00:00,1983-06-26 12:00:00
148,1983175N18087,1983-06-24 15:00:00,1983-06-25 15:00:00,1983-06-25 21:00:00,1983-06-26 03:00:00,1983-06-26 15:00:00
149,1983175N18087,1983-06-24 18:00:00,1983-06-25 18:00:00,1983-06-26 00:00:00,1983-06-26 06:00:00,1983-06-26 18:00:00
150,1983175N18087,1983-06-24 21:00:00,1983-06-25 21:00:00,1983-06-26 03:00:00,1983-06-26 09:00:00,1983-06-26 21:00:00
151,1983175N18087,1983-06-25 00:00:00,1983-06-26 00:00:00,1983-06-26 06:00:00,1983-06-26 12:00:00,1983-06-27 00:00:00
152,1983175N18087,1983-06-25 03:00:00,1983-06-26 03:00:00,1983-06-26 09:00:00,1983-06-26 15:00:00,1983-06-27 03:00:00
153,1983175N18087,1983-06-25 06:00:00,1983-06-26 06:00:00,1983-06-26 12:00:00,1983-06-26 18:00:00,1983-06-27 06:00:00
154,1983175N18087,1983-06-25 09:00:00,1983-06-26 09:00:00,1983-06-26 15:00:00,1983-06-26 21:00:00,1983-06-27 09:00:00
155,1983175N18087,1983-06-25 12:00:00,1983-06-26 12:00:00,1983-06-26 18:00:00,1983-06-27 00:00:00,1983-06-27 12:00:00
156,1983216N23088,1983-08-04 00:00:00,1983-08-05 00:00:00,1983-08-05 06:00:00,1983-08-05 12:00:00,1983-08-06 00:00:00
157,1983216N23088,1983-08-04 03:00:00,1983-08-05 03:00:00,1983-08-05 09:00:00,1983-08-05 15:00:00,1983-08-06 03:00:00
158,1983216N23088,1983-08-04 06:00:00,1983-08-05 06:00:00,1983-08-05 12:00:00,1983-08-05 18:00:00,1983-08-06 06:00:00
159,1983216N23088,1983-08-04 09:00:00,1983-08-05 09:00:00,1983-08-05 15:00:00,1983-08-05 21:00:00,1983-08-06 09:00:00
160,1983216N23088,1983-08-04 12:00:00,1983-08-05 12:00:00,1983-08-05 18:00:00,1983-08-06 00:00:00,1983-08-06 12:00:00
161,1983216N23088,1983-08-04 15:00:00,1983-08-05 15:00:00,1983-08-05 21:00:00,1983-08-06 03:00:00,1983-08-06 15:00:00
162,1983216N23088,1983-08-04 18:00:00,1983-08-05 18:00:00,1983-08-06 00:00:00,1983-08-06 06:00:00,1983-08-06 18:00:00
163,1983216N23088,1983-08-04 21:00:00,1983-08-05 21:00:00,1983-08-06 03:00:00,1983-08-06 09:00:00,1983-08-06 21:00:00
164,1983216N23088,1983-08-05 00:00:00,1983-08-06 00:00:00,1983-08-06 06:00:00,1983-08-06 12:00:00,1983-08-07 00:00:00
165,1983216N23088,1983-08-05 03:00:00,1983-08-06 03:00:00,1983-08-06 09:00:00,1983-08-06 15:00:00,1983-08-07 03:00:00
166,1983216N23088,1983-08-05 06:00:00,1983-08-06 06:00:00,1983-08-06 12:00:00,1983-08-06 18:00:00,1983-08-07 06:00:00
167,1983216N23088,1983-08-05 09:00:00,1983-08-06 09:00:00,1983-08-06 15:00:00,1983-08-06 21:00:00,1983-08-07 09:00:00
168,1983216N23088,1983-08-05 12:00:00,1983-08-06 12:00:00,1983-08-06 18:00:00,1983-08-07 00:00:00,1983-08-07 12:00:00
169,1983216N23088,1983-08-05 15:00:00,1983-08-06 15:00:00,1983-08-06 21:00:00,1983-08-07 03:00:00,1983-08-07 15:00:00
170,1983216N23088,1983-08-05 18:00:00,1983-08-06 18:00:00,1983-08-07 00:00:00,1983-08-07 06:00:00,1983-08-07 18:00:00
171,1983216N23088,1983-08-05 21:00:00,1983-08-06 21:00:00,1983-08-07 03:00:00,1983-08-07 09:00:00,1983-08-07 21:00:00
172,1983216N23088,1983-08-06 00:00:00,1983-08-07 00:00:00,1983-08-07 06:00:00,1983-08-07 12:00:00,1983-08-08 00:00:00
173,1983216N23088,1983-08-06 03:00:00,1983-08-07 03:00:00,1983-08-07 09:00:00,1983-08-07 15:00:00,1983-08-08 03:00:00
174,1983216N23088,1983-08-06 06:00:00,1983-08-07 06:00:00,1983-08-07 12:00:00,1983-08-07 18:00:00,1983-08-08 06:00:00
175,1983216N23088,1983-08-06 09:00:00,1983-08-07 09:00:00,1983-08-07 15:00:00,1983-08-07 21:00:00,1983-08-08 09:00:00
176,1983216N23088,1983-08-06 12:00:00,1983-08-07 12:00:00,1983-08-07 18:00:00,1983-08-08 00:00:00,1983-08-08 12:00:00
177,1983216N23088,1983-08-06 15:00:00,1983-08-07 15:00:00,1983-08-07 21:00:00,1983-08-08 03:00:00,1983-08-08 15:00:00
178,1983216N23088,1983-08-06 18:00:00,1983-08-07 18:00:00,1983-08-08 00:00:00,1983-08-08 06:00:00,1983-08-08 18:00:00
179,1983216N23088,1983-08-06 21:00:00,1983-08-07 21:00:00,1983-08-08 03:00:00,1983-08-08 09:00:00,1983-08-08 21:00:00
180,1983216N23088,1983-08-07 00:00:00,1983-08-08 00:00:00,1983-08-08 06:00:00,1983-08-08 12:00:00,1983-08-09 00:00:00
181,1983216N23088,1983-08-07 03:00:00,1983-08-08 03:00:00,1983-08-08 09:00:00,1983-08-08 15:00:00,1983-08-09 03:00:00
182,1983216N23088,1983-08-07 06:00:00,1983-08-08 06:00:00,1983-08-08 12:00:00,1983-08-08 18:00:00,1983-08-09 06:00:00
183,1983216N23088,1983-08-07 09:00:00,1983-08-08 09:00:00,1983-08-08 15:00:00,1983-08-08 21:00:00,1983-08-09 09:00:00
184,1983216N23088,1983-08-07 12:00:00,1983-08-08 12:00:00,1983-08-08 18:00:00,1983-08-09 00:00:00,1983-08-09 12:00:00
185,1983216N23088,1983-08-07 15:00:00,1983-08-08 15:00:00,1983-08-08 21:00:00,1983-08-09 03:00:00,1983-08-09 15:00:00
186,1983216N23088,1983-08-07 18:00:00,1983-08-08 18:00:00,1983-08-09 00:00:00,1983-08-09 06:00:00,1983-08-09 18:00:00
187,1983216N23088,1983-08-07 21:00:00,1983-08-08 21:00:00,1983-08-09 03:00:00,1983-08-09 09:00:00,1983-08-09 21:00:00
188,1983216N23088,1983-08-08 00:00:00,1983-08-09 00:00:00,1983-08-09 06:00:00,1983-08-09 12:00:00,1983-08-10 00:00:00
189,1983216N23088,1983-08-08 03:00:00,1983-08-09 03:00:00,1983-08-09 09:00:00,1983-08-09 15:00:00,1983-08-10 03:00:00
190,1983216N23088,1983-08-08 06:00:00,1983-08-09 06:00:00,1983-08-09 12:00:00,1983-08-09 18:00:00,1983-08-10 06:00:00
191,1983216N23088,1983-08-08 09:00:00,1983-08-09 09:00:00,1983-08-09 15:00:00,1983-08-09 21:00:00,1983-08-10 09:00:00
192,1983216N23088,1983-08-08 12:00:00,1983-08-09 12:00:00,1983-08-09 18:00:00,1983-08-10 00:00:00,1983-08-10 12:00:00
193,1983216N23088,1983-08-08 15:00:00,1983-08-09 15:00:00,1983-08-09 21:00:00,1983-08-10 03:00:00,1983-08-10 15:00:00
194,1983216N23088,1983-08-08 18:00:00,1983-08-09 18:00:00,1983-08-10 00:00:00,1983-08-10 06:00:00,1983-08-10 18:00:00
195,1983274N18089,1983-10-01 00:00:00,1983-10-02 00:00:00,1983-10-02 06:00:00,1983-10-02 12:00:00,1983-10-03 00:00:00
196,1983274N18089,1983-10-01 03:00:00,1983-10-02 03:00:00,1983-10-02 09:00:00,1983-10-02 15:00:00,1983-10-03 03:00:00
197,1983274N18089,1983-10-01 06:00:00,1983-10-02 06:00:00,1983-10-02 12:00:00,1983-10-02 18:00:00,1983-10-03 06:00:00
198,1983274N18089,1983-10-01 09:00:00,1983-10-02 09:00:00,1983-10-02 15:00:00,1983-10-02 21:00:00,1983-10-03 09:00:00
199,1983274N18089,1983-10-01 12:00:00,1983-10-02 12:00:00,1983-10-02 18:00:00,1983-10-03 00:00:00,1983-10-03 12:00:00
200,1983274N18089,1983-10-01 15:00:00,1983-10-02 15:00:00,1983-10-02 21:00:00,1983-10-03 03:00:00,1983-10-03 15:00:00
201,1983274N18089,1983-10-01 18:00:00,1983-10-02 18:00:00,1983-10-03 00:00:00,1983-10-03 06:00:00,1983-10-03 18:00:00
202,1983274N18089,1983-10-01 21:00:00,1983-10-02 21:00:00,1983-10-03 03:00:00,1983-10-03 09:00:00,1983-10-03 21:00:00
203,1983274N18089,1983-10-02 00:00:00,1983-10-03 00:00:00,1983-10-03 06:00:00,1983-10-03 12:00:00,1983-10-04 00:00:00
204,1983276N06130,1983-10-03 00:00:00,1983-10-04 00:00:00,1983-10-04 06:00:00,1983-10-04 12:00:00,1983-10-05 00:00:00
205,1983276N06130,1983-10-03 03:00:00,1983-10-04 03:00:00,1983-10-04 09:00:00,1983-10-04 15:00:00,1983-10-05 03:00:00
206,1983276N06130,1983-10-03 06:00:00,1983-10-04 06:00:00,1983-10-04 12:00:00,1983-10-04 18:00:00,1983-10-05 06:00:00
207,1983276N06130,1983-10-03 09:00:00,1983-10-04 09:00:00,1983-10-04 15:00:00,1983-10-04 21:00:00,1983-10-05 09:00:00
208,1983276N06130,1983-10-03 12:00:00,1983-10-04 12:00:00,1983-10-04 18:00:00,1983-10-05 00:00:00,1983-10-05 12:00:00
209,1983276N06130,1983-10-03 15:00:00,1983-10-04 15:00:00,1983-10-04 21:00:00,1983-10-05 03:00:00,1983-10-05 15:00:00
210,1983276N06130,1983-10-03 18:00:00,1983-10-04 18:00:00,1983-10-05 00:00:00,1983-10-05 06:00:00,1983-10-05 18:00:00
211,1983276N06130,1983-10-03 21:00:00,1983-10-04 21:00:00,1983-10-05 03:00:00,1983-10-05 09:00:00,1983-10-05 21:00:00
212,1983276N06130,1983-10-04 00:00:00,1983-10-05 00:00:00,1983-10-05 06:00:00,1983-10-05 12:00:00,1983-10-06 00:00:00
213,1983276N06130,1983-10-04 03:00:00,1983-10-05 03:00:00,1983-10-05 09:00:00,1983-10-05 15:00:00,1983-10-06 03:00:00
214,1983276N06130,1983-10-06 12:00:00,1983-10-07 12:00:00,1983-10-07 18:00:00,1983-10-08 00:00:00,1983-10-08 12:00:00
215,1983276N06130,1983-10-06 15:00:00,1983-10-07 15:00:00,1983-10-07 21:00:00,1983-10-08 03:00:00,1983-10-08 15:00:00
216,1983276N06130,1983-10-06 18:00:00,1983-10-07 18:00:00,1983-10-08 00:00:00,1983-10-08 06:00:00,1983-10-08 18:00:00
217,1983276N06130,1983-10-06 21:00:00,1983-10-07 21:00:00,1983-10-08 03:00:00,1983-10-08 09:00:00,1983-10-08 21:00:00
218,1983276N06130,1983-10-07 00:00:00,1983-10-08 00:00:00,1983-10-08 06:00:00,1983-10-08 12:00:00,1983-10-09 00:00:00
219,1983276N06130,1983-10-07 03:00:00,1983-10-08 03:00:00,1983-10-08 09:00:00,1983-10-08 15:00:00,1983-10-09 03:00:00
220,1983276N06130,1983-10-07 06:00:00,1983-10-08 06:00:00,1983-10-08 12:00:00,1983-10-08 18:00:00,1983-10-09 06:00:00
221,1983276N06130,1983-10-07 09:00:00,1983-10-08 09:00:00,1983-10-08 15:00:00,1983-10-08 21:00:00,1983-10-09 09:00:00
222,1983276N06130,1983-10-07 12:00:00,1983-10-08 12:00:00,1983-10-08 18:00:00,1983-10-09 00:00:00,1983-10-09 12:00:00
223,1983276N06130,1983-10-07 15:00:00,1983-10-08 15:00:00,1983-10-08 21:00:00,1983-10-09 03:00:00,1983-10-09 15:00:00
224,1983282N09155,1983-10-09 00:00:00,1983-10-10 00:00:00,1983-10-10 06:00:00,1983-10-10 12:00:00,1983-10-11 00:00:00
225,1983282N09155,1983-10-09 03:00:00,1983-10-10 03:00:00,1983-10-10 09:00:00,1983-10-10 15:00:00,1983-10-11 03:00:00
226,1983282N09155,1983-10-09 06:00:00,1983-10-10 06:00:00,1983-10-10 12:00:00,1983-10-10 18:00:00,1983-10-11 06:00:00
227,1983282N09155,1983-10-09 09:00:00,1983-10-10 09:00:00,1983-10-10 15:00:00,1983-10-10 21:00:00,1983-10-11 09:00:00
228,1983282N09155,1983-10-09 12:00:00,1983-10-10 12:00:00,1983-10-10 18:00:00,1983-10-11 00:00:00,1983-10-11 12:00:00
229,1983282N09155,1983-10-09 15:00:00,1983-10-10 15:00:00,1983-10-10 21:00:00,1983-10-11 03:00:00,1983-10-11 15:00:00
230,1983282N09155,1983-10-09 18:00:00,1983-10-10 18:00:00,1983-10-11 00:00:00,1983-10-11 06:00:00,1983-10-11 18:00:00
231,1983282N09155,1983-10-09 21:00:00,1983-10-10 21:00:00,1983-10-11 03:00:00,1983-10-11 09:00:00,1983-10-11 21:00:00
232,1983282N09155,1983-10-10 00:00:00,1983-10-11 00:00:00,1983-10-11 06:00:00,1983-10-11 12:00:00,1983-10-12 00:00:00
233,1983282N09155,1983-10-10 03:00:00,1983-10-11 03:00:00,1983-10-11 09:00:00,1983-10-11 15:00:00,1983-10-12 03:00:00
234,1983282N09155,1983-10-10 06:00:00,1983-10-11 06:00:00,1983-10-11 12:00:00,1983-10-11 18:00:00,1983-10-12 06:00:00
235,1983282N09155,1983-10-10 09:00:00,1983-10-11 09:00:00,1983-10-11 15:00:00,1983-10-11 21:00:00,1983-10-12 09:00:00
236,1983282N09155,1983-10-10 12:00:00,1983-10-11 12:00:00,1983-10-11 18:00:00,1983-10-12 00:00:00,1983-10-12 12:00:00
237,1983282N09155,1983-10-10 15:00:00,1983-10-11 15:00:00,1983-10-11 21:00:00,1983-10-12 03:00:00,1983-10-12 15:00:00
238,1983282N09155,1983-10-10 18:00:00,1983-10-11 18:00:00,1983-10-12 00:00:00,1983-10-12 06:00:00,1983-10-12 18:00:00
239,1983282N09155,1983-10-10 21:00:00,1983-10-11 21:00:00,1983-10-12 03:00:00,1983-10-12 09:00:00,1983-10-12 21:00:00
240,1983282N09155,1983-10-11 00:00:00,1983-10-12 00:00:00,1983-10-12 06:00:00,1983-10-12 12:00:00,1983-10-13 00:00:00
241,1983282N09155,1983-10-11 03:00:00,1983-10-12 03:00:00,1983-10-12 09:00:00,1983-10-12 15:00:00,1983-10-13 03:00:00
242,1983282N09155,1983-10-11 06:00:00,1983-10-12 06:00:00,1983-10-12 12:00:00,1983-10-12 18:00:00,1983-10-13 06:00:00
243,1983282N09155,1983-10-11 09:00:00,1983-10-12 09:00:00,1983-10-12 15:00:00,1983-10-12 21:00:00,1983-10-13 09:00:00
244,1983282N09155,1983-10-11 12:00:00,1983-10-12 12:00:00,1983-10-12 18:00:00,1983-10-13 00:00:00,1983-10-13 12:00:00
245,1983282N09155,1983-10-11 15:00:00,1983-10-12 15:00:00,1983-10-12 21:00:00,1983-10-13 03:00:00,1983-10-13 15:00:00
246,1983282N09155,1983-10-11 18:00:00,1983-10-12 18:00:00,1983-10-13 00:00:00,1983-10-13 06:00:00,1983-10-13 18:00:00
247,1983282N09155,1983-10-11 21:00:00,1983-10-12 21:00:00,1983-10-13 03:00:00,1983-10-13 09:00:00,1983-10-13 21:00:00
248,1983282N09155,1983-10-12 00:00:00,1983-10-13 00:00:00,1983-10-13 06:00:00,1983-10-13 12:00:00,1983-10-14 00:00:00
249,1983282N09155,1983-10-12 03:00:00,1983-10-13 03:00:00,1983-10-13 09:00:00,1983-10-13 15:00:00,1983-10-14 03:00:00
250,1983282N09155,1983-10-12 06:00:00,1983-10-13 06:00:00,1983-10-13 12:00:00,1983-10-13 18:00:00,1983-10-14 06:00:00
251,1983282N09155,1983-10-12 09:00:00,1983-10-13 09:00:00,1983-10-13 15:00:00,1983-10-13 21:00:00,1983-10-14 09:00:00
252,1983282N09155,1983-10-12 12:00:00,1983-10-13 12:00:00,1983-10-13 18:00:00,1983-10-14 00:00:00,1983-10-14 12:00:00
253,1983282N09155,1983-10-12 15:00:00,1983-10-13 15:00:00,1983-10-13 21:00:00,1983-10-14 03:00:00,1983-10-14 15:00:00
254,1983282N09155,1983-10-12 18:00:00,1983-10-13 18:00:00,1983-10-14 00:00:00,1983-10-14 06:00:00,1983-10-14 18:00:00
255,1983282N09155,1983-10-12 21:00:00,1983-10-13 21:00:00,1983-10-14 03:00:00,1983-10-14 09:00:00,1983-10-14 21:00:00
256,1983282N09155,1983-10-15 18:00:00,1983-10-16 18:00:00,1983-10-17 00:00:00,1983-10-17 06:00:00,1983-10-17 18:00:00
257,1983282N09155,1983-10-15 21:00:00,1983-10-16 21:00:00,1983-10-17 03:00:00,1983-10-17 09:00:00,1983-10-17 21:00:00
258,1983282N09155,1983-10-16 00:00:00,1983-10-17 00:00:00,1983-10-17 06:00:00,1983-10-17 12:00:00,1983-10-18 00:00:00
259,1983282N09155,1983-10-16 03:00:00,1983-10-17 03:00:00,1983-10-17 09:00:00,1983-10-17 15:00:00,1983-10-18 03:00:00
260,1983309N10091,1983-11-05 06:00:00,1983-11-06 06:00:00,1983-11-06 12:00:00,1983-11-06 18:00:00,1983-11-07 06:00:00
261,1983309N10091,1983-11-05 09:00:00,1983-11-06 09:00:00,1983-11-06 15:00:00,1983-11-06 21:00:00,1983-11-07 09:00:00
262,1983309N10091,1983-11-05 12:00:00,1983-11-06 12:00:00,1983-11-06 18:00:00,1983-11-07 00:00:00,1983-11-07 12:00:00
263,1983309N10091,1983-11-05 15:00:00,1983-11-06 15:00:00,1983-11-06 21:00:00,1983-11-07 03:00:00,1983-11-07 15:00:00
264,1983309N10091,1983-11-05 18:00:00,1983-11-06 18:00:00,1983-11-07 00:00:00,1983-11-07 06:00:00,1983-11-07 18:00:00
265,1983309N10091,1983-11-05 21:00:00,1983-11-06 21:00:00,1983-11-07 03:00:00,1983-11-07 09:00:00,1983-11-07 21:00:00
266,1983309N10091,1983-11-06 00:00:00,1983-11-07 00:00:00,1983-11-07 06:00:00,1983-11-07 12:00:00,1983-11-08 00:00:00
267,1983309N10091,1983-11-06 03:00:00,1983-11-07 03:00:00,1983-11-07 09:00:00,1983-11-07 15:00:00,1983-11-08 03:00:00
268,1983309N10091,1983-11-06 06:00:00,1983-11-07 06:00:00,1983-11-07 12:00:00,1983-11-07 18:00:00,1983-11-08 06:00:00
269,1983309N10091,1983-11-06 09:00:00,1983-11-07 09:00:00,1983-11-07 15:00:00,1983-11-07 21:00:00,1983-11-08 09:00:00
270,1983309N10091,1983-11-06 12:00:00,1983-11-07 12:00:00,1983-11-07 18:00:00,1983-11-08 00:00:00,1983-11-08 12:00:00
271,1983309N10091,1983-11-06 15:00:00,1983-11-07 15:00:00,1983-11-07 21:00:00,1983-11-08 03:00:00,1983-11-08 15:00:00
272,1983309N10091,1983-11-06 18:00:00,1983-11-07 18:00:00,1983-11-08 00:00:00,1983-11-08 06:00:00,1983-11-08 18:00:00
273,1983309N10091,1983-11-06 21:00:00,1983-11-07 21:00:00,1983-11-08 03:00:00,1983-11-08 09:00:00,1983-11-08 21:00:00
274,1983309N10091,1983-11-07 00:00:00,1983-11-08 00:00:00,1983-11-08 06:00:00,1983-11-08 12:00:00,1983-11-09 00:00:00
275,1983309N10091,1983-11-07 03:00:00,1983-11-08 03:00:00,1983-11-08 09:00:00,1983-11-08 15:00:00,1983-11-09 03:00:00
276,1983309N10091,1983-11-07 06:00:00,1983-11-08 06:00:00,1983-11-08 12:00:00,1983-11-08 18:00:00,1983-11-09 06:00:00
277,1983309N10091,1983-11-07 09:00:00,1983-11-08 09:00:00,1983-11-08 15:00:00,1983-11-08 21:00:00,1983-11-09 09:00:00
278,1983309N10091,1983-11-07 12:00:00,1983-11-08 12:00:00,1983-11-08 18:00:00,1983-11-09 00:00:00,1983-11-09 12:00:00
279,1983309N10091,1983-11-07 15:00:00,1983-11-08 15:00:00,1983-11-08 21:00:00,1983-11-09 03:00:00,1983-11-09 15:00:00
280,1983309N10091,1983-11-07 18:00:00,1983-11-08 18:00:00,1983-11-09 00:00:00,1983-11-09 06:00:00,1983-11-09 18:00:00
281,1984145N11056,1984-05-23 12:00:00,1984-05-24 12:00:00,1984-05-24 18:00:00,1984-05-25 00:00:00,1984-05-25 12:00:00
282,1984145N11056,1984-05-23 15:00:00,1984-05-24 15:00:00,1984-05-24 21:00:00,1984-05-25 03:00:00,1984-05-25 15:00:00
283,1984145N11056,1984-05-23 18:00:00,1984-05-24 18:00:00,1984-05-25 00:00:00,1984-05-25 06:00:00,1984-05-25 18:00:00
284,1984145N11056,1984-05-23 21:00:00,1984-05-24 21:00:00,1984-05-25 03:00:00,1984-05-25 09:00:00,1984-05-25 21:00:00
285,1984145N11056,1984-05-24 00:00:00,1984-05-25 00:00:00,1984-05-25 06:00:00,1984-05-25 12:00:00,1984-05-26 00:00:00
286,1984145N11056,1984-05-24 03:00:00,1984-05-25 03:00:00,1984-05-25 09:00:00,1984-05-25 15:00:00,1984-05-26 03:00:00
287,1984145N11056,1984-05-24 06:00:00,1984-05-25 06:00:00,1984-05-25 12:00:00,1984-05-25 18:00:00,1984-05-26 06:00:00
288,1984145N11056,1984-05-24 09:00:00,1984-05-25 09:00:00,1984-05-25 15:00:00,1984-05-25 21:00:00,1984-05-26 09:00:00
289,1984145N11056,1984-05-24 12:00:00,1984-05-25 12:00:00,1984-05-25 18:00:00,1984-05-26 00:00:00,1984-05-26 12:00:00
290,1984145N11056,1984-05-24 15:00:00,1984-05-25 15:00:00,1984-05-25 21:00:00,1984-05-26 03:00:00,1984-05-26 15:00:00
291,1984145N11056,1984-05-24 18:00:00,1984-05-25 18:00:00,1984-05-26 00:00:00,1984-05-26 06:00:00,1984-05-26 18:00:00
292,1984145N11056,1984-05-24 21:00:00,1984-05-25 21:00:00,1984-05-26 03:00:00,1984-05-26 09:00:00,1984-05-26 21:00:00
293,1984145N11056,1984-05-25 00:00:00,1984-05-26 00:00:00,1984-05-26 06:00:00,1984-05-26 12:00:00,1984-05-27 00:00:00
294,1984145N11056,1984-05-25 03:00:00,1984-05-26 03:00:00,1984-05-26 09:00:00,1984-05-26 15:00:00,1984-05-27 03:00:00
295,1984145N11056,1984-05-25 06:00:00,1984-05-26 06:00:00,1984-05-26 12:00:00,1984-05-26 18:00:00,1984-05-27 06:00:00
296,1984145N11056,1984-05-25 09:00:00,1984-05-26 09:00:00,1984-05-26 15:00:00,1984-05-26 21:00:00,1984-05-27 09:00:00
297,1984145N11056,1984-05-25 12:00:00,1984-05-26 12:00:00,1984-05-26 18:00:00,1984-05-27 00:00:00,1984-05-27 12:00:00
298,1984145N11056,1984-05-25 15:00:00,1984-05-26 15:00:00,1984-05-26 21:00:00,1984-05-27 03:00:00,1984-05-27 15:00:00
299,1984145N11056,1984-05-25 18:00:00,1984-05-26 18:00:00,1984-05-27 00:00:00,1984-05-27 06:00:00,1984-05-27 18:00:00
300,1984145N11056,1984-05-25 21:00:00,1984-05-26 21:00:00,1984-05-27 03:00:00,1984-05-27 09:00:00,1984-05-27 21:00:00
301,1984145N11056,1984-05-26 00:00:00,1984-05-27 00:00:00,1984-05-27 06:00:00,1984-05-27 12:00:00,1984-05-28 00:00:00
302,1984145N11056,1984-05-26 03:00:00,1984-05-27 03:00:00,1984-05-27 09:00:00,1984-05-27 15:00:00,1984-05-28 03:00:00
303,1984145N11056,1984-05-26 06:00:00,1984-05-27 06:00:00,1984-05-27 12:00:00,1984-05-27 18:00:00,1984-05-28 06:00:00
304,1984169N20137,1984-06-18 18:00:00,1984-06-19 18:00:00,1984-06-20 00:00:00,1984-06-20 06:00:00,1984-06-20 18:00:00
305,1984169N20137,1984-06-18 21:00:00,1984-06-19 21:00:00,1984-06-20 03:00:00,1984-06-20 09:00:00,1984-06-20 21:00:00
306,1984169N20137,1984-06-19 00:00:00,1984-06-20 00:00:00,1984-06-20 06:00:00,1984-06-20 12:00:00,1984-06-21 00:00:00
307,1984169N20137,1984-06-19 03:00:00,1984-06-20 03:00:00,1984-06-20 09:00:00,1984-06-20 15:00:00,1984-06-21 03:00:00
308,1984169N20137,1984-06-19 06:00:00,1984-06-20 06:00:00,1984-06-20 12:00:00,1984-06-20 18:00:00,1984-06-21 06:00:00
309,1984169N20137,1984-06-19 09:00:00,1984-06-20 09:00:00,1984-06-20 15:00:00,1984-06-20 21:00:00,1984-06-21 09:00:00
310,1984169N20137,1984-06-19 12:00:00,1984-06-20 12:00:00,1984-06-20 18:00:00,1984-06-21 00:00:00,1984-06-21 12:00:00
311,1984169N20137,1984-06-19 15:00:00,1984-06-20 15:00:00,1984-06-20 21:00:00,1984-06-21 03:00:00,1984-06-21 15:00:00
312,1984169N20137,1984-06-19 18:00:00,1984-06-20 18:00:00,1984-06-21 00:00:00,1984-06-21 06:00:00,1984-06-21 18:00:00
313,1984169N20137,1984-06-19 21:00:00,1984-06-20 21:00:00,1984-06-21 03:00:00,1984-06-21 09:00:00,1984-06-21 21:00:00
314,1984169N20137,1984-06-20 00:00:00,1984-06-21 00:00:00,1984-06-21 06:00:00,1984-06-21 12:00:00,1984-06-22 00:00:00
315,1984169N20137,1984-06-20 03:00:00,1984-06-21 03:00:00,1984-06-21 09:00:00,1984-06-21 15:00:00,1984-06-22 03:00:00
316,1984169N20137,1984-06-20 06:00:00,1984-06-21 06:00:00,1984-06-21 12:00:00,1984-06-21 18:00:00,1984-06-22 06:00:00
317,1984169N20137,1984-06-20 09:00:00,1984-06-21 09:00:00,1984-06-21 15:00:00,1984-06-21 21:00:00,1984-06-22 09:00:00
318,1984169N20137,1984-06-20 12:00:00,1984-06-21 12:00:00,1984-06-21 18:00:00,1984-06-22 00:00:00,1984-06-22 12:00:00
319,1984169N20137,1984-06-20 15:00:00,1984-06-21 15:00:00,1984-06-21 21:00:00,1984-06-22 03:00:00,1984-06-22 15:00:00
320,1984169N20137,1984-06-20 18:00:00,1984-06-21 18:00:00,1984-06-22 00:00:00,1984-06-22 06:00:00,1984-06-22 18:00:00
321,1984169N20137,1984-06-20 21:00:00,1984-06-21 21:00:00,1984-06-22 03:00:00,1984-06-22 09:00:00,1984-06-22 21:00:00
322,1984169N20137,1984-06-21 00:00:00,1984-06-22 00:00:00,1984-06-22 06:00:00,1984-06-22 12:00:00,1984-06-23 00:00:00
323,1984169N20137,1984-06-21 03:00:00,1984-06-22 03:00:00,1984-06-22 09:00:00,1984-06-22 15:00:00,1984-06-23 03:00:00
324,1984169N20137,1984-06-21 06:00:00,1984-06-22 06:00:00,1984-06-22 12:00:00,1984-06-22 18:00:00,1984-06-23 06:00:00
325,1984169N20137,1984-06-21 09:00:00,1984-06-22 09:00:00,1984-06-22 15:00:00,1984-06-22 21:00:00,1984-06-23 09:00:00
326,1984169N20137,1984-06-21 12:00:00,1984-06-22 12:00:00,1984-06-22 18:00:00,1984-06-23 00:00:00,1984-06-23 12:00:00
327,1984169N20137,1984-06-21 15:00:00,1984-06-22 15:00:00,1984-06-22 21:00:00,1984-06-23 03:00:00,1984-06-23 15:00:00
328,1984169N20137,1984-06-21 18:00:00,1984-06-22 18:00:00,1984-06-23 00:00:00,1984-06-23 06:00:00,1984-06-23 18:00:00
329,1984169N20137,1984-06-21 21:00:00,1984-06-22 21:00:00,1984-06-23 03:00:00,1984-06-23 09:00:00,1984-06-23 21:00:00
330,1984169N20137,1984-06-22 00:00:00,1984-06-23 00:00:00,1984-06-23 06:00:00,1984-06-23 12:00:00,1984-06-24 00:00:00
331,1984169N20137,1984-06-22 03:00:00,1984-06-23 03:00:00,1984-06-23 09:00:00,1984-06-23 15:00:00,1984-06-24 03:00:00
332,1984169N20137,1984-06-22 06:00:00,1984-06-23 06:00:00,1984-06-23 12:00:00,1984-06-23 18:00:00,1984-06-24 06:00:00
333,1984169N20137,1984-06-22 09:00:00,1984-06-23 09:00:00,1984-06-23 15:00:00,1984-06-23 21:00:00,1984-06-24 09:00:00
334,1984169N20137,1984-06-22 12:00:00,1984-06-23 12:00:00,1984-06-23 18:00:00,1984-06-24 00:00:00,1984-06-24 12:00:00
335,1984169N20137,1984-06-22 15:00:00,1984-06-23 15:00:00,1984-06-23 21:00:00,1984-06-24 03:00:00,1984-06-24 15:00:00
336,1984169N20137,1984-06-22 18:00:00,1984-06-23 18:00:00,1984-06-24 00:00:00,1984-06-24 06:00:00,1984-06-24 18:00:00
337,1984169N20137,1984-06-22 21:00:00,1984-06-23 21:00:00,1984-06-24 03:00:00,1984-06-24 09:00:00,1984-06-24 21:00:00
338,1984169N20137,1984-06-23 00:00:00,1984-06-24 00:00:00,1984-06-24 06:00:00,1984-06-24 12:00:00,1984-06-25 00:00:00
339,1984169N20137,1984-06-23 03:00:00,1984-06-24 03:00:00,1984-06-24 09:00:00,1984-06-24 15:00:00,1984-06-25 03:00:00
340,1984169N20137,1984-06-23 06:00:00,1984-06-24 06:00:00,1984-06-24 12:00:00,1984-06-24 18:00:00,1984-06-25 06:00:00
341,1984169N20137,1984-06-23 09:00:00,1984-06-24 09:00:00,1984-06-24 15:00:00,1984-06-24 21:00:00,1984-06-25 09:00:00
342,1984169N20137,1984-06-23 12:00:00,1984-06-24 12:00:00,1984-06-24 18:00:00,1984-06-25 00:00:00,1984-06-25 12:00:00
343,1984169N20137,1984-06-23 15:00:00,1984-06-24 15:00:00,1984-06-24 21:00:00,1984-06-25 03:00:00,1984-06-25 15:00:00
344,1984169N20137,1984-06-23 18:00:00,1984-06-24 18:00:00,1984-06-25 00:00:00,1984-06-25 06:00:00,1984-06-25 18:00:00
345,1984169N20137,1984-06-23 21:00:00,1984-06-24 21:00:00,1984-06-25 03:00:00,1984-06-25 09:00:00,1984-06-25 21:00:00
346,1984169N20137,1984-06-24 00:00:00,1984-06-25 00:00:00,1984-06-25 06:00:00,1984-06-25 12:00:00,1984-06-26 00:00:00
347,1984169N20137,1984-06-24 03:00:00,1984-06-25 03:00:00,1984-06-25 09:00:00,1984-06-25 15:00:00,1984-06-26 03:00:00
348,1984169N20137,1984-06-24 06:00:00,1984-06-25 06:00:00,1984-06-25 12:00:00,1984-06-25 18:00:00,1984-06-26 06:00:00
349,1984169N20137,1984-06-24 09:00:00,1984-06-25 09:00:00,1984-06-25 15:00:00,1984-06-25 21:00:00,1984-06-26 09:00:00
350,1984169N20137,1984-06-24 12:00:00,1984-06-25 12:00:00,1984-06-25 18:00:00,1984-06-26 00:00:00,1984-06-26 12:00:00
351,1984169N20137,1984-06-24 15:00:00,1984-06-25 15:00:00,1984-06-25 21:00:00,1984-06-26 03:00:00,1984-06-26 15:00:00
352,1984169N20137,1984-06-24 18:00:00,1984-06-25 18:00:00,1984-06-26 00:00:00,1984-06-26 06:00:00,1984-06-26 18:00:00
353,1984169N20137,1984-06-24 21:00:00,1984-06-25 21:00:00,1984-06-26 03:00:00,1984-06-26 09:00:00,1984-06-26 21:00:00
354,1984169N20137,1984-06-25 00:00:00,1984-06-26 00:00:00,1984-06-26 06:00:00,1984-06-26 12:00:00,1984-06-27 00:00:00
355,1984169N20137,1984-06-25 03:00:00,1984-06-26 03:00:00,1984-06-26 09:00:00,1984-06-26 15:00:00,1984-06-27 03:00:00
356,1984169N20137,1984-06-25 06:00:00,1984-06-26 06:00:00,1984-06-26 12:00:00,1984-06-26 18:00:00,1984-06-27 06:00:00
357,1984213N20089,1984-07-31 03:00:00,1984-08-01 03:00:00,1984-08-01 09:00:00,1984-08-01 15:00:00,1984-08-02 03:00:00
358,1984213N20089,1984-07-31 06:00:00,1984-08-01 06:00:00,1984-08-01 12:00:00,1984-08-01 18:00:00,1984-08-02 06:00:00
359,1984213N20089,1984-07-31 09:00:00,1984-08-01 09:00:00,1984-08-01 15:00:00,1984-08-01 21:00:00,1984-08-02 09:00:00
360,1984213N20089,1984-07-31 12:00:00,1984-08-01 12:00:00,1984-08-01 18:00:00,1984-08-02 00:00:00,1984-08-02 12:00:00
361,1984213N20089,1984-07-31 15:00:00,1984-08-01 15:00:00,1984-08-01 21:00:00,1984-08-02 03:00:00,1984-08-02 15:00:00
362,1984213N20089,1984-07-31 18:00:00,1984-08-01 18:00:00,1984-08-02 00:00:00,1984-08-02 06:00:00,1984-08-02 18:00:00
363,1984213N20089,1984-07-31 21:00:00,1984-08-01 21:00:00,1984-08-02 03:00:00,1984-08-02 09:00:00,1984-08-02 21:00:00
364,1984213N20089,1984-08-01 00:00:00,1984-08-02 00:00:00,1984-08-02 06:00:00,1984-08-02 12:00:00,1984-08-03 00:00:00
365,1984213N20089,1984-08-01 03:00:00,1984-08-02 03:00:00,1984-08-02 09:00:00,1984-08-02 15:00:00,1984-08-03 03:00:00
366,1984213N20089,1984-08-01 06:00:00,1984-08-02 06:00:00,1984-08-02 12:00:00,1984-08-02 18:00:00,1984-08-03 06:00:00
367,1984213N20089,1984-08-01 09:00:00,1984-08-02 09:00:00,1984-08-02 15:00:00,1984-08-02 21:00:00,1984-08-03 09:00:00
368,1984213N20089,1984-08-01 12:00:00,1984-08-02 12:00:00,1984-08-02 18:00:00,1984-08-03 00:00:00,1984-08-03 12:00:00
369,1984213N20089,1984-08-01 15:00:00,1984-08-02 15:00:00,1984-08-02 21:00:00,1984-08-03 03:00:00,1984-08-03 15:00:00
370,1984213N20089,1984-08-01 18:00:00,1984-08-02 18:00:00,1984-08-03 00:00:00,1984-08-03 06:00:00,1984-08-03 18:00:00
371,1984213N20089,1984-08-01 21:00:00,1984-08-02 21:00:00,1984-08-03 03:00:00,1984-08-03 09:00:00,1984-08-03 21:00:00
372,1984213N20089,1984-08-02 00:00:00,1984-08-03 00:00:00,1984-08-03 06:00:00,1984-08-03 12:00:00,1984-08-04 00:00:00
373,1984213N20089,1984-08-02 03:00:00,1984-08-03 03:00:00,1984-08-03 09:00:00,1984-08-03 15:00:00,1984-08-04 03:00:00
374,1984213N20089,1984-08-02 06:00:00,1984-08-03 06:00:00,1984-08-03 12:00:00,1984-08-03 18:00:00,1984-08-04 06:00:00
375,1984213N20089,1984-08-02 09:00:00,1984-08-03 09:00:00,1984-08-03 15:00:00,1984-08-03 21:00:00,1984-08-04 09:00:00
376,1984213N20089,1984-08-02 12:00:00,1984-08-03 12:00:00,1984-08-03 18:00:00,1984-08-04 00:00:00,1984-08-04 12:00:00
377,1984213N20089,1984-08-02 15:00:00,1984-08-03 15:00:00,1984-08-03 21:00:00,1984-08-04 03:00:00,1984-08-04 15:00:00
378,1984213N20089,1984-08-02 18:00:00,1984-08-03 18:00:00,1984-08-04 00:00:00,1984-08-04 06:00:00,1984-08-04 18:00:00
379,1984213N20089,1984-08-02 21:00:00,1984-08-03 21:00:00,1984-08-04 03:00:00,1984-08-04 09:00:00,1984-08-04 21:00:00
380,1984213N20089,1984-08-03 00:00:00,1984-08-04 00:00:00,1984-08-04 06:00:00,1984-08-04 12:00:00,1984-08-05 00:00:00
381,1984213N20089,1984-08-03 03:00:00,1984-08-04 03:00:00,1984-08-04 09:00:00,1984-08-04 15:00:00,1984-08-05 03:00:00
382,1984213N20089,1984-08-03 06:00:00,1984-08-04 06:00:00,1984-08-04 12:00:00,1984-08-04 18:00:00,1984-08-05 06:00:00
383,1984213N20089,1984-08-03 09:00:00,1984-08-04 09:00:00,1984-08-04 15:00:00,1984-08-04 21:00:00,1984-08-05 09:00:00
384,1984213N20089,1984-08-03 12:00:00,1984-08-04 12:00:00,1984-08-04 18:00:00,1984-08-05 00:00:00,1984-08-05 12:00:00
385,1984213N20089,1984-08-03 15:00:00,1984-08-04 15:00:00,1984-08-04 21:00:00,1984-08-05 03:00:00,1984-08-05 15:00:00
386,1984213N20089,1984-08-03 18:00:00,1984-08-04 18:00:00,1984-08-05 00:00:00,1984-08-05 06:00:00,1984-08-05 18:00:00
387,1984213N20089,1984-08-03 21:00:00,1984-08-04 21:00:00,1984-08-05 03:00:00,1984-08-05 09:00:00,1984-08-05 21:00:00
388,1984213N20089,1984-08-04 00:00:00,1984-08-05 00:00:00,1984-08-05 06:00:00,1984-08-05 12:00:00,1984-08-06 00:00:00
389,1984213N20089,1984-08-04 03:00:00,1984-08-05 03:00:00,1984-08-05 09:00:00,1984-08-05 15:00:00,1984-08-06 03:00:00
390,1984213N20089,1984-08-04 06:00:00,1984-08-05 06:00:00,1984-08-05 12:00:00,1984-08-05 18:00:00,1984-08-06 06:00:00
391,1984213N20089,1984-08-04 09:00:00,1984-08-05 09:00:00,1984-08-05 15:00:00,1984-08-05 21:00:00,1984-08-06 09:00:00
392,1984213N20089,1984-08-04 12:00:00,1984-08-05 12:00:00,1984-08-05 18:00:00,1984-08-06 00:00:00,1984-08-06 12:00:00
393,1984213N20089,1984-08-04 15:00:00,1984-08-05 15:00:00,1984-08-05 21:00:00,1984-08-06 03:00:00,1984-08-06 15:00:00
394,1984213N20089,1984-08-04 18:00:00,1984-08-05 18:00:00,1984-08-06 00:00:00,1984-08-06 06:00:00,1984-08-06 18:00:00
395,1984213N20089,1984-08-04 21:00:00,1984-08-05 21:00:00,1984-08-06 03:00:00,1984-08-06 09:00:00,1984-08-06 21:00:00
396,1984213N20089,1984-08-05 00:00:00,1984-08-06 00:00:00,1984-08-06 06:00:00,1984-08-06 12:00:00,1984-08-07 00:00:00
397,1984213N20089,1984-08-05 03:00:00,1984-08-06 03:00:00,1984-08-06 09:00:00,1984-08-06 15:00:00,1984-08-07 03:00:00
398,1984213N20089,1984-08-05 06:00:00,1984-08-06 06:00:00,1984-08-06 12:00:00,1984-08-06 18:00:00,1984-08-07 06:00:00
399,1984213N20089,1984-08-05 09:00:00,1984-08-06 09:00:00,1984-08-06 15:00:00,1984-08-06 21:00:00,1984-08-07 09:00:00
400,1984213N20089,1984-08-05 12:00:00,1984-08-06 12:00:00,1984-08-06 18:00:00,1984-08-07 00:00:00,1984-08-07 12:00:00
401,1984213N20089,1984-08-05 15:00:00,1984-08-06 15:00:00,1984-08-06 21:00:00,1984-08-07 03:00:00,1984-08-07 15:00:00
402,1984213N20089,1984-08-05 18:00:00,1984-08-06 18:00:00,1984-08-07 00:00:00,1984-08-07 06:00:00,1984-08-07 18:00:00
403,1984228N20091,1984-08-15 00:00:00,1984-08-16 00:00:00,1984-08-16 06:00:00,1984-08-16 12:00:00,1984-08-17 00:00:00
404,1984228N20091,1984-08-15 03:00:00,1984-08-16 03:00:00,1984-08-16 09:00:00,1984-08-16 15:00:00,1984-08-17 03:00:00
405,1984228N20091,1984-08-15 06:00:00,1984-08-16 06:00:00,1984-08-16 12:00:00,1984-08-16 18:00:00,1984-08-17 06:00:00
406,1984228N20091,1984-08-15 09:00:00,1984-08-16 09:00:00,1984-08-16 15:00:00,1984-08-16 21:00:00,1984-08-17 09:00:00
407,1984228N20091,1984-08-15 12:00:00,1984-08-16 12:00:00,1984-08-16 18:00:00,1984-08-17 00:00:00,1984-08-17 12:00:00
408,1984228N20091,1984-08-15 15:00:00,1984-08-16 15:00:00,1984-08-16 21:00:00,1984-08-17 03:00:00,1984-08-17 15:00:00
409,1984228N20091,1984-08-15 18:00:00,1984-08-16 18:00:00,1984-08-17 00:00:00,1984-08-17 06:00:00,1984-08-17 18:00:00
410,1984228N20091,1984-08-15 21:00:00,1984-08-16 21:00:00,1984-08-17 03:00:00,1984-08-17 09:00:00,1984-08-17 21:00:00
411,1984228N20091,1984-08-16 00:00:00,1984-08-17 00:00:00,1984-08-17 06:00:00,1984-08-17 12:00:00,1984-08-18 00:00:00
412,1984228N20091,1984-08-16 03:00:00,1984-08-17 03:00:00,1984-08-17 09:00:00,1984-08-17 15:00:00,1984-08-18 03:00:00
413,1984228N20091,1984-08-16 06:00:00,1984-08-17 06:00:00,1984-08-17 12:00:00,1984-08-17 18:00:00,1984-08-18 06:00:00
414,1984228N20091,1984-08-16 09:00:00,1984-08-17 09:00:00,1984-08-17 15:00:00,1984-08-17 21:00:00,1984-08-18 09:00:00
415,1984228N20091,1984-08-16 12:00:00,1984-08-17 12:00:00,1984-08-17 18:00:00,1984-08-18 00:00:00,1984-08-18 12:00:00
416,1984228N20091,1984-08-16 15:00:00,1984-08-17 15:00:00,1984-08-17 21:00:00,1984-08-18 03:00:00,1984-08-18 15:00:00
417,1984228N20091,1984-08-16 18:00:00,1984-08-17 18:00:00,1984-08-18 00:00:00,1984-08-18 06:00:00,1984-08-18 18:00:00
418,1984228N20091,1984-08-16 21:00:00,1984-08-17 21:00:00,1984-08-18 03:00:00,1984-08-18 09:00:00,1984-08-18 21:00:00
419,1984228N20091,1984-08-17 00:00:00,1984-08-18 00:00:00,1984-08-18 06:00:00,1984-08-18 12:00:00,1984-08-19 00:00:00
420,1984228N20091,1984-08-17 03:00:00,1984-08-18 03:00:00,1984-08-18 09:00:00,1984-08-18 15:00:00,1984-08-19 03:00:00
421,1984228N20091,1984-08-17 06:00:00,1984-08-18 06:00:00,1984-08-18 12:00:00,1984-08-18 18:00:00,1984-08-19 06:00:00
422,1984228N20091,1984-08-17 09:00:00,1984-08-18 09:00:00,1984-08-18 15:00:00,1984-08-18 21:00:00,1984-08-19 09:00:00
423,1984228N20091,1984-08-17 12:00:00,1984-08-18 12:00:00,1984-08-18 18:00:00,1984-08-19 00:00:00,1984-08-19 12:00:00
424,1984285N17089,1984-10-10 12:00:00,1984-10-11 12:00:00,1984-10-11 18:00:00,1984-10-12 00:00:00,1984-10-12 12:00:00
425,1984285N17089,1984-10-10 15:00:00,1984-10-11 15:00:00,1984-10-11 21:00:00,1984-10-12 03:00:00,1984-10-12 15:00:00
426,1984285N17089,1984-10-10 18:00:00,1984-10-11 18:00:00,1984-10-12 00:00:00,1984-10-12 06:00:00,1984-10-12 18:00:00
427,1984285N17089,1984-10-10 21:00:00,1984-10-11 21:00:00,1984-10-12 03:00:00,1984-10-12 09:00:00,1984-10-12 21:00:00
428,1984285N17089,1984-10-11 00:00:00,1984-10-12 00:00:00,1984-10-12 06:00:00,1984-10-12 12:00:00,1984-10-13 00:00:00
429,1984285N17089,1984-10-11 03:00:00,1984-10-12 03:00:00,1984-10-12 09:00:00,1984-10-12 15:00:00,1984-10-13 03:00:00
430,1984285N17089,1984-10-11 06:00:00,1984-10-12 06:00:00,1984-10-12 12:00:00,1984-10-12 18:00:00,1984-10-13 06:00:00
431,1984285N17089,1984-10-11 09:00:00,1984-10-12 09:00:00,1984-10-12 15:00:00,1984-10-12 21:00:00,1984-10-13 09:00:00
432,1984285N17089,1984-10-11 12:00:00,1984-10-12 12:00:00,1984-10-12 18:00:00,1984-10-13 00:00:00,1984-10-13 12:00:00
433,1984285N17089,1984-10-11 15:00:00,1984-10-12 15:00:00,1984-10-12 21:00:00,1984-10-13 03:00:00,1984-10-13 15:00:00
434,1984285N17089,1984-10-11 18:00:00,1984-10-12 18:00:00,1984-10-13 00:00:00,1984-10-13 06:00:00,1984-10-13 18:00:00
435,1984285N17089,1984-10-11 21:00:00,1984-10-12 21:00:00,1984-10-13 03:00:00,1984-10-13 09:00:00,1984-10-13 21:00:00
436,1984285N17089,1984-10-12 00:00:00,1984-10-13 00:00:00,1984-10-13 06:00:00,1984-10-13 12:00:00,1984-10-14 00:00:00
437,1984285N17089,1984-10-12 03:00:00,1984-10-13 03:00:00,1984-10-13 09:00:00,1984-10-13 15:00:00,1984-10-14 03:00:00
438,1984285N17089,1984-10-12 06:00:00,1984-10-13 06:00:00,1984-10-13 12:00:00,1984-10-13 18:00:00,1984-10-14 06:00:00
439,1984285N17089,1984-10-12 09:00:00,1984-10-13 09:00:00,1984-10-13 15:00:00,1984-10-13 21:00:00,1984-10-14 09:00:00
440,1984285N17089,1984-10-12 12:00:00,1984-10-13 12:00:00,1984-10-13 18:00:00,1984-10-14 00:00:00,1984-10-14 12:00:00
441,1984285N17089,1984-10-12 15:00:00,1984-10-13 15:00:00,1984-10-13 21:00:00,1984-10-14 03:00:00,1984-10-14 15:00:00
442,1984285N17089,1984-10-12 18:00:00,1984-10-13 18:00:00,1984-10-14 00:00:00,1984-10-14 06:00:00,1984-10-14 18:00:00
443,1984285N17089,1984-10-12 21:00:00,1984-10-13 21:00:00,1984-10-14 03:00:00,1984-10-14 09:00:00,1984-10-14 21:00:00
444,1984285N17089,1984-10-13 00:00:00,1984-10-14 00:00:00,1984-10-14 06:00:00,1984-10-14 12:00:00,1984-10-15 00:00:00
445,1984285N17089,1984-10-13 03:00:00,1984-10-14 03:00:00,1984-10-14 09:00:00,1984-10-14 15:00:00,1984-10-15 03:00:00
446,1984285N17089,1984-10-13 06:00:00,1984-10-14 06:00:00,1984-10-14 12:00:00,1984-10-14 18:00:00,1984-10-15 06:00:00
447,1984285N17089,1984-10-13 09:00:00,1984-10-14 09:00:00,1984-10-14 15:00:00,1984-10-14 21:00:00,1984-10-15 09:00:00
448,1984285N17089,1984-10-13 12:00:00,1984-10-14 12:00:00,1984-10-14 18:00:00,1984-10-15 00:00:00,1984-10-15 12:00:00
449,1984314N09088,1984-11-09 00:00:00,1984-11-10 00:00:00,1984-11-10 06:00:00,1984-11-10 12:00:00,1984-11-11 00:00:00
450,1984314N09088,1984-11-09 03:00:00,1984-11-10 03:00:00,1984-11-10 09:00:00,1984-11-10 15:00:00,1984-11-11 03:00:00
451,1984314N09088,1984-11-09 06:00:00,1984-11-10 06:00:00,1984-11-10 12:00:00,1984-11-10 18:00:00,1984-11-11 06:00:00
452,1984314N09088,1984-11-09 09:00:00,1984-11-10 09:00:00,1984-11-10 15:00:00,1984-11-10 21:00:00,1984-11-11 09:00:00
453,1984314N09088,1984-11-09 12:00:00,1984-11-10 12:00:00,1984-11-10 18:00:00,1984-11-11 00:00:00,1984-11-11 12:00:00
454,1984314N09088,1984-11-09 15:00:00,1984-11-10 15:00:00,1984-11-10 21:00:00,1984-11-11 03:00:00,1984-11-11 15:00:00
455,1984314N09088,1984-11-09 18:00:00,1984-11-10 18:00:00,1984-11-11 00:00:00,1984-11-11 06:00:00,1984-11-11 18:00:00
456,1984314N09088,1984-11-09 21:00:00,1984-11-10 21:00:00,1984-11-11 03:00:00,1984-11-11 09:00:00,1984-11-11 21:00:00
457,1984314N09088,1984-11-10 00:00:00,1984-11-11 00:00:00,1984-11-11 06:00:00,1984-11-11 12:00:00,1984-11-12 00:00:00
458,1984314N09088,1984-11-10 03:00:00,1984-11-11 03:00:00,1984-11-11 09:00:00,1984-11-11 15:00:00,1984-11-12 03:00:00
459,1984314N09088,1984-11-10 06:00:00,1984-11-11 06:00:00,1984-11-11 12:00:00,1984-11-11 18:00:00,1984-11-12 06:00:00
460,1984314N09088,1984-11-10 09:00:00,1984-11-11 09:00:00,1984-11-11 15:00:00,1984-11-11 21:00:00,1984-11-12 09:00:00
461,1984314N09088,1984-11-10 12:00:00,1984-11-11 12:00:00,1984-11-11 18:00:00,1984-11-12 00:00:00,1984-11-12 12:00:00
462,1984314N09088,1984-11-10 15:00:00,1984-11-11 15:00:00,1984-11-11 21:00:00,1984-11-12 03:00:00,1984-11-12 15:00:00
463,1984314N09088,1984-11-10 18:00:00,1984-11-11 18:00:00,1984-11-12 00:00:00,1984-11-12 06:00:00,1984-11-12 18:00:00
464,1984314N09088,1984-11-10 21:00:00,1984-11-11 21:00:00,1984-11-12 03:00:00,1984-11-12 09:00:00,1984-11-12 21:00:00
465,1984314N09088,1984-11-11 00:00:00,1984-11-12 00:00:00,1984-11-12 06:00:00,1984-11-12 12:00:00,1984-11-13 00:00:00
466,1984314N09088,1984-11-11 03:00:00,1984-11-12 03:00:00,1984-11-12 09:00:00,1984-11-12 15:00:00,1984-11-13 03:00:00
467,1984314N09088,1984-11-11 06:00:00,1984-11-12 06:00:00,1984-11-12 12:00:00,1984-11-12 18:00:00,1984-11-13 06:00:00
468,1984314N09088,1984-11-11 09:00:00,1984-11-12 09:00:00,1984-11-12 15:00:00,1984-11-12 21:00:00,1984-11-13 09:00:00
469,1984314N09088,1984-11-11 12:00:00,1984-11-12 12:00:00,1984-11-12 18:00:00,1984-11-13 00:00:00,1984-11-13 12:00:00
470,1984314N09088,1984-11-11 15:00:00,1984-11-12 15:00:00,1984-11-12 21:00:00,1984-11-13 03:00:00,1984-11-13 15:00:00
471,1984314N09088,1984-11-11 18:00:00,1984-11-12 18:00:00,1984-11-13 00:00:00,1984-11-13 06:00:00,1984-11-13 18:00:00
472,1984314N09088,1984-11-11 21:00:00,1984-11-12 21:00:00,1984-11-13 03:00:00,1984-11-13 09:00:00,1984-11-13 21:00:00
473,1984314N09088,1984-11-12 00:00:00,1984-11-13 00:00:00,1984-11-13 06:00:00,1984-11-13 12:00:00,1984-11-14 00:00:00
474,1984314N09088,1984-11-12 03:00:00,1984-11-13 03:00:00,1984-11-13 09:00:00,1984-11-13 15:00:00,1984-11-14 03:00:00
475,1984314N09088,1984-11-12 06:00:00,1984-11-13 06:00:00,1984-11-13 12:00:00,1984-11-13 18:00:00,1984-11-14 06:00:00
476,1984314N09088,1984-11-12 09:00:00,1984-11-13 09:00:00,1984-11-13 15:00:00,1984-11-13 21:00:00,1984-11-14 09:00:00
477,1984314N09088,1984-11-12 12:00:00,1984-11-13 12:00:00,1984-11-13 18:00:00,1984-11-14 00:00:00,1984-11-14 12:00:00
478,1984314N09088,1984-11-12 15:00:00,1984-11-13 15:00:00,1984-11-13 21:00:00,1984-11-14 03:00:00,1984-11-14 15:00:00
479,1984314N09088,1984-11-12 18:00:00,1984-11-13 18:00:00,1984-11-14 00:00:00,1984-11-14 06:00:00,1984-11-14 18:00:00
480,1984314N09088,1984-11-12 21:00:00,1984-11-13 21:00:00,1984-11-14 03:00:00,1984-11-14 09:00:00,1984-11-14 21:00:00
481,1984314N09088,1984-11-13 00:00:00,1984-11-14 00:00:00,1984-11-14 06:00:00,1984-11-14 12:00:00,1984-11-15 00:00:00
482,1984314N09088,1984-11-13 03:00:00,1984-11-14 03:00:00,1984-11-14 09:00:00,1984-11-14 15:00:00,1984-11-15 03:00:00
483,1984314N09088,1984-11-13 06:00:00,1984-11-14 06:00:00,1984-11-14 12:00:00,1984-11-14 18:00:00,1984-11-15 06:00:00
484,1984332N08086,1984-11-27 06:00:00,1984-11-28 06:00:00,1984-11-28 12:00:00,1984-11-28 18:00:00,1984-11-29 06:00:00
485,1984332N08086,1984-11-27 09:00:00,1984-11-28 09:00:00,1984-11-28 15:00:00,1984-11-28 21:00:00,1984-11-29 09:00:00
486,1984332N08086,1984-11-27 12:00:00,1984-11-28 12:00:00,1984-11-28 18:00:00,1984-11-29 00:00:00,1984-11-29 12:00:00
487,1984332N08086,1984-11-27 15:00:00,1984-11-28 15:00:00,1984-11-28 21:00:00,1984-11-29 03:00:00,1984-11-29 15:00:00
488,1984332N08086,1984-11-27 18:00:00,1984-11-28 18:00:00,1984-11-29 00:00:00,1984-11-29 06:00:00,1984-11-29 18:00:00
489,1984332N08086,1984-11-27 21:00:00,1984-11-28 21:00:00,1984-11-29 03:00:00,1984-11-29 09:00:00,1984-11-29 21:00:00
490,1984332N08086,1984-11-28 00:00:00,1984-11-29 00:00:00,1984-11-29 06:00:00,1984-11-29 12:00:00,1984-11-30 00:00:00
491,1984332N08086,1984-11-28 03:00:00,1984-11-29 03:00:00,1984-11-29 09:00:00,1984-11-29 15:00:00,1984-11-30 03:00:00
492,1984332N08086,1984-11-28 06:00:00,1984-11-29 06:00:00,1984-11-29 12:00:00,1984-11-29 18:00:00,1984-11-30 06:00:00
493,1984332N08086,1984-11-28 09:00:00,1984-11-29 09:00:00,1984-11-29 15:00:00,1984-11-29 21:00:00,1984-11-30 09:00:00
494,1984332N08086,1984-11-28 12:00:00,1984-11-29 12:00:00,1984-11-29 18:00:00,1984-11-30 00:00:00,1984-11-30 12:00:00
495,1984332N08086,1984-11-28 15:00:00,1984-11-29 15:00:00,1984-11-29 21:00:00,1984-11-30 03:00:00,1984-11-30 15:00:00
496,1984332N08086,1984-11-28 18:00:00,1984-11-29 18:00:00,1984-11-30 00:00:00,1984-11-30 06:00:00,1984-11-30 18:00:00
497,1984332N08086,1984-11-28 21:00:00,1984-11-29 21:00:00,1984-11-30 03:00:00,1984-11-30 09:00:00,1984-11-30 21:00:00
498,1984332N08086,1984-11-29 00:00:00,1984-11-30 00:00:00,1984-11-30 06:00:00,1984-11-30 12:00:00,1984-12-01 00:00:00
499,1984332N08086,1984-11-29 03:00:00,1984-11-30 03:00:00,1984-11-30 09:00:00,1984-11-30 15:00:00,1984-12-01 03:00:00
500,1984332N08086,1984-11-29 06:00:00,1984-11-30 06:00:00,1984-11-30 12:00:00,1984-11-30 18:00:00,1984-12-01 06:00:00
501,1984332N08086,1984-11-29 09:00:00,1984-11-30 09:00:00,1984-11-30 15:00:00,1984-11-30 21:00:00,1984-12-01 09:00:00
502,1984332N08086,1984-11-29 12:00:00,1984-11-30 12:00:00,1984-11-30 18:00:00,1984-12-01 00:00:00,1984-12-01 12:00:00
503,1984332N08086,1984-11-29 15:00:00,1984-11-30 15:00:00,1984-11-30 21:00:00,1984-12-01 03:00:00,1984-12-01 15:00:00
504,1984332N08086,1984-11-29 18:00:00,1984-11-30 18:00:00,1984-12-01 00:00:00,1984-12-01 06:00:00,1984-12-01 18:00:00
505,1984332N08086,1984-11-29 21:00:00,1984-11-30 21:00:00,1984-12-01 03:00:00,1984-12-01 09:00:00,1984-12-01 21:00:00
506,1984332N08086,1984-11-30 00:00:00,1984-12-01 00:00:00,1984-12-01 06:00:00,1984-12-01 12:00:00,1984-12-02 00:00:00
507,1984332N08086,1984-11-30 03:00:00,1984-12-01 03:00:00,1984-12-01 09:00:00,1984-12-01 15:00:00,1984-12-02 03:00:00
508,1984332N08086,1984-11-30 06:00:00,1984-12-01 06:00:00,1984-12-01 12:00:00,1984-12-01 18:00:00,1984-12-02 06:00:00
509,1984332N08086,1984-11-30 09:00:00,1984-12-01 09:00:00,1984-12-01 15:00:00,1984-12-01 21:00:00,1984-12-02 09:00:00
510,1984332N08086,1984-11-30 12:00:00,1984-12-01 12:00:00,1984-12-01 18:00:00,1984-12-02 00:00:00,1984-12-02 12:00:00
511,1984332N08086,1984-11-30 15:00:00,1984-12-01 15:00:00,1984-12-01 21:00:00,1984-12-02 03:00:00,1984-12-02 15:00:00
512,1984332N08086,1984-11-30 18:00:00,1984-12-01 18:00:00,1984-12-02 00:00:00,1984-12-02 06:00:00,1984-12-02 18:00:00
513,1984332N08086,1984-11-30 21:00:00,1984-12-01 21:00:00,1984-12-02 03:00:00,1984-12-02 09:00:00,1984-12-02 21:00:00
514,1984332N08086,1984-12-01 00:00:00,1984-12-02 00:00:00,1984-12-02 06:00:00,1984-12-02 12:00:00,1984-12-03 00:00:00
515,1984332N08086,1984-12-01 03:00:00,1984-12-02 03:00:00,1984-12-02 09:00:00,1984-12-02 15:00:00,1984-12-03 03:00:00
516,1984332N08086,1984-12-01 06:00:00,1984-12-02 06:00:00,1984-12-02 12:00:00,1984-12-02 18:00:00,1984-12-03 06:00:00
517,1984332N08086,1984-12-01 09:00:00,1984-12-02 09:00:00,1984-12-02 15:00:00,1984-12-02 21:00:00,1984-12-03 09:00:00
518,1984332N08086,1984-12-01 12:00:00,1984-12-02 12:00:00,1984-12-02 18:00:00,1984-12-03 00:00:00,1984-12-03 12:00:00
519,1984332N08086,1984-12-01 15:00:00,1984-12-02 15:00:00,1984-12-02 21:00:00,1984-12-03 03:00:00,1984-12-03 15:00:00
520,1984332N08086,1984-12-01 18:00:00,1984-12-02 18:00:00,1984-12-03 00:00:00,1984-12-03 06:00:00,1984-12-03 18:00:00
521,1984332N08086,1984-12-01 21:00:00,1984-12-02 21:00:00,1984-12-03 03:00:00,1984-12-03 09:00:00,1984-12-03 21:00:00
522,1984332N08086,1984-12-02 00:00:00,1984-12-03 00:00:00,1984-12-03 06:00:00,1984-12-03 12:00:00,1984-12-04 00:00:00
523,1984332N08086,1984-12-02 03:00:00,1984-12-03 03:00:00,1984-12-03 09:00:00,1984-12-03 15:00:00,1984-12-04 03:00:00
524,1984332N08086,1984-12-02 06:00:00,1984-12-03 06:00:00,1984-12-03 12:00:00,1984-12-03 18:00:00,1984-12-04 06:00:00
525,1984332N08086,1984-12-02 09:00:00,1984-12-03 09:00:00,1984-12-03 15:00:00,1984-12-03 21:00:00,1984-12-04 09:00:00
526,1984332N08086,1984-12-02 12:00:00,1984-12-03 12:00:00,1984-12-03 18:00:00,1984-12-04 00:00:00,1984-12-04 12:00:00
527,1984332N08086,1984-12-02 15:00:00,1984-12-03 15:00:00,1984-12-03 21:00:00,1984-12-04 03:00:00,1984-12-04 15:00:00
528,1984332N08086,1984-12-02 18:00:00,1984-12-03 18:00:00,1984-12-04 00:00:00,1984-12-04 06:00:00,1984-12-04 18:00:00
529,1984332N08086,1984-12-02 21:00:00,1984-12-03 21:00:00,1984-12-04 03:00:00,1984-12-04 09:00:00,1984-12-04 21:00:00
530,1984332N08086,1984-12-03 00:00:00,1984-12-04 00:00:00,1984-12-04 06:00:00,1984-12-04 12:00:00,1984-12-05 00:00:00
531,1984332N08086,1984-12-03 03:00:00,1984-12-04 03:00:00,1984-12-04 09:00:00,1984-12-04 15:00:00,1984-12-05 03:00:00
532,1984332N08086,1984-12-03 06:00:00,1984-12-04 06:00:00,1984-12-04 12:00:00,1984-12-04 18:00:00,1984-12-05 06:00:00
533,1984332N08086,1984-12-03 09:00:00,1984-12-04 09:00:00,1984-12-04 15:00:00,1984-12-04 21:00:00,1984-12-05 09:00:00
534,1984332N08086,1984-12-03 12:00:00,1984-12-04 12:00:00,1984-12-04 18:00:00,1984-12-05 00:00:00,1984-12-05 12:00:00
535,1984332N08086,1984-12-03 15:00:00,1984-12-04 15:00:00,1984-12-04 21:00:00,1984-12-05 03:00:00,1984-12-05 15:00:00
536,1984332N08086,1984-12-03 18:00:00,1984-12-04 18:00:00,1984-12-05 00:00:00,1984-12-05 06:00:00,1984-12-05 18:00:00
537,1984332N08086,1984-12-03 21:00:00,1984-12-04 21:00:00,1984-12-05 03:00:00,1984-12-05 09:00:00,1984-12-05 21:00:00
538,1984332N08086,1984-12-04 00:00:00,1984-12-05 00:00:00,1984-12-05 06:00:00,1984-12-05 12:00:00,1984-12-06 00:00:00
539,1984332N08086,1984-12-04 03:00:00,1984-12-05 03:00:00,1984-12-05 09:00:00,1984-12-05 15:00:00,1984-12-06 03:00:00
540,1984332N08086,1984-12-04 06:00:00,1984-12-05 06:00:00,1984-12-05 12:00:00,1984-12-05 18:00:00,1984-12-06 06:00:00
541,1984332N08086,1984-12-04 09:00:00,1984-12-05 09:00:00,1984-12-05 15:00:00,1984-12-05 21:00:00,1984-12-06 09:00:00
542,1984332N08086,1984-12-04 12:00:00,1984-12-05 12:00:00,1984-12-05 18:00:00,1984-12-06 00:00:00,1984-12-06 12:00:00
543,1984332N08086,1984-12-04 15:00:00,1984-12-05 15:00:00,1984-12-05 21:00:00,1984-12-06 03:00:00,1984-12-06 15:00:00
544,1984332N08086,1984-12-04 18:00:00,1984-12-05 18:00:00,1984-12-06 00:00:00,1984-12-06 06:00:00,1984-12-06 18:00:00
545,1984332N08086,1984-12-04 21:00:00,1984-12-05 21:00:00,1984-12-06 03:00:00,1984-12-06 09:00:00,1984-12-06 21:00:00
546,1984332N08086,1984-12-05 00:00:00,1984-12-06 00:00:00,1984-12-06 06:00:00,1984-12-06 12:00:00,1984-12-07 00:00:00
547,1984332N08086,1984-12-05 03:00:00,1984-12-06 03:00:00,1984-12-06 09:00:00,1984-12-06 15:00:00,1984-12-07 03:00:00
548,1984332N08086,1984-12-05 06:00:00,1984-12-06 06:00:00,1984-12-06 12:00:00,1984-12-06 18:00:00,1984-12-07 06:00:00
549,1984332N08086,1984-12-05 09:00:00,1984-12-06 09:00:00,1984-12-06 15:00:00,1984-12-06 21:00:00,1984-12-07 09:00:00
550,1984332N08086,1984-12-05 12:00:00,1984-12-06 12:00:00,1984-12-06 18:00:00,1984-12-07 00:00:00,1984-12-07 12:00:00
551,1984332N08086,1984-12-05 15:00:00,1984-12-06 15:00:00,1984-12-06 21:00:00,1984-12-07 03:00:00,1984-12-07 15:00:00
552,1984332N08086,1984-12-05 18:00:00,1984-12-06 18:00:00,1984-12-07 00:00:00,1984-12-07 06:00:00,1984-12-07 18:00:00
553,1984332N08086,1984-12-05 21:00:00,1984-12-06 21:00:00,1984-12-07 03:00:00,1984-12-07 09:00:00,1984-12-07 21:00:00
554,1984332N08086,1984-12-06 00:00:00,1984-12-07 00:00:00,1984-12-07 06:00:00,1984-12-07 12:00:00,1984-12-08 00:00:00
555,1984332N08086,1984-12-06 03:00:00,1984-12-07 03:00:00,1984-12-07 09:00:00,1984-12-07 15:00:00,1984-12-08 03:00:00
556,1984332N08086,1984-12-06 06:00:00,1984-12-07 06:00:00,1984-12-07 12:00:00,1984-12-07 18:00:00,1984-12-08 06:00:00
557,1985142N16089,1985-05-22 06:00:00,1985-05-23 06:00:00,1985-05-23 12:00:00,1985-05-23 18:00:00,1985-05-24 06:00:00
558,1985142N16089,1985-05-22 09:00:00,1985-05-23 09:00:00,1985-05-23 15:00:00,1985-05-23 21:00:00,1985-05-24 09:00:00
559,1985142N16089,1985-05-22 12:00:00,1985-05-23 12:00:00,1985-05-23 18:00:00,1985-05-24 00:00:00,1985-05-24 12:00:00
560,1985142N16089,1985-05-22 15:00:00,1985-05-23 15:00:00,1985-05-23 21:00:00,1985-05-24 03:00:00,1985-05-24 15:00:00
561,1985142N16089,1985-05-22 18:00:00,1985-05-23 18:00:00,1985-05-24 00:00:00,1985-05-24 06:00:00,1985-05-24 18:00:00
562,1985148N15067,1985-05-28 03:00:00,1985-05-29 03:00:00,1985-05-29 09:00:00,1985-05-29 15:00:00,1985-05-30 03:00:00
563,1985148N15067,1985-05-28 06:00:00,1985-05-29 06:00:00,1985-05-29 12:00:00,1985-05-29 18:00:00,1985-05-30 06:00:00
564,1985148N15067,1985-05-28 09:00:00,1985-05-29 09:00:00,1985-05-29 15:00:00,1985-05-29 21:00:00,1985-05-30 09:00:00
565,1985148N15067,1985-05-28 12:00:00,1985-05-29 12:00:00,1985-05-29 18:00:00,1985-05-30 00:00:00,1985-05-30 12:00:00
566,1985148N15067,1985-05-28 15:00:00,1985-05-29 15:00:00,1985-05-29 21:00:00,1985-05-30 03:00:00,1985-05-30 15:00:00
567,1985148N15067,1985-05-28 18:00:00,1985-05-29 18:00:00,1985-05-30 00:00:00,1985-05-30 06:00:00,1985-05-30 18:00:00
568,1985148N15067,1985-05-28 21:00:00,1985-05-29 21:00:00,1985-05-30 03:00:00,1985-05-30 09:00:00,1985-05-30 21:00:00
569,1985148N15067,1985-05-29 00:00:00,1985-05-30 00:00:00,1985-05-30 06:00:00,1985-05-30 12:00:00,1985-05-31 00:00:00
570,1985148N15067,1985-05-29 03:00:00,1985-05-30 03:00:00,1985-05-30 09:00:00,1985-05-30 15:00:00,1985-05-31 03:00:00
571,1985148N15067,1985-05-29 06:00:00,1985-05-30 06:00:00,1985-05-30 12:00:00,1985-05-30 18:00:00,1985-05-31 06:00:00
572,1985148N15067,1985-05-29 09:00:00,1985-05-30 09:00:00,1985-05-30 15:00:00,1985-05-30 21:00:00,1985-05-31 09:00:00
573,1985148N15067,1985-05-29 12:00:00,1985-05-30 12:00:00,1985-05-30 18:00:00,1985-05-31 00:00:00,1985-05-31 12:00:00
574,1985148N15067,1985-05-29 15:00:00,1985-05-30 15:00:00,1985-05-30 21:00:00,1985-05-31 03:00:00,1985-05-31 15:00:00
575,1985148N15067,1985-05-29 18:00:00,1985-05-30 18:00:00,1985-05-31 00:00:00,1985-05-31 06:00:00,1985-05-31 18:00:00
576,1985148N15067,1985-05-29 21:00:00,1985-05-30 21:00:00,1985-05-31 03:00:00,1985-05-31 09:00:00,1985-05-31 21:00:00
577,1985148N15067,1985-05-30 00:00:00,1985-05-31 00:00:00,1985-05-31 06:00:00,1985-05-31 12:00:00,1985-06-01 00:00:00
578,1985218N21088,1985-08-06 03:00:00,1985-08-07 03:00:00,1985-08-07 09:00:00,1985-08-07 15:00:00,1985-08-08 03:00:00
579,1985218N21088,1985-08-06 06:00:00,1985-08-07 06:00:00,1985-08-07 12:00:00,1985-08-07 18:00:00,1985-08-08 06:00:00
580,1985218N21088,1985-08-06 09:00:00,1985-08-07 09:00:00,1985-08-07 15:00:00,1985-08-07 21:00:00,1985-08-08 09:00:00
581,1985218N21088,1985-08-06 12:00:00,1985-08-07 12:00:00,1985-08-07 18:00:00,1985-08-08 00:00:00,1985-08-08 12:00:00
582,1985218N21088,1985-08-06 15:00:00,1985-08-07 15:00:00,1985-08-07 21:00:00,1985-08-08 03:00:00,1985-08-08 15:00:00
583,1985218N21088,1985-08-06 18:00:00,1985-08-07 18:00:00,1985-08-08 00:00:00,1985-08-08 06:00:00,1985-08-08 18:00:00
584,1985218N21088,1985-08-06 21:00:00,1985-08-07 21:00:00,1985-08-08 03:00:00,1985-08-08 09:00:00,1985-08-08 21:00:00
585,1985218N21088,1985-08-07 00:00:00,1985-08-08 00:00:00,1985-08-08 06:00:00,1985-08-08 12:00:00,1985-08-09 00:00:00
586,1985218N21088,1985-08-07 03:00:00,1985-08-08 03:00:00,1985-08-08 09:00:00,1985-08-08 15:00:00,1985-08-09 03:00:00
587,1985262N18090,1985-09-19 03:00:00,1985-09-20 03:00:00,1985-09-20 09:00:00,1985-09-20 15:00:00,1985-09-21 03:00:00
588,1985262N18090,1985-09-19 06:00:00,1985-09-20 06:00:00,1985-09-20 12:00:00,1985-09-20 18:00:00,1985-09-21 06:00:00
589,1985262N18090,1985-09-19 09:00:00,1985-09-20 09:00:00,1985-09-20 15:00:00,1985-09-20 21:00:00,1985-09-21 09:00:00
590,1985262N18090,1985-09-19 12:00:00,1985-09-20 12:00:00,1985-09-20 18:00:00,1985-09-21 00:00:00,1985-09-21 12:00:00
591,1985279N20072,1985-10-06 03:00:00,1985-10-07 03:00:00,1985-10-07 09:00:00,1985-10-07 15:00:00,1985-10-08 03:00:00
592,1985279N20072,1985-10-06 06:00:00,1985-10-07 06:00:00,1985-10-07 12:00:00,1985-10-07 18:00:00,1985-10-08 06:00:00
593,1985279N20072,1985-10-06 09:00:00,1985-10-07 09:00:00,1985-10-07 15:00:00,1985-10-07 21:00:00,1985-10-08 09:00:00
594,1985279N20072,1985-10-06 12:00:00,1985-10-07 12:00:00,1985-10-07 18:00:00,1985-10-08 00:00:00,1985-10-08 12:00:00
595,1985279N20072,1985-10-06 15:00:00,1985-10-07 15:00:00,1985-10-07 21:00:00,1985-10-08 03:00:00,1985-10-08 15:00:00
596,1985279N20072,1985-10-06 18:00:00,1985-10-07 18:00:00,1985-10-08 00:00:00,1985-10-08 06:00:00,1985-10-08 18:00:00
597,1985279N20072,1985-10-06 21:00:00,1985-10-07 21:00:00,1985-10-08 03:00:00,1985-10-08 09:00:00,1985-10-08 21:00:00
598,1985279N20072,1985-10-07 00:00:00,1985-10-08 00:00:00,1985-10-08 06:00:00,1985-10-08 12:00:00,1985-10-09 00:00:00
599,1985279N20072,1985-10-07 03:00:00,1985-10-08 03:00:00,1985-10-08 09:00:00,1985-10-08 15:00:00,1985-10-09 03:00:00
600,1985281N02144,1985-10-08 00:00:00,1985-10-09 00:00:00,1985-10-09 06:00:00,1985-10-09 12:00:00,1985-10-10 00:00:00
601,1985281N02144,1985-10-08 03:00:00,1985-10-09 03:00:00,1985-10-09 09:00:00,1985-10-09 15:00:00,1985-10-10 03:00:00
602,1985281N02144,1985-10-08 06:00:00,1985-10-09 06:00:00,1985-10-09 12:00:00,1985-10-09 18:00:00,1985-10-10 06:00:00
603,1985281N02144,1985-10-08 09:00:00,1985-10-09 09:00:00,1985-10-09 15:00:00,1985-10-09 21:00:00,1985-10-10 09:00:00
604,1985281N02144,1985-10-08 12:00:00,1985-10-09 12:00:00,1985-10-09 18:00:00,1985-10-10 00:00:00,1985-10-10 12:00:00
605,1985281N02144,1985-10-08 15:00:00,1985-10-09 15:00:00,1985-10-09 21:00:00,1985-10-10 03:00:00,1985-10-10 15:00:00
606,1985281N02144,1985-10-08 18:00:00,1985-10-09 18:00:00,1985-10-10 00:00:00,1985-10-10 06:00:00,1985-10-10 18:00:00
607,1985281N02144,1985-10-08 21:00:00,1985-10-09 21:00:00,1985-10-10 03:00:00,1985-10-10 09:00:00,1985-10-10 21:00:00
608,1985281N02144,1985-10-09 00:00:00,1985-10-10 00:00:00,1985-10-10 06:00:00,1985-10-10 12:00:00,1985-10-11 00:00:00
609,1985281N02144,1985-10-09 03:00:00,1985-10-10 03:00:00,1985-10-10 09:00:00,1985-10-10 15:00:00,1985-10-11 03:00:00
610,1985281N02144,1985-10-11 12:00:00,1985-10-12 12:00:00,1985-10-12 18:00:00,1985-10-13 00:00:00,1985-10-13 12:00:00
611,1985281N02144,1985-10-11 15:00:00,1985-10-12 15:00:00,1985-10-12 21:00:00,1985-10-13 03:00:00,1985-10-13 15:00:00
612,1985281N02144,1985-10-11 18:00:00,1985-10-12 18:00:00,1985-10-13 00:00:00,1985-10-13 06:00:00,1985-10-13 18:00:00
613,1985281N02144,1985-10-11 21:00:00,1985-10-12 21:00:00,1985-10-13 03:00:00,1985-10-13 09:00:00,1985-10-13 21:00:00
614,1985281N02144,1985-10-12 00:00:00,1985-10-13 00:00:00,1985-10-13 06:00:00,1985-10-13 12:00:00,1985-10-14 00:00:00
615,1985281N02144,1985-10-12 03:00:00,1985-10-13 03:00:00,1985-10-13 09:00:00,1985-10-13 15:00:00,1985-10-14 03:00:00
616,1985281N02144,1985-10-12 06:00:00,1985-10-13 06:00:00,1985-10-13 12:00:00,1985-10-13 18:00:00,1985-10-14 06:00:00
617,1985281N02144,1985-10-12 09:00:00,1985-10-13 09:00:00,1985-10-13 15:00:00,1985-10-13 21:00:00,1985-10-14 09:00:00
618,1985281N02144,1985-10-12 12:00:00,1985-10-13 12:00:00,1985-10-13 18:00:00,1985-10-14 00:00:00,1985-10-14 12:00:00
619,1985281N02144,1985-10-12 15:00:00,1985-10-13 15:00:00,1985-10-13 21:00:00,1985-10-14 03:00:00,1985-10-14 15:00:00
620,1985281N02144,1985-10-12 18:00:00,1985-10-13 18:00:00,1985-10-14 00:00:00,1985-10-14 06:00:00,1985-10-14 18:00:00
621,1985281N02144,1985-10-12 21:00:00,1985-10-13 21:00:00,1985-10-14 03:00:00,1985-10-14 09:00:00,1985-10-14 21:00:00
622,1985281N02144,1985-10-13 00:00:00,1985-10-14 00:00:00,1985-10-14 06:00:00,1985-10-14 12:00:00,1985-10-15 00:00:00
623,1985281N02144,1985-10-13 03:00:00,1985-10-14 03:00:00,1985-10-14 09:00:00,1985-10-14 15:00:00,1985-10-15 03:00:00
624,1985281N02144,1985-10-13 06:00:00,1985-10-14 06:00:00,1985-10-14 12:00:00,1985-10-14 18:00:00,1985-10-15 06:00:00
625,1985281N02144,1985-10-13 09:00:00,1985-10-14 09:00:00,1985-10-14 15:00:00,1985-10-14 21:00:00,1985-10-15 09:00:00
626,1985281N02144,1985-10-13 12:00:00,1985-10-14 12:00:00,1985-10-14 18:00:00,1985-10-15 00:00:00,1985-10-15 12:00:00
627,1985281N02144,1985-10-13 15:00:00,1985-10-14 15:00:00,1985-10-14 21:00:00,1985-10-15 03:00:00,1985-10-15 15:00:00
628,1985281N02144,1985-10-13 18:00:00,1985-10-14 18:00:00,1985-10-15 00:00:00,1985-10-15 06:00:00,1985-10-15 18:00:00
629,1985281N02144,1985-10-13 21:00:00,1985-10-14 21:00:00,1985-10-15 03:00:00,1985-10-15 09:00:00,1985-10-15 21:00:00
630,1985281N02144,1985-10-14 00:00:00,1985-10-15 00:00:00,1985-10-15 06:00:00,1985-10-15 12:00:00,1985-10-16 00:00:00
631,1985281N02144,1985-10-14 03:00:00,1985-10-15 03:00:00,1985-10-15 09:00:00,1985-10-15 15:00:00,1985-10-16 03:00:00
632,1985281N02144,1985-10-14 06:00:00,1985-10-15 06:00:00,1985-10-15 12:00:00,1985-10-15 18:00:00,1985-10-16 06:00:00
633,1985281N02144,1985-10-14 09:00:00,1985-10-15 09:00:00,1985-10-15 15:00:00,1985-10-15 21:00:00,1985-10-16 09:00:00
634,1985281N02144,1985-10-14 12:00:00,1985-10-15 12:00:00,1985-10-15 18:00:00,1985-10-16 00:00:00,1985-10-16 12:00:00
635,1985281N02144,1985-10-14 15:00:00,1985-10-15 15:00:00,1985-10-15 21:00:00,1985-10-16 03:00:00,1985-10-16 15:00:00
636,1985281N02144,1985-10-14 18:00:00,1985-10-15 18:00:00,1985-10-16 00:00:00,1985-10-16 06:00:00,1985-10-16 18:00:00
637,1985281N02144,1985-10-14 21:00:00,1985-10-15 21:00:00,1985-10-16 03:00:00,1985-10-16 09:00:00,1985-10-16 21:00:00
638,1985281N02144,1985-10-15 00:00:00,1985-10-16 00:00:00,1985-10-16 06:00:00,1985-10-16 12:00:00,1985-10-17 00:00:00
639,1985281N02144,1985-10-15 03:00:00,1985-10-16 03:00:00,1985-10-16 09:00:00,1985-10-16 15:00:00,1985-10-17 03:00:00
640,1985281N02144,1985-10-15 06:00:00,1985-10-16 06:00:00,1985-10-16 12:00:00,1985-10-16 18:00:00,1985-10-17 06:00:00
641,1985281N02144,1985-10-15 09:00:00,1985-10-16 09:00:00,1985-10-16 15:00:00,1985-10-16 21:00:00,1985-10-17 09:00:00
642,1985281N02144,1985-10-15 12:00:00,1985-10-16 12:00:00,1985-10-16 18:00:00,1985-10-17 00:00:00,1985-10-17 12:00:00
643,1985282N12090,1985-10-08 18:00:00,1985-10-09 18:00:00,1985-10-10 00:00:00,1985-10-10 06:00:00,1985-10-10 18:00:00
644,1985282N12090,1985-10-08 21:00:00,1985-10-09 21:00:00,1985-10-10 03:00:00,1985-10-10 09:00:00,1985-10-10 21:00:00
645,1985282N12090,1985-10-09 00:00:00,1985-10-10 00:00:00,1985-10-10 06:00:00,1985-10-10 12:00:00,1985-10-11 00:00:00
646,1985282N12090,1985-10-09 03:00:00,1985-10-10 03:00:00,1985-10-10 09:00:00,1985-10-10 15:00:00,1985-10-11 03:00:00
647,1985282N12090,1985-10-09 06:00:00,1985-10-10 06:00:00,1985-10-10 12:00:00,1985-10-10 18:00:00,1985-10-11 06:00:00
648,1985282N12090,1985-10-09 09:00:00,1985-10-10 09:00:00,1985-10-10 15:00:00,1985-10-10 21:00:00,1985-10-11 09:00:00
649,1985282N12090,1985-10-09 12:00:00,1985-10-10 12:00:00,1985-10-10 18:00:00,1985-10-11 00:00:00,1985-10-11 12:00:00
650,1985282N12090,1985-10-09 15:00:00,1985-10-10 15:00:00,1985-10-10 21:00:00,1985-10-11 03:00:00,1985-10-11 15:00:00
651,1985282N12090,1985-10-09 18:00:00,1985-10-10 18:00:00,1985-10-11 00:00:00,1985-10-11 06:00:00,1985-10-11 18:00:00
652,1985282N12090,1985-10-09 21:00:00,1985-10-10 21:00:00,1985-10-11 03:00:00,1985-10-11 09:00:00,1985-10-11 21:00:00
653,1985282N12090,1985-10-10 00:00:00,1985-10-11 00:00:00,1985-10-11 06:00:00,1985-10-11 12:00:00,1985-10-12 00:00:00
654,1985282N12090,1985-10-10 03:00:00,1985-10-11 03:00:00,1985-10-11 09:00:00,1985-10-11 15:00:00,1985-10-12 03:00:00
655,1985282N12090,1985-10-10 06:00:00,1985-10-11 06:00:00,1985-10-11 12:00:00,1985-10-11 18:00:00,1985-10-12 06:00:00
656,1985282N12090,1985-10-10 09:00:00,1985-10-11 09:00:00,1985-10-11 15:00:00,1985-10-11 21:00:00,1985-10-12 09:00:00
657,1985282N12090,1985-10-10 12:00:00,1985-10-11 12:00:00,1985-10-11 18:00:00,1985-10-12 00:00:00,1985-10-12 12:00:00
658,1985282N12090,1985-10-10 15:00:00,1985-10-11 15:00:00,1985-10-11 21:00:00,1985-10-12 03:00:00,1985-10-12 15:00:00
659,1985282N12090,1985-10-10 18:00:00,1985-10-11 18:00:00,1985-10-12 00:00:00,1985-10-12 06:00:00,1985-10-12 18:00:00
660,1985282N12090,1985-10-10 21:00:00,1985-10-11 21:00:00,1985-10-12 03:00:00,1985-10-12 09:00:00,1985-10-12 21:00:00
661,1985282N12090,1985-10-11 00:00:00,1985-10-12 00:00:00,1985-10-12 06:00:00,1985-10-12 12:00:00,1985-10-13 00:00:00
662,1985282N12090,1985-10-11 03:00:00,1985-10-12 03:00:00,1985-10-12 09:00:00,1985-10-12 15:00:00,1985-10-13 03:00:00
663,1985282N12090,1985-10-11 06:00:00,1985-10-12 06:00:00,1985-10-12 12:00:00,1985-10-12 18:00:00,1985-10-13 06:00:00
664,1985282N12090,1985-10-11 09:00:00,1985-10-12 09:00:00,1985-10-12 15:00:00,1985-10-12 21:00:00,1985-10-13 09:00:00
665,1985282N12090,1985-10-11 12:00:00,1985-10-12 12:00:00,1985-10-12 18:00:00,1985-10-13 00:00:00,1985-10-13 12:00:00
666,1985284N05159,1985-10-12 00:00:00,1985-10-13 00:00:00,1985-10-13 06:00:00,1985-10-13 12:00:00,1985-10-14 00:00:00
667,1985284N05159,1985-10-12 03:00:00,1985-10-13 03:00:00,1985-10-13 09:00:00,1985-10-13 15:00:00,1985-10-14 03:00:00
668,1985284N05159,1985-10-12 06:00:00,1985-10-13 06:00:00,1985-10-13 12:00:00,1985-10-13 18:00:00,1985-10-14 06:00:00
669,1985284N05159,1985-10-12 09:00:00,1985-10-13 09:00:00,1985-10-13 15:00:00,1985-10-13 21:00:00,1985-10-14 09:00:00
670,1985284N05159,1985-10-12 12:00:00,1985-10-13 12:00:00,1985-10-13 18:00:00,1985-10-14 00:00:00,1985-10-14 12:00:00
671,1985284N05159,1985-10-12 15:00:00,1985-10-13 15:00:00,1985-10-13 21:00:00,1985-10-14 03:00:00,1985-10-14 15:00:00
672,1985284N05159,1985-10-12 18:00:00,1985-10-13 18:00:00,1985-10-14 00:00:00,1985-10-14 06:00:00,1985-10-14 18:00:00
673,1985284N05159,1985-10-12 21:00:00,1985-10-13 21:00:00,1985-10-14 03:00:00,1985-10-14 09:00:00,1985-10-14 21:00:00
674,1985284N05159,1985-10-13 00:00:00,1985-10-14 00:00:00,1985-10-14 06:00:00,1985-10-14 12:00:00,1985-10-15 00:00:00
675,1985284N05159,1985-10-13 03:00:00,1985-10-14 03:00:00,1985-10-14 09:00:00,1985-10-14 15:00:00,1985-10-15 03:00:00
676,1985284N05159,1985-10-13 06:00:00,1985-10-14 06:00:00,1985-10-14 12:00:00,1985-10-14 18:00:00,1985-10-15 06:00:00
677,1985284N05159,1985-10-13 09:00:00,1985-10-14 09:00:00,1985-10-14 15:00:00,1985-10-14 21:00:00,1985-10-15 09:00:00
678,1985284N05159,1985-10-13 12:00:00,1985-10-14 12:00:00,1985-10-14 18:00:00,1985-10-15 00:00:00,1985-10-15 12:00:00
679,1985284N05159,1985-10-13 15:00:00,1985-10-14 15:00:00,1985-10-14 21:00:00,1985-10-15 03:00:00,1985-10-15 15:00:00
680,1985284N05159,1985-10-13 18:00:00,1985-10-14 18:00:00,1985-10-15 00:00:00,1985-10-15 06:00:00,1985-10-15 18:00:00
681,1985284N05159,1985-10-13 21:00:00,1985-10-14 21:00:00,1985-10-15 03:00:00,1985-10-15 09:00:00,1985-10-15 21:00:00
682,1985284N05159,1985-10-14 00:00:00,1985-10-15 00:00:00,1985-10-15 06:00:00,1985-10-15 12:00:00,1985-10-16 00:00:00
683,1985284N05159,1985-10-14 03:00:00,1985-10-15 03:00:00,1985-10-15 09:00:00,1985-10-15 15:00:00,1985-10-16 03:00:00
684,1985284N05159,1985-10-14 06:00:00,1985-10-15 06:00:00,1985-10-15 12:00:00,1985-10-15 18:00:00,1985-10-16 06:00:00
685,1985284N05159,1985-10-14 09:00:00,1985-10-15 09:00:00,1985-10-15 15:00:00,1985-10-15 21:00:00,1985-10-16 09:00:00
686,1985284N05159,1985-10-14 12:00:00,1985-10-15 12:00:00,1985-10-15 18:00:00,1985-10-16 00:00:00,1985-10-16 12:00:00
687,1985284N05159,1985-10-14 15:00:00,1985-10-15 15:00:00,1985-10-15 21:00:00,1985-10-16 03:00:00,1985-10-16 15:00:00
688,1985284N05159,1985-10-14 18:00:00,1985-10-15 18:00:00,1985-10-16 00:00:00,1985-10-16 06:00:00,1985-10-16 18:00:00
689,1985284N05159,1985-10-14 21:00:00,1985-10-15 21:00:00,1985-10-16 03:00:00,1985-10-16 09:00:00,1985-10-16 21:00:00
690,1985284N05159,1985-10-15 00:00:00,1985-10-16 00:00:00,1985-10-16 06:00:00,1985-10-16 12:00:00,1985-10-17 00:00:00
691,1985284N05159,1985-10-15 03:00:00,1985-10-16 03:00:00,1985-10-16 09:00:00,1985-10-16 15:00:00,1985-10-17 03:00:00
692,1985284N05159,1985-10-15 06:00:00,1985-10-16 06:00:00,1985-10-16 12:00:00,1985-10-16 18:00:00,1985-10-17 06:00:00
693,1985284N05159,1985-10-15 09:00:00,1985-10-16 09:00:00,1985-10-16 15:00:00,1985-10-16 21:00:00,1985-10-17 09:00:00
694,1985284N05159,1985-10-15 12:00:00,1985-10-16 12:00:00,1985-10-16 18:00:00,1985-10-17 00:00:00,1985-10-17 12:00:00
695,1985284N05159,1985-10-15 15:00:00,1985-10-16 15:00:00,1985-10-16 21:00:00,1985-10-17 03:00:00,1985-10-17 15:00:00
696,1985284N05159,1985-10-15 18:00:00,1985-10-16 18:00:00,1985-10-17 00:00:00,1985-10-17 06:00:00,1985-10-17 18:00:00
697,1985284N05159,1985-10-15 21:00:00,1985-10-16 21:00:00,1985-10-17 03:00:00,1985-10-17 09:00:00,1985-10-17 21:00:00
698,1985284N05159,1985-10-16 00:00:00,1985-10-17 00:00:00,1985-10-17 06:00:00,1985-10-17 12:00:00,1985-10-18 00:00:00
699,1985284N05159,1985-10-16 03:00:00,1985-10-17 03:00:00,1985-10-17 09:00:00,1985-10-17 15:00:00,1985-10-18 03:00:00
700,1985284N05159,1985-10-16 06:00:00,1985-10-17 06:00:00,1985-10-17 12:00:00,1985-10-17 18:00:00,1985-10-18 06:00:00
701,1985284N05159,1985-10-16 09:00:00,1985-10-17 09:00:00,1985-10-17 15:00:00,1985-10-17 21:00:00,1985-10-18 09:00:00
702,1985284N05159,1985-10-16 12:00:00,1985-10-17 12:00:00,1985-10-17 18:00:00,1985-10-18 00:00:00,1985-10-18 12:00:00
703,1985284N05159,1985-10-16 15:00:00,1985-10-17 15:00:00,1985-10-17 21:00:00,1985-10-18 03:00:00,1985-10-18 15:00:00
704,1985284N05159,1985-10-16 18:00:00,1985-10-17 18:00:00,1985-10-18 00:00:00,1985-10-18 06:00:00,1985-10-18 18:00:00
705,1985284N05159,1985-10-16 21:00:00,1985-10-17 21:00:00,1985-10-18 03:00:00,1985-10-18 09:00:00,1985-10-18 21:00:00
706,1985284N05159,1985-10-17 00:00:00,1985-10-18 00:00:00,1985-10-18 06:00:00,1985-10-18 12:00:00,1985-10-19 00:00:00
707,1985284N05159,1985-10-17 03:00:00,1985-10-18 03:00:00,1985-10-18 09:00:00,1985-10-18 15:00:00,1985-10-19 03:00:00
708,1985284N05159,1985-10-17 06:00:00,1985-10-18 06:00:00,1985-10-18 12:00:00,1985-10-18 18:00:00,1985-10-19 06:00:00
709,1985284N05159,1985-10-17 09:00:00,1985-10-18 09:00:00,1985-10-18 15:00:00,1985-10-18 21:00:00,1985-10-19 09:00:00
710,1985284N05159,1985-10-17 12:00:00,1985-10-18 12:00:00,1985-10-18 18:00:00,1985-10-19 00:00:00,1985-10-19 12:00:00
711,1985284N05159,1985-10-17 15:00:00,1985-10-18 15:00:00,1985-10-18 21:00:00,1985-10-19 03:00:00,1985-10-19 15:00:00
712,1985284N05159,1985-10-17 18:00:00,1985-10-18 18:00:00,1985-10-19 00:00:00,1985-10-19 06:00:00,1985-10-19 18:00:00
713,1985284N05159,1985-10-17 21:00:00,1985-10-18 21:00:00,1985-10-19 03:00:00,1985-10-19 09:00:00,1985-10-19 21:00:00
714,1985284N05159,1985-10-18 00:00:00,1985-10-19 00:00:00,1985-10-19 06:00:00,1985-10-19 12:00:00,1985-10-20 00:00:00
715,1985284N05159,1985-10-18 03:00:00,1985-10-19 03:00:00,1985-10-19 09:00:00,1985-10-19 15:00:00,1985-10-20 03:00:00
716,1985284N05159,1985-10-18 06:00:00,1985-10-19 06:00:00,1985-10-19 12:00:00,1985-10-19 18:00:00,1985-10-20 06:00:00
717,1985284N05159,1985-10-18 09:00:00,1985-10-19 09:00:00,1985-10-19 15:00:00,1985-10-19 21:00:00,1985-10-20 09:00:00
718,1985284N05159,1985-10-18 12:00:00,1985-10-19 12:00:00,1985-10-19 18:00:00,1985-10-20 00:00:00,1985-10-20 12:00:00
719,1985284N05159,1985-10-18 15:00:00,1985-10-19 15:00:00,1985-10-19 21:00:00,1985-10-20 03:00:00,1985-10-20 15:00:00
720,1985284N05159,1985-10-18 18:00:00,1985-10-19 18:00:00,1985-10-20 00:00:00,1985-10-20 06:00:00,1985-10-20 18:00:00
721,1985284N05159,1985-10-18 21:00:00,1985-10-19 21:00:00,1985-10-20 03:00:00,1985-10-20 09:00:00,1985-10-20 21:00:00
722,1985284N05159,1985-10-19 00:00:00,1985-10-20 00:00:00,1985-10-20 06:00:00,1985-10-20 12:00:00,1985-10-21 00:00:00
723,1985284N05159,1985-10-19 03:00:00,1985-10-20 03:00:00,1985-10-20 09:00:00,1985-10-20 15:00:00,1985-10-21 03:00:00
724,1985284N05159,1985-10-19 06:00:00,1985-10-20 06:00:00,1985-10-20 12:00:00,1985-10-20 18:00:00,1985-10-21 06:00:00
725,1985284N05159,1985-10-19 09:00:00,1985-10-20 09:00:00,1985-10-20 15:00:00,1985-10-20 21:00:00,1985-10-21 09:00:00
726,1985284N05159,1985-10-19 12:00:00,1985-10-20 12:00:00,1985-10-20 18:00:00,1985-10-21 00:00:00,1985-10-21 12:00:00
727,1985284N05159,1985-10-19 15:00:00,1985-10-20 15:00:00,1985-10-20 21:00:00,1985-10-21 03:00:00,1985-10-21 15:00:00
728,1985284N05159,1985-10-19 18:00:00,1985-10-20 18:00:00,1985-10-21 00:00:00,1985-10-21 06:00:00,1985-10-21 18:00:00
729,1985284N05159,1985-10-19 21:00:00,1985-10-20 21:00:00,1985-10-21 03:00:00,1985-10-21 09:00:00,1985-10-21 21:00:00
730,1985284N05159,1985-10-20 00:00:00,1985-10-21 00:00:00,1985-10-21 06:00:00,1985-10-21 12:00:00,1985-10-22 00:00:00
731,1985284N05159,1985-10-20 03:00:00,1985-10-21 03:00:00,1985-10-21 09:00:00,1985-10-21 15:00:00,1985-10-22 03:00:00
732,1985284N05159,1985-10-20 06:00:00,1985-10-21 06:00:00,1985-10-21 12:00:00,1985-10-21 18:00:00,1985-10-22 06:00:00
733,1985284N05159,1985-10-20 09:00:00,1985-10-21 09:00:00,1985-10-21 15:00:00,1985-10-21 21:00:00,1985-10-22 09:00:00
734,1985284N05159,1985-10-20 12:00:00,1985-10-21 12:00:00,1985-10-21 18:00:00,1985-10-22 00:00:00,1985-10-22 12:00:00
735,1985287N13093,1985-10-13 12:00:00,1985-10-14 12:00:00,1985-10-14 18:00:00,1985-10-15 00:00:00,1985-10-15 12:00:00
736,1985287N13093,1985-10-13 15:00:00,1985-10-14 15:00:00,1985-10-14 21:00:00,1985-10-15 03:00:00,1985-10-15 15:00:00
737,1985287N13093,1985-10-13 18:00:00,1985-10-14 18:00:00,1985-10-15 00:00:00,1985-10-15 06:00:00,1985-10-15 18:00:00
738,1985287N13093,1985-10-13 21:00:00,1985-10-14 21:00:00,1985-10-15 03:00:00,1985-10-15 09:00:00,1985-10-15 21:00:00
739,1985287N13093,1985-10-14 00:00:00,1985-10-15 00:00:00,1985-10-15 06:00:00,1985-10-15 12:00:00,1985-10-16 00:00:00
740,1985287N13093,1985-10-14 03:00:00,1985-10-15 03:00:00,1985-10-15 09:00:00,1985-10-15 15:00:00,1985-10-16 03:00:00
741,1985287N13093,1985-10-14 06:00:00,1985-10-15 06:00:00,1985-10-15 12:00:00,1985-10-15 18:00:00,1985-10-16 06:00:00
742,1985287N13093,1985-10-14 09:00:00,1985-10-15 09:00:00,1985-10-15 15:00:00,1985-10-15 21:00:00,1985-10-16 09:00:00
743,1985287N13093,1985-10-14 12:00:00,1985-10-15 12:00:00,1985-10-15 18:00:00,1985-10-16 00:00:00,1985-10-16 12:00:00
744,1985287N13093,1985-10-14 15:00:00,1985-10-15 15:00:00,1985-10-15 21:00:00,1985-10-16 03:00:00,1985-10-16 15:00:00
745,1985287N13093,1985-10-14 18:00:00,1985-10-15 18:00:00,1985-10-16 00:00:00,1985-10-16 06:00:00,1985-10-16 18:00:00
746,1985287N13093,1985-10-14 21:00:00,1985-10-15 21:00:00,1985-10-16 03:00:00,1985-10-16 09:00:00,1985-10-16 21:00:00
747,1985287N13093,1985-10-15 00:00:00,1985-10-16 00:00:00,1985-10-16 06:00:00,1985-10-16 12:00:00,1985-10-17 00:00:00
748,1985287N13093,1985-10-15 03:00:00,1985-10-16 03:00:00,1985-10-16 09:00:00,1985-10-16 15:00:00,1985-10-17 03:00:00
749,1985317N12082,1985-11-13 06:00:00,1985-11-14 06:00:00,1985-11-14 12:00:00,1985-11-14 18:00:00,1985-11-15 06:00:00
750,1985317N12082,1985-11-13 09:00:00,1985-11-14 09:00:00,1985-11-14 15:00:00,1985-11-14 21:00:00,1985-11-15 09:00:00
751,1985317N12082,1985-11-13 12:00:00,1985-11-14 12:00:00,1985-11-14 18:00:00,1985-11-15 00:00:00,1985-11-15 12:00:00
752,1985317N12082,1985-11-13 15:00:00,1985-11-14 15:00:00,1985-11-14 21:00:00,1985-11-15 03:00:00,1985-11-15 15:00:00
753,1985317N12082,1985-11-13 18:00:00,1985-11-14 18:00:00,1985-11-15 00:00:00,1985-11-15 06:00:00,1985-11-15 18:00:00
754,1985317N12082,1985-11-13 21:00:00,1985-11-14 21:00:00,1985-11-15 03:00:00,1985-11-15 09:00:00,1985-11-15 21:00:00
755,1985317N12082,1985-11-14 00:00:00,1985-11-15 00:00:00,1985-11-15 06:00:00,1985-11-15 12:00:00,1985-11-16 00:00:00
756,1985317N12082,1985-11-14 03:00:00,1985-11-15 03:00:00,1985-11-15 09:00:00,1985-11-15 15:00:00,1985-11-16 03:00:00
757,1985317N12082,1985-11-14 06:00:00,1985-11-15 06:00:00,1985-11-15 12:00:00,1985-11-15 18:00:00,1985-11-16 06:00:00
758,1985317N12082,1985-11-14 09:00:00,1985-11-15 09:00:00,1985-11-15 15:00:00,1985-11-15 21:00:00,1985-11-16 09:00:00
759,1985317N12082,1985-11-14 12:00:00,1985-11-15 12:00:00,1985-11-15 18:00:00,1985-11-16 00:00:00,1985-11-16 12:00:00
760,1985317N12082,1985-11-14 15:00:00,1985-11-15 15:00:00,1985-11-15 21:00:00,1985-11-16 03:00:00,1985-11-16 15:00:00
761,1985317N12082,1985-11-14 18:00:00,1985-11-15 18:00:00,1985-11-16 00:00:00,1985-11-16 06:00:00,1985-11-16 18:00:00
762,1985317N12082,1985-11-14 21:00:00,1985-11-15 21:00:00,1985-11-16 03:00:00,1985-11-16 09:00:00,1985-11-16 21:00:00
763,1985317N12082,1985-11-15 00:00:00,1985-11-16 00:00:00,1985-11-16 06:00:00,1985-11-16 12:00:00,1985-11-17 00:00:00
764,1985343N04090,1985-12-09 06:00:00,1985-12-10 06:00:00,1985-12-10 12:00:00,1985-12-10 18:00:00,1985-12-11 06:00:00
765,1985343N04090,1985-12-09 09:00:00,1985-12-10 09:00:00,1985-12-10 15:00:00,1985-12-10 21:00:00,1985-12-11 09:00:00
766,1985343N04090,1985-12-09 12:00:00,1985-12-10 12:00:00,1985-12-10 18:00:00,1985-12-11 00:00:00,1985-12-11 12:00:00
767,1985343N04090,1985-12-09 15:00:00,1985-12-10 15:00:00,1985-12-10 21:00:00,1985-12-11 03:00:00,1985-12-11 15:00:00
768,1985343N04090,1985-12-09 18:00:00,1985-12-10 18:00:00,1985-12-11 00:00:00,1985-12-11 06:00:00,1985-12-11 18:00:00
769,1985343N04090,1985-12-09 21:00:00,1985-12-10 21:00:00,1985-12-11 03:00:00,1985-12-11 09:00:00,1985-12-11 21:00:00
770,1985343N04090,1985-12-10 00:00:00,1985-12-11 00:00:00,1985-12-11 06:00:00,1985-12-11 12:00:00,1985-12-12 00:00:00
771,1985343N04090,1985-12-10 03:00:00,1985-12-11 03:00:00,1985-12-11 09:00:00,1985-12-11 15:00:00,1985-12-12 03:00:00
772,1985343N04090,1985-12-10 06:00:00,1985-12-11 06:00:00,1985-12-11 12:00:00,1985-12-11 18:00:00,1985-12-12 06:00:00
773,1985343N04090,1985-12-10 09:00:00,1985-12-11 09:00:00,1985-12-11 15:00:00,1985-12-11 21:00:00,1985-12-12 09:00:00
774,1985343N04090,1985-12-10 12:00:00,1985-12-11 12:00:00,1985-12-11 18:00:00,1985-12-12 00:00:00,1985-12-12 12:00:00
775,1985343N04090,1985-12-10 15:00:00,1985-12-11 15:00:00,1985-12-11 21:00:00,1985-12-12 03:00:00,1985-12-12 15:00:00
776,1985343N04090,1985-12-10 18:00:00,1985-12-11 18:00:00,1985-12-12 00:00:00,1985-12-12 06:00:00,1985-12-12 18:00:00
777,1985343N04090,1985-12-10 21:00:00,1985-12-11 21:00:00,1985-12-12 03:00:00,1985-12-12 09:00:00,1985-12-12 21:00:00
778,1985343N04090,1985-12-11 00:00:00,1985-12-12 00:00:00,1985-12-12 06:00:00,1985-12-12 12:00:00,1985-12-13 00:00:00
779,1985343N04090,1985-12-11 03:00:00,1985-12-12 03:00:00,1985-12-12 09:00:00,1985-12-12 15:00:00,1985-12-13 03:00:00
780,1985343N04090,1985-12-11 06:00:00,1985-12-12 06:00:00,1985-12-12 12:00:00,1985-12-12 18:00:00,1985-12-13 06:00:00
781,1985343N04090,1985-12-11 09:00:00,1985-12-12 09:00:00,1985-12-12 15:00:00,1985-12-12 21:00:00,1985-12-13 09:00:00
782,1985343N04090,1985-12-11 12:00:00,1985-12-12 12:00:00,1985-12-12 18:00:00,1985-12-13 00:00:00,1985-12-13 12:00:00
783,1985343N04090,1985-12-11 15:00:00,1985-12-12 15:00:00,1985-12-12 21:00:00,1985-12-13 03:00:00,1985-12-13 15:00:00
784,1985343N04090,1985-12-11 18:00:00,1985-12-12 18:00:00,1985-12-13 00:00:00,1985-12-13 06:00:00,1985-12-13 18:00:00
785,1985343N04090,1985-12-11 21:00:00,1985-12-12 21:00:00,1985-12-13 03:00:00,1985-12-13 09:00:00,1985-12-13 21:00:00
786,1985343N04090,1985-12-12 00:00:00,1985-12-13 00:00:00,1985-12-13 06:00:00,1985-12-13 12:00:00,1985-12-14 00:00:00
787,1985343N04090,1985-12-12 03:00:00,1985-12-13 03:00:00,1985-12-13 09:00:00,1985-12-13 15:00:00,1985-12-14 03:00:00
788,1985343N04090,1985-12-12 06:00:00,1985-12-13 06:00:00,1985-12-13 12:00:00,1985-12-13 18:00:00,1985-12-14 06:00:00
789,1986006N03087,1986-01-06 00:00:00,1986-01-07 00:00:00,1986-01-07 06:00:00,1986-01-07 12:00:00,1986-01-08 00:00:00
790,1986006N03087,1986-01-06 03:00:00,1986-01-07 03:00:00,1986-01-07 09:00:00,1986-01-07 15:00:00,1986-01-08 03:00:00
791,1986006N03087,1986-01-06 06:00:00,1986-01-07 06:00:00,1986-01-07 12:00:00,1986-01-07 18:00:00,1986-01-08 06:00:00
792,1986006N03087,1986-01-06 09:00:00,1986-01-07 09:00:00,1986-01-07 15:00:00,1986-01-07 21:00:00,1986-01-08 09:00:00
793,1986006N03087,1986-01-06 12:00:00,1986-01-07 12:00:00,1986-01-07 18:00:00,1986-01-08 00:00:00,1986-01-08 12:00:00
794,1986006N03087,1986-01-06 15:00:00,1986-01-07 15:00:00,1986-01-07 21:00:00,1986-01-08 03:00:00,1986-01-08 15:00:00
795,1986006N03087,1986-01-06 18:00:00,1986-01-07 18:00:00,1986-01-08 00:00:00,1986-01-08 06:00:00,1986-01-08 18:00:00
796,1986006N03087,1986-01-06 21:00:00,1986-01-07 21:00:00,1986-01-08 03:00:00,1986-01-08 09:00:00,1986-01-08 21:00:00
797,1986006N03087,1986-01-07 00:00:00,1986-01-08 00:00:00,1986-01-08 06:00:00,1986-01-08 12:00:00,1986-01-09 00:00:00
798,1986006N03087,1986-01-07 03:00:00,1986-01-08 03:00:00,1986-01-08 09:00:00,1986-01-08 15:00:00,1986-01-09 03:00:00
799,1986006N03087,1986-01-07 06:00:00,1986-01-08 06:00:00,1986-01-08 12:00:00,1986-01-08 18:00:00,1986-01-09 06:00:00
800,1986006N03087,1986-01-07 09:00:00,1986-01-08 09:00:00,1986-01-08 15:00:00,1986-01-08 21:00:00,1986-01-09 09:00:00
801,1986006N03087,1986-01-07 12:00:00,1986-01-08 12:00:00,1986-01-08 18:00:00,1986-01-09 00:00:00,1986-01-09 12:00:00
802,1986006N03087,1986-01-07 15:00:00,1986-01-08 15:00:00,1986-01-08 21:00:00,1986-01-09 03:00:00,1986-01-09 15:00:00
803,1986006N03087,1986-01-07 18:00:00,1986-01-08 18:00:00,1986-01-09 00:00:00,1986-01-09 06:00:00,1986-01-09 18:00:00
804,1986006N03087,1986-01-07 21:00:00,1986-01-08 21:00:00,1986-01-09 03:00:00,1986-01-09 09:00:00,1986-01-09 21:00:00
805,1986006N03087,1986-01-08 00:00:00,1986-01-09 00:00:00,1986-01-09 06:00:00,1986-01-09 12:00:00,1986-01-10 00:00:00
806,1986006N03087,1986-01-08 03:00:00,1986-01-09 03:00:00,1986-01-09 09:00:00,1986-01-09 15:00:00,1986-01-10 03:00:00
807,1986006N03087,1986-01-08 06:00:00,1986-01-09 06:00:00,1986-01-09 12:00:00,1986-01-09 18:00:00,1986-01-10 06:00:00
808,1986006N03087,1986-01-08 09:00:00,1986-01-09 09:00:00,1986-01-09 15:00:00,1986-01-09 21:00:00,1986-01-10 09:00:00
809,1986006N03087,1986-01-08 12:00:00,1986-01-09 12:00:00,1986-01-09 18:00:00,1986-01-10 00:00:00,1986-01-10 12:00:00
810,1986006N03087,1986-01-08 15:00:00,1986-01-09 15:00:00,1986-01-09 21:00:00,1986-01-10 03:00:00,1986-01-10 15:00:00
811,1986006N03087,1986-01-08 18:00:00,1986-01-09 18:00:00,1986-01-10 00:00:00,1986-01-10 06:00:00,1986-01-10 18:00:00
812,1986006N03087,1986-01-08 21:00:00,1986-01-09 21:00:00,1986-01-10 03:00:00,1986-01-10 09:00:00,1986-01-10 21:00:00
813,1986006N03087,1986-01-09 00:00:00,1986-01-10 00:00:00,1986-01-10 06:00:00,1986-01-10 12:00:00,1986-01-11 00:00:00
814,1986006N03087,1986-01-09 03:00:00,1986-01-10 03:00:00,1986-01-10 09:00:00,1986-01-10 15:00:00,1986-01-11 03:00:00
815,1986006N03087,1986-01-09 06:00:00,1986-01-10 06:00:00,1986-01-10 12:00:00,1986-01-10 18:00:00,1986-01-11 06:00:00
816,1986228N19120,1986-08-16 12:00:00,1986-08-17 12:00:00,1986-08-17 18:00:00,1986-08-18 00:00:00,1986-08-18 12:00:00
817,1986228N19120,1986-08-16 15:00:00,1986-08-17 15:00:00,1986-08-17 21:00:00,1986-08-18 03:00:00,1986-08-18 15:00:00
818,1986228N19120,1986-08-16 18:00:00,1986-08-17 18:00:00,1986-08-18 00:00:00,1986-08-18 06:00:00,1986-08-18 18:00:00
819,1986228N19120,1986-08-16 21:00:00,1986-08-17 21:00:00,1986-08-18 03:00:00,1986-08-18 09:00:00,1986-08-18 21:00:00
820,1986228N19120,1986-08-17 00:00:00,1986-08-18 00:00:00,1986-08-18 06:00:00,1986-08-18 12:00:00,1986-08-19 00:00:00
821,1986228N19120,1986-08-17 03:00:00,1986-08-18 03:00:00,1986-08-18 09:00:00,1986-08-18 15:00:00,1986-08-19 03:00:00
822,1986228N19120,1986-08-17 06:00:00,1986-08-18 06:00:00,1986-08-18 12:00:00,1986-08-18 18:00:00,1986-08-19 06:00:00
823,1986228N19120,1986-08-17 09:00:00,1986-08-18 09:00:00,1986-08-18 15:00:00,1986-08-18 21:00:00,1986-08-19 09:00:00
824,1986228N19120,1986-08-17 12:00:00,1986-08-18 12:00:00,1986-08-18 18:00:00,1986-08-19 00:00:00,1986-08-19 12:00:00
825,1986228N19120,1986-08-17 15:00:00,1986-08-18 15:00:00,1986-08-18 21:00:00,1986-08-19 03:00:00,1986-08-19 15:00:00
826,1986228N19120,1986-08-17 18:00:00,1986-08-18 18:00:00,1986-08-19 00:00:00,1986-08-19 06:00:00,1986-08-19 18:00:00
827,1986228N19120,1986-08-17 21:00:00,1986-08-18 21:00:00,1986-08-19 03:00:00,1986-08-19 09:00:00,1986-08-19 21:00:00
828,1986228N19120,1986-08-18 00:00:00,1986-08-19 00:00:00,1986-08-19 06:00:00,1986-08-19 12:00:00,1986-08-20 00:00:00
829,1986228N19120,1986-08-18 03:00:00,1986-08-19 03:00:00,1986-08-19 09:00:00,1986-08-19 15:00:00,1986-08-20 03:00:00
830,1986228N19120,1986-08-18 06:00:00,1986-08-19 06:00:00,1986-08-19 12:00:00,1986-08-19 18:00:00,1986-08-20 06:00:00
831,1986228N19120,1986-08-18 09:00:00,1986-08-19 09:00:00,1986-08-19 15:00:00,1986-08-19 21:00:00,1986-08-20 09:00:00
832,1986228N19120,1986-08-18 12:00:00,1986-08-19 12:00:00,1986-08-19 18:00:00,1986-08-20 00:00:00,1986-08-20 12:00:00
833,1986228N19120,1986-08-18 15:00:00,1986-08-19 15:00:00,1986-08-19 21:00:00,1986-08-20 03:00:00,1986-08-20 15:00:00
834,1986228N19120,1986-08-18 18:00:00,1986-08-19 18:00:00,1986-08-20 00:00:00,1986-08-20 06:00:00,1986-08-20 18:00:00
835,1986228N19120,1986-08-18 21:00:00,1986-08-19 21:00:00,1986-08-20 03:00:00,1986-08-20 09:00:00,1986-08-20 21:00:00
836,1986228N19120,1986-08-19 00:00:00,1986-08-20 00:00:00,1986-08-20 06:00:00,1986-08-20 12:00:00,1986-08-21 00:00:00
837,1986228N19120,1986-08-19 03:00:00,1986-08-20 03:00:00,1986-08-20 09:00:00,1986-08-20 15:00:00,1986-08-21 03:00:00
838,1986228N19120,1986-08-19 06:00:00,1986-08-20 06:00:00,1986-08-20 12:00:00,1986-08-20 18:00:00,1986-08-21 06:00:00
839,1986228N19120,1986-08-19 09:00:00,1986-08-20 09:00:00,1986-08-20 15:00:00,1986-08-20 21:00:00,1986-08-21 09:00:00
840,1986228N19120,1986-08-19 12:00:00,1986-08-20 12:00:00,1986-08-20 18:00:00,1986-08-21 00:00:00,1986-08-21 12:00:00
841,1986228N19120,1986-08-19 15:00:00,1986-08-20 15:00:00,1986-08-20 21:00:00,1986-08-21 03:00:00,1986-08-21 15:00:00
842,1986228N19120,1986-08-19 18:00:00,1986-08-20 18:00:00,1986-08-21 00:00:00,1986-08-21 06:00:00,1986-08-21 18:00:00
843,1986228N19120,1986-08-19 21:00:00,1986-08-20 21:00:00,1986-08-21 03:00:00,1986-08-21 09:00:00,1986-08-21 21:00:00
844,1986228N19120,1986-08-20 00:00:00,1986-08-21 00:00:00,1986-08-21 06:00:00,1986-08-21 12:00:00,1986-08-22 00:00:00
845,1986228N19120,1986-08-20 03:00:00,1986-08-21 03:00:00,1986-08-21 09:00:00,1986-08-21 15:00:00,1986-08-22 03:00:00
846,1986228N19120,1986-08-20 06:00:00,1986-08-21 06:00:00,1986-08-21 12:00:00,1986-08-21 18:00:00,1986-08-22 06:00:00
847,1986228N19120,1986-08-20 09:00:00,1986-08-21 09:00:00,1986-08-21 15:00:00,1986-08-21 21:00:00,1986-08-22 09:00:00
848,1986228N19120,1986-08-20 12:00:00,1986-08-21 12:00:00,1986-08-21 18:00:00,1986-08-22 00:00:00,1986-08-22 12:00:00
849,1986228N19120,1986-08-20 15:00:00,1986-08-21 15:00:00,1986-08-21 21:00:00,1986-08-22 03:00:00,1986-08-22 15:00:00
850,1986228N19120,1986-08-20 18:00:00,1986-08-21 18:00:00,1986-08-22 00:00:00,1986-08-22 06:00:00,1986-08-22 18:00:00
851,1986228N19120,1986-08-20 21:00:00,1986-08-21 21:00:00,1986-08-22 03:00:00,1986-08-22 09:00:00,1986-08-22 21:00:00
852,1986228N19120,1986-08-21 00:00:00,1986-08-22 00:00:00,1986-08-22 06:00:00,1986-08-22 12:00:00,1986-08-23 00:00:00
853,1986228N19120,1986-08-21 03:00:00,1986-08-22 03:00:00,1986-08-22 09:00:00,1986-08-22 15:00:00,1986-08-23 03:00:00
854,1986228N19120,1986-08-21 06:00:00,1986-08-22 06:00:00,1986-08-22 12:00:00,1986-08-22 18:00:00,1986-08-23 06:00:00
855,1986228N19120,1986-08-21 09:00:00,1986-08-22 09:00:00,1986-08-22 15:00:00,1986-08-22 21:00:00,1986-08-23 09:00:00
856,1986228N19120,1986-08-21 12:00:00,1986-08-22 12:00:00,1986-08-22 18:00:00,1986-08-23 00:00:00,1986-08-23 12:00:00
857,1986228N19120,1986-08-21 15:00:00,1986-08-22 15:00:00,1986-08-22 21:00:00,1986-08-23 03:00:00,1986-08-23 15:00:00
858,1986228N19120,1986-08-21 18:00:00,1986-08-22 18:00:00,1986-08-23 00:00:00,1986-08-23 06:00:00,1986-08-23 18:00:00
859,1986228N19120,1986-08-21 21:00:00,1986-08-22 21:00:00,1986-08-23 03:00:00,1986-08-23 09:00:00,1986-08-23 21:00:00
860,1986228N19120,1986-08-22 00:00:00,1986-08-23 00:00:00,1986-08-23 06:00:00,1986-08-23 12:00:00,1986-08-24 00:00:00
861,1986228N19120,1986-08-22 03:00:00,1986-08-23 03:00:00,1986-08-23 09:00:00,1986-08-23 15:00:00,1986-08-24 03:00:00
862,1986228N19120,1986-08-22 06:00:00,1986-08-23 06:00:00,1986-08-23 12:00:00,1986-08-23 18:00:00,1986-08-24 06:00:00
863,1986228N19120,1986-08-22 09:00:00,1986-08-23 09:00:00,1986-08-23 15:00:00,1986-08-23 21:00:00,1986-08-24 09:00:00
864,1986228N19120,1986-08-22 12:00:00,1986-08-23 12:00:00,1986-08-23 18:00:00,1986-08-24 00:00:00,1986-08-24 12:00:00
865,1986228N19120,1986-08-22 15:00:00,1986-08-23 15:00:00,1986-08-23 21:00:00,1986-08-24 03:00:00,1986-08-24 15:00:00
866,1986228N19120,1986-08-22 18:00:00,1986-08-23 18:00:00,1986-08-24 00:00:00,1986-08-24 06:00:00,1986-08-24 18:00:00
867,1986228N19120,1986-08-22 21:00:00,1986-08-23 21:00:00,1986-08-24 03:00:00,1986-08-24 09:00:00,1986-08-24 21:00:00
868,1986228N19120,1986-08-23 00:00:00,1986-08-24 00:00:00,1986-08-24 06:00:00,1986-08-24 12:00:00,1986-08-25 00:00:00
869,1986228N19120,1986-08-23 03:00:00,1986-08-24 03:00:00,1986-08-24 09:00:00,1986-08-24 15:00:00,1986-08-25 03:00:00
870,1986228N19120,1986-08-23 06:00:00,1986-08-24 06:00:00,1986-08-24 12:00:00,1986-08-24 18:00:00,1986-08-25 06:00:00
871,1986228N19120,1986-08-23 09:00:00,1986-08-24 09:00:00,1986-08-24 15:00:00,1986-08-24 21:00:00,1986-08-25 09:00:00
872,1986228N19120,1986-08-23 12:00:00,1986-08-24 12:00:00,1986-08-24 18:00:00,1986-08-25 00:00:00,1986-08-25 12:00:00
873,1986228N19120,1986-08-23 15:00:00,1986-08-24 15:00:00,1986-08-24 21:00:00,1986-08-25 03:00:00,1986-08-25 15:00:00
874,1986228N19120,1986-08-23 18:00:00,1986-08-24 18:00:00,1986-08-25 00:00:00,1986-08-25 06:00:00,1986-08-25 18:00:00
875,1986228N19120,1986-08-23 21:00:00,1986-08-24 21:00:00,1986-08-25 03:00:00,1986-08-25 09:00:00,1986-08-25 21:00:00
876,1986228N19120,1986-08-24 00:00:00,1986-08-25 00:00:00,1986-08-25 06:00:00,1986-08-25 12:00:00,1986-08-26 00:00:00
877,1986228N19120,1986-08-24 03:00:00,1986-08-25 03:00:00,1986-08-25 09:00:00,1986-08-25 15:00:00,1986-08-26 03:00:00
878,1986228N19120,1986-08-24 06:00:00,1986-08-25 06:00:00,1986-08-25 12:00:00,1986-08-25 18:00:00,1986-08-26 06:00:00
879,1986228N19120,1986-08-24 09:00:00,1986-08-25 09:00:00,1986-08-25 15:00:00,1986-08-25 21:00:00,1986-08-26 09:00:00
880,1986228N19120,1986-08-24 12:00:00,1986-08-25 12:00:00,1986-08-25 18:00:00,1986-08-26 00:00:00,1986-08-26 12:00:00
881,1986228N19120,1986-08-24 15:00:00,1986-08-25 15:00:00,1986-08-25 21:00:00,1986-08-26 03:00:00,1986-08-26 15:00:00
882,1986228N19120,1986-08-24 18:00:00,1986-08-25 18:00:00,1986-08-26 00:00:00,1986-08-26 06:00:00,1986-08-26 18:00:00
883,1986228N19120,1986-08-24 21:00:00,1986-08-25 21:00:00,1986-08-26 03:00:00,1986-08-26 09:00:00,1986-08-26 21:00:00
884,1986228N19120,1986-08-25 00:00:00,1986-08-26 00:00:00,1986-08-26 06:00:00,1986-08-26 12:00:00,1986-08-27 00:00:00
885,1986228N19120,1986-08-25 03:00:00,1986-08-26 03:00:00,1986-08-26 09:00:00,1986-08-26 15:00:00,1986-08-27 03:00:00
886,1986228N19120,1986-08-25 06:00:00,1986-08-26 06:00:00,1986-08-26 12:00:00,1986-08-26 18:00:00,1986-08-27 06:00:00
887,1986228N19120,1986-08-25 09:00:00,1986-08-26 09:00:00,1986-08-26 15:00:00,1986-08-26 21:00:00,1986-08-27 09:00:00
888,1986228N19120,1986-08-25 12:00:00,1986-08-26 12:00:00,1986-08-26 18:00:00,1986-08-27 00:00:00,1986-08-27 12:00:00
889,1986228N19120,1986-08-25 15:00:00,1986-08-26 15:00:00,1986-08-26 21:00:00,1986-08-27 03:00:00,1986-08-27 15:00:00
890,1986228N19120,1986-08-25 18:00:00,1986-08-26 18:00:00,1986-08-27 00:00:00,1986-08-27 06:00:00,1986-08-27 18:00:00
891,1986228N19120,1986-08-25 21:00:00,1986-08-26 21:00:00,1986-08-27 03:00:00,1986-08-27 09:00:00,1986-08-27 21:00:00
892,1986228N19120,1986-08-26 00:00:00,1986-08-27 00:00:00,1986-08-27 06:00:00,1986-08-27 12:00:00,1986-08-28 00:00:00
893,1986228N19120,1986-08-26 03:00:00,1986-08-27 03:00:00,1986-08-27 09:00:00,1986-08-27 15:00:00,1986-08-28 03:00:00
894,1986228N19120,1986-08-26 06:00:00,1986-08-27 06:00:00,1986-08-27 12:00:00,1986-08-27 18:00:00,1986-08-28 06:00:00
895,1986228N19120,1986-08-26 09:00:00,1986-08-27 09:00:00,1986-08-27 15:00:00,1986-08-27 21:00:00,1986-08-28 09:00:00
896,1986228N19120,1986-08-26 12:00:00,1986-08-27 12:00:00,1986-08-27 18:00:00,1986-08-28 00:00:00,1986-08-28 12:00:00
897,1986228N19120,1986-08-26 15:00:00,1986-08-27 15:00:00,1986-08-27 21:00:00,1986-08-28 03:00:00,1986-08-28 15:00:00
898,1986228N19120,1986-08-26 18:00:00,1986-08-27 18:00:00,1986-08-28 00:00:00,1986-08-28 06:00:00,1986-08-28 18:00:00
899,1986228N19120,1986-08-26 21:00:00,1986-08-27 21:00:00,1986-08-28 03:00:00,1986-08-28 09:00:00,1986-08-28 21:00:00
900,1986228N19120,1986-08-27 00:00:00,1986-08-28 00:00:00,1986-08-28 06:00:00,1986-08-28 12:00:00,1986-08-29 00:00:00
901,1986228N19120,1986-08-27 03:00:00,1986-08-28 03:00:00,1986-08-28 09:00:00,1986-08-28 15:00:00,1986-08-29 03:00:00
902,1986228N19120,1986-08-27 06:00:00,1986-08-28 06:00:00,1986-08-28 12:00:00,1986-08-28 18:00:00,1986-08-29 06:00:00
903,1986228N19120,1986-08-27 09:00:00,1986-08-28 09:00:00,1986-08-28 15:00:00,1986-08-28 21:00:00,1986-08-29 09:00:00
904,1986228N19120,1986-08-27 12:00:00,1986-08-28 12:00:00,1986-08-28 18:00:00,1986-08-29 00:00:00,1986-08-29 12:00:00
905,1986228N19120,1986-08-27 15:00:00,1986-08-28 15:00:00,1986-08-28 21:00:00,1986-08-29 03:00:00,1986-08-29 15:00:00
906,1986228N19120,1986-08-27 18:00:00,1986-08-28 18:00:00,1986-08-29 00:00:00,1986-08-29 06:00:00,1986-08-29 18:00:00
907,1986228N19120,1986-08-27 21:00:00,1986-08-28 21:00:00,1986-08-29 03:00:00,1986-08-29 09:00:00,1986-08-29 21:00:00
908,1986228N19120,1986-08-28 00:00:00,1986-08-29 00:00:00,1986-08-29 06:00:00,1986-08-29 12:00:00,1986-08-30 00:00:00
909,1986228N19120,1986-08-28 03:00:00,1986-08-29 03:00:00,1986-08-29 09:00:00,1986-08-29 15:00:00,1986-08-30 03:00:00
910,1986228N19120,1986-08-28 06:00:00,1986-08-29 06:00:00,1986-08-29 12:00:00,1986-08-29 18:00:00,1986-08-30 06:00:00
911,1986228N19120,1986-08-28 09:00:00,1986-08-29 09:00:00,1986-08-29 15:00:00,1986-08-29 21:00:00,1986-08-30 09:00:00
912,1986228N19120,1986-08-28 12:00:00,1986-08-29 12:00:00,1986-08-29 18:00:00,1986-08-30 00:00:00,1986-08-30 12:00:00
913,1986228N19120,1986-08-28 15:00:00,1986-08-29 15:00:00,1986-08-29 21:00:00,1986-08-30 03:00:00,1986-08-30 15:00:00
914,1986228N19120,1986-08-28 18:00:00,1986-08-29 18:00:00,1986-08-30 00:00:00,1986-08-30 06:00:00,1986-08-30 18:00:00
915,1986228N19120,1986-08-28 21:00:00,1986-08-29 21:00:00,1986-08-30 03:00:00,1986-08-30 09:00:00,1986-08-30 21:00:00
916,1986228N19120,1986-08-29 00:00:00,1986-08-30 00:00:00,1986-08-30 06:00:00,1986-08-30 12:00:00,1986-08-31 00:00:00
917,1986228N19120,1986-08-29 03:00:00,1986-08-30 03:00:00,1986-08-30 09:00:00,1986-08-30 15:00:00,1986-08-31 03:00:00
918,1986228N19120,1986-08-29 06:00:00,1986-08-30 06:00:00,1986-08-30 12:00:00,1986-08-30 18:00:00,1986-08-31 06:00:00
919,1986228N19120,1986-08-29 09:00:00,1986-08-30 09:00:00,1986-08-30 15:00:00,1986-08-30 21:00:00,1986-08-31 09:00:00
920,1986228N19120,1986-08-29 12:00:00,1986-08-30 12:00:00,1986-08-30 18:00:00,1986-08-31 00:00:00,1986-08-31 12:00:00
921,1986228N19120,1986-08-29 15:00:00,1986-08-30 15:00:00,1986-08-30 21:00:00,1986-08-31 03:00:00,1986-08-31 15:00:00
922,1986228N19120,1986-08-29 18:00:00,1986-08-30 18:00:00,1986-08-31 00:00:00,1986-08-31 06:00:00,1986-08-31 18:00:00
923,1986228N19120,1986-08-29 21:00:00,1986-08-30 21:00:00,1986-08-31 03:00:00,1986-08-31 09:00:00,1986-08-31 21:00:00
924,1986228N19120,1986-08-30 00:00:00,1986-08-31 00:00:00,1986-08-31 06:00:00,1986-08-31 12:00:00,1986-09-01 00:00:00
925,1986228N19120,1986-08-30 03:00:00,1986-08-31 03:00:00,1986-08-31 09:00:00,1986-08-31 15:00:00,1986-09-01 03:00:00
926,1986228N19120,1986-08-30 06:00:00,1986-08-31 06:00:00,1986-08-31 12:00:00,1986-08-31 18:00:00,1986-09-01 06:00:00
927,1986228N19120,1986-08-30 09:00:00,1986-08-31 09:00:00,1986-08-31 15:00:00,1986-08-31 21:00:00,1986-09-01 09:00:00
928,1986228N19120,1986-08-30 12:00:00,1986-08-31 12:00:00,1986-08-31 18:00:00,1986-09-01 00:00:00,1986-09-01 12:00:00
929,1986228N19120,1986-08-30 15:00:00,1986-08-31 15:00:00,1986-08-31 21:00:00,1986-09-01 03:00:00,1986-09-01 15:00:00
930,1986228N19120,1986-08-30 18:00:00,1986-08-31 18:00:00,1986-09-01 00:00:00,1986-09-01 06:00:00,1986-09-01 18:00:00
931,1986228N19120,1986-08-30 21:00:00,1986-08-31 21:00:00,1986-09-01 03:00:00,1986-09-01 09:00:00,1986-09-01 21:00:00
932,1986228N19120,1986-08-31 00:00:00,1986-09-01 00:00:00,1986-09-01 06:00:00,1986-09-01 12:00:00,1986-09-02 00:00:00
933,1986228N19120,1986-08-31 03:00:00,1986-09-01 03:00:00,1986-09-01 09:00:00,1986-09-01 15:00:00,1986-09-02 03:00:00
934,1986228N19120,1986-08-31 06:00:00,1986-09-01 06:00:00,1986-09-01 12:00:00,1986-09-01 18:00:00,1986-09-02 06:00:00
935,1986228N19120,1986-08-31 09:00:00,1986-09-01 09:00:00,1986-09-01 15:00:00,1986-09-01 21:00:00,1986-09-02 09:00:00
936,1986228N19120,1986-08-31 12:00:00,1986-09-01 12:00:00,1986-09-01 18:00:00,1986-09-02 00:00:00,1986-09-02 12:00:00
937,1986228N19120,1986-08-31 15:00:00,1986-09-01 15:00:00,1986-09-01 21:00:00,1986-09-02 03:00:00,1986-09-02 15:00:00
938,1986228N19120,1986-08-31 18:00:00,1986-09-01 18:00:00,1986-09-02 00:00:00,1986-09-02 06:00:00,1986-09-02 18:00:00
939,1986228N19120,1986-08-31 21:00:00,1986-09-01 21:00:00,1986-09-02 03:00:00,1986-09-02 09:00:00,1986-09-02 21:00:00
940,1986228N19120,1986-09-01 00:00:00,1986-09-02 00:00:00,1986-09-02 06:00:00,1986-09-02 12:00:00,1986-09-03 00:00:00
941,1986228N19120,1986-09-01 03:00:00,1986-09-02 03:00:00,1986-09-02 09:00:00,1986-09-02 15:00:00,1986-09-03 03:00:00
942,1986228N19120,1986-09-01 06:00:00,1986-09-02 06:00:00,1986-09-02 12:00:00,1986-09-02 18:00:00,1986-09-03 06:00:00
943,1986228N19120,1986-09-01 09:00:00,1986-09-02 09:00:00,1986-09-02 15:00:00,1986-09-02 21:00:00,1986-09-03 09:00:00
944,1986228N19120,1986-09-01 12:00:00,1986-09-02 12:00:00,1986-09-02 18:00:00,1986-09-03 00:00:00,1986-09-03 12:00:00
945,1986228N19120,1986-09-01 15:00:00,1986-09-02 15:00:00,1986-09-02 21:00:00,1986-09-03 03:00:00,1986-09-03 15:00:00
946,1986228N19120,1986-09-01 18:00:00,1986-09-02 18:00:00,1986-09-03 00:00:00,1986-09-03 06:00:00,1986-09-03 18:00:00
947,1986228N19120,1986-09-01 21:00:00,1986-09-02 21:00:00,1986-09-03 03:00:00,1986-09-03 09:00:00,1986-09-03 21:00:00
948,1986228N19120,1986-09-02 00:00:00,1986-09-03 00:00:00,1986-09-03 06:00:00,1986-09-03 12:00:00,1986-09-04 00:00:00
949,1986228N19120,1986-09-02 03:00:00,1986-09-03 03:00:00,1986-09-03 09:00:00,1986-09-03 15:00:00,1986-09-04 03:00:00
950,1986228N19120,1986-09-02 06:00:00,1986-09-03 06:00:00,1986-09-03 12:00:00,1986-09-03 18:00:00,1986-09-04 06:00:00
951,1986228N19120,1986-09-02 09:00:00,1986-09-03 09:00:00,1986-09-03 15:00:00,1986-09-03 21:00:00,1986-09-04 09:00:00
952,1986228N19120,1986-09-02 12:00:00,1986-09-03 12:00:00,1986-09-03 18:00:00,1986-09-04 00:00:00,1986-09-04 12:00:00
953,1986228N19120,1986-09-02 15:00:00,1986-09-03 15:00:00,1986-09-03 21:00:00,1986-09-04 03:00:00,1986-09-04 15:00:00
954,1986228N19120,1986-09-02 18:00:00,1986-09-03 18:00:00,1986-09-04 00:00:00,1986-09-04 06:00:00,1986-09-04 18:00:00
955,1986228N19120,1986-09-02 21:00:00,1986-09-03 21:00:00,1986-09-04 03:00:00,1986-09-04 09:00:00,1986-09-04 21:00:00
956,1986228N19120,1986-09-03 00:00:00,1986-09-04 00:00:00,1986-09-04 06:00:00,1986-09-04 12:00:00,1986-09-05 00:00:00
957,1986228N19120,1986-09-03 03:00:00,1986-09-04 03:00:00,1986-09-04 09:00:00,1986-09-04 15:00:00,1986-09-05 03:00:00
958,1986228N19120,1986-09-03 06:00:00,1986-09-04 06:00:00,1986-09-04 12:00:00,1986-09-04 18:00:00,1986-09-05 06:00:00
959,1986228N19120,1986-09-03 09:00:00,1986-09-04 09:00:00,1986-09-04 15:00:00,1986-09-04 21:00:00,1986-09-05 09:00:00
960,1986228N19120,1986-09-03 12:00:00,1986-09-04 12:00:00,1986-09-04 18:00:00,1986-09-05 00:00:00,1986-09-05 12:00:00
961,1986228N19120,1986-09-03 15:00:00,1986-09-04 15:00:00,1986-09-04 21:00:00,1986-09-05 03:00:00,1986-09-05 15:00:00
962,1986228N19120,1986-09-03 18:00:00,1986-09-04 18:00:00,1986-09-05 00:00:00,1986-09-05 06:00:00,1986-09-05 18:00:00
963,1986228N19120,1986-09-03 21:00:00,1986-09-04 21:00:00,1986-09-05 03:00:00,1986-09-05 09:00:00,1986-09-05 21:00:00
964,1986228N19120,1986-09-04 00:00:00,1986-09-05 00:00:00,1986-09-05 06:00:00,1986-09-05 12:00:00,1986-09-06 00:00:00
965,1986228N19120,1986-09-04 03:00:00,1986-09-05 03:00:00,1986-09-05 09:00:00,1986-09-05 15:00:00,1986-09-06 03:00:00
966,1986228N19120,1986-09-04 06:00:00,1986-09-05 06:00:00,1986-09-05 12:00:00,1986-09-05 18:00:00,1986-09-06 06:00:00
967,1986228N19120,1986-09-04 09:00:00,1986-09-05 09:00:00,1986-09-05 15:00:00,1986-09-05 21:00:00,1986-09-06 09:00:00
968,1986308N11090,1986-11-04 00:00:00,1986-11-05 00:00:00,1986-11-05 06:00:00,1986-11-05 12:00:00,1986-11-06 00:00:00
969,1986308N11090,1986-11-04 03:00:00,1986-11-05 03:00:00,1986-11-05 09:00:00,1986-11-05 15:00:00,1986-11-06 03:00:00
970,1986308N11090,1986-11-04 06:00:00,1986-11-05 06:00:00,1986-11-05 12:00:00,1986-11-05 18:00:00,1986-11-06 06:00:00
971,1986308N11090,1986-11-04 09:00:00,1986-11-05 09:00:00,1986-11-05 15:00:00,1986-11-05 21:00:00,1986-11-06 09:00:00
972,1986308N11090,1986-11-04 12:00:00,1986-11-05 12:00:00,1986-11-05 18:00:00,1986-11-06 00:00:00,1986-11-06 12:00:00
973,1986308N11090,1986-11-04 15:00:00,1986-11-05 15:00:00,1986-11-05 21:00:00,1986-11-06 03:00:00,1986-11-06 15:00:00
974,1986308N11090,1986-11-04 18:00:00,1986-11-05 18:00:00,1986-11-06 00:00:00,1986-11-06 06:00:00,1986-11-06 18:00:00
975,1986308N11090,1986-11-04 21:00:00,1986-11-05 21:00:00,1986-11-06 03:00:00,1986-11-06 09:00:00,1986-11-06 21:00:00
976,1986308N11090,1986-11-05 00:00:00,1986-11-06 00:00:00,1986-11-06 06:00:00,1986-11-06 12:00:00,1986-11-07 00:00:00
977,1986308N11090,1986-11-05 03:00:00,1986-11-06 03:00:00,1986-11-06 09:00:00,1986-11-06 15:00:00,1986-11-07 03:00:00
978,1986308N11090,1986-11-05 06:00:00,1986-11-06 06:00:00,1986-11-06 12:00:00,1986-11-06 18:00:00,1986-11-07 06:00:00
979,1986308N11090,1986-11-05 09:00:00,1986-11-06 09:00:00,1986-11-06 15:00:00,1986-11-06 21:00:00,1986-11-07 09:00:00
980,1986308N11090,1986-11-05 12:00:00,1986-11-06 12:00:00,1986-11-06 18:00:00,1986-11-07 00:00:00,1986-11-07 12:00:00
981,1986308N11090,1986-11-05 15:00:00,1986-11-06 15:00:00,1986-11-06 21:00:00,1986-11-07 03:00:00,1986-11-07 15:00:00
982,1986308N11090,1986-11-05 18:00:00,1986-11-06 18:00:00,1986-11-07 00:00:00,1986-11-07 06:00:00,1986-11-07 18:00:00
983,1986308N11090,1986-11-05 21:00:00,1986-11-06 21:00:00,1986-11-07 03:00:00,1986-11-07 09:00:00,1986-11-07 21:00:00
984,1986308N11090,1986-11-06 00:00:00,1986-11-07 00:00:00,1986-11-07 06:00:00,1986-11-07 12:00:00,1986-11-08 00:00:00
985,1986308N11090,1986-11-06 03:00:00,1986-11-07 03:00:00,1986-11-07 09:00:00,1986-11-07 15:00:00,1986-11-08 03:00:00
986,1986308N11090,1986-11-06 06:00:00,1986-11-07 06:00:00,1986-11-07 12:00:00,1986-11-07 18:00:00,1986-11-08 06:00:00
987,1986308N11090,1986-11-06 09:00:00,1986-11-07 09:00:00,1986-11-07 15:00:00,1986-11-07 21:00:00,1986-11-08 09:00:00
988,1986308N11090,1986-11-06 12:00:00,1986-11-07 12:00:00,1986-11-07 18:00:00,1986-11-08 00:00:00,1986-11-08 12:00:00
989,1986308N11090,1986-11-06 15:00:00,1986-11-07 15:00:00,1986-11-07 21:00:00,1986-11-08 03:00:00,1986-11-08 15:00:00
990,1986308N11090,1986-11-06 18:00:00,1986-11-07 18:00:00,1986-11-08 00:00:00,1986-11-08 06:00:00,1986-11-08 18:00:00
991,1986308N11090,1986-11-06 21:00:00,1986-11-07 21:00:00,1986-11-08 03:00:00,1986-11-08 09:00:00,1986-11-08 21:00:00
992,1986308N11090,1986-11-07 00:00:00,1986-11-08 00:00:00,1986-11-08 06:00:00,1986-11-08 12:00:00,1986-11-09 00:00:00
993,1986308N11090,1986-11-07 03:00:00,1986-11-08 03:00:00,1986-11-08 09:00:00,1986-11-08 15:00:00,1986-11-09 03:00:00
994,1986308N11090,1986-11-07 06:00:00,1986-11-08 06:00:00,1986-11-08 12:00:00,1986-11-08 18:00:00,1986-11-09 06:00:00
995,1986308N11090,1986-11-07 09:00:00,1986-11-08 09:00:00,1986-11-08 15:00:00,1986-11-08 21:00:00,1986-11-09 09:00:00
996,1986308N11090,1986-11-07 12:00:00,1986-11-08 12:00:00,1986-11-08 18:00:00,1986-11-09 00:00:00,1986-11-09 12:00:00
997,1986311N12072,1986-11-07 00:00:00,1986-11-08 00:00:00,1986-11-08 06:00:00,1986-11-08 12:00:00,1986-11-09 00:00:00
998,1986311N12072,1986-11-07 03:00:00,1986-11-08 03:00:00,1986-11-08 09:00:00,1986-11-08 15:00:00,1986-11-09 03:00:00
999,1986311N12072,1986-11-07 06:00:00,1986-11-08 06:00:00,1986-11-08 12:00:00,1986-11-08 18:00:00,1986-11-09 06:00:00
1000,1986311N12072,1986-11-07 09:00:00,1986-11-08 09:00:00,1986-11-08 15:00:00,1986-11-08 21:00:00,1986-11-09 09:00:00
1001,1986311N12072,1986-11-07 12:00:00,1986-11-08 12:00:00,1986-11-08 18:00:00,1986-11-09 00:00:00,1986-11-09 12:00:00
1002,1986311N12072,1986-11-07 15:00:00,1986-11-08 15:00:00,1986-11-08 21:00:00,1986-11-09 03:00:00,1986-11-09 15:00:00
1003,1986311N12072,1986-11-07 18:00:00,1986-11-08 18:00:00,1986-11-09 00:00:00,1986-11-09 06:00:00,1986-11-09 18:00:00
1004,1986311N12072,1986-11-07 21:00:00,1986-11-08 21:00:00,1986-11-09 03:00:00,1986-11-09 09:00:00,1986-11-09 21:00:00
1005,1986311N12072,1986-11-08 00:00:00,1986-11-09 00:00:00,1986-11-09 06:00:00,1986-11-09 12:00:00,1986-11-10 00:00:00
1006,1986311N12072,1986-11-08 03:00:00,1986-11-09 03:00:00,1986-11-09 09:00:00,1986-11-09 15:00:00,1986-11-10 03:00:00
1007,1986311N12072,1986-11-08 06:00:00,1986-11-09 06:00:00,1986-11-09 12:00:00,1986-11-09 18:00:00,1986-11-10 06:00:00
1008,1986311N12072,1986-11-08 09:00:00,1986-11-09 09:00:00,1986-11-09 15:00:00,1986-11-09 21:00:00,1986-11-10 09:00:00
1009,1986311N12072,1986-11-08 12:00:00,1986-11-09 12:00:00,1986-11-09 18:00:00,1986-11-10 00:00:00,1986-11-10 12:00:00
1010,1986311N12072,1986-11-08 15:00:00,1986-11-09 15:00:00,1986-11-09 21:00:00,1986-11-10 03:00:00,1986-11-10 15:00:00
1011,1986311N12072,1986-11-08 18:00:00,1986-11-09 18:00:00,1986-11-10 00:00:00,1986-11-10 06:00:00,1986-11-10 18:00:00
1012,1986311N12072,1986-11-08 21:00:00,1986-11-09 21:00:00,1986-11-10 03:00:00,1986-11-10 09:00:00,1986-11-10 21:00:00
1013,1986311N12072,1986-11-09 00:00:00,1986-11-10 00:00:00,1986-11-10 06:00:00,1986-11-10 12:00:00,1986-11-11 00:00:00
1014,1986311N12072,1986-11-09 03:00:00,1986-11-10 03:00:00,1986-11-10 09:00:00,1986-11-10 15:00:00,1986-11-11 03:00:00
1015,1986311N12072,1986-11-09 06:00:00,1986-11-10 06:00:00,1986-11-10 12:00:00,1986-11-10 18:00:00,1986-11-11 06:00:00
1016,1986311N12072,1986-11-09 09:00:00,1986-11-10 09:00:00,1986-11-10 15:00:00,1986-11-10 21:00:00,1986-11-11 09:00:00
1017,1986311N12072,1986-11-09 12:00:00,1986-11-10 12:00:00,1986-11-10 18:00:00,1986-11-11 00:00:00,1986-11-11 12:00:00
1018,1987030N06089,1987-01-30 03:00:00,1987-01-31 03:00:00,1987-01-31 09:00:00,1987-01-31 15:00:00,1987-02-01 03:00:00
1019,1987030N06089,1987-01-30 06:00:00,1987-01-31 06:00:00,1987-01-31 12:00:00,1987-01-31 18:00:00,1987-02-01 06:00:00
1020,1987030N06089,1987-01-30 09:00:00,1987-01-31 09:00:00,1987-01-31 15:00:00,1987-01-31 21:00:00,1987-02-01 09:00:00
1021,1987030N06089,1987-01-30 12:00:00,1987-01-31 12:00:00,1987-01-31 18:00:00,1987-02-01 00:00:00,1987-02-01 12:00:00
1022,1987030N06089,1987-01-30 15:00:00,1987-01-31 15:00:00,1987-01-31 21:00:00,1987-02-01 03:00:00,1987-02-01 15:00:00
1023,1987030N06089,1987-01-30 18:00:00,1987-01-31 18:00:00,1987-02-01 00:00:00,1987-02-01 06:00:00,1987-02-01 18:00:00
1024,1987030N06089,1987-01-30 21:00:00,1987-01-31 21:00:00,1987-02-01 03:00:00,1987-02-01 09:00:00,1987-02-01 21:00:00
1025,1987030N06089,1987-01-31 00:00:00,1987-02-01 00:00:00,1987-02-01 06:00:00,1987-02-01 12:00:00,1987-02-02 00:00:00
1026,1987030N06089,1987-01-31 03:00:00,1987-02-01 03:00:00,1987-02-01 09:00:00,1987-02-01 15:00:00,1987-02-02 03:00:00
1027,1987030N06089,1987-01-31 06:00:00,1987-02-01 06:00:00,1987-02-01 12:00:00,1987-02-01 18:00:00,1987-02-02 06:00:00
1028,1987030N06089,1987-01-31 09:00:00,1987-02-01 09:00:00,1987-02-01 15:00:00,1987-02-01 21:00:00,1987-02-02 09:00:00
1029,1987030N06089,1987-01-31 12:00:00,1987-02-01 12:00:00,1987-02-01 18:00:00,1987-02-02 00:00:00,1987-02-02 12:00:00
1030,1987030N06089,1987-01-31 15:00:00,1987-02-01 15:00:00,1987-02-01 21:00:00,1987-02-02 03:00:00,1987-02-02 15:00:00
1031,1987030N06089,1987-01-31 18:00:00,1987-02-01 18:00:00,1987-02-02 00:00:00,1987-02-02 06:00:00,1987-02-02 18:00:00
1032,1987030N06089,1987-01-31 21:00:00,1987-02-01 21:00:00,1987-02-02 03:00:00,1987-02-02 09:00:00,1987-02-02 21:00:00
1033,1987030N06089,1987-02-01 00:00:00,1987-02-02 00:00:00,1987-02-02 06:00:00,1987-02-02 12:00:00,1987-02-03 00:00:00
1034,1987030N06089,1987-02-01 03:00:00,1987-02-02 03:00:00,1987-02-02 09:00:00,1987-02-02 15:00:00,1987-02-03 03:00:00
1035,1987030N06089,1987-02-01 06:00:00,1987-02-02 06:00:00,1987-02-02 12:00:00,1987-02-02 18:00:00,1987-02-03 06:00:00
1036,1987030N06089,1987-02-01 09:00:00,1987-02-02 09:00:00,1987-02-02 15:00:00,1987-02-02 21:00:00,1987-02-03 09:00:00
1037,1987030N06089,1987-02-01 12:00:00,1987-02-02 12:00:00,1987-02-02 18:00:00,1987-02-03 00:00:00,1987-02-03 12:00:00
1038,1987030N06089,1987-02-01 15:00:00,1987-02-02 15:00:00,1987-02-02 21:00:00,1987-02-03 03:00:00,1987-02-03 15:00:00
1039,1987030N06089,1987-02-01 18:00:00,1987-02-02 18:00:00,1987-02-03 00:00:00,1987-02-03 06:00:00,1987-02-03 18:00:00
1040,1987030N06089,1987-02-01 21:00:00,1987-02-02 21:00:00,1987-02-03 03:00:00,1987-02-03 09:00:00,1987-02-03 21:00:00
1041,1987030N06089,1987-02-02 00:00:00,1987-02-03 00:00:00,1987-02-03 06:00:00,1987-02-03 12:00:00,1987-02-04 00:00:00
1042,1987030N06089,1987-02-02 03:00:00,1987-02-03 03:00:00,1987-02-03 09:00:00,1987-02-03 15:00:00,1987-02-04 03:00:00
1043,1987030N06089,1987-02-02 06:00:00,1987-02-03 06:00:00,1987-02-03 12:00:00,1987-02-03 18:00:00,1987-02-04 06:00:00
1044,1987030N06089,1987-02-02 09:00:00,1987-02-03 09:00:00,1987-02-03 15:00:00,1987-02-03 21:00:00,1987-02-04 09:00:00
1045,1987030N06089,1987-02-02 12:00:00,1987-02-03 12:00:00,1987-02-03 18:00:00,1987-02-04 00:00:00,1987-02-04 12:00:00
1046,1987150N13095,1987-05-30 06:00:00,1987-05-31 06:00:00,1987-05-31 12:00:00,1987-05-31 18:00:00,1987-06-01 06:00:00
1047,1987150N13095,1987-05-30 09:00:00,1987-05-31 09:00:00,1987-05-31 15:00:00,1987-05-31 21:00:00,1987-06-01 09:00:00
1048,1987150N13095,1987-05-30 12:00:00,1987-05-31 12:00:00,1987-05-31 18:00:00,1987-06-01 00:00:00,1987-06-01 12:00:00
1049,1987150N13095,1987-05-30 15:00:00,1987-05-31 15:00:00,1987-05-31 21:00:00,1987-06-01 03:00:00,1987-06-01 15:00:00
1050,1987150N13095,1987-05-30 18:00:00,1987-05-31 18:00:00,1987-06-01 00:00:00,1987-06-01 06:00:00,1987-06-01 18:00:00
1051,1987150N13095,1987-05-30 21:00:00,1987-05-31 21:00:00,1987-06-01 03:00:00,1987-06-01 09:00:00,1987-06-01 21:00:00
1052,1987150N13095,1987-05-31 00:00:00,1987-06-01 00:00:00,1987-06-01 06:00:00,1987-06-01 12:00:00,1987-06-02 00:00:00
1053,1987150N13095,1987-05-31 03:00:00,1987-06-01 03:00:00,1987-06-01 09:00:00,1987-06-01 15:00:00,1987-06-02 03:00:00
1054,1987150N13095,1987-05-31 06:00:00,1987-06-01 06:00:00,1987-06-01 12:00:00,1987-06-01 18:00:00,1987-06-02 06:00:00
1055,1987150N13095,1987-05-31 09:00:00,1987-06-01 09:00:00,1987-06-01 15:00:00,1987-06-01 21:00:00,1987-06-02 09:00:00
1056,1987150N13095,1987-05-31 12:00:00,1987-06-01 12:00:00,1987-06-01 18:00:00,1987-06-02 00:00:00,1987-06-02 12:00:00
1057,1987150N13095,1987-05-31 15:00:00,1987-06-01 15:00:00,1987-06-01 21:00:00,1987-06-02 03:00:00,1987-06-02 15:00:00
1058,1987150N13095,1987-05-31 18:00:00,1987-06-01 18:00:00,1987-06-02 00:00:00,1987-06-02 06:00:00,1987-06-02 18:00:00
1059,1987150N13095,1987-05-31 21:00:00,1987-06-01 21:00:00,1987-06-02 03:00:00,1987-06-02 09:00:00,1987-06-02 21:00:00
1060,1987150N13095,1987-06-01 00:00:00,1987-06-02 00:00:00,1987-06-02 06:00:00,1987-06-02 12:00:00,1987-06-03 00:00:00
1061,1987150N13095,1987-06-01 03:00:00,1987-06-02 03:00:00,1987-06-02 09:00:00,1987-06-02 15:00:00,1987-06-03 03:00:00
1062,1987150N13095,1987-06-01 06:00:00,1987-06-02 06:00:00,1987-06-02 12:00:00,1987-06-02 18:00:00,1987-06-03 06:00:00
1063,1987150N13095,1987-06-01 09:00:00,1987-06-02 09:00:00,1987-06-02 15:00:00,1987-06-02 21:00:00,1987-06-03 09:00:00
1064,1987150N13095,1987-06-01 12:00:00,1987-06-02 12:00:00,1987-06-02 18:00:00,1987-06-03 00:00:00,1987-06-03 12:00:00
1065,1987150N13095,1987-06-01 15:00:00,1987-06-02 15:00:00,1987-06-02 21:00:00,1987-06-03 03:00:00,1987-06-03 15:00:00
1066,1987150N13095,1987-06-01 18:00:00,1987-06-02 18:00:00,1987-06-03 00:00:00,1987-06-03 06:00:00,1987-06-03 18:00:00
1067,1987150N13095,1987-06-01 21:00:00,1987-06-02 21:00:00,1987-06-03 03:00:00,1987-06-03 09:00:00,1987-06-03 21:00:00
1068,1987150N13095,1987-06-02 00:00:00,1987-06-03 00:00:00,1987-06-03 06:00:00,1987-06-03 12:00:00,1987-06-04 00:00:00
1069,1987150N13095,1987-06-02 03:00:00,1987-06-03 03:00:00,1987-06-03 09:00:00,1987-06-03 15:00:00,1987-06-04 03:00:00
1070,1987150N13095,1987-06-02 06:00:00,1987-06-03 06:00:00,1987-06-03 12:00:00,1987-06-03 18:00:00,1987-06-04 06:00:00
1071,1987150N13095,1987-06-02 09:00:00,1987-06-03 09:00:00,1987-06-03 15:00:00,1987-06-03 21:00:00,1987-06-04 09:00:00
1072,1987150N13095,1987-06-02 12:00:00,1987-06-03 12:00:00,1987-06-03 18:00:00,1987-06-04 00:00:00,1987-06-04 12:00:00
1073,1987150N13095,1987-06-02 15:00:00,1987-06-03 15:00:00,1987-06-03 21:00:00,1987-06-04 03:00:00,1987-06-04 15:00:00
1074,1987150N13095,1987-06-02 18:00:00,1987-06-03 18:00:00,1987-06-04 00:00:00,1987-06-04 06:00:00,1987-06-04 18:00:00
1075,1987150N13095,1987-06-02 21:00:00,1987-06-03 21:00:00,1987-06-04 03:00:00,1987-06-04 09:00:00,1987-06-04 21:00:00
1076,1987150N13095,1987-06-03 00:00:00,1987-06-04 00:00:00,1987-06-04 06:00:00,1987-06-04 12:00:00,1987-06-05 00:00:00
1077,1987150N13095,1987-06-03 03:00:00,1987-06-04 03:00:00,1987-06-04 09:00:00,1987-06-04 15:00:00,1987-06-05 03:00:00
1078,1987150N13095,1987-06-03 06:00:00,1987-06-04 06:00:00,1987-06-04 12:00:00,1987-06-04 18:00:00,1987-06-05 06:00:00
1079,1987155N16061,1987-06-04 06:00:00,1987-06-05 06:00:00,1987-06-05 12:00:00,1987-06-05 18:00:00,1987-06-06 06:00:00
1080,1987155N16061,1987-06-04 09:00:00,1987-06-05 09:00:00,1987-06-05 15:00:00,1987-06-05 21:00:00,1987-06-06 09:00:00
1081,1987155N16061,1987-06-04 12:00:00,1987-06-05 12:00:00,1987-06-05 18:00:00,1987-06-06 00:00:00,1987-06-06 12:00:00
1082,1987155N16061,1987-06-04 15:00:00,1987-06-05 15:00:00,1987-06-05 21:00:00,1987-06-06 03:00:00,1987-06-06 15:00:00
1083,1987155N16061,1987-06-04 18:00:00,1987-06-05 18:00:00,1987-06-06 00:00:00,1987-06-06 06:00:00,1987-06-06 18:00:00
1084,1987155N16061,1987-06-04 21:00:00,1987-06-05 21:00:00,1987-06-06 03:00:00,1987-06-06 09:00:00,1987-06-06 21:00:00
1085,1987155N16061,1987-06-05 00:00:00,1987-06-06 00:00:00,1987-06-06 06:00:00,1987-06-06 12:00:00,1987-06-07 00:00:00
1086,1987155N16061,1987-06-05 03:00:00,1987-06-06 03:00:00,1987-06-06 09:00:00,1987-06-06 15:00:00,1987-06-07 03:00:00
1087,1987155N16061,1987-06-05 06:00:00,1987-06-06 06:00:00,1987-06-06 12:00:00,1987-06-06 18:00:00,1987-06-07 06:00:00
1088,1987155N16061,1987-06-05 09:00:00,1987-06-06 09:00:00,1987-06-06 15:00:00,1987-06-06 21:00:00,1987-06-07 09:00:00
1089,1987155N16061,1987-06-05 12:00:00,1987-06-06 12:00:00,1987-06-06 18:00:00,1987-06-07 00:00:00,1987-06-07 12:00:00
1090,1987155N16061,1987-06-05 15:00:00,1987-06-06 15:00:00,1987-06-06 21:00:00,1987-06-07 03:00:00,1987-06-07 15:00:00
1091,1987155N16061,1987-06-05 18:00:00,1987-06-06 18:00:00,1987-06-07 00:00:00,1987-06-07 06:00:00,1987-06-07 18:00:00
1092,1987155N16061,1987-06-05 21:00:00,1987-06-06 21:00:00,1987-06-07 03:00:00,1987-06-07 09:00:00,1987-06-07 21:00:00
1093,1987155N16061,1987-06-06 00:00:00,1987-06-07 00:00:00,1987-06-07 06:00:00,1987-06-07 12:00:00,1987-06-08 00:00:00
1094,1987155N16061,1987-06-06 03:00:00,1987-06-07 03:00:00,1987-06-07 09:00:00,1987-06-07 15:00:00,1987-06-08 03:00:00
1095,1987155N16061,1987-06-06 06:00:00,1987-06-07 06:00:00,1987-06-07 12:00:00,1987-06-07 18:00:00,1987-06-08 06:00:00
1096,1987155N16061,1987-06-06 09:00:00,1987-06-07 09:00:00,1987-06-07 15:00:00,1987-06-07 21:00:00,1987-06-08 09:00:00
1097,1987155N16061,1987-06-06 12:00:00,1987-06-07 12:00:00,1987-06-07 18:00:00,1987-06-08 00:00:00,1987-06-08 12:00:00
1098,1987155N16061,1987-06-06 15:00:00,1987-06-07 15:00:00,1987-06-07 21:00:00,1987-06-08 03:00:00,1987-06-08 15:00:00
1099,1987155N16061,1987-06-06 18:00:00,1987-06-07 18:00:00,1987-06-08 00:00:00,1987-06-08 06:00:00,1987-06-08 18:00:00
1100,1987155N16061,1987-06-06 21:00:00,1987-06-07 21:00:00,1987-06-08 03:00:00,1987-06-08 09:00:00,1987-06-08 21:00:00
1101,1987155N16061,1987-06-07 00:00:00,1987-06-08 00:00:00,1987-06-08 06:00:00,1987-06-08 12:00:00,1987-06-09 00:00:00
1102,1987155N16061,1987-06-07 03:00:00,1987-06-08 03:00:00,1987-06-08 09:00:00,1987-06-08 15:00:00,1987-06-09 03:00:00
1103,1987155N16061,1987-06-07 06:00:00,1987-06-08 06:00:00,1987-06-08 12:00:00,1987-06-08 18:00:00,1987-06-09 06:00:00
1104,1987155N16061,1987-06-07 09:00:00,1987-06-08 09:00:00,1987-06-08 15:00:00,1987-06-08 21:00:00,1987-06-09 09:00:00
1105,1987155N16061,1987-06-07 12:00:00,1987-06-08 12:00:00,1987-06-08 18:00:00,1987-06-09 00:00:00,1987-06-09 12:00:00
1106,1987155N16061,1987-06-07 15:00:00,1987-06-08 15:00:00,1987-06-08 21:00:00,1987-06-09 03:00:00,1987-06-09 15:00:00
1107,1987155N16061,1987-06-07 18:00:00,1987-06-08 18:00:00,1987-06-09 00:00:00,1987-06-09 06:00:00,1987-06-09 18:00:00
1108,1987155N16061,1987-06-07 21:00:00,1987-06-08 21:00:00,1987-06-09 03:00:00,1987-06-09 09:00:00,1987-06-09 21:00:00
1109,1987155N16061,1987-06-08 00:00:00,1987-06-09 00:00:00,1987-06-09 06:00:00,1987-06-09 12:00:00,1987-06-10 00:00:00
1110,1987155N16061,1987-06-08 03:00:00,1987-06-09 03:00:00,1987-06-09 09:00:00,1987-06-09 15:00:00,1987-06-10 03:00:00
1111,1987155N16061,1987-06-08 06:00:00,1987-06-09 06:00:00,1987-06-09 12:00:00,1987-06-09 18:00:00,1987-06-10 06:00:00
1112,1987155N16061,1987-06-08 09:00:00,1987-06-09 09:00:00,1987-06-09 15:00:00,1987-06-09 21:00:00,1987-06-10 09:00:00
1113,1987155N16061,1987-06-08 12:00:00,1987-06-09 12:00:00,1987-06-09 18:00:00,1987-06-10 00:00:00,1987-06-10 12:00:00
1114,1987155N16061,1987-06-08 15:00:00,1987-06-09 15:00:00,1987-06-09 21:00:00,1987-06-10 03:00:00,1987-06-10 15:00:00
1115,1987155N16061,1987-06-08 18:00:00,1987-06-09 18:00:00,1987-06-10 00:00:00,1987-06-10 06:00:00,1987-06-10 18:00:00
1116,1987155N16061,1987-06-08 21:00:00,1987-06-09 21:00:00,1987-06-10 03:00:00,1987-06-10 09:00:00,1987-06-10 21:00:00
1117,1987155N16061,1987-06-09 00:00:00,1987-06-10 00:00:00,1987-06-10 06:00:00,1987-06-10 12:00:00,1987-06-11 00:00:00
1118,1987155N16061,1987-06-09 03:00:00,1987-06-10 03:00:00,1987-06-10 09:00:00,1987-06-10 15:00:00,1987-06-11 03:00:00
1119,1987155N16061,1987-06-09 06:00:00,1987-06-10 06:00:00,1987-06-10 12:00:00,1987-06-10 18:00:00,1987-06-11 06:00:00
1120,1987155N16061,1987-06-09 09:00:00,1987-06-10 09:00:00,1987-06-10 15:00:00,1987-06-10 21:00:00,1987-06-11 09:00:00
1121,1987155N16061,1987-06-09 12:00:00,1987-06-10 12:00:00,1987-06-10 18:00:00,1987-06-11 00:00:00,1987-06-11 12:00:00
1122,1987155N16061,1987-06-09 15:00:00,1987-06-10 15:00:00,1987-06-10 21:00:00,1987-06-11 03:00:00,1987-06-11 15:00:00
1123,1987155N16061,1987-06-09 18:00:00,1987-06-10 18:00:00,1987-06-11 00:00:00,1987-06-11 06:00:00,1987-06-11 18:00:00
1124,1987155N16061,1987-06-09 21:00:00,1987-06-10 21:00:00,1987-06-11 03:00:00,1987-06-11 09:00:00,1987-06-11 21:00:00
1125,1987155N16061,1987-06-10 00:00:00,1987-06-11 00:00:00,1987-06-11 06:00:00,1987-06-11 12:00:00,1987-06-12 00:00:00
1126,1987219N08134,1987-08-07 00:00:00,1987-08-08 00:00:00,1987-08-08 06:00:00,1987-08-08 12:00:00,1987-08-09 00:00:00
1127,1987219N08134,1987-08-07 03:00:00,1987-08-08 03:00:00,1987-08-08 09:00:00,1987-08-08 15:00:00,1987-08-09 03:00:00
1128,1987219N08134,1987-08-07 06:00:00,1987-08-08 06:00:00,1987-08-08 12:00:00,1987-08-08 18:00:00,1987-08-09 06:00:00
1129,1987219N08134,1987-08-07 09:00:00,1987-08-08 09:00:00,1987-08-08 15:00:00,1987-08-08 21:00:00,1987-08-09 09:00:00
1130,1987219N08134,1987-08-07 12:00:00,1987-08-08 12:00:00,1987-08-08 18:00:00,1987-08-09 00:00:00,1987-08-09 12:00:00
1131,1987219N08134,1987-08-07 15:00:00,1987-08-08 15:00:00,1987-08-08 21:00:00,1987-08-09 03:00:00,1987-08-09 15:00:00
1132,1987219N08134,1987-08-07 18:00:00,1987-08-08 18:00:00,1987-08-09 00:00:00,1987-08-09 06:00:00,1987-08-09 18:00:00
1133,1987219N08134,1987-08-07 21:00:00,1987-08-08 21:00:00,1987-08-09 03:00:00,1987-08-09 09:00:00,1987-08-09 21:00:00
1134,1987219N08134,1987-08-08 00:00:00,1987-08-09 00:00:00,1987-08-09 06:00:00,1987-08-09 12:00:00,1987-08-10 00:00:00
1135,1987219N08134,1987-08-08 03:00:00,1987-08-09 03:00:00,1987-08-09 09:00:00,1987-08-09 15:00:00,1987-08-10 03:00:00
1136,1987219N08134,1987-08-08 06:00:00,1987-08-09 06:00:00,1987-08-09 12:00:00,1987-08-09 18:00:00,1987-08-10 06:00:00
1137,1987219N08134,1987-08-08 09:00:00,1987-08-09 09:00:00,1987-08-09 15:00:00,1987-08-09 21:00:00,1987-08-10 09:00:00
1138,1987219N08134,1987-08-08 12:00:00,1987-08-09 12:00:00,1987-08-09 18:00:00,1987-08-10 00:00:00,1987-08-10 12:00:00
1139,1987219N08134,1987-08-08 15:00:00,1987-08-09 15:00:00,1987-08-09 21:00:00,1987-08-10 03:00:00,1987-08-10 15:00:00
1140,1987219N08134,1987-08-08 18:00:00,1987-08-09 18:00:00,1987-08-10 00:00:00,1987-08-10 06:00:00,1987-08-10 18:00:00
1141,1987219N08134,1987-08-08 21:00:00,1987-08-09 21:00:00,1987-08-10 03:00:00,1987-08-10 09:00:00,1987-08-10 21:00:00
1142,1987219N08134,1987-08-09 00:00:00,1987-08-10 00:00:00,1987-08-10 06:00:00,1987-08-10 12:00:00,1987-08-11 00:00:00
1143,1987219N08134,1987-08-09 03:00:00,1987-08-10 03:00:00,1987-08-10 09:00:00,1987-08-10 15:00:00,1987-08-11 03:00:00
1144,1987219N08134,1987-08-09 06:00:00,1987-08-10 06:00:00,1987-08-10 12:00:00,1987-08-10 18:00:00,1987-08-11 06:00:00
1145,1987219N08134,1987-08-09 09:00:00,1987-08-10 09:00:00,1987-08-10 15:00:00,1987-08-10 21:00:00,1987-08-11 09:00:00
1146,1987219N08134,1987-08-09 12:00:00,1987-08-10 12:00:00,1987-08-10 18:00:00,1987-08-11 00:00:00,1987-08-11 12:00:00
1147,1987219N08134,1987-08-09 15:00:00,1987-08-10 15:00:00,1987-08-10 21:00:00,1987-08-11 03:00:00,1987-08-11 15:00:00
1148,1987219N08134,1987-08-09 18:00:00,1987-08-10 18:00:00,1987-08-11 00:00:00,1987-08-11 06:00:00,1987-08-11 18:00:00
1149,1987219N08134,1987-08-09 21:00:00,1987-08-10 21:00:00,1987-08-11 03:00:00,1987-08-11 09:00:00,1987-08-11 21:00:00
1150,1987219N08134,1987-08-10 00:00:00,1987-08-11 00:00:00,1987-08-11 06:00:00,1987-08-11 12:00:00,1987-08-12 00:00:00
1151,1987219N08134,1987-08-10 03:00:00,1987-08-11 03:00:00,1987-08-11 09:00:00,1987-08-11 15:00:00,1987-08-12 03:00:00
1152,1987219N08134,1987-08-10 06:00:00,1987-08-11 06:00:00,1987-08-11 12:00:00,1987-08-11 18:00:00,1987-08-12 06:00:00
1153,1987219N08134,1987-08-10 09:00:00,1987-08-11 09:00:00,1987-08-11 15:00:00,1987-08-11 21:00:00,1987-08-12 09:00:00
1154,1987219N08134,1987-08-10 12:00:00,1987-08-11 12:00:00,1987-08-11 18:00:00,1987-08-12 00:00:00,1987-08-12 12:00:00
1155,1987219N08134,1987-08-10 15:00:00,1987-08-11 15:00:00,1987-08-11 21:00:00,1987-08-12 03:00:00,1987-08-12 15:00:00
1156,1987219N08134,1987-08-10 18:00:00,1987-08-11 18:00:00,1987-08-12 00:00:00,1987-08-12 06:00:00,1987-08-12 18:00:00
1157,1987219N08134,1987-08-10 21:00:00,1987-08-11 21:00:00,1987-08-12 03:00:00,1987-08-12 09:00:00,1987-08-12 21:00:00
1158,1987219N08134,1987-08-11 00:00:00,1987-08-12 00:00:00,1987-08-12 06:00:00,1987-08-12 12:00:00,1987-08-13 00:00:00
1159,1987219N08134,1987-08-11 03:00:00,1987-08-12 03:00:00,1987-08-12 09:00:00,1987-08-12 15:00:00,1987-08-13 03:00:00
1160,1987219N08134,1987-08-11 06:00:00,1987-08-12 06:00:00,1987-08-12 12:00:00,1987-08-12 18:00:00,1987-08-13 06:00:00
1161,1987219N08134,1987-08-11 09:00:00,1987-08-12 09:00:00,1987-08-12 15:00:00,1987-08-12 21:00:00,1987-08-13 09:00:00
1162,1987219N08134,1987-08-11 12:00:00,1987-08-12 12:00:00,1987-08-12 18:00:00,1987-08-13 00:00:00,1987-08-13 12:00:00
1163,1987219N08134,1987-08-11 15:00:00,1987-08-12 15:00:00,1987-08-12 21:00:00,1987-08-13 03:00:00,1987-08-13 15:00:00
1164,1987219N08134,1987-08-11 18:00:00,1987-08-12 18:00:00,1987-08-13 00:00:00,1987-08-13 06:00:00,1987-08-13 18:00:00
1165,1987219N08134,1987-08-11 21:00:00,1987-08-12 21:00:00,1987-08-13 03:00:00,1987-08-13 09:00:00,1987-08-13 21:00:00
1166,1987219N08134,1987-08-12 00:00:00,1987-08-13 00:00:00,1987-08-13 06:00:00,1987-08-13 12:00:00,1987-08-14 00:00:00
1167,1987219N08134,1987-08-12 03:00:00,1987-08-13 03:00:00,1987-08-13 09:00:00,1987-08-13 15:00:00,1987-08-14 03:00:00
1168,1987219N08134,1987-08-12 06:00:00,1987-08-13 06:00:00,1987-08-13 12:00:00,1987-08-13 18:00:00,1987-08-14 06:00:00
1169,1987219N08134,1987-08-12 09:00:00,1987-08-13 09:00:00,1987-08-13 15:00:00,1987-08-13 21:00:00,1987-08-14 09:00:00
1170,1987219N08134,1987-08-12 12:00:00,1987-08-13 12:00:00,1987-08-13 18:00:00,1987-08-14 00:00:00,1987-08-14 12:00:00
1171,1987219N08134,1987-08-12 15:00:00,1987-08-13 15:00:00,1987-08-13 21:00:00,1987-08-14 03:00:00,1987-08-14 15:00:00
1172,1987219N08134,1987-08-12 18:00:00,1987-08-13 18:00:00,1987-08-14 00:00:00,1987-08-14 06:00:00,1987-08-14 18:00:00
1173,1987219N08134,1987-08-12 21:00:00,1987-08-13 21:00:00,1987-08-14 03:00:00,1987-08-14 09:00:00,1987-08-14 21:00:00
1174,1987219N08134,1987-08-13 00:00:00,1987-08-14 00:00:00,1987-08-14 06:00:00,1987-08-14 12:00:00,1987-08-15 00:00:00
1175,1987219N08134,1987-08-13 03:00:00,1987-08-14 03:00:00,1987-08-14 09:00:00,1987-08-14 15:00:00,1987-08-15 03:00:00
1176,1987219N08134,1987-08-13 06:00:00,1987-08-14 06:00:00,1987-08-14 12:00:00,1987-08-14 18:00:00,1987-08-15 06:00:00
1177,1987219N08134,1987-08-13 09:00:00,1987-08-14 09:00:00,1987-08-14 15:00:00,1987-08-14 21:00:00,1987-08-15 09:00:00
1178,1987219N08134,1987-08-13 12:00:00,1987-08-14 12:00:00,1987-08-14 18:00:00,1987-08-15 00:00:00,1987-08-15 12:00:00
1179,1987219N08134,1987-08-13 15:00:00,1987-08-14 15:00:00,1987-08-14 21:00:00,1987-08-15 03:00:00,1987-08-15 15:00:00
1180,1987219N08134,1987-08-13 18:00:00,1987-08-14 18:00:00,1987-08-15 00:00:00,1987-08-15 06:00:00,1987-08-15 18:00:00
1181,1987219N08134,1987-08-13 21:00:00,1987-08-14 21:00:00,1987-08-15 03:00:00,1987-08-15 09:00:00,1987-08-15 21:00:00
1182,1987219N08134,1987-08-14 00:00:00,1987-08-15 00:00:00,1987-08-15 06:00:00,1987-08-15 12:00:00,1987-08-16 00:00:00
1183,1987219N08134,1987-08-14 03:00:00,1987-08-15 03:00:00,1987-08-15 09:00:00,1987-08-15 15:00:00,1987-08-16 03:00:00
1184,1987219N08134,1987-08-14 06:00:00,1987-08-15 06:00:00,1987-08-15 12:00:00,1987-08-15 18:00:00,1987-08-16 06:00:00
1185,1987219N08134,1987-08-14 09:00:00,1987-08-15 09:00:00,1987-08-15 15:00:00,1987-08-15 21:00:00,1987-08-16 09:00:00
1186,1987219N08134,1987-08-14 12:00:00,1987-08-15 12:00:00,1987-08-15 18:00:00,1987-08-16 00:00:00,1987-08-16 12:00:00
1187,1987219N08134,1987-08-14 15:00:00,1987-08-15 15:00:00,1987-08-15 21:00:00,1987-08-16 03:00:00,1987-08-16 15:00:00
1188,1987219N08134,1987-08-14 18:00:00,1987-08-15 18:00:00,1987-08-16 00:00:00,1987-08-16 06:00:00,1987-08-16 18:00:00
1189,1987219N08134,1987-08-14 21:00:00,1987-08-15 21:00:00,1987-08-16 03:00:00,1987-08-16 09:00:00,1987-08-16 21:00:00
1190,1987219N08134,1987-08-15 00:00:00,1987-08-16 00:00:00,1987-08-16 06:00:00,1987-08-16 12:00:00,1987-08-17 00:00:00
1191,1987219N08134,1987-08-15 03:00:00,1987-08-16 03:00:00,1987-08-16 09:00:00,1987-08-16 15:00:00,1987-08-17 03:00:00
1192,1987219N08134,1987-08-15 06:00:00,1987-08-16 06:00:00,1987-08-16 12:00:00,1987-08-16 18:00:00,1987-08-17 06:00:00
1193,1987219N08134,1987-08-15 09:00:00,1987-08-16 09:00:00,1987-08-16 15:00:00,1987-08-16 21:00:00,1987-08-17 09:00:00
1194,1987219N08134,1987-08-15 12:00:00,1987-08-16 12:00:00,1987-08-16 18:00:00,1987-08-17 00:00:00,1987-08-17 12:00:00
1195,1987219N08155,1987-08-07 00:00:00,1987-08-08 00:00:00,1987-08-08 06:00:00,1987-08-08 12:00:00,1987-08-09 00:00:00
1196,1987219N08155,1987-08-07 03:00:00,1987-08-08 03:00:00,1987-08-08 09:00:00,1987-08-08 15:00:00,1987-08-09 03:00:00
1197,1987219N08155,1987-08-07 06:00:00,1987-08-08 06:00:00,1987-08-08 12:00:00,1987-08-08 18:00:00,1987-08-09 06:00:00
1198,1987219N08155,1987-08-07 09:00:00,1987-08-08 09:00:00,1987-08-08 15:00:00,1987-08-08 21:00:00,1987-08-09 09:00:00
1199,1987219N08155,1987-08-07 12:00:00,1987-08-08 12:00:00,1987-08-08 18:00:00,1987-08-09 00:00:00,1987-08-09 12:00:00
1200,1987219N08155,1987-08-07 15:00:00,1987-08-08 15:00:00,1987-08-08 21:00:00,1987-08-09 03:00:00,1987-08-09 15:00:00
1201,1987219N08155,1987-08-07 18:00:00,1987-08-08 18:00:00,1987-08-09 00:00:00,1987-08-09 06:00:00,1987-08-09 18:00:00
1202,1987219N08155,1987-08-07 21:00:00,1987-08-08 21:00:00,1987-08-09 03:00:00,1987-08-09 09:00:00,1987-08-09 21:00:00
1203,1987219N08155,1987-08-08 00:00:00,1987-08-09 00:00:00,1987-08-09 06:00:00,1987-08-09 12:00:00,1987-08-10 00:00:00
1204,1987219N08155,1987-08-08 03:00:00,1987-08-09 03:00:00,1987-08-09 09:00:00,1987-08-09 15:00:00,1987-08-10 03:00:00
1205,1987219N08155,1987-08-08 06:00:00,1987-08-09 06:00:00,1987-08-09 12:00:00,1987-08-09 18:00:00,1987-08-10 06:00:00
1206,1987219N08155,1987-08-08 09:00:00,1987-08-09 09:00:00,1987-08-09 15:00:00,1987-08-09 21:00:00,1987-08-10 09:00:00
1207,1987219N08155,1987-08-08 12:00:00,1987-08-09 12:00:00,1987-08-09 18:00:00,1987-08-10 00:00:00,1987-08-10 12:00:00
1208,1987219N08155,1987-08-08 15:00:00,1987-08-09 15:00:00,1987-08-09 21:00:00,1987-08-10 03:00:00,1987-08-10 15:00:00
1209,1987219N08155,1987-08-08 18:00:00,1987-08-09 18:00:00,1987-08-10 00:00:00,1987-08-10 06:00:00,1987-08-10 18:00:00
1210,1987219N08155,1987-08-08 21:00:00,1987-08-09 21:00:00,1987-08-10 03:00:00,1987-08-10 09:00:00,1987-08-10 21:00:00
1211,1987219N08155,1987-08-09 00:00:00,1987-08-10 00:00:00,1987-08-10 06:00:00,1987-08-10 12:00:00,1987-08-11 00:00:00
1212,1987219N08155,1987-08-09 03:00:00,1987-08-10 03:00:00,1987-08-10 09:00:00,1987-08-10 15:00:00,1987-08-11 03:00:00
1213,1987219N08155,1987-08-09 06:00:00,1987-08-10 06:00:00,1987-08-10 12:00:00,1987-08-10 18:00:00,1987-08-11 06:00:00
1214,1987219N08155,1987-08-09 09:00:00,1987-08-10 09:00:00,1987-08-10 15:00:00,1987-08-10 21:00:00,1987-08-11 09:00:00
1215,1987219N08155,1987-08-09 12:00:00,1987-08-10 12:00:00,1987-08-10 18:00:00,1987-08-11 00:00:00,1987-08-11 12:00:00
1216,1987219N08155,1987-08-09 15:00:00,1987-08-10 15:00:00,1987-08-10 21:00:00,1987-08-11 03:00:00,1987-08-11 15:00:00
1217,1987219N08155,1987-08-09 18:00:00,1987-08-10 18:00:00,1987-08-11 00:00:00,1987-08-11 06:00:00,1987-08-11 18:00:00
1218,1987219N08155,1987-08-09 21:00:00,1987-08-10 21:00:00,1987-08-11 03:00:00,1987-08-11 09:00:00,1987-08-11 21:00:00
1219,1987219N08155,1987-08-10 00:00:00,1987-08-11 00:00:00,1987-08-11 06:00:00,1987-08-11 12:00:00,1987-08-12 00:00:00
1220,1987219N08155,1987-08-10 03:00:00,1987-08-11 03:00:00,1987-08-11 09:00:00,1987-08-11 15:00:00,1987-08-12 03:00:00
1221,1987219N08155,1987-08-10 06:00:00,1987-08-11 06:00:00,1987-08-11 12:00:00,1987-08-11 18:00:00,1987-08-12 06:00:00
1222,1987219N08155,1987-08-10 09:00:00,1987-08-11 09:00:00,1987-08-11 15:00:00,1987-08-11 21:00:00,1987-08-12 09:00:00
1223,1987219N08155,1987-08-10 12:00:00,1987-08-11 12:00:00,1987-08-11 18:00:00,1987-08-12 00:00:00,1987-08-12 12:00:00
1224,1987219N08155,1987-08-10 15:00:00,1987-08-11 15:00:00,1987-08-11 21:00:00,1987-08-12 03:00:00,1987-08-12 15:00:00
1225,1987219N08155,1987-08-10 18:00:00,1987-08-11 18:00:00,1987-08-12 00:00:00,1987-08-12 06:00:00,1987-08-12 18:00:00
1226,1987219N08155,1987-08-10 21:00:00,1987-08-11 21:00:00,1987-08-12 03:00:00,1987-08-12 09:00:00,1987-08-12 21:00:00
1227,1987219N08155,1987-08-11 00:00:00,1987-08-12 00:00:00,1987-08-12 06:00:00,1987-08-12 12:00:00,1987-08-13 00:00:00
1228,1987219N08155,1987-08-11 03:00:00,1987-08-12 03:00:00,1987-08-12 09:00:00,1987-08-12 15:00:00,1987-08-13 03:00:00
1229,1987219N08155,1987-08-11 06:00:00,1987-08-12 06:00:00,1987-08-12 12:00:00,1987-08-12 18:00:00,1987-08-13 06:00:00
1230,1987219N08155,1987-08-11 09:00:00,1987-08-12 09:00:00,1987-08-12 15:00:00,1987-08-12 21:00:00,1987-08-13 09:00:00
1231,1987219N08155,1987-08-11 12:00:00,1987-08-12 12:00:00,1987-08-12 18:00:00,1987-08-13 00:00:00,1987-08-13 12:00:00
1232,1987219N08155,1987-08-11 15:00:00,1987-08-12 15:00:00,1987-08-12 21:00:00,1987-08-13 03:00:00,1987-08-13 15:00:00
1233,1987219N08155,1987-08-11 18:00:00,1987-08-12 18:00:00,1987-08-13 00:00:00,1987-08-13 06:00:00,1987-08-13 18:00:00
1234,1987219N08155,1987-08-11 21:00:00,1987-08-12 21:00:00,1987-08-13 03:00:00,1987-08-13 09:00:00,1987-08-13 21:00:00
1235,1987219N08155,1987-08-12 00:00:00,1987-08-13 00:00:00,1987-08-13 06:00:00,1987-08-13 12:00:00,1987-08-14 00:00:00
1236,1987219N08155,1987-08-12 03:00:00,1987-08-13 03:00:00,1987-08-13 09:00:00,1987-08-13 15:00:00,1987-08-14 03:00:00
1237,1987219N08155,1987-08-12 06:00:00,1987-08-13 06:00:00,1987-08-13 12:00:00,1987-08-13 18:00:00,1987-08-14 06:00:00
1238,1987219N08155,1987-08-12 09:00:00,1987-08-13 09:00:00,1987-08-13 15:00:00,1987-08-13 21:00:00,1987-08-14 09:00:00
1239,1987219N08155,1987-08-12 12:00:00,1987-08-13 12:00:00,1987-08-13 18:00:00,1987-08-14 00:00:00,1987-08-14 12:00:00
1240,1987219N08155,1987-08-12 15:00:00,1987-08-13 15:00:00,1987-08-13 21:00:00,1987-08-14 03:00:00,1987-08-14 15:00:00
1241,1987219N08155,1987-08-12 18:00:00,1987-08-13 18:00:00,1987-08-14 00:00:00,1987-08-14 06:00:00,1987-08-14 18:00:00
1242,1987219N08155,1987-08-12 21:00:00,1987-08-13 21:00:00,1987-08-14 03:00:00,1987-08-14 09:00:00,1987-08-14 21:00:00
1243,1987219N08155,1987-08-13 00:00:00,1987-08-14 00:00:00,1987-08-14 06:00:00,1987-08-14 12:00:00,1987-08-15 00:00:00
1244,1987219N08155,1987-08-13 03:00:00,1987-08-14 03:00:00,1987-08-14 09:00:00,1987-08-14 15:00:00,1987-08-15 03:00:00
1245,1987219N08155,1987-08-13 06:00:00,1987-08-14 06:00:00,1987-08-14 12:00:00,1987-08-14 18:00:00,1987-08-15 06:00:00
1246,1987219N08155,1987-08-13 09:00:00,1987-08-14 09:00:00,1987-08-14 15:00:00,1987-08-14 21:00:00,1987-08-15 09:00:00
1247,1987219N08155,1987-08-13 12:00:00,1987-08-14 12:00:00,1987-08-14 18:00:00,1987-08-15 00:00:00,1987-08-15 12:00:00
1248,1987219N08155,1987-08-13 15:00:00,1987-08-14 15:00:00,1987-08-14 21:00:00,1987-08-15 03:00:00,1987-08-15 15:00:00
1249,1987219N08155,1987-08-13 18:00:00,1987-08-14 18:00:00,1987-08-15 00:00:00,1987-08-15 06:00:00,1987-08-15 18:00:00
1250,1987219N08155,1987-08-13 21:00:00,1987-08-14 21:00:00,1987-08-15 03:00:00,1987-08-15 09:00:00,1987-08-15 21:00:00
1251,1987219N08155,1987-08-14 00:00:00,1987-08-15 00:00:00,1987-08-15 06:00:00,1987-08-15 12:00:00,1987-08-16 00:00:00
1252,1987219N08155,1987-08-14 03:00:00,1987-08-15 03:00:00,1987-08-15 09:00:00,1987-08-15 15:00:00,1987-08-16 03:00:00
1253,1987219N08155,1987-08-14 06:00:00,1987-08-15 06:00:00,1987-08-15 12:00:00,1987-08-15 18:00:00,1987-08-16 06:00:00
1254,1987219N08155,1987-08-14 09:00:00,1987-08-15 09:00:00,1987-08-15 15:00:00,1987-08-15 21:00:00,1987-08-16 09:00:00
1255,1987219N08155,1987-08-14 12:00:00,1987-08-15 12:00:00,1987-08-15 18:00:00,1987-08-16 00:00:00,1987-08-16 12:00:00
1256,1987219N08155,1987-08-14 15:00:00,1987-08-15 15:00:00,1987-08-15 21:00:00,1987-08-16 03:00:00,1987-08-16 15:00:00
1257,1987219N08155,1987-08-14 18:00:00,1987-08-15 18:00:00,1987-08-16 00:00:00,1987-08-16 06:00:00,1987-08-16 18:00:00
1258,1987219N08155,1987-08-14 21:00:00,1987-08-15 21:00:00,1987-08-16 03:00:00,1987-08-16 09:00:00,1987-08-16 21:00:00
1259,1987219N08155,1987-08-15 00:00:00,1987-08-16 00:00:00,1987-08-16 06:00:00,1987-08-16 12:00:00,1987-08-17 00:00:00
1260,1987219N08155,1987-08-15 03:00:00,1987-08-16 03:00:00,1987-08-16 09:00:00,1987-08-16 15:00:00,1987-08-17 03:00:00
1261,1987219N08155,1987-08-15 06:00:00,1987-08-16 06:00:00,1987-08-16 12:00:00,1987-08-16 18:00:00,1987-08-17 06:00:00
1262,1987219N08155,1987-08-15 09:00:00,1987-08-16 09:00:00,1987-08-16 15:00:00,1987-08-16 21:00:00,1987-08-17 09:00:00
1263,1987219N08155,1987-08-15 12:00:00,1987-08-16 12:00:00,1987-08-16 18:00:00,1987-08-17 00:00:00,1987-08-17 12:00:00
1264,1987219N08155,1987-08-15 15:00:00,1987-08-16 15:00:00,1987-08-16 21:00:00,1987-08-17 03:00:00,1987-08-17 15:00:00
1265,1987219N08155,1987-08-15 18:00:00,1987-08-16 18:00:00,1987-08-17 00:00:00,1987-08-17 06:00:00,1987-08-17 18:00:00
1266,1987219N08155,1987-08-15 21:00:00,1987-08-16 21:00:00,1987-08-17 03:00:00,1987-08-17 09:00:00,1987-08-17 21:00:00
1267,1987219N08155,1987-08-16 00:00:00,1987-08-17 00:00:00,1987-08-17 06:00:00,1987-08-17 12:00:00,1987-08-18 00:00:00
1268,1987219N08155,1987-08-16 03:00:00,1987-08-17 03:00:00,1987-08-17 09:00:00,1987-08-17 15:00:00,1987-08-18 03:00:00
1269,1987219N08155,1987-08-16 06:00:00,1987-08-17 06:00:00,1987-08-17 12:00:00,1987-08-17 18:00:00,1987-08-18 06:00:00
1270,1987219N08155,1987-08-16 09:00:00,1987-08-17 09:00:00,1987-08-17 15:00:00,1987-08-17 21:00:00,1987-08-18 09:00:00
1271,1987219N08155,1987-08-16 12:00:00,1987-08-17 12:00:00,1987-08-17 18:00:00,1987-08-18 00:00:00,1987-08-18 12:00:00
1272,1987219N08155,1987-08-16 15:00:00,1987-08-17 15:00:00,1987-08-17 21:00:00,1987-08-18 03:00:00,1987-08-18 15:00:00
1273,1987219N08155,1987-08-16 18:00:00,1987-08-17 18:00:00,1987-08-18 00:00:00,1987-08-18 06:00:00,1987-08-18 18:00:00
1274,1987219N08155,1987-08-16 21:00:00,1987-08-17 21:00:00,1987-08-18 03:00:00,1987-08-18 09:00:00,1987-08-18 21:00:00
1275,1987219N08155,1987-08-17 00:00:00,1987-08-18 00:00:00,1987-08-18 06:00:00,1987-08-18 12:00:00,1987-08-19 00:00:00
1276,1987219N08155,1987-08-17 03:00:00,1987-08-18 03:00:00,1987-08-18 09:00:00,1987-08-18 15:00:00,1987-08-19 03:00:00
1277,1987219N08155,1987-08-17 06:00:00,1987-08-18 06:00:00,1987-08-18 12:00:00,1987-08-18 18:00:00,1987-08-19 06:00:00
1278,1987219N08155,1987-08-17 09:00:00,1987-08-18 09:00:00,1987-08-18 15:00:00,1987-08-18 21:00:00,1987-08-19 09:00:00
1279,1987219N08155,1987-08-17 12:00:00,1987-08-18 12:00:00,1987-08-18 18:00:00,1987-08-19 00:00:00,1987-08-19 12:00:00
1280,1987219N08155,1987-08-17 15:00:00,1987-08-18 15:00:00,1987-08-18 21:00:00,1987-08-19 03:00:00,1987-08-19 15:00:00
1281,1987219N08155,1987-08-17 18:00:00,1987-08-18 18:00:00,1987-08-19 00:00:00,1987-08-19 06:00:00,1987-08-19 18:00:00
1282,1987219N08155,1987-08-17 21:00:00,1987-08-18 21:00:00,1987-08-19 03:00:00,1987-08-19 09:00:00,1987-08-19 21:00:00
1283,1987219N08155,1987-08-18 00:00:00,1987-08-19 00:00:00,1987-08-19 06:00:00,1987-08-19 12:00:00,1987-08-20 00:00:00
1284,1987219N08155,1987-08-18 03:00:00,1987-08-19 03:00:00,1987-08-19 09:00:00,1987-08-19 15:00:00,1987-08-20 03:00:00
1285,1987219N08155,1987-08-18 06:00:00,1987-08-19 06:00:00,1987-08-19 12:00:00,1987-08-19 18:00:00,1987-08-20 06:00:00
1286,1987219N08155,1987-08-18 09:00:00,1987-08-19 09:00:00,1987-08-19 15:00:00,1987-08-19 21:00:00,1987-08-20 09:00:00
1287,1987219N08155,1987-08-18 12:00:00,1987-08-19 12:00:00,1987-08-19 18:00:00,1987-08-20 00:00:00,1987-08-20 12:00:00
1288,1987219N08155,1987-08-18 15:00:00,1987-08-19 15:00:00,1987-08-19 21:00:00,1987-08-20 03:00:00,1987-08-20 15:00:00
1289,1987219N08155,1987-08-18 18:00:00,1987-08-19 18:00:00,1987-08-20 00:00:00,1987-08-20 06:00:00,1987-08-20 18:00:00
1290,1987219N08155,1987-08-18 21:00:00,1987-08-19 21:00:00,1987-08-20 03:00:00,1987-08-20 09:00:00,1987-08-20 21:00:00
1291,1987219N08155,1987-08-19 00:00:00,1987-08-20 00:00:00,1987-08-20 06:00:00,1987-08-20 12:00:00,1987-08-21 00:00:00
1292,1987219N08155,1987-08-19 03:00:00,1987-08-20 03:00:00,1987-08-20 09:00:00,1987-08-20 15:00:00,1987-08-21 03:00:00
1293,1987219N08155,1987-08-19 06:00:00,1987-08-20 06:00:00,1987-08-20 12:00:00,1987-08-20 18:00:00,1987-08-21 06:00:00
1294,1987219N08155,1987-08-19 09:00:00,1987-08-20 09:00:00,1987-08-20 15:00:00,1987-08-20 21:00:00,1987-08-21 09:00:00
1295,1987219N08155,1987-08-19 12:00:00,1987-08-20 12:00:00,1987-08-20 18:00:00,1987-08-21 00:00:00,1987-08-21 12:00:00
1296,1987219N08155,1987-08-19 15:00:00,1987-08-20 15:00:00,1987-08-20 21:00:00,1987-08-21 03:00:00,1987-08-21 15:00:00
1297,1987219N08155,1987-08-19 18:00:00,1987-08-20 18:00:00,1987-08-21 00:00:00,1987-08-21 06:00:00,1987-08-21 18:00:00
1298,1987219N08155,1987-08-19 21:00:00,1987-08-20 21:00:00,1987-08-21 03:00:00,1987-08-21 09:00:00,1987-08-21 21:00:00
1299,1987219N08155,1987-08-20 00:00:00,1987-08-21 00:00:00,1987-08-21 06:00:00,1987-08-21 12:00:00,1987-08-22 00:00:00
1300,1987219N08155,1987-08-20 03:00:00,1987-08-21 03:00:00,1987-08-21 09:00:00,1987-08-21 15:00:00,1987-08-22 03:00:00
1301,1987219N08155,1987-08-20 06:00:00,1987-08-21 06:00:00,1987-08-21 12:00:00,1987-08-21 18:00:00,1987-08-22 06:00:00
1302,1987219N08155,1987-08-20 09:00:00,1987-08-21 09:00:00,1987-08-21 15:00:00,1987-08-21 21:00:00,1987-08-22 09:00:00
1303,1987219N08155,1987-08-20 12:00:00,1987-08-21 12:00:00,1987-08-21 18:00:00,1987-08-22 00:00:00,1987-08-22 12:00:00
1304,1987219N08155,1987-08-20 15:00:00,1987-08-21 15:00:00,1987-08-21 21:00:00,1987-08-22 03:00:00,1987-08-22 15:00:00
1305,1987219N08155,1987-08-20 18:00:00,1987-08-21 18:00:00,1987-08-22 00:00:00,1987-08-22 06:00:00,1987-08-22 18:00:00
1306,1987219N08155,1987-08-20 21:00:00,1987-08-21 21:00:00,1987-08-22 03:00:00,1987-08-22 09:00:00,1987-08-22 21:00:00
1307,1987219N08155,1987-08-21 00:00:00,1987-08-22 00:00:00,1987-08-22 06:00:00,1987-08-22 12:00:00,1987-08-23 00:00:00
1308,1987219N08155,1987-08-21 03:00:00,1987-08-22 03:00:00,1987-08-22 09:00:00,1987-08-22 15:00:00,1987-08-23 03:00:00
1309,1987219N08155,1987-08-21 06:00:00,1987-08-22 06:00:00,1987-08-22 12:00:00,1987-08-22 18:00:00,1987-08-23 06:00:00
1310,1987219N08155,1987-08-21 09:00:00,1987-08-22 09:00:00,1987-08-22 15:00:00,1987-08-22 21:00:00,1987-08-23 09:00:00
1311,1987219N08155,1987-08-21 12:00:00,1987-08-22 12:00:00,1987-08-22 18:00:00,1987-08-23 00:00:00,1987-08-23 12:00:00
1312,1987219N08155,1987-08-21 15:00:00,1987-08-22 15:00:00,1987-08-22 21:00:00,1987-08-23 03:00:00,1987-08-23 15:00:00
1313,1987219N08155,1987-08-21 18:00:00,1987-08-22 18:00:00,1987-08-23 00:00:00,1987-08-23 06:00:00,1987-08-23 18:00:00
1314,1987219N08155,1987-08-21 21:00:00,1987-08-22 21:00:00,1987-08-23 03:00:00,1987-08-23 09:00:00,1987-08-23 21:00:00
1315,1987219N08155,1987-08-22 00:00:00,1987-08-23 00:00:00,1987-08-23 06:00:00,1987-08-23 12:00:00,1987-08-24 00:00:00
1316,1987219N08155,1987-08-22 03:00:00,1987-08-23 03:00:00,1987-08-23 09:00:00,1987-08-23 15:00:00,1987-08-24 03:00:00
1317,1987219N08155,1987-08-22 06:00:00,1987-08-23 06:00:00,1987-08-23 12:00:00,1987-08-23 18:00:00,1987-08-24 06:00:00
1318,1987219N08155,1987-08-22 09:00:00,1987-08-23 09:00:00,1987-08-23 15:00:00,1987-08-23 21:00:00,1987-08-24 09:00:00
1319,1987219N08155,1987-08-22 12:00:00,1987-08-23 12:00:00,1987-08-23 18:00:00,1987-08-24 00:00:00,1987-08-24 12:00:00
1320,1987238N24090,1987-08-26 03:00:00,1987-08-27 03:00:00,1987-08-27 09:00:00,1987-08-27 15:00:00,1987-08-28 03:00:00
1321,1987238N24090,1987-08-26 06:00:00,1987-08-27 06:00:00,1987-08-27 12:00:00,1987-08-27 18:00:00,1987-08-28 06:00:00
1322,1987238N24090,1987-08-26 09:00:00,1987-08-27 09:00:00,1987-08-27 15:00:00,1987-08-27 21:00:00,1987-08-28 09:00:00
1323,1987238N24090,1987-08-26 12:00:00,1987-08-27 12:00:00,1987-08-27 18:00:00,1987-08-28 00:00:00,1987-08-28 12:00:00
1324,1987238N24090,1987-08-26 15:00:00,1987-08-27 15:00:00,1987-08-27 21:00:00,1987-08-28 03:00:00,1987-08-28 15:00:00
1325,1987238N24090,1987-08-26 18:00:00,1987-08-27 18:00:00,1987-08-28 00:00:00,1987-08-28 06:00:00,1987-08-28 18:00:00
1326,1987238N24090,1987-08-26 21:00:00,1987-08-27 21:00:00,1987-08-28 03:00:00,1987-08-28 09:00:00,1987-08-28 21:00:00
1327,1987238N24090,1987-08-27 00:00:00,1987-08-28 00:00:00,1987-08-28 06:00:00,1987-08-28 12:00:00,1987-08-29 00:00:00
1328,1987238N24090,1987-08-27 03:00:00,1987-08-28 03:00:00,1987-08-28 09:00:00,1987-08-28 15:00:00,1987-08-29 03:00:00
1329,1987238N24090,1987-08-27 06:00:00,1987-08-28 06:00:00,1987-08-28 12:00:00,1987-08-28 18:00:00,1987-08-29 06:00:00
1330,1987238N24090,1987-08-27 09:00:00,1987-08-28 09:00:00,1987-08-28 15:00:00,1987-08-28 21:00:00,1987-08-29 09:00:00
1331,1987238N24090,1987-08-27 12:00:00,1987-08-28 12:00:00,1987-08-28 18:00:00,1987-08-29 00:00:00,1987-08-29 12:00:00
1332,1987287N12089,1987-10-14 00:00:00,1987-10-15 00:00:00,1987-10-15 06:00:00,1987-10-15 12:00:00,1987-10-16 00:00:00
1333,1987287N12089,1987-10-14 03:00:00,1987-10-15 03:00:00,1987-10-15 09:00:00,1987-10-15 15:00:00,1987-10-16 03:00:00
1334,1987287N12089,1987-10-14 06:00:00,1987-10-15 06:00:00,1987-10-15 12:00:00,1987-10-15 18:00:00,1987-10-16 06:00:00
1335,1987287N12089,1987-10-14 09:00:00,1987-10-15 09:00:00,1987-10-15 15:00:00,1987-10-15 21:00:00,1987-10-16 09:00:00
1336,1987287N12089,1987-10-14 12:00:00,1987-10-15 12:00:00,1987-10-15 18:00:00,1987-10-16 00:00:00,1987-10-16 12:00:00
1337,1987287N12089,1987-10-14 15:00:00,1987-10-15 15:00:00,1987-10-15 21:00:00,1987-10-16 03:00:00,1987-10-16 15:00:00
1338,1987287N12089,1987-10-14 18:00:00,1987-10-15 18:00:00,1987-10-16 00:00:00,1987-10-16 06:00:00,1987-10-16 18:00:00
1339,1987287N12089,1987-10-14 21:00:00,1987-10-15 21:00:00,1987-10-16 03:00:00,1987-10-16 09:00:00,1987-10-16 21:00:00
1340,1987287N12089,1987-10-15 00:00:00,1987-10-16 00:00:00,1987-10-16 06:00:00,1987-10-16 12:00:00,1987-10-17 00:00:00
1341,1987287N12089,1987-10-15 03:00:00,1987-10-16 03:00:00,1987-10-16 09:00:00,1987-10-16 15:00:00,1987-10-17 03:00:00
1342,1987287N12089,1987-10-15 06:00:00,1987-10-16 06:00:00,1987-10-16 12:00:00,1987-10-16 18:00:00,1987-10-17 06:00:00
1343,1987287N12089,1987-10-15 09:00:00,1987-10-16 09:00:00,1987-10-16 15:00:00,1987-10-16 21:00:00,1987-10-17 09:00:00
1344,1987287N12089,1987-10-15 12:00:00,1987-10-16 12:00:00,1987-10-16 18:00:00,1987-10-17 00:00:00,1987-10-17 12:00:00
1345,1987287N12089,1987-10-15 15:00:00,1987-10-16 15:00:00,1987-10-16 21:00:00,1987-10-17 03:00:00,1987-10-17 15:00:00
1346,1987287N12089,1987-10-15 18:00:00,1987-10-16 18:00:00,1987-10-17 00:00:00,1987-10-17 06:00:00,1987-10-17 18:00:00
1347,1987287N12089,1987-10-15 21:00:00,1987-10-16 21:00:00,1987-10-17 03:00:00,1987-10-17 09:00:00,1987-10-17 21:00:00
1348,1987287N12089,1987-10-16 00:00:00,1987-10-17 00:00:00,1987-10-17 06:00:00,1987-10-17 12:00:00,1987-10-18 00:00:00
1349,1987287N12089,1987-10-16 03:00:00,1987-10-17 03:00:00,1987-10-17 09:00:00,1987-10-17 15:00:00,1987-10-18 03:00:00
1350,1987287N12089,1987-10-16 06:00:00,1987-10-17 06:00:00,1987-10-17 12:00:00,1987-10-17 18:00:00,1987-10-18 06:00:00
1351,1987287N12089,1987-10-16 09:00:00,1987-10-17 09:00:00,1987-10-17 15:00:00,1987-10-17 21:00:00,1987-10-18 09:00:00
1352,1987287N12089,1987-10-16 12:00:00,1987-10-17 12:00:00,1987-10-17 18:00:00,1987-10-18 00:00:00,1987-10-18 12:00:00
1353,1987287N12089,1987-10-16 15:00:00,1987-10-17 15:00:00,1987-10-17 21:00:00,1987-10-18 03:00:00,1987-10-18 15:00:00
1354,1987287N12089,1987-10-16 18:00:00,1987-10-17 18:00:00,1987-10-18 00:00:00,1987-10-18 06:00:00,1987-10-18 18:00:00
1355,1987287N12089,1987-10-16 21:00:00,1987-10-17 21:00:00,1987-10-18 03:00:00,1987-10-18 09:00:00,1987-10-18 21:00:00
1356,1987287N12089,1987-10-17 00:00:00,1987-10-18 00:00:00,1987-10-18 06:00:00,1987-10-18 12:00:00,1987-10-19 00:00:00
1357,1987287N12089,1987-10-17 03:00:00,1987-10-18 03:00:00,1987-10-18 09:00:00,1987-10-18 15:00:00,1987-10-19 03:00:00
1358,1987287N12089,1987-10-17 06:00:00,1987-10-18 06:00:00,1987-10-18 12:00:00,1987-10-18 18:00:00,1987-10-19 06:00:00
1359,1987287N12089,1987-10-17 09:00:00,1987-10-18 09:00:00,1987-10-18 15:00:00,1987-10-18 21:00:00,1987-10-19 09:00:00
1360,1987287N12089,1987-10-17 12:00:00,1987-10-18 12:00:00,1987-10-18 18:00:00,1987-10-19 00:00:00,1987-10-19 12:00:00
1361,1987303N06088,1987-10-30 00:00:00,1987-10-31 00:00:00,1987-10-31 06:00:00,1987-10-31 12:00:00,1987-11-01 00:00:00
1362,1987303N06088,1987-10-30 03:00:00,1987-10-31 03:00:00,1987-10-31 09:00:00,1987-10-31 15:00:00,1987-11-01 03:00:00
1363,1987303N06088,1987-10-30 06:00:00,1987-10-31 06:00:00,1987-10-31 12:00:00,1987-10-31 18:00:00,1987-11-01 06:00:00
1364,1987303N06088,1987-10-30 09:00:00,1987-10-31 09:00:00,1987-10-31 15:00:00,1987-10-31 21:00:00,1987-11-01 09:00:00
1365,1987303N06088,1987-10-30 12:00:00,1987-10-31 12:00:00,1987-10-31 18:00:00,1987-11-01 00:00:00,1987-11-01 12:00:00
1366,1987303N06088,1987-10-30 15:00:00,1987-10-31 15:00:00,1987-10-31 21:00:00,1987-11-01 03:00:00,1987-11-01 15:00:00
1367,1987303N06088,1987-10-30 18:00:00,1987-10-31 18:00:00,1987-11-01 00:00:00,1987-11-01 06:00:00,1987-11-01 18:00:00
1368,1987303N06088,1987-10-30 21:00:00,1987-10-31 21:00:00,1987-11-01 03:00:00,1987-11-01 09:00:00,1987-11-01 21:00:00
1369,1987303N06088,1987-10-31 00:00:00,1987-11-01 00:00:00,1987-11-01 06:00:00,1987-11-01 12:00:00,1987-11-02 00:00:00
1370,1987303N06088,1987-10-31 03:00:00,1987-11-01 03:00:00,1987-11-01 09:00:00,1987-11-01 15:00:00,1987-11-02 03:00:00
1371,1987303N06088,1987-10-31 06:00:00,1987-11-01 06:00:00,1987-11-01 12:00:00,1987-11-01 18:00:00,1987-11-02 06:00:00
1372,1987303N06088,1987-10-31 09:00:00,1987-11-01 09:00:00,1987-11-01 15:00:00,1987-11-01 21:00:00,1987-11-02 09:00:00
1373,1987303N06088,1987-10-31 12:00:00,1987-11-01 12:00:00,1987-11-01 18:00:00,1987-11-02 00:00:00,1987-11-02 12:00:00
1374,1987303N06088,1987-10-31 15:00:00,1987-11-01 15:00:00,1987-11-01 21:00:00,1987-11-02 03:00:00,1987-11-02 15:00:00
1375,1987303N06088,1987-10-31 18:00:00,1987-11-01 18:00:00,1987-11-02 00:00:00,1987-11-02 06:00:00,1987-11-02 18:00:00
1376,1987303N06088,1987-10-31 21:00:00,1987-11-01 21:00:00,1987-11-02 03:00:00,1987-11-02 09:00:00,1987-11-02 21:00:00
1377,1987303N06088,1987-11-01 00:00:00,1987-11-02 00:00:00,1987-11-02 06:00:00,1987-11-02 12:00:00,1987-11-03 00:00:00
1378,1987303N06088,1987-11-01 03:00:00,1987-11-02 03:00:00,1987-11-02 09:00:00,1987-11-02 15:00:00,1987-11-03 03:00:00
1379,1987303N06088,1987-11-01 06:00:00,1987-11-02 06:00:00,1987-11-02 12:00:00,1987-11-02 18:00:00,1987-11-03 06:00:00
1380,1987303N06088,1987-11-01 09:00:00,1987-11-02 09:00:00,1987-11-02 15:00:00,1987-11-02 21:00:00,1987-11-03 09:00:00
1381,1987303N06088,1987-11-01 12:00:00,1987-11-02 12:00:00,1987-11-02 18:00:00,1987-11-03 00:00:00,1987-11-03 12:00:00
1382,1987312N09095,1987-11-08 00:00:00,1987-11-09 00:00:00,1987-11-09 06:00:00,1987-11-09 12:00:00,1987-11-10 00:00:00
1383,1987312N09095,1987-11-08 03:00:00,1987-11-09 03:00:00,1987-11-09 09:00:00,1987-11-09 15:00:00,1987-11-10 03:00:00
1384,1987312N09095,1987-11-08 06:00:00,1987-11-09 06:00:00,1987-11-09 12:00:00,1987-11-09 18:00:00,1987-11-10 06:00:00
1385,1987312N09095,1987-11-08 09:00:00,1987-11-09 09:00:00,1987-11-09 15:00:00,1987-11-09 21:00:00,1987-11-10 09:00:00
1386,1987312N09095,1987-11-08 12:00:00,1987-11-09 12:00:00,1987-11-09 18:00:00,1987-11-10 00:00:00,1987-11-10 12:00:00
1387,1987312N09095,1987-11-08 15:00:00,1987-11-09 15:00:00,1987-11-09 21:00:00,1987-11-10 03:00:00,1987-11-10 15:00:00
1388,1987312N09095,1987-11-08 18:00:00,1987-11-09 18:00:00,1987-11-10 00:00:00,1987-11-10 06:00:00,1987-11-10 18:00:00
1389,1987312N09095,1987-11-08 21:00:00,1987-11-09 21:00:00,1987-11-10 03:00:00,1987-11-10 09:00:00,1987-11-10 21:00:00
1390,1987312N09095,1987-11-09 00:00:00,1987-11-10 00:00:00,1987-11-10 06:00:00,1987-11-10 12:00:00,1987-11-11 00:00:00
1391,1987312N09095,1987-11-09 03:00:00,1987-11-10 03:00:00,1987-11-10 09:00:00,1987-11-10 15:00:00,1987-11-11 03:00:00
1392,1987312N09095,1987-11-09 06:00:00,1987-11-10 06:00:00,1987-11-10 12:00:00,1987-11-10 18:00:00,1987-11-11 06:00:00
1393,1987312N09095,1987-11-09 09:00:00,1987-11-10 09:00:00,1987-11-10 15:00:00,1987-11-10 21:00:00,1987-11-11 09:00:00
1394,1987312N09095,1987-11-09 12:00:00,1987-11-10 12:00:00,1987-11-10 18:00:00,1987-11-11 00:00:00,1987-11-11 12:00:00
1395,1987312N09095,1987-11-09 15:00:00,1987-11-10 15:00:00,1987-11-10 21:00:00,1987-11-11 03:00:00,1987-11-11 15:00:00
1396,1987312N09095,1987-11-09 18:00:00,1987-11-10 18:00:00,1987-11-11 00:00:00,1987-11-11 06:00:00,1987-11-11 18:00:00
1397,1987312N09095,1987-11-09 21:00:00,1987-11-10 21:00:00,1987-11-11 03:00:00,1987-11-11 09:00:00,1987-11-11 21:00:00
1398,1987312N09095,1987-11-10 00:00:00,1987-11-11 00:00:00,1987-11-11 06:00:00,1987-11-11 12:00:00,1987-11-12 00:00:00
1399,1987312N09095,1987-11-10 03:00:00,1987-11-11 03:00:00,1987-11-11 09:00:00,1987-11-11 15:00:00,1987-11-12 03:00:00
1400,1987312N09095,1987-11-10 06:00:00,1987-11-11 06:00:00,1987-11-11 12:00:00,1987-11-11 18:00:00,1987-11-12 06:00:00
1401,1987312N09095,1987-11-10 09:00:00,1987-11-11 09:00:00,1987-11-11 15:00:00,1987-11-11 21:00:00,1987-11-12 09:00:00
1402,1987312N09095,1987-11-10 12:00:00,1987-11-11 12:00:00,1987-11-11 18:00:00,1987-11-12 00:00:00,1987-11-12 12:00:00
1403,1987312N09095,1987-11-10 15:00:00,1987-11-11 15:00:00,1987-11-11 21:00:00,1987-11-12 03:00:00,1987-11-12 15:00:00
1404,1987312N09095,1987-11-10 18:00:00,1987-11-11 18:00:00,1987-11-12 00:00:00,1987-11-12 06:00:00,1987-11-12 18:00:00
1405,1987312N09095,1987-11-10 21:00:00,1987-11-11 21:00:00,1987-11-12 03:00:00,1987-11-12 09:00:00,1987-11-12 21:00:00
1406,1987312N09095,1987-11-11 00:00:00,1987-11-12 00:00:00,1987-11-12 06:00:00,1987-11-12 12:00:00,1987-11-13 00:00:00
1407,1987312N09095,1987-11-11 03:00:00,1987-11-12 03:00:00,1987-11-12 09:00:00,1987-11-12 15:00:00,1987-11-13 03:00:00
1408,1987312N09095,1987-11-11 06:00:00,1987-11-12 06:00:00,1987-11-12 12:00:00,1987-11-12 18:00:00,1987-11-13 06:00:00
1409,1987312N09095,1987-11-11 09:00:00,1987-11-12 09:00:00,1987-11-12 15:00:00,1987-11-12 21:00:00,1987-11-13 09:00:00
1410,1987312N09095,1987-11-11 12:00:00,1987-11-12 12:00:00,1987-11-12 18:00:00,1987-11-13 00:00:00,1987-11-13 12:00:00
1411,1987336N10085,1987-12-02 00:00:00,1987-12-03 00:00:00,1987-12-03 06:00:00,1987-12-03 12:00:00,1987-12-04 00:00:00
1412,1987336N10085,1987-12-02 03:00:00,1987-12-03 03:00:00,1987-12-03 09:00:00,1987-12-03 15:00:00,1987-12-04 03:00:00
1413,1987336N10085,1987-12-02 06:00:00,1987-12-03 06:00:00,1987-12-03 12:00:00,1987-12-03 18:00:00,1987-12-04 06:00:00
1414,1987336N10085,1987-12-02 09:00:00,1987-12-03 09:00:00,1987-12-03 15:00:00,1987-12-03 21:00:00,1987-12-04 09:00:00
1415,1987336N10085,1987-12-02 12:00:00,1987-12-03 12:00:00,1987-12-03 18:00:00,1987-12-04 00:00:00,1987-12-04 12:00:00
1416,1987336N10085,1987-12-02 15:00:00,1987-12-03 15:00:00,1987-12-03 21:00:00,1987-12-04 03:00:00,1987-12-04 15:00:00
1417,1987336N10085,1987-12-02 18:00:00,1987-12-03 18:00:00,1987-12-04 00:00:00,1987-12-04 06:00:00,1987-12-04 18:00:00
1418,1987336N10085,1987-12-02 21:00:00,1987-12-03 21:00:00,1987-12-04 03:00:00,1987-12-04 09:00:00,1987-12-04 21:00:00
1419,1987336N10085,1987-12-03 00:00:00,1987-12-04 00:00:00,1987-12-04 06:00:00,1987-12-04 12:00:00,1987-12-05 00:00:00
1420,1987336N10085,1987-12-03 03:00:00,1987-12-04 03:00:00,1987-12-04 09:00:00,1987-12-04 15:00:00,1987-12-05 03:00:00
1421,1987336N10085,1987-12-03 06:00:00,1987-12-04 06:00:00,1987-12-04 12:00:00,1987-12-04 18:00:00,1987-12-05 06:00:00
1422,1987336N10085,1987-12-03 09:00:00,1987-12-04 09:00:00,1987-12-04 15:00:00,1987-12-04 21:00:00,1987-12-05 09:00:00
1423,1987336N10085,1987-12-03 12:00:00,1987-12-04 12:00:00,1987-12-04 18:00:00,1987-12-05 00:00:00,1987-12-05 12:00:00
1424,1987336N10085,1987-12-03 15:00:00,1987-12-04 15:00:00,1987-12-04 21:00:00,1987-12-05 03:00:00,1987-12-05 15:00:00
1425,1987336N10085,1987-12-03 18:00:00,1987-12-04 18:00:00,1987-12-05 00:00:00,1987-12-05 06:00:00,1987-12-05 18:00:00
1426,1987336N10085,1987-12-03 21:00:00,1987-12-04 21:00:00,1987-12-05 03:00:00,1987-12-05 09:00:00,1987-12-05 21:00:00
1427,1987336N10085,1987-12-04 00:00:00,1987-12-05 00:00:00,1987-12-05 06:00:00,1987-12-05 12:00:00,1987-12-06 00:00:00
1428,1987336N10085,1987-12-04 03:00:00,1987-12-05 03:00:00,1987-12-05 09:00:00,1987-12-05 15:00:00,1987-12-06 03:00:00
1429,1987336N10085,1987-12-04 06:00:00,1987-12-05 06:00:00,1987-12-05 12:00:00,1987-12-05 18:00:00,1987-12-06 06:00:00
1430,1987336N10085,1987-12-04 09:00:00,1987-12-05 09:00:00,1987-12-05 15:00:00,1987-12-05 21:00:00,1987-12-06 09:00:00
1431,1987336N10085,1987-12-04 12:00:00,1987-12-05 12:00:00,1987-12-05 18:00:00,1987-12-06 00:00:00,1987-12-06 12:00:00
1432,1987336N10085,1987-12-04 15:00:00,1987-12-05 15:00:00,1987-12-05 21:00:00,1987-12-06 03:00:00,1987-12-06 15:00:00
1433,1987336N10085,1987-12-04 18:00:00,1987-12-05 18:00:00,1987-12-06 00:00:00,1987-12-06 06:00:00,1987-12-06 18:00:00
1434,1987336N10085,1987-12-04 21:00:00,1987-12-05 21:00:00,1987-12-06 03:00:00,1987-12-06 09:00:00,1987-12-06 21:00:00
1435,1987336N10085,1987-12-05 00:00:00,1987-12-06 00:00:00,1987-12-06 06:00:00,1987-12-06 12:00:00,1987-12-07 00:00:00
1436,1987336N10085,1987-12-05 03:00:00,1987-12-06 03:00:00,1987-12-06 09:00:00,1987-12-06 15:00:00,1987-12-07 03:00:00
1437,1987336N10085,1987-12-05 06:00:00,1987-12-06 06:00:00,1987-12-06 12:00:00,1987-12-06 18:00:00,1987-12-07 06:00:00
1438,1987336N10085,1987-12-05 09:00:00,1987-12-06 09:00:00,1987-12-06 15:00:00,1987-12-06 21:00:00,1987-12-07 09:00:00
1439,1987336N10085,1987-12-05 12:00:00,1987-12-06 12:00:00,1987-12-06 18:00:00,1987-12-07 00:00:00,1987-12-07 12:00:00
1440,1987336N10085,1987-12-05 15:00:00,1987-12-06 15:00:00,1987-12-06 21:00:00,1987-12-07 03:00:00,1987-12-07 15:00:00
1441,1987336N10085,1987-12-05 18:00:00,1987-12-06 18:00:00,1987-12-07 00:00:00,1987-12-07 06:00:00,1987-12-07 18:00:00
1442,1987336N10085,1987-12-05 21:00:00,1987-12-06 21:00:00,1987-12-07 03:00:00,1987-12-07 09:00:00,1987-12-07 21:00:00
1443,1987336N10085,1987-12-06 00:00:00,1987-12-07 00:00:00,1987-12-07 06:00:00,1987-12-07 12:00:00,1987-12-08 00:00:00
1444,1987336N10085,1987-12-06 03:00:00,1987-12-07 03:00:00,1987-12-07 09:00:00,1987-12-07 15:00:00,1987-12-08 03:00:00
1445,1987336N10085,1987-12-06 06:00:00,1987-12-07 06:00:00,1987-12-07 12:00:00,1987-12-07 18:00:00,1987-12-08 06:00:00
1446,1987336N10085,1987-12-06 09:00:00,1987-12-07 09:00:00,1987-12-07 15:00:00,1987-12-07 21:00:00,1987-12-08 09:00:00
1447,1987336N10085,1987-12-06 12:00:00,1987-12-07 12:00:00,1987-12-07 18:00:00,1987-12-08 00:00:00,1987-12-08 12:00:00
1448,1987336N10085,1987-12-06 15:00:00,1987-12-07 15:00:00,1987-12-07 21:00:00,1987-12-08 03:00:00,1987-12-08 15:00:00
1449,1987336N10085,1987-12-06 18:00:00,1987-12-07 18:00:00,1987-12-08 00:00:00,1987-12-08 06:00:00,1987-12-08 18:00:00
1450,1987336N10085,1987-12-06 21:00:00,1987-12-07 21:00:00,1987-12-08 03:00:00,1987-12-08 09:00:00,1987-12-08 21:00:00
1451,1987336N10085,1987-12-07 00:00:00,1987-12-08 00:00:00,1987-12-08 06:00:00,1987-12-08 12:00:00,1987-12-09 00:00:00
1452,1987336N10085,1987-12-07 03:00:00,1987-12-08 03:00:00,1987-12-08 09:00:00,1987-12-08 15:00:00,1987-12-09 03:00:00
1453,1987336N10085,1987-12-07 06:00:00,1987-12-08 06:00:00,1987-12-08 12:00:00,1987-12-08 18:00:00,1987-12-09 06:00:00
1454,1987336N10085,1987-12-07 09:00:00,1987-12-08 09:00:00,1987-12-08 15:00:00,1987-12-08 21:00:00,1987-12-09 09:00:00
1455,1987336N10085,1987-12-07 12:00:00,1987-12-08 12:00:00,1987-12-08 18:00:00,1987-12-09 00:00:00,1987-12-09 12:00:00
1456,1987336N10085,1987-12-07 15:00:00,1987-12-08 15:00:00,1987-12-08 21:00:00,1987-12-09 03:00:00,1987-12-09 15:00:00
1457,1987336N10085,1987-12-07 18:00:00,1987-12-08 18:00:00,1987-12-09 00:00:00,1987-12-09 06:00:00,1987-12-09 18:00:00
1458,1987336N10085,1987-12-07 21:00:00,1987-12-08 21:00:00,1987-12-09 03:00:00,1987-12-09 09:00:00,1987-12-09 21:00:00
1459,1987336N10085,1987-12-08 00:00:00,1987-12-09 00:00:00,1987-12-09 06:00:00,1987-12-09 12:00:00,1987-12-10 00:00:00
1460,1987336N10085,1987-12-08 03:00:00,1987-12-09 03:00:00,1987-12-09 09:00:00,1987-12-09 15:00:00,1987-12-10 03:00:00
1461,1987336N10085,1987-12-08 06:00:00,1987-12-09 06:00:00,1987-12-09 12:00:00,1987-12-09 18:00:00,1987-12-10 06:00:00
1462,1987336N10085,1987-12-08 09:00:00,1987-12-09 09:00:00,1987-12-09 15:00:00,1987-12-09 21:00:00,1987-12-10 09:00:00
1463,1987336N10085,1987-12-08 12:00:00,1987-12-09 12:00:00,1987-12-09 18:00:00,1987-12-10 00:00:00,1987-12-10 12:00:00
1464,1987336N10085,1987-12-08 15:00:00,1987-12-09 15:00:00,1987-12-09 21:00:00,1987-12-10 03:00:00,1987-12-10 15:00:00
1465,1987336N10085,1987-12-08 18:00:00,1987-12-09 18:00:00,1987-12-10 00:00:00,1987-12-10 06:00:00,1987-12-10 18:00:00
1466,1987336N10085,1987-12-08 21:00:00,1987-12-09 21:00:00,1987-12-10 03:00:00,1987-12-10 09:00:00,1987-12-10 21:00:00
1467,1987336N10085,1987-12-09 00:00:00,1987-12-10 00:00:00,1987-12-10 06:00:00,1987-12-10 12:00:00,1987-12-11 00:00:00
1468,1987336N10085,1987-12-09 03:00:00,1987-12-10 03:00:00,1987-12-10 09:00:00,1987-12-10 15:00:00,1987-12-11 03:00:00
1469,1987336N10085,1987-12-09 06:00:00,1987-12-10 06:00:00,1987-12-10 12:00:00,1987-12-10 18:00:00,1987-12-11 06:00:00
1470,1987336N10085,1987-12-09 09:00:00,1987-12-10 09:00:00,1987-12-10 15:00:00,1987-12-10 21:00:00,1987-12-11 09:00:00
1471,1987336N10085,1987-12-09 12:00:00,1987-12-10 12:00:00,1987-12-10 18:00:00,1987-12-11 00:00:00,1987-12-11 12:00:00
1472,1987336N10085,1987-12-09 15:00:00,1987-12-10 15:00:00,1987-12-10 21:00:00,1987-12-11 03:00:00,1987-12-11 15:00:00
1473,1987336N10085,1987-12-09 18:00:00,1987-12-10 18:00:00,1987-12-11 00:00:00,1987-12-11 06:00:00,1987-12-11 18:00:00
1474,1987336N10085,1987-12-09 21:00:00,1987-12-10 21:00:00,1987-12-11 03:00:00,1987-12-11 09:00:00,1987-12-11 21:00:00
1475,1987336N10085,1987-12-10 00:00:00,1987-12-11 00:00:00,1987-12-11 06:00:00,1987-12-11 12:00:00,1987-12-12 00:00:00
1476,1987336N10085,1987-12-10 03:00:00,1987-12-11 03:00:00,1987-12-11 09:00:00,1987-12-11 15:00:00,1987-12-12 03:00:00
1477,1987336N10085,1987-12-10 06:00:00,1987-12-11 06:00:00,1987-12-11 12:00:00,1987-12-11 18:00:00,1987-12-12 06:00:00
1478,1987336N10085,1987-12-10 09:00:00,1987-12-11 09:00:00,1987-12-11 15:00:00,1987-12-11 21:00:00,1987-12-12 09:00:00
1479,1987336N10085,1987-12-10 12:00:00,1987-12-11 12:00:00,1987-12-11 18:00:00,1987-12-12 00:00:00,1987-12-12 12:00:00
1480,1987336N10085,1987-12-10 15:00:00,1987-12-11 15:00:00,1987-12-11 21:00:00,1987-12-12 03:00:00,1987-12-12 15:00:00
1481,1987336N10085,1987-12-10 18:00:00,1987-12-11 18:00:00,1987-12-12 00:00:00,1987-12-12 06:00:00,1987-12-12 18:00:00
1482,1987336N10085,1987-12-10 21:00:00,1987-12-11 21:00:00,1987-12-12 03:00:00,1987-12-12 09:00:00,1987-12-12 21:00:00
1483,1987336N10085,1987-12-11 00:00:00,1987-12-12 00:00:00,1987-12-12 06:00:00,1987-12-12 12:00:00,1987-12-13 00:00:00
1484,1987351N09086,1987-12-17 00:00:00,1987-12-18 00:00:00,1987-12-18 06:00:00,1987-12-18 12:00:00,1987-12-19 00:00:00
1485,1987351N09086,1987-12-17 03:00:00,1987-12-18 03:00:00,1987-12-18 09:00:00,1987-12-18 15:00:00,1987-12-19 03:00:00
1486,1987351N09086,1987-12-17 06:00:00,1987-12-18 06:00:00,1987-12-18 12:00:00,1987-12-18 18:00:00,1987-12-19 06:00:00
1487,1987351N09086,1987-12-17 09:00:00,1987-12-18 09:00:00,1987-12-18 15:00:00,1987-12-18 21:00:00,1987-12-19 09:00:00
1488,1987351N09086,1987-12-17 12:00:00,1987-12-18 12:00:00,1987-12-18 18:00:00,1987-12-19 00:00:00,1987-12-19 12:00:00
1489,1987351N09086,1987-12-17 15:00:00,1987-12-18 15:00:00,1987-12-18 21:00:00,1987-12-19 03:00:00,1987-12-19 15:00:00
1490,1987351N09086,1987-12-17 18:00:00,1987-12-18 18:00:00,1987-12-19 00:00:00,1987-12-19 06:00:00,1987-12-19 18:00:00
1491,1987351N09086,1987-12-17 21:00:00,1987-12-18 21:00:00,1987-12-19 03:00:00,1987-12-19 09:00:00,1987-12-19 21:00:00
1492,1987351N09086,1987-12-18 00:00:00,1987-12-19 00:00:00,1987-12-19 06:00:00,1987-12-19 12:00:00,1987-12-20 00:00:00
1493,1987351N09086,1987-12-18 03:00:00,1987-12-19 03:00:00,1987-12-19 09:00:00,1987-12-19 15:00:00,1987-12-20 03:00:00
1494,1987351N09086,1987-12-18 06:00:00,1987-12-19 06:00:00,1987-12-19 12:00:00,1987-12-19 18:00:00,1987-12-20 06:00:00
1495,1987351N09086,1987-12-18 09:00:00,1987-12-19 09:00:00,1987-12-19 15:00:00,1987-12-19 21:00:00,1987-12-20 09:00:00
1496,1987351N09086,1987-12-18 12:00:00,1987-12-19 12:00:00,1987-12-19 18:00:00,1987-12-20 00:00:00,1987-12-20 12:00:00
1497,1987351N09086,1987-12-18 15:00:00,1987-12-19 15:00:00,1987-12-19 21:00:00,1987-12-20 03:00:00,1987-12-20 15:00:00
1498,1987351N09086,1987-12-18 18:00:00,1987-12-19 18:00:00,1987-12-20 00:00:00,1987-12-20 06:00:00,1987-12-20 18:00:00
1499,1987351N09086,1987-12-18 21:00:00,1987-12-19 21:00:00,1987-12-20 03:00:00,1987-12-20 09:00:00,1987-12-20 21:00:00
1500,1987351N09086,1987-12-19 00:00:00,1987-12-20 00:00:00,1987-12-20 06:00:00,1987-12-20 12:00:00,1987-12-21 00:00:00
1501,1987351N09086,1987-12-19 03:00:00,1987-12-20 03:00:00,1987-12-20 09:00:00,1987-12-20 15:00:00,1987-12-21 03:00:00
1502,1987351N09086,1987-12-19 06:00:00,1987-12-20 06:00:00,1987-12-20 12:00:00,1987-12-20 18:00:00,1987-12-21 06:00:00
1503,1987351N09086,1987-12-19 09:00:00,1987-12-20 09:00:00,1987-12-20 15:00:00,1987-12-20 21:00:00,1987-12-21 09:00:00
1504,1987351N09086,1987-12-19 12:00:00,1987-12-20 12:00:00,1987-12-20 18:00:00,1987-12-21 00:00:00,1987-12-21 12:00:00
1505,1987351N09086,1987-12-19 15:00:00,1987-12-20 15:00:00,1987-12-20 21:00:00,1987-12-21 03:00:00,1987-12-21 15:00:00
1506,1987351N09086,1987-12-19 18:00:00,1987-12-20 18:00:00,1987-12-21 00:00:00,1987-12-21 06:00:00,1987-12-21 18:00:00
1507,1987351N09086,1987-12-19 21:00:00,1987-12-20 21:00:00,1987-12-21 03:00:00,1987-12-21 09:00:00,1987-12-21 21:00:00
1508,1987351N09086,1987-12-20 00:00:00,1987-12-21 00:00:00,1987-12-21 06:00:00,1987-12-21 12:00:00,1987-12-22 00:00:00
1509,1987351N09086,1987-12-20 03:00:00,1987-12-21 03:00:00,1987-12-21 09:00:00,1987-12-21 15:00:00,1987-12-22 03:00:00
1510,1987351N09086,1987-12-20 06:00:00,1987-12-21 06:00:00,1987-12-21 12:00:00,1987-12-21 18:00:00,1987-12-22 06:00:00
1511,1987351N09086,1987-12-20 09:00:00,1987-12-21 09:00:00,1987-12-21 15:00:00,1987-12-21 21:00:00,1987-12-22 09:00:00
1512,1987351N09086,1987-12-20 12:00:00,1987-12-21 12:00:00,1987-12-21 18:00:00,1987-12-22 00:00:00,1987-12-22 12:00:00
1513,1987351N09086,1987-12-20 15:00:00,1987-12-21 15:00:00,1987-12-21 21:00:00,1987-12-22 03:00:00,1987-12-22 15:00:00
1514,1987351N09086,1987-12-20 18:00:00,1987-12-21 18:00:00,1987-12-22 00:00:00,1987-12-22 06:00:00,1987-12-22 18:00:00
1515,1987351N09086,1987-12-20 21:00:00,1987-12-21 21:00:00,1987-12-22 03:00:00,1987-12-22 09:00:00,1987-12-22 21:00:00
1516,1987351N09086,1987-12-21 00:00:00,1987-12-22 00:00:00,1987-12-22 06:00:00,1987-12-22 12:00:00,1987-12-23 00:00:00
1517,1987351N09086,1987-12-21 03:00:00,1987-12-22 03:00:00,1987-12-22 09:00:00,1987-12-22 15:00:00,1987-12-23 03:00:00
1518,1987351N09086,1987-12-21 06:00:00,1987-12-22 06:00:00,1987-12-22 12:00:00,1987-12-22 18:00:00,1987-12-23 06:00:00
1519,1988160N14074,1988-06-08 00:00:00,1988-06-09 00:00:00,1988-06-09 06:00:00,1988-06-09 12:00:00,1988-06-10 00:00:00
1520,1988160N14074,1988-06-08 03:00:00,1988-06-09 03:00:00,1988-06-09 09:00:00,1988-06-09 15:00:00,1988-06-10 03:00:00
1521,1988160N14074,1988-06-08 06:00:00,1988-06-09 06:00:00,1988-06-09 12:00:00,1988-06-09 18:00:00,1988-06-10 06:00:00
1522,1988160N14074,1988-06-08 09:00:00,1988-06-09 09:00:00,1988-06-09 15:00:00,1988-06-09 21:00:00,1988-06-10 09:00:00
1523,1988160N14074,1988-06-08 12:00:00,1988-06-09 12:00:00,1988-06-09 18:00:00,1988-06-10 00:00:00,1988-06-10 12:00:00
1524,1988160N14074,1988-06-08 15:00:00,1988-06-09 15:00:00,1988-06-09 21:00:00,1988-06-10 03:00:00,1988-06-10 15:00:00
1525,1988160N14074,1988-06-08 18:00:00,1988-06-09 18:00:00,1988-06-10 00:00:00,1988-06-10 06:00:00,1988-06-10 18:00:00
1526,1988160N14074,1988-06-08 21:00:00,1988-06-09 21:00:00,1988-06-10 03:00:00,1988-06-10 09:00:00,1988-06-10 21:00:00
1527,1988160N14074,1988-06-09 00:00:00,1988-06-10 00:00:00,1988-06-10 06:00:00,1988-06-10 12:00:00,1988-06-11 00:00:00
1528,1988160N14074,1988-06-09 03:00:00,1988-06-10 03:00:00,1988-06-10 09:00:00,1988-06-10 15:00:00,1988-06-11 03:00:00
1529,1988160N14074,1988-06-09 06:00:00,1988-06-10 06:00:00,1988-06-10 12:00:00,1988-06-10 18:00:00,1988-06-11 06:00:00
1530,1988160N14074,1988-06-09 09:00:00,1988-06-10 09:00:00,1988-06-10 15:00:00,1988-06-10 21:00:00,1988-06-11 09:00:00
1531,1988160N14074,1988-06-09 12:00:00,1988-06-10 12:00:00,1988-06-10 18:00:00,1988-06-11 00:00:00,1988-06-11 12:00:00
1532,1988160N14074,1988-06-09 15:00:00,1988-06-10 15:00:00,1988-06-10 21:00:00,1988-06-11 03:00:00,1988-06-11 15:00:00
1533,1988160N14074,1988-06-09 18:00:00,1988-06-10 18:00:00,1988-06-11 00:00:00,1988-06-11 06:00:00,1988-06-11 18:00:00
1534,1988160N14074,1988-06-09 21:00:00,1988-06-10 21:00:00,1988-06-11 03:00:00,1988-06-11 09:00:00,1988-06-11 21:00:00
1535,1988160N14074,1988-06-10 00:00:00,1988-06-11 00:00:00,1988-06-11 06:00:00,1988-06-11 12:00:00,1988-06-12 00:00:00
1536,1988160N14074,1988-06-10 03:00:00,1988-06-11 03:00:00,1988-06-11 09:00:00,1988-06-11 15:00:00,1988-06-12 03:00:00
1537,1988160N14074,1988-06-10 06:00:00,1988-06-11 06:00:00,1988-06-11 12:00:00,1988-06-11 18:00:00,1988-06-12 06:00:00
1538,1988160N14074,1988-06-10 09:00:00,1988-06-11 09:00:00,1988-06-11 15:00:00,1988-06-11 21:00:00,1988-06-12 09:00:00
1539,1988160N14074,1988-06-10 12:00:00,1988-06-11 12:00:00,1988-06-11 18:00:00,1988-06-12 00:00:00,1988-06-12 12:00:00
1540,1988160N14074,1988-06-10 15:00:00,1988-06-11 15:00:00,1988-06-11 21:00:00,1988-06-12 03:00:00,1988-06-12 15:00:00
1541,1988160N14074,1988-06-10 18:00:00,1988-06-11 18:00:00,1988-06-12 00:00:00,1988-06-12 06:00:00,1988-06-12 18:00:00
1542,1988160N14074,1988-06-10 21:00:00,1988-06-11 21:00:00,1988-06-12 03:00:00,1988-06-12 09:00:00,1988-06-12 21:00:00
1543,1988160N14074,1988-06-11 00:00:00,1988-06-12 00:00:00,1988-06-12 06:00:00,1988-06-12 12:00:00,1988-06-13 00:00:00
1544,1988291N15095,1988-10-17 06:00:00,1988-10-18 06:00:00,1988-10-18 12:00:00,1988-10-18 18:00:00,1988-10-19 06:00:00
1545,1988291N15095,1988-10-17 09:00:00,1988-10-18 09:00:00,1988-10-18 15:00:00,1988-10-18 21:00:00,1988-10-19 09:00:00
1546,1988291N15095,1988-10-17 12:00:00,1988-10-18 12:00:00,1988-10-18 18:00:00,1988-10-19 00:00:00,1988-10-19 12:00:00
1547,1988319N08090,1988-11-14 06:00:00,1988-11-15 06:00:00,1988-11-15 12:00:00,1988-11-15 18:00:00,1988-11-16 06:00:00
1548,1988319N08090,1988-11-14 09:00:00,1988-11-15 09:00:00,1988-11-15 15:00:00,1988-11-15 21:00:00,1988-11-16 09:00:00
1549,1988319N08090,1988-11-14 12:00:00,1988-11-15 12:00:00,1988-11-15 18:00:00,1988-11-16 00:00:00,1988-11-16 12:00:00
1550,1988319N08090,1988-11-14 15:00:00,1988-11-15 15:00:00,1988-11-15 21:00:00,1988-11-16 03:00:00,1988-11-16 15:00:00
1551,1988319N08090,1988-11-14 18:00:00,1988-11-15 18:00:00,1988-11-16 00:00:00,1988-11-16 06:00:00,1988-11-16 18:00:00
1552,1988319N08090,1988-11-14 21:00:00,1988-11-15 21:00:00,1988-11-16 03:00:00,1988-11-16 09:00:00,1988-11-16 21:00:00
1553,1988319N08090,1988-11-15 00:00:00,1988-11-16 00:00:00,1988-11-16 06:00:00,1988-11-16 12:00:00,1988-11-17 00:00:00
1554,1988319N08090,1988-11-15 03:00:00,1988-11-16 03:00:00,1988-11-16 09:00:00,1988-11-16 15:00:00,1988-11-17 03:00:00
1555,1988319N08090,1988-11-15 06:00:00,1988-11-16 06:00:00,1988-11-16 12:00:00,1988-11-16 18:00:00,1988-11-17 06:00:00
1556,1988319N08090,1988-11-15 09:00:00,1988-11-16 09:00:00,1988-11-16 15:00:00,1988-11-16 21:00:00,1988-11-17 09:00:00
1557,1988319N08090,1988-11-15 12:00:00,1988-11-16 12:00:00,1988-11-16 18:00:00,1988-11-17 00:00:00,1988-11-17 12:00:00
1558,1988319N08090,1988-11-15 15:00:00,1988-11-16 15:00:00,1988-11-16 21:00:00,1988-11-17 03:00:00,1988-11-17 15:00:00
1559,1988319N08090,1988-11-15 18:00:00,1988-11-16 18:00:00,1988-11-17 00:00:00,1988-11-17 06:00:00,1988-11-17 18:00:00
1560,1988319N08090,1988-11-15 21:00:00,1988-11-16 21:00:00,1988-11-17 03:00:00,1988-11-17 09:00:00,1988-11-17 21:00:00
1561,1988319N08090,1988-11-16 00:00:00,1988-11-17 00:00:00,1988-11-17 06:00:00,1988-11-17 12:00:00,1988-11-18 00:00:00
1562,1988319N08090,1988-11-16 03:00:00,1988-11-17 03:00:00,1988-11-17 09:00:00,1988-11-17 15:00:00,1988-11-18 03:00:00
1563,1988319N08090,1988-11-16 06:00:00,1988-11-17 06:00:00,1988-11-17 12:00:00,1988-11-17 18:00:00,1988-11-18 06:00:00
1564,1988319N08090,1988-11-16 09:00:00,1988-11-17 09:00:00,1988-11-17 15:00:00,1988-11-17 21:00:00,1988-11-18 09:00:00
1565,1988319N08090,1988-11-16 12:00:00,1988-11-17 12:00:00,1988-11-17 18:00:00,1988-11-18 00:00:00,1988-11-18 12:00:00
1566,1988319N08090,1988-11-16 15:00:00,1988-11-17 15:00:00,1988-11-17 21:00:00,1988-11-18 03:00:00,1988-11-18 15:00:00
1567,1988319N08090,1988-11-16 18:00:00,1988-11-17 18:00:00,1988-11-18 00:00:00,1988-11-18 06:00:00,1988-11-18 18:00:00
1568,1988320N10087,1988-11-15 03:00:00,1988-11-16 03:00:00,1988-11-16 09:00:00,1988-11-16 15:00:00,1988-11-17 03:00:00
1569,1988320N10087,1988-11-15 06:00:00,1988-11-16 06:00:00,1988-11-16 12:00:00,1988-11-16 18:00:00,1988-11-17 06:00:00
1570,1988320N10087,1988-11-15 09:00:00,1988-11-16 09:00:00,1988-11-16 15:00:00,1988-11-16 21:00:00,1988-11-17 09:00:00
1571,1988320N10087,1988-11-15 12:00:00,1988-11-16 12:00:00,1988-11-16 18:00:00,1988-11-17 00:00:00,1988-11-17 12:00:00
1572,1988320N10087,1988-11-15 15:00:00,1988-11-16 15:00:00,1988-11-16 21:00:00,1988-11-17 03:00:00,1988-11-17 15:00:00
1573,1988320N10087,1988-11-15 18:00:00,1988-11-16 18:00:00,1988-11-17 00:00:00,1988-11-17 06:00:00,1988-11-17 18:00:00
1574,1988320N10087,1988-11-15 21:00:00,1988-11-16 21:00:00,1988-11-17 03:00:00,1988-11-17 09:00:00,1988-11-17 21:00:00
1575,1988320N10087,1988-11-16 00:00:00,1988-11-17 00:00:00,1988-11-17 06:00:00,1988-11-17 12:00:00,1988-11-18 00:00:00
1576,1988320N10087,1988-11-16 03:00:00,1988-11-17 03:00:00,1988-11-17 09:00:00,1988-11-17 15:00:00,1988-11-18 03:00:00
1577,1988327N06100,1988-11-21 18:00:00,1988-11-22 18:00:00,1988-11-23 00:00:00,1988-11-23 06:00:00,1988-11-23 18:00:00
1578,1988327N06100,1988-11-21 21:00:00,1988-11-22 21:00:00,1988-11-23 03:00:00,1988-11-23 09:00:00,1988-11-23 21:00:00
1579,1988327N06100,1988-11-22 00:00:00,1988-11-23 00:00:00,1988-11-23 06:00:00,1988-11-23 12:00:00,1988-11-24 00:00:00
1580,1988327N06100,1988-11-22 03:00:00,1988-11-23 03:00:00,1988-11-23 09:00:00,1988-11-23 15:00:00,1988-11-24 03:00:00
1581,1988327N06100,1988-11-22 06:00:00,1988-11-23 06:00:00,1988-11-23 12:00:00,1988-11-23 18:00:00,1988-11-24 06:00:00
1582,1988327N06100,1988-11-22 09:00:00,1988-11-23 09:00:00,1988-11-23 15:00:00,1988-11-23 21:00:00,1988-11-24 09:00:00
1583,1988327N06100,1988-11-22 12:00:00,1988-11-23 12:00:00,1988-11-23 18:00:00,1988-11-24 00:00:00,1988-11-24 12:00:00
1584,1988327N06100,1988-11-22 15:00:00,1988-11-23 15:00:00,1988-11-23 21:00:00,1988-11-24 03:00:00,1988-11-24 15:00:00
1585,1988327N06100,1988-11-22 18:00:00,1988-11-23 18:00:00,1988-11-24 00:00:00,1988-11-24 06:00:00,1988-11-24 18:00:00
1586,1988327N06100,1988-11-22 21:00:00,1988-11-23 21:00:00,1988-11-24 03:00:00,1988-11-24 09:00:00,1988-11-24 21:00:00
1587,1988327N06100,1988-11-23 00:00:00,1988-11-24 00:00:00,1988-11-24 06:00:00,1988-11-24 12:00:00,1988-11-25 00:00:00
1588,1988327N06100,1988-11-23 03:00:00,1988-11-24 03:00:00,1988-11-24 09:00:00,1988-11-24 15:00:00,1988-11-25 03:00:00
1589,1988327N06100,1988-11-23 06:00:00,1988-11-24 06:00:00,1988-11-24 12:00:00,1988-11-24 18:00:00,1988-11-25 06:00:00
1590,1988327N06100,1988-11-23 09:00:00,1988-11-24 09:00:00,1988-11-24 15:00:00,1988-11-24 21:00:00,1988-11-25 09:00:00
1591,1988327N06100,1988-11-23 12:00:00,1988-11-24 12:00:00,1988-11-24 18:00:00,1988-11-25 00:00:00,1988-11-25 12:00:00
1592,1988327N06100,1988-11-23 15:00:00,1988-11-24 15:00:00,1988-11-24 21:00:00,1988-11-25 03:00:00,1988-11-25 15:00:00
1593,1988327N06100,1988-11-23 18:00:00,1988-11-24 18:00:00,1988-11-25 00:00:00,1988-11-25 06:00:00,1988-11-25 18:00:00
1594,1988327N06100,1988-11-23 21:00:00,1988-11-24 21:00:00,1988-11-25 03:00:00,1988-11-25 09:00:00,1988-11-25 21:00:00
1595,1988327N06100,1988-11-24 00:00:00,1988-11-25 00:00:00,1988-11-25 06:00:00,1988-11-25 12:00:00,1988-11-26 00:00:00
1596,1988327N06100,1988-11-24 03:00:00,1988-11-25 03:00:00,1988-11-25 09:00:00,1988-11-25 15:00:00,1988-11-26 03:00:00
1597,1988327N06100,1988-11-24 06:00:00,1988-11-25 06:00:00,1988-11-25 12:00:00,1988-11-25 18:00:00,1988-11-26 06:00:00
1598,1988327N06100,1988-11-24 09:00:00,1988-11-25 09:00:00,1988-11-25 15:00:00,1988-11-25 21:00:00,1988-11-26 09:00:00
1599,1988327N06100,1988-11-24 12:00:00,1988-11-25 12:00:00,1988-11-25 18:00:00,1988-11-26 00:00:00,1988-11-26 12:00:00
1600,1988327N06100,1988-11-24 15:00:00,1988-11-25 15:00:00,1988-11-25 21:00:00,1988-11-26 03:00:00,1988-11-26 15:00:00
1601,1988327N06100,1988-11-24 18:00:00,1988-11-25 18:00:00,1988-11-26 00:00:00,1988-11-26 06:00:00,1988-11-26 18:00:00
1602,1988327N06100,1988-11-24 21:00:00,1988-11-25 21:00:00,1988-11-26 03:00:00,1988-11-26 09:00:00,1988-11-26 21:00:00
1603,1988327N06100,1988-11-25 00:00:00,1988-11-26 00:00:00,1988-11-26 06:00:00,1988-11-26 12:00:00,1988-11-27 00:00:00
1604,1988327N06100,1988-11-25 03:00:00,1988-11-26 03:00:00,1988-11-26 09:00:00,1988-11-26 15:00:00,1988-11-27 03:00:00
1605,1988327N06100,1988-11-25 06:00:00,1988-11-26 06:00:00,1988-11-26 12:00:00,1988-11-26 18:00:00,1988-11-27 06:00:00
1606,1988327N06100,1988-11-25 09:00:00,1988-11-26 09:00:00,1988-11-26 15:00:00,1988-11-26 21:00:00,1988-11-27 09:00:00
1607,1988327N06100,1988-11-25 12:00:00,1988-11-26 12:00:00,1988-11-26 18:00:00,1988-11-27 00:00:00,1988-11-27 12:00:00
1608,1988327N06100,1988-11-25 15:00:00,1988-11-26 15:00:00,1988-11-26 21:00:00,1988-11-27 03:00:00,1988-11-27 15:00:00
1609,1988327N06100,1988-11-25 18:00:00,1988-11-26 18:00:00,1988-11-27 00:00:00,1988-11-27 06:00:00,1988-11-27 18:00:00
1610,1988327N06100,1988-11-25 21:00:00,1988-11-26 21:00:00,1988-11-27 03:00:00,1988-11-27 09:00:00,1988-11-27 21:00:00
1611,1988327N06100,1988-11-26 00:00:00,1988-11-27 00:00:00,1988-11-27 06:00:00,1988-11-27 12:00:00,1988-11-28 00:00:00
1612,1988327N06100,1988-11-26 03:00:00,1988-11-27 03:00:00,1988-11-27 09:00:00,1988-11-27 15:00:00,1988-11-28 03:00:00
1613,1988327N06100,1988-11-26 06:00:00,1988-11-27 06:00:00,1988-11-27 12:00:00,1988-11-27 18:00:00,1988-11-28 06:00:00
1614,1988327N06100,1988-11-26 09:00:00,1988-11-27 09:00:00,1988-11-27 15:00:00,1988-11-27 21:00:00,1988-11-28 09:00:00
1615,1988327N06100,1988-11-26 12:00:00,1988-11-27 12:00:00,1988-11-27 18:00:00,1988-11-28 00:00:00,1988-11-28 12:00:00
1616,1988327N06100,1988-11-26 15:00:00,1988-11-27 15:00:00,1988-11-27 21:00:00,1988-11-28 03:00:00,1988-11-28 15:00:00
1617,1988327N06100,1988-11-26 18:00:00,1988-11-27 18:00:00,1988-11-28 00:00:00,1988-11-28 06:00:00,1988-11-28 18:00:00
1618,1988327N06100,1988-11-26 21:00:00,1988-11-27 21:00:00,1988-11-28 03:00:00,1988-11-28 09:00:00,1988-11-28 21:00:00
1619,1988327N06100,1988-11-27 00:00:00,1988-11-28 00:00:00,1988-11-28 06:00:00,1988-11-28 12:00:00,1988-11-29 00:00:00
1620,1988327N06100,1988-11-27 03:00:00,1988-11-28 03:00:00,1988-11-28 09:00:00,1988-11-28 15:00:00,1988-11-29 03:00:00
1621,1988327N06100,1988-11-27 06:00:00,1988-11-28 06:00:00,1988-11-28 12:00:00,1988-11-28 18:00:00,1988-11-29 06:00:00
1622,1988327N06100,1988-11-27 09:00:00,1988-11-28 09:00:00,1988-11-28 15:00:00,1988-11-28 21:00:00,1988-11-29 09:00:00
1623,1988327N06100,1988-11-27 12:00:00,1988-11-28 12:00:00,1988-11-28 18:00:00,1988-11-29 00:00:00,1988-11-29 12:00:00
1624,1988327N06100,1988-11-27 15:00:00,1988-11-28 15:00:00,1988-11-28 21:00:00,1988-11-29 03:00:00,1988-11-29 15:00:00
1625,1988327N06100,1988-11-27 18:00:00,1988-11-28 18:00:00,1988-11-29 00:00:00,1988-11-29 06:00:00,1988-11-29 18:00:00
1626,1988341N08090,1988-12-06 06:00:00,1988-12-07 06:00:00,1988-12-07 12:00:00,1988-12-07 18:00:00,1988-12-08 06:00:00
1627,1988341N08090,1988-12-06 09:00:00,1988-12-07 09:00:00,1988-12-07 15:00:00,1988-12-07 21:00:00,1988-12-08 09:00:00
1628,1988341N08090,1988-12-06 12:00:00,1988-12-07 12:00:00,1988-12-07 18:00:00,1988-12-08 00:00:00,1988-12-08 12:00:00
1629,1988341N08090,1988-12-06 15:00:00,1988-12-07 15:00:00,1988-12-07 21:00:00,1988-12-08 03:00:00,1988-12-08 15:00:00
1630,1988341N08090,1988-12-06 18:00:00,1988-12-07 18:00:00,1988-12-08 00:00:00,1988-12-08 06:00:00,1988-12-08 18:00:00
1631,1989143N17090,1989-05-23 00:00:00,1989-05-24 00:00:00,1989-05-24 06:00:00,1989-05-24 12:00:00,1989-05-25 00:00:00
1632,1989143N17090,1989-05-23 03:00:00,1989-05-24 03:00:00,1989-05-24 09:00:00,1989-05-24 15:00:00,1989-05-25 03:00:00
1633,1989143N17090,1989-05-23 06:00:00,1989-05-24 06:00:00,1989-05-24 12:00:00,1989-05-24 18:00:00,1989-05-25 06:00:00
1634,1989143N17090,1989-05-23 09:00:00,1989-05-24 09:00:00,1989-05-24 15:00:00,1989-05-24 21:00:00,1989-05-25 09:00:00
1635,1989143N17090,1989-05-23 12:00:00,1989-05-24 12:00:00,1989-05-24 18:00:00,1989-05-25 00:00:00,1989-05-25 12:00:00
1636,1989143N17090,1989-05-23 15:00:00,1989-05-24 15:00:00,1989-05-24 21:00:00,1989-05-25 03:00:00,1989-05-25 15:00:00
1637,1989143N17090,1989-05-23 18:00:00,1989-05-24 18:00:00,1989-05-25 00:00:00,1989-05-25 06:00:00,1989-05-25 18:00:00
1638,1989143N17090,1989-05-23 21:00:00,1989-05-24 21:00:00,1989-05-25 03:00:00,1989-05-25 09:00:00,1989-05-25 21:00:00
1639,1989143N17090,1989-05-24 00:00:00,1989-05-25 00:00:00,1989-05-25 06:00:00,1989-05-25 12:00:00,1989-05-26 00:00:00
1640,1989143N17090,1989-05-24 03:00:00,1989-05-25 03:00:00,1989-05-25 09:00:00,1989-05-25 15:00:00,1989-05-26 03:00:00
1641,1989143N17090,1989-05-24 06:00:00,1989-05-25 06:00:00,1989-05-25 12:00:00,1989-05-25 18:00:00,1989-05-26 06:00:00
1642,1989143N17090,1989-05-24 09:00:00,1989-05-25 09:00:00,1989-05-25 15:00:00,1989-05-25 21:00:00,1989-05-26 09:00:00
1643,1989143N17090,1989-05-24 12:00:00,1989-05-25 12:00:00,1989-05-25 18:00:00,1989-05-26 00:00:00,1989-05-26 12:00:00
1644,1989143N17090,1989-05-24 15:00:00,1989-05-25 15:00:00,1989-05-25 21:00:00,1989-05-26 03:00:00,1989-05-26 15:00:00
1645,1989143N17090,1989-05-24 18:00:00,1989-05-25 18:00:00,1989-05-26 00:00:00,1989-05-26 06:00:00,1989-05-26 18:00:00
1646,1989143N17090,1989-05-24 21:00:00,1989-05-25 21:00:00,1989-05-26 03:00:00,1989-05-26 09:00:00,1989-05-26 21:00:00
1647,1989143N17090,1989-05-25 00:00:00,1989-05-26 00:00:00,1989-05-26 06:00:00,1989-05-26 12:00:00,1989-05-27 00:00:00
1648,1989143N17090,1989-05-25 03:00:00,1989-05-26 03:00:00,1989-05-26 09:00:00,1989-05-26 15:00:00,1989-05-27 03:00:00
1649,1989143N17090,1989-05-25 06:00:00,1989-05-26 06:00:00,1989-05-26 12:00:00,1989-05-26 18:00:00,1989-05-27 06:00:00
1650,1989159N17072,1989-06-07 18:00:00,1989-06-08 18:00:00,1989-06-09 00:00:00,1989-06-09 06:00:00,1989-06-09 18:00:00
1651,1989159N17072,1989-06-07 21:00:00,1989-06-08 21:00:00,1989-06-09 03:00:00,1989-06-09 09:00:00,1989-06-09 21:00:00
1652,1989159N17072,1989-06-08 00:00:00,1989-06-09 00:00:00,1989-06-09 06:00:00,1989-06-09 12:00:00,1989-06-10 00:00:00
1653,1989159N17072,1989-06-08 03:00:00,1989-06-09 03:00:00,1989-06-09 09:00:00,1989-06-09 15:00:00,1989-06-10 03:00:00
1654,1989159N17072,1989-06-08 06:00:00,1989-06-09 06:00:00,1989-06-09 12:00:00,1989-06-09 18:00:00,1989-06-10 06:00:00
1655,1989159N17072,1989-06-08 09:00:00,1989-06-09 09:00:00,1989-06-09 15:00:00,1989-06-09 21:00:00,1989-06-10 09:00:00
1656,1989159N17072,1989-06-08 12:00:00,1989-06-09 12:00:00,1989-06-09 18:00:00,1989-06-10 00:00:00,1989-06-10 12:00:00
1657,1989159N17072,1989-06-08 15:00:00,1989-06-09 15:00:00,1989-06-09 21:00:00,1989-06-10 03:00:00,1989-06-10 15:00:00
1658,1989159N17072,1989-06-08 18:00:00,1989-06-09 18:00:00,1989-06-10 00:00:00,1989-06-10 06:00:00,1989-06-10 18:00:00
1659,1989159N17072,1989-06-08 21:00:00,1989-06-09 21:00:00,1989-06-10 03:00:00,1989-06-10 09:00:00,1989-06-10 21:00:00
1660,1989159N17072,1989-06-09 00:00:00,1989-06-10 00:00:00,1989-06-10 06:00:00,1989-06-10 12:00:00,1989-06-11 00:00:00
1661,1989159N17072,1989-06-09 03:00:00,1989-06-10 03:00:00,1989-06-10 09:00:00,1989-06-10 15:00:00,1989-06-11 03:00:00
1662,1989159N17072,1989-06-09 06:00:00,1989-06-10 06:00:00,1989-06-10 12:00:00,1989-06-10 18:00:00,1989-06-11 06:00:00
1663,1989159N17072,1989-06-09 09:00:00,1989-06-10 09:00:00,1989-06-10 15:00:00,1989-06-10 21:00:00,1989-06-11 09:00:00
1664,1989159N17072,1989-06-09 12:00:00,1989-06-10 12:00:00,1989-06-10 18:00:00,1989-06-11 00:00:00,1989-06-11 12:00:00
1665,1989159N17072,1989-06-09 15:00:00,1989-06-10 15:00:00,1989-06-10 21:00:00,1989-06-11 03:00:00,1989-06-11 15:00:00
1666,1989159N17072,1989-06-09 18:00:00,1989-06-10 18:00:00,1989-06-11 00:00:00,1989-06-11 06:00:00,1989-06-11 18:00:00
1667,1989159N17072,1989-06-09 21:00:00,1989-06-10 21:00:00,1989-06-11 03:00:00,1989-06-11 09:00:00,1989-06-11 21:00:00
1668,1989159N17072,1989-06-10 00:00:00,1989-06-11 00:00:00,1989-06-11 06:00:00,1989-06-11 12:00:00,1989-06-12 00:00:00
1669,1989159N17072,1989-06-10 03:00:00,1989-06-11 03:00:00,1989-06-11 09:00:00,1989-06-11 15:00:00,1989-06-12 03:00:00
1670,1989159N17072,1989-06-10 06:00:00,1989-06-11 06:00:00,1989-06-11 12:00:00,1989-06-11 18:00:00,1989-06-12 06:00:00
1671,1989159N17072,1989-06-10 09:00:00,1989-06-11 09:00:00,1989-06-11 15:00:00,1989-06-11 21:00:00,1989-06-12 09:00:00
1672,1989159N17072,1989-06-10 12:00:00,1989-06-11 12:00:00,1989-06-11 18:00:00,1989-06-12 00:00:00,1989-06-12 12:00:00
1673,1989159N17072,1989-06-10 15:00:00,1989-06-11 15:00:00,1989-06-11 21:00:00,1989-06-12 03:00:00,1989-06-12 15:00:00
1674,1989159N17072,1989-06-10 18:00:00,1989-06-11 18:00:00,1989-06-12 00:00:00,1989-06-12 06:00:00,1989-06-12 18:00:00
1675,1989159N17072,1989-06-10 21:00:00,1989-06-11 21:00:00,1989-06-12 03:00:00,1989-06-12 09:00:00,1989-06-12 21:00:00
1676,1989159N17072,1989-06-11 00:00:00,1989-06-12 00:00:00,1989-06-12 06:00:00,1989-06-12 12:00:00,1989-06-13 00:00:00
1677,1989159N17072,1989-06-11 03:00:00,1989-06-12 03:00:00,1989-06-12 09:00:00,1989-06-12 15:00:00,1989-06-13 03:00:00
1678,1989159N17072,1989-06-11 06:00:00,1989-06-12 06:00:00,1989-06-12 12:00:00,1989-06-12 18:00:00,1989-06-13 06:00:00
1679,1989163N20088,1989-06-12 03:00:00,1989-06-13 03:00:00,1989-06-13 09:00:00,1989-06-13 15:00:00,1989-06-14 03:00:00
1680,1989203N18086,1989-07-22 03:00:00,1989-07-23 03:00:00,1989-07-23 09:00:00,1989-07-23 15:00:00,1989-07-24 03:00:00
1681,1989203N18086,1989-07-22 06:00:00,1989-07-23 06:00:00,1989-07-23 12:00:00,1989-07-23 18:00:00,1989-07-24 06:00:00
1682,1989203N18086,1989-07-22 09:00:00,1989-07-23 09:00:00,1989-07-23 15:00:00,1989-07-23 21:00:00,1989-07-24 09:00:00
1683,1989203N18086,1989-07-22 12:00:00,1989-07-23 12:00:00,1989-07-23 18:00:00,1989-07-24 00:00:00,1989-07-24 12:00:00
1684,1989203N18086,1989-07-22 15:00:00,1989-07-23 15:00:00,1989-07-23 21:00:00,1989-07-24 03:00:00,1989-07-24 15:00:00
1685,1989203N18086,1989-07-22 18:00:00,1989-07-23 18:00:00,1989-07-24 00:00:00,1989-07-24 06:00:00,1989-07-24 18:00:00
1686,1989203N18086,1989-07-22 21:00:00,1989-07-23 21:00:00,1989-07-24 03:00:00,1989-07-24 09:00:00,1989-07-24 21:00:00
1687,1989203N18086,1989-07-23 00:00:00,1989-07-24 00:00:00,1989-07-24 06:00:00,1989-07-24 12:00:00,1989-07-25 00:00:00
1688,1989203N18086,1989-07-23 03:00:00,1989-07-24 03:00:00,1989-07-24 09:00:00,1989-07-24 15:00:00,1989-07-25 03:00:00
1689,1989203N18086,1989-07-23 06:00:00,1989-07-24 06:00:00,1989-07-24 12:00:00,1989-07-24 18:00:00,1989-07-25 06:00:00
1690,1989203N18086,1989-07-23 09:00:00,1989-07-24 09:00:00,1989-07-24 15:00:00,1989-07-24 21:00:00,1989-07-25 09:00:00
1691,1989203N18086,1989-07-23 12:00:00,1989-07-24 12:00:00,1989-07-24 18:00:00,1989-07-25 00:00:00,1989-07-25 12:00:00
1692,1989305N07105,1989-10-31 12:00:00,1989-11-01 12:00:00,1989-11-01 18:00:00,1989-11-02 00:00:00,1989-11-02 12:00:00
1693,1989305N07105,1989-10-31 15:00:00,1989-11-01 15:00:00,1989-11-01 21:00:00,1989-11-02 03:00:00,1989-11-02 15:00:00
1694,1989305N07105,1989-10-31 18:00:00,1989-11-01 18:00:00,1989-11-02 00:00:00,1989-11-02 06:00:00,1989-11-02 18:00:00
1695,1989305N07105,1989-10-31 21:00:00,1989-11-01 21:00:00,1989-11-02 03:00:00,1989-11-02 09:00:00,1989-11-02 21:00:00
1696,1989305N07105,1989-11-01 00:00:00,1989-11-02 00:00:00,1989-11-02 06:00:00,1989-11-02 12:00:00,1989-11-03 00:00:00
1697,1989305N07105,1989-11-01 03:00:00,1989-11-02 03:00:00,1989-11-02 09:00:00,1989-11-02 15:00:00,1989-11-03 03:00:00
1698,1989305N07105,1989-11-01 06:00:00,1989-11-02 06:00:00,1989-11-02 12:00:00,1989-11-02 18:00:00,1989-11-03 06:00:00
1699,1989305N07105,1989-11-01 09:00:00,1989-11-02 09:00:00,1989-11-02 15:00:00,1989-11-02 21:00:00,1989-11-03 09:00:00
1700,1989305N07105,1989-11-01 12:00:00,1989-11-02 12:00:00,1989-11-02 18:00:00,1989-11-03 00:00:00,1989-11-03 12:00:00
1701,1989305N07105,1989-11-01 15:00:00,1989-11-02 15:00:00,1989-11-02 21:00:00,1989-11-03 03:00:00,1989-11-03 15:00:00
1702,1989305N07105,1989-11-01 18:00:00,1989-11-02 18:00:00,1989-11-03 00:00:00,1989-11-03 06:00:00,1989-11-03 18:00:00
1703,1989305N07105,1989-11-01 21:00:00,1989-11-02 21:00:00,1989-11-03 03:00:00,1989-11-03 09:00:00,1989-11-03 21:00:00
1704,1989305N07105,1989-11-02 00:00:00,1989-11-03 00:00:00,1989-11-03 06:00:00,1989-11-03 12:00:00,1989-11-04 00:00:00
1705,1989305N07105,1989-11-02 03:00:00,1989-11-03 03:00:00,1989-11-03 09:00:00,1989-11-03 15:00:00,1989-11-04 03:00:00
1706,1989305N07105,1989-11-02 06:00:00,1989-11-03 06:00:00,1989-11-03 12:00:00,1989-11-03 18:00:00,1989-11-04 06:00:00
1707,1989305N07105,1989-11-02 09:00:00,1989-11-03 09:00:00,1989-11-03 15:00:00,1989-11-03 21:00:00,1989-11-04 09:00:00
1708,1989305N07105,1989-11-02 12:00:00,1989-11-03 12:00:00,1989-11-03 18:00:00,1989-11-04 00:00:00,1989-11-04 12:00:00
1709,1989305N07105,1989-11-02 15:00:00,1989-11-03 15:00:00,1989-11-03 21:00:00,1989-11-04 03:00:00,1989-11-04 15:00:00
1710,1989305N07105,1989-11-02 18:00:00,1989-11-03 18:00:00,1989-11-04 00:00:00,1989-11-04 06:00:00,1989-11-04 18:00:00
1711,1989305N07105,1989-11-02 21:00:00,1989-11-03 21:00:00,1989-11-04 03:00:00,1989-11-04 09:00:00,1989-11-04 21:00:00
1712,1989305N07105,1989-11-03 00:00:00,1989-11-04 00:00:00,1989-11-04 06:00:00,1989-11-04 12:00:00,1989-11-05 00:00:00
1713,1989305N07105,1989-11-03 03:00:00,1989-11-04 03:00:00,1989-11-04 09:00:00,1989-11-04 15:00:00,1989-11-05 03:00:00
1714,1989305N07105,1989-11-03 06:00:00,1989-11-04 06:00:00,1989-11-04 12:00:00,1989-11-04 18:00:00,1989-11-05 06:00:00
1715,1989305N07105,1989-11-03 09:00:00,1989-11-04 09:00:00,1989-11-04 15:00:00,1989-11-04 21:00:00,1989-11-05 09:00:00
1716,1989305N07105,1989-11-03 12:00:00,1989-11-04 12:00:00,1989-11-04 18:00:00,1989-11-05 00:00:00,1989-11-05 12:00:00
1717,1989305N07105,1989-11-03 15:00:00,1989-11-04 15:00:00,1989-11-04 21:00:00,1989-11-05 03:00:00,1989-11-05 15:00:00
1718,1989305N07105,1989-11-03 18:00:00,1989-11-04 18:00:00,1989-11-05 00:00:00,1989-11-05 06:00:00,1989-11-05 18:00:00
1719,1989305N07105,1989-11-03 21:00:00,1989-11-04 21:00:00,1989-11-05 03:00:00,1989-11-05 09:00:00,1989-11-05 21:00:00
1720,1989305N07105,1989-11-04 00:00:00,1989-11-05 00:00:00,1989-11-05 06:00:00,1989-11-05 12:00:00,1989-11-06 00:00:00
1721,1989305N07105,1989-11-04 03:00:00,1989-11-05 03:00:00,1989-11-05 09:00:00,1989-11-05 15:00:00,1989-11-06 03:00:00
1722,1989305N07105,1989-11-04 06:00:00,1989-11-05 06:00:00,1989-11-05 12:00:00,1989-11-05 18:00:00,1989-11-06 06:00:00
1723,1989305N07105,1989-11-04 09:00:00,1989-11-05 09:00:00,1989-11-05 15:00:00,1989-11-05 21:00:00,1989-11-06 09:00:00
1724,1989305N07105,1989-11-04 12:00:00,1989-11-05 12:00:00,1989-11-05 18:00:00,1989-11-06 00:00:00,1989-11-06 12:00:00
1725,1989305N07105,1989-11-04 15:00:00,1989-11-05 15:00:00,1989-11-05 21:00:00,1989-11-06 03:00:00,1989-11-06 15:00:00
1726,1989305N07105,1989-11-04 18:00:00,1989-11-05 18:00:00,1989-11-06 00:00:00,1989-11-06 06:00:00,1989-11-06 18:00:00
1727,1989305N07105,1989-11-04 21:00:00,1989-11-05 21:00:00,1989-11-06 03:00:00,1989-11-06 09:00:00,1989-11-06 21:00:00
1728,1989305N07105,1989-11-05 00:00:00,1989-11-06 00:00:00,1989-11-06 06:00:00,1989-11-06 12:00:00,1989-11-07 00:00:00
1729,1989305N07105,1989-11-05 03:00:00,1989-11-06 03:00:00,1989-11-06 09:00:00,1989-11-06 15:00:00,1989-11-07 03:00:00
1730,1989305N07105,1989-11-05 06:00:00,1989-11-06 06:00:00,1989-11-06 12:00:00,1989-11-06 18:00:00,1989-11-07 06:00:00
1731,1989305N07105,1989-11-05 09:00:00,1989-11-06 09:00:00,1989-11-06 15:00:00,1989-11-06 21:00:00,1989-11-07 09:00:00
1732,1989305N07105,1989-11-05 12:00:00,1989-11-06 12:00:00,1989-11-06 18:00:00,1989-11-07 00:00:00,1989-11-07 12:00:00
1733,1989305N07105,1989-11-05 15:00:00,1989-11-06 15:00:00,1989-11-06 21:00:00,1989-11-07 03:00:00,1989-11-07 15:00:00
1734,1989305N07105,1989-11-05 18:00:00,1989-11-06 18:00:00,1989-11-07 00:00:00,1989-11-07 06:00:00,1989-11-07 18:00:00
1735,1989305N07105,1989-11-05 21:00:00,1989-11-06 21:00:00,1989-11-07 03:00:00,1989-11-07 09:00:00,1989-11-07 21:00:00
1736,1989305N07105,1989-11-06 00:00:00,1989-11-07 00:00:00,1989-11-07 06:00:00,1989-11-07 12:00:00,1989-11-08 00:00:00
1737,1989305N07105,1989-11-06 03:00:00,1989-11-07 03:00:00,1989-11-07 09:00:00,1989-11-07 15:00:00,1989-11-08 03:00:00
1738,1989305N07105,1989-11-06 06:00:00,1989-11-07 06:00:00,1989-11-07 12:00:00,1989-11-07 18:00:00,1989-11-08 06:00:00
1739,1989305N07105,1989-11-06 09:00:00,1989-11-07 09:00:00,1989-11-07 15:00:00,1989-11-07 21:00:00,1989-11-08 09:00:00
1740,1989305N07105,1989-11-06 12:00:00,1989-11-07 12:00:00,1989-11-07 18:00:00,1989-11-08 00:00:00,1989-11-08 12:00:00
1741,1989305N07105,1989-11-06 15:00:00,1989-11-07 15:00:00,1989-11-07 21:00:00,1989-11-08 03:00:00,1989-11-08 15:00:00
1742,1989305N07105,1989-11-06 18:00:00,1989-11-07 18:00:00,1989-11-08 00:00:00,1989-11-08 06:00:00,1989-11-08 18:00:00
1743,1989305N07105,1989-11-06 21:00:00,1989-11-07 21:00:00,1989-11-08 03:00:00,1989-11-08 09:00:00,1989-11-08 21:00:00
1744,1989305N07105,1989-11-07 00:00:00,1989-11-08 00:00:00,1989-11-08 06:00:00,1989-11-08 12:00:00,1989-11-09 00:00:00
1745,1989305N07105,1989-11-07 03:00:00,1989-11-08 03:00:00,1989-11-08 09:00:00,1989-11-08 15:00:00,1989-11-09 03:00:00
1746,1989305N07105,1989-11-07 06:00:00,1989-11-08 06:00:00,1989-11-08 12:00:00,1989-11-08 18:00:00,1989-11-09 06:00:00
1747,1989305N07105,1989-11-07 09:00:00,1989-11-08 09:00:00,1989-11-08 15:00:00,1989-11-08 21:00:00,1989-11-09 09:00:00
1748,1989305N07105,1989-11-07 12:00:00,1989-11-08 12:00:00,1989-11-08 18:00:00,1989-11-09 00:00:00,1989-11-09 12:00:00
1749,1989305N07105,1989-11-07 15:00:00,1989-11-08 15:00:00,1989-11-08 21:00:00,1989-11-09 03:00:00,1989-11-09 15:00:00
1750,1989305N07105,1989-11-07 18:00:00,1989-11-08 18:00:00,1989-11-09 00:00:00,1989-11-09 06:00:00,1989-11-09 18:00:00
1751,1989305N07105,1989-11-07 21:00:00,1989-11-08 21:00:00,1989-11-09 03:00:00,1989-11-09 09:00:00,1989-11-09 21:00:00
1752,1989305N07105,1989-11-08 00:00:00,1989-11-09 00:00:00,1989-11-09 06:00:00,1989-11-09 12:00:00,1989-11-10 00:00:00
1753,1989305N07105,1989-11-08 03:00:00,1989-11-09 03:00:00,1989-11-09 09:00:00,1989-11-09 15:00:00,1989-11-10 03:00:00
1754,1989305N07105,1989-11-08 06:00:00,1989-11-09 06:00:00,1989-11-09 12:00:00,1989-11-09 18:00:00,1989-11-10 06:00:00
1755,1989321N11085,1989-11-16 12:00:00,1989-11-17 12:00:00,1989-11-17 18:00:00,1989-11-18 00:00:00,1989-11-18 12:00:00
1756,1989321N11085,1989-11-16 15:00:00,1989-11-17 15:00:00,1989-11-17 21:00:00,1989-11-18 03:00:00,1989-11-18 15:00:00
1757,1989321N11085,1989-11-16 18:00:00,1989-11-17 18:00:00,1989-11-18 00:00:00,1989-11-18 06:00:00,1989-11-18 18:00:00
1758,1989321N11085,1989-11-16 21:00:00,1989-11-17 21:00:00,1989-11-18 03:00:00,1989-11-18 09:00:00,1989-11-18 21:00:00
1759,1989321N11085,1989-11-17 00:00:00,1989-11-18 00:00:00,1989-11-18 06:00:00,1989-11-18 12:00:00,1989-11-19 00:00:00
1760,1989321N11085,1989-11-17 03:00:00,1989-11-18 03:00:00,1989-11-18 09:00:00,1989-11-18 15:00:00,1989-11-19 03:00:00
1761,1989321N11085,1989-11-17 06:00:00,1989-11-18 06:00:00,1989-11-18 12:00:00,1989-11-18 18:00:00,1989-11-19 06:00:00
1762,1989321N11085,1989-11-17 09:00:00,1989-11-18 09:00:00,1989-11-18 15:00:00,1989-11-18 21:00:00,1989-11-19 09:00:00
1763,1989321N11085,1989-11-17 12:00:00,1989-11-18 12:00:00,1989-11-18 18:00:00,1989-11-19 00:00:00,1989-11-19 12:00:00
1764,1989321N11085,1989-11-17 15:00:00,1989-11-18 15:00:00,1989-11-18 21:00:00,1989-11-19 03:00:00,1989-11-19 15:00:00
1765,1989321N11085,1989-11-17 18:00:00,1989-11-18 18:00:00,1989-11-19 00:00:00,1989-11-19 06:00:00,1989-11-19 18:00:00
1766,1989321N11085,1989-11-17 21:00:00,1989-11-18 21:00:00,1989-11-19 03:00:00,1989-11-19 09:00:00,1989-11-19 21:00:00
1767,1989321N11085,1989-11-18 00:00:00,1989-11-19 00:00:00,1989-11-19 06:00:00,1989-11-19 12:00:00,1989-11-20 00:00:00
1768,1989321N11085,1989-11-18 03:00:00,1989-11-19 03:00:00,1989-11-19 09:00:00,1989-11-19 15:00:00,1989-11-20 03:00:00
1769,1990124N09088,1990-05-03 12:00:00,1990-05-04 12:00:00,1990-05-04 18:00:00,1990-05-05 00:00:00,1990-05-05 12:00:00
1770,1990124N09088,1990-05-03 15:00:00,1990-05-04 15:00:00,1990-05-04 21:00:00,1990-05-05 03:00:00,1990-05-05 15:00:00
1771,1990124N09088,1990-05-03 18:00:00,1990-05-04 18:00:00,1990-05-05 00:00:00,1990-05-05 06:00:00,1990-05-05 18:00:00
1772,1990124N09088,1990-05-03 21:00:00,1990-05-04 21:00:00,1990-05-05 03:00:00,1990-05-05 09:00:00,1990-05-05 21:00:00
1773,1990124N09088,1990-05-04 00:00:00,1990-05-05 00:00:00,1990-05-05 06:00:00,1990-05-05 12:00:00,1990-05-06 00:00:00
1774,1990124N09088,1990-05-04 03:00:00,1990-05-05 03:00:00,1990-05-05 09:00:00,1990-05-05 15:00:00,1990-05-06 03:00:00
1775,1990124N09088,1990-05-04 06:00:00,1990-05-05 06:00:00,1990-05-05 12:00:00,1990-05-05 18:00:00,1990-05-06 06:00:00
1776,1990124N09088,1990-05-04 09:00:00,1990-05-05 09:00:00,1990-05-05 15:00:00,1990-05-05 21:00:00,1990-05-06 09:00:00
1777,1990124N09088,1990-05-04 12:00:00,1990-05-05 12:00:00,1990-05-05 18:00:00,1990-05-06 00:00:00,1990-05-06 12:00:00
1778,1990124N09088,1990-05-04 15:00:00,1990-05-05 15:00:00,1990-05-05 21:00:00,1990-05-06 03:00:00,1990-05-06 15:00:00
1779,1990124N09088,1990-05-04 18:00:00,1990-05-05 18:00:00,1990-05-06 00:00:00,1990-05-06 06:00:00,1990-05-06 18:00:00
1780,1990124N09088,1990-05-04 21:00:00,1990-05-05 21:00:00,1990-05-06 03:00:00,1990-05-06 09:00:00,1990-05-06 21:00:00
1781,1990124N09088,1990-05-05 00:00:00,1990-05-06 00:00:00,1990-05-06 06:00:00,1990-05-06 12:00:00,1990-05-07 00:00:00
1782,1990124N09088,1990-05-05 03:00:00,1990-05-06 03:00:00,1990-05-06 09:00:00,1990-05-06 15:00:00,1990-05-07 03:00:00
1783,1990124N09088,1990-05-05 06:00:00,1990-05-06 06:00:00,1990-05-06 12:00:00,1990-05-06 18:00:00,1990-05-07 06:00:00
1784,1990124N09088,1990-05-05 09:00:00,1990-05-06 09:00:00,1990-05-06 15:00:00,1990-05-06 21:00:00,1990-05-07 09:00:00
1785,1990124N09088,1990-05-05 12:00:00,1990-05-06 12:00:00,1990-05-06 18:00:00,1990-05-07 00:00:00,1990-05-07 12:00:00
1786,1990124N09088,1990-05-05 15:00:00,1990-05-06 15:00:00,1990-05-06 21:00:00,1990-05-07 03:00:00,1990-05-07 15:00:00
1787,1990124N09088,1990-05-05 18:00:00,1990-05-06 18:00:00,1990-05-07 00:00:00,1990-05-07 06:00:00,1990-05-07 18:00:00
1788,1990124N09088,1990-05-05 21:00:00,1990-05-06 21:00:00,1990-05-07 03:00:00,1990-05-07 09:00:00,1990-05-07 21:00:00
1789,1990124N09088,1990-05-06 00:00:00,1990-05-07 00:00:00,1990-05-07 06:00:00,1990-05-07 12:00:00,1990-05-08 00:00:00
1790,1990124N09088,1990-05-06 03:00:00,1990-05-07 03:00:00,1990-05-07 09:00:00,1990-05-07 15:00:00,1990-05-08 03:00:00
1791,1990124N09088,1990-05-06 06:00:00,1990-05-07 06:00:00,1990-05-07 12:00:00,1990-05-07 18:00:00,1990-05-08 06:00:00
1792,1990124N09088,1990-05-06 09:00:00,1990-05-07 09:00:00,1990-05-07 15:00:00,1990-05-07 21:00:00,1990-05-08 09:00:00
1793,1990124N09088,1990-05-06 12:00:00,1990-05-07 12:00:00,1990-05-07 18:00:00,1990-05-08 00:00:00,1990-05-08 12:00:00
1794,1990124N09088,1990-05-06 15:00:00,1990-05-07 15:00:00,1990-05-07 21:00:00,1990-05-08 03:00:00,1990-05-08 15:00:00
1795,1990124N09088,1990-05-06 18:00:00,1990-05-07 18:00:00,1990-05-08 00:00:00,1990-05-08 06:00:00,1990-05-08 18:00:00
1796,1990124N09088,1990-05-06 21:00:00,1990-05-07 21:00:00,1990-05-08 03:00:00,1990-05-08 09:00:00,1990-05-08 21:00:00
1797,1990124N09088,1990-05-07 00:00:00,1990-05-08 00:00:00,1990-05-08 06:00:00,1990-05-08 12:00:00,1990-05-09 00:00:00
1798,1990124N09088,1990-05-07 03:00:00,1990-05-08 03:00:00,1990-05-08 09:00:00,1990-05-08 15:00:00,1990-05-09 03:00:00
1799,1990124N09088,1990-05-07 06:00:00,1990-05-08 06:00:00,1990-05-08 12:00:00,1990-05-08 18:00:00,1990-05-09 06:00:00
1800,1990124N09088,1990-05-07 09:00:00,1990-05-08 09:00:00,1990-05-08 15:00:00,1990-05-08 21:00:00,1990-05-09 09:00:00
1801,1990124N09088,1990-05-07 12:00:00,1990-05-08 12:00:00,1990-05-08 18:00:00,1990-05-09 00:00:00,1990-05-09 12:00:00
1802,1990124N09088,1990-05-07 15:00:00,1990-05-08 15:00:00,1990-05-08 21:00:00,1990-05-09 03:00:00,1990-05-09 15:00:00
1803,1990124N09088,1990-05-07 18:00:00,1990-05-08 18:00:00,1990-05-09 00:00:00,1990-05-09 06:00:00,1990-05-09 18:00:00
1804,1990124N09088,1990-05-07 21:00:00,1990-05-08 21:00:00,1990-05-09 03:00:00,1990-05-09 09:00:00,1990-05-09 21:00:00
1805,1990124N09088,1990-05-08 00:00:00,1990-05-09 00:00:00,1990-05-09 06:00:00,1990-05-09 12:00:00,1990-05-10 00:00:00
1806,1990124N09088,1990-05-08 03:00:00,1990-05-09 03:00:00,1990-05-09 09:00:00,1990-05-09 15:00:00,1990-05-10 03:00:00
1807,1990124N09088,1990-05-08 06:00:00,1990-05-09 06:00:00,1990-05-09 12:00:00,1990-05-09 18:00:00,1990-05-10 06:00:00
1808,1990124N09088,1990-05-08 09:00:00,1990-05-09 09:00:00,1990-05-09 15:00:00,1990-05-09 21:00:00,1990-05-10 09:00:00
1809,1990124N09088,1990-05-08 12:00:00,1990-05-09 12:00:00,1990-05-09 18:00:00,1990-05-10 00:00:00,1990-05-10 12:00:00
1810,1990124N09088,1990-05-08 15:00:00,1990-05-09 15:00:00,1990-05-09 21:00:00,1990-05-10 03:00:00,1990-05-10 15:00:00
1811,1990124N09088,1990-05-08 18:00:00,1990-05-09 18:00:00,1990-05-10 00:00:00,1990-05-10 06:00:00,1990-05-10 18:00:00
1812,1990124N09088,1990-05-08 21:00:00,1990-05-09 21:00:00,1990-05-10 03:00:00,1990-05-10 09:00:00,1990-05-10 21:00:00
1813,1990124N09088,1990-05-09 00:00:00,1990-05-10 00:00:00,1990-05-10 06:00:00,1990-05-10 12:00:00,1990-05-11 00:00:00
1814,1990124N09088,1990-05-09 03:00:00,1990-05-10 03:00:00,1990-05-10 09:00:00,1990-05-10 15:00:00,1990-05-11 03:00:00
1815,1990124N09088,1990-05-09 06:00:00,1990-05-10 06:00:00,1990-05-10 12:00:00,1990-05-10 18:00:00,1990-05-11 06:00:00
1816,1990164N21089,1990-06-13 06:00:00,1990-06-14 06:00:00,1990-06-14 12:00:00,1990-06-14 18:00:00,1990-06-15 06:00:00
1817,1990164N21089,1990-06-13 09:00:00,1990-06-14 09:00:00,1990-06-14 15:00:00,1990-06-14 21:00:00,1990-06-15 09:00:00
1818,1990164N21089,1990-06-13 12:00:00,1990-06-14 12:00:00,1990-06-14 18:00:00,1990-06-15 00:00:00,1990-06-15 12:00:00
1819,1990226N19088,1990-08-14 06:00:00,1990-08-15 06:00:00,1990-08-15 12:00:00,1990-08-15 18:00:00,1990-08-16 06:00:00
1820,1990226N19088,1990-08-14 09:00:00,1990-08-15 09:00:00,1990-08-15 15:00:00,1990-08-15 21:00:00,1990-08-16 09:00:00
1821,1990226N19088,1990-08-14 12:00:00,1990-08-15 12:00:00,1990-08-15 18:00:00,1990-08-16 00:00:00,1990-08-16 12:00:00
1822,1990226N19088,1990-08-14 15:00:00,1990-08-15 15:00:00,1990-08-15 21:00:00,1990-08-16 03:00:00,1990-08-16 15:00:00
1823,1990226N19088,1990-08-14 18:00:00,1990-08-15 18:00:00,1990-08-16 00:00:00,1990-08-16 06:00:00,1990-08-16 18:00:00
1824,1990226N19088,1990-08-14 21:00:00,1990-08-15 21:00:00,1990-08-16 03:00:00,1990-08-16 09:00:00,1990-08-16 21:00:00
1825,1990226N19088,1990-08-15 00:00:00,1990-08-16 00:00:00,1990-08-16 06:00:00,1990-08-16 12:00:00,1990-08-17 00:00:00
1826,1990226N19088,1990-08-15 03:00:00,1990-08-16 03:00:00,1990-08-16 09:00:00,1990-08-16 15:00:00,1990-08-17 03:00:00
1827,1990226N19088,1990-08-15 06:00:00,1990-08-16 06:00:00,1990-08-16 12:00:00,1990-08-16 18:00:00,1990-08-17 06:00:00
1828,1990232N22089,1990-08-20 00:00:00,1990-08-21 00:00:00,1990-08-21 06:00:00,1990-08-21 12:00:00,1990-08-22 00:00:00
1829,1990232N22089,1990-08-20 03:00:00,1990-08-21 03:00:00,1990-08-21 09:00:00,1990-08-21 15:00:00,1990-08-22 03:00:00
1830,1990232N22089,1990-08-20 06:00:00,1990-08-21 06:00:00,1990-08-21 12:00:00,1990-08-21 18:00:00,1990-08-22 06:00:00
1831,1990232N22089,1990-08-20 09:00:00,1990-08-21 09:00:00,1990-08-21 15:00:00,1990-08-21 21:00:00,1990-08-22 09:00:00
1832,1990232N22089,1990-08-20 12:00:00,1990-08-21 12:00:00,1990-08-21 18:00:00,1990-08-22 00:00:00,1990-08-22 12:00:00
1833,1990232N22089,1990-08-20 15:00:00,1990-08-21 15:00:00,1990-08-21 21:00:00,1990-08-22 03:00:00,1990-08-22 15:00:00
1834,1990232N22089,1990-08-20 18:00:00,1990-08-21 18:00:00,1990-08-22 00:00:00,1990-08-22 06:00:00,1990-08-22 18:00:00
1835,1990232N22089,1990-08-20 21:00:00,1990-08-21 21:00:00,1990-08-22 03:00:00,1990-08-22 09:00:00,1990-08-22 21:00:00
1836,1990232N22089,1990-08-21 00:00:00,1990-08-22 00:00:00,1990-08-22 06:00:00,1990-08-22 12:00:00,1990-08-23 00:00:00
1837,1990232N22089,1990-08-21 03:00:00,1990-08-22 03:00:00,1990-08-22 09:00:00,1990-08-22 15:00:00,1990-08-23 03:00:00
1838,1990232N22089,1990-08-21 06:00:00,1990-08-22 06:00:00,1990-08-22 12:00:00,1990-08-22 18:00:00,1990-08-23 06:00:00
1839,1990232N22089,1990-08-21 09:00:00,1990-08-22 09:00:00,1990-08-22 15:00:00,1990-08-22 21:00:00,1990-08-23 09:00:00
1840,1990232N22089,1990-08-21 12:00:00,1990-08-22 12:00:00,1990-08-22 18:00:00,1990-08-23 00:00:00,1990-08-23 12:00:00
1841,1990232N22089,1990-08-21 15:00:00,1990-08-22 15:00:00,1990-08-22 21:00:00,1990-08-23 03:00:00,1990-08-23 15:00:00
1842,1990232N22089,1990-08-21 18:00:00,1990-08-22 18:00:00,1990-08-23 00:00:00,1990-08-23 06:00:00,1990-08-23 18:00:00
1843,1990232N22089,1990-08-21 21:00:00,1990-08-22 21:00:00,1990-08-23 03:00:00,1990-08-23 09:00:00,1990-08-23 21:00:00
1844,1990232N22089,1990-08-22 00:00:00,1990-08-23 00:00:00,1990-08-23 06:00:00,1990-08-23 12:00:00,1990-08-24 00:00:00
1845,1990232N22089,1990-08-22 03:00:00,1990-08-23 03:00:00,1990-08-23 09:00:00,1990-08-23 15:00:00,1990-08-24 03:00:00
1846,1990232N22089,1990-08-22 06:00:00,1990-08-23 06:00:00,1990-08-23 12:00:00,1990-08-23 18:00:00,1990-08-24 06:00:00
1847,1990232N22089,1990-08-22 09:00:00,1990-08-23 09:00:00,1990-08-23 15:00:00,1990-08-23 21:00:00,1990-08-24 09:00:00
1848,1990232N22089,1990-08-22 12:00:00,1990-08-23 12:00:00,1990-08-23 18:00:00,1990-08-24 00:00:00,1990-08-24 12:00:00
1849,1990232N22089,1990-08-22 15:00:00,1990-08-23 15:00:00,1990-08-23 21:00:00,1990-08-24 03:00:00,1990-08-24 15:00:00
1850,1990232N22089,1990-08-22 18:00:00,1990-08-23 18:00:00,1990-08-24 00:00:00,1990-08-24 06:00:00,1990-08-24 18:00:00
1851,1990246N23089,1990-09-03 00:00:00,1990-09-04 00:00:00,1990-09-04 06:00:00,1990-09-04 12:00:00,1990-09-05 00:00:00
1852,1990272N11121,1990-09-29 06:00:00,1990-09-30 06:00:00,1990-09-30 12:00:00,1990-09-30 18:00:00,1990-10-01 06:00:00
1853,1990272N11121,1990-09-29 09:00:00,1990-09-30 09:00:00,1990-09-30 15:00:00,1990-09-30 21:00:00,1990-10-01 09:00:00
1854,1990272N11121,1990-09-29 12:00:00,1990-09-30 12:00:00,1990-09-30 18:00:00,1990-10-01 00:00:00,1990-10-01 12:00:00
1855,1990272N11121,1990-09-29 15:00:00,1990-09-30 15:00:00,1990-09-30 21:00:00,1990-10-01 03:00:00,1990-10-01 15:00:00
1856,1990272N11121,1990-09-29 18:00:00,1990-09-30 18:00:00,1990-10-01 00:00:00,1990-10-01 06:00:00,1990-10-01 18:00:00
1857,1990272N11121,1990-09-29 21:00:00,1990-09-30 21:00:00,1990-10-01 03:00:00,1990-10-01 09:00:00,1990-10-01 21:00:00
1858,1990272N11121,1990-09-30 00:00:00,1990-10-01 00:00:00,1990-10-01 06:00:00,1990-10-01 12:00:00,1990-10-02 00:00:00
1859,1990272N11121,1990-09-30 03:00:00,1990-10-01 03:00:00,1990-10-01 09:00:00,1990-10-01 15:00:00,1990-10-02 03:00:00
1860,1990272N11121,1990-09-30 06:00:00,1990-10-01 06:00:00,1990-10-01 12:00:00,1990-10-01 18:00:00,1990-10-02 06:00:00
1861,1990272N11121,1990-09-30 09:00:00,1990-10-01 09:00:00,1990-10-01 15:00:00,1990-10-01 21:00:00,1990-10-02 09:00:00
1862,1990272N11121,1990-09-30 12:00:00,1990-10-01 12:00:00,1990-10-01 18:00:00,1990-10-02 00:00:00,1990-10-02 12:00:00
1863,1990272N11121,1990-09-30 15:00:00,1990-10-01 15:00:00,1990-10-01 21:00:00,1990-10-02 03:00:00,1990-10-02 15:00:00
1864,1990272N11121,1990-09-30 18:00:00,1990-10-01 18:00:00,1990-10-02 00:00:00,1990-10-02 06:00:00,1990-10-02 18:00:00
1865,1990272N11121,1990-09-30 21:00:00,1990-10-01 21:00:00,1990-10-02 03:00:00,1990-10-02 09:00:00,1990-10-02 21:00:00
1866,1990272N11121,1990-10-01 00:00:00,1990-10-02 00:00:00,1990-10-02 06:00:00,1990-10-02 12:00:00,1990-10-03 00:00:00
1867,1990272N11121,1990-10-01 03:00:00,1990-10-02 03:00:00,1990-10-02 09:00:00,1990-10-02 15:00:00,1990-10-03 03:00:00
1868,1990272N11121,1990-10-01 06:00:00,1990-10-02 06:00:00,1990-10-02 12:00:00,1990-10-02 18:00:00,1990-10-03 06:00:00
1869,1990272N11121,1990-10-01 09:00:00,1990-10-02 09:00:00,1990-10-02 15:00:00,1990-10-02 21:00:00,1990-10-03 09:00:00
1870,1990272N11121,1990-10-01 12:00:00,1990-10-02 12:00:00,1990-10-02 18:00:00,1990-10-03 00:00:00,1990-10-03 12:00:00
1871,1990272N11121,1990-10-01 15:00:00,1990-10-02 15:00:00,1990-10-02 21:00:00,1990-10-03 03:00:00,1990-10-03 15:00:00
1872,1990272N11121,1990-10-01 18:00:00,1990-10-02 18:00:00,1990-10-03 00:00:00,1990-10-03 06:00:00,1990-10-03 18:00:00
1873,1990272N11121,1990-10-01 21:00:00,1990-10-02 21:00:00,1990-10-03 03:00:00,1990-10-03 09:00:00,1990-10-03 21:00:00
1874,1990272N11121,1990-10-02 00:00:00,1990-10-03 00:00:00,1990-10-03 06:00:00,1990-10-03 12:00:00,1990-10-04 00:00:00
1875,1990272N11121,1990-10-02 03:00:00,1990-10-03 03:00:00,1990-10-03 09:00:00,1990-10-03 15:00:00,1990-10-04 03:00:00
1876,1990272N11121,1990-10-02 06:00:00,1990-10-03 06:00:00,1990-10-03 12:00:00,1990-10-03 18:00:00,1990-10-04 06:00:00
1877,1990272N11121,1990-10-02 09:00:00,1990-10-03 09:00:00,1990-10-03 15:00:00,1990-10-03 21:00:00,1990-10-04 09:00:00
1878,1990272N11121,1990-10-02 12:00:00,1990-10-03 12:00:00,1990-10-03 18:00:00,1990-10-04 00:00:00,1990-10-04 12:00:00
1879,1990272N11121,1990-10-02 15:00:00,1990-10-03 15:00:00,1990-10-03 21:00:00,1990-10-04 03:00:00,1990-10-04 15:00:00
1880,1990272N11121,1990-10-02 18:00:00,1990-10-03 18:00:00,1990-10-04 00:00:00,1990-10-04 06:00:00,1990-10-04 18:00:00
1881,1990272N11121,1990-10-02 21:00:00,1990-10-03 21:00:00,1990-10-04 03:00:00,1990-10-04 09:00:00,1990-10-04 21:00:00
1882,1990272N11121,1990-10-03 00:00:00,1990-10-04 00:00:00,1990-10-04 06:00:00,1990-10-04 12:00:00,1990-10-05 00:00:00
1883,1990272N11121,1990-10-03 03:00:00,1990-10-04 03:00:00,1990-10-04 09:00:00,1990-10-04 15:00:00,1990-10-05 03:00:00
1884,1990272N11121,1990-10-03 06:00:00,1990-10-04 06:00:00,1990-10-04 12:00:00,1990-10-04 18:00:00,1990-10-05 06:00:00
1885,1990272N11121,1990-10-03 09:00:00,1990-10-04 09:00:00,1990-10-04 15:00:00,1990-10-04 21:00:00,1990-10-05 09:00:00
1886,1990272N11121,1990-10-03 12:00:00,1990-10-04 12:00:00,1990-10-04 18:00:00,1990-10-05 00:00:00,1990-10-05 12:00:00
1887,1990280N18091,1990-10-06 12:00:00,1990-10-07 12:00:00,1990-10-07 18:00:00,1990-10-08 00:00:00,1990-10-08 12:00:00
1888,1990280N18091,1990-10-06 15:00:00,1990-10-07 15:00:00,1990-10-07 21:00:00,1990-10-08 03:00:00,1990-10-08 15:00:00
1889,1990280N18091,1990-10-06 18:00:00,1990-10-07 18:00:00,1990-10-08 00:00:00,1990-10-08 06:00:00,1990-10-08 18:00:00
1890,1990304N08092,1990-10-30 18:00:00,1990-10-31 18:00:00,1990-11-01 00:00:00,1990-11-01 06:00:00,1990-11-01 18:00:00
1891,1990304N08092,1990-10-30 21:00:00,1990-10-31 21:00:00,1990-11-01 03:00:00,1990-11-01 09:00:00,1990-11-01 21:00:00
1892,1990304N08092,1990-10-31 00:00:00,1990-11-01 00:00:00,1990-11-01 06:00:00,1990-11-01 12:00:00,1990-11-02 00:00:00
1893,1990304N08092,1990-10-31 03:00:00,1990-11-01 03:00:00,1990-11-01 09:00:00,1990-11-01 15:00:00,1990-11-02 03:00:00
1894,1990304N08092,1990-10-31 06:00:00,1990-11-01 06:00:00,1990-11-01 12:00:00,1990-11-01 18:00:00,1990-11-02 06:00:00
1895,1990304N08092,1990-10-31 09:00:00,1990-11-01 09:00:00,1990-11-01 15:00:00,1990-11-01 21:00:00,1990-11-02 09:00:00
1896,1990304N08092,1990-10-31 12:00:00,1990-11-01 12:00:00,1990-11-01 18:00:00,1990-11-02 00:00:00,1990-11-02 12:00:00
1897,1990304N08092,1990-10-31 15:00:00,1990-11-01 15:00:00,1990-11-01 21:00:00,1990-11-02 03:00:00,1990-11-02 15:00:00
1898,1990304N08092,1990-10-31 18:00:00,1990-11-01 18:00:00,1990-11-02 00:00:00,1990-11-02 06:00:00,1990-11-02 18:00:00
1899,1990304N08092,1990-10-31 21:00:00,1990-11-01 21:00:00,1990-11-02 03:00:00,1990-11-02 09:00:00,1990-11-02 21:00:00
1900,1990304N08092,1990-11-01 00:00:00,1990-11-02 00:00:00,1990-11-02 06:00:00,1990-11-02 12:00:00,1990-11-03 00:00:00
1901,1990304N08092,1990-11-01 03:00:00,1990-11-02 03:00:00,1990-11-02 09:00:00,1990-11-02 15:00:00,1990-11-03 03:00:00
1902,1990304N08092,1990-11-01 06:00:00,1990-11-02 06:00:00,1990-11-02 12:00:00,1990-11-02 18:00:00,1990-11-03 06:00:00
1903,1990304N08092,1990-11-01 09:00:00,1990-11-02 09:00:00,1990-11-02 15:00:00,1990-11-02 21:00:00,1990-11-03 09:00:00
1904,1990304N08092,1990-11-01 12:00:00,1990-11-02 12:00:00,1990-11-02 18:00:00,1990-11-03 00:00:00,1990-11-03 12:00:00
1905,1990304N08092,1990-11-01 15:00:00,1990-11-02 15:00:00,1990-11-02 21:00:00,1990-11-03 03:00:00,1990-11-03 15:00:00
1906,1990304N08092,1990-11-01 18:00:00,1990-11-02 18:00:00,1990-11-03 00:00:00,1990-11-03 06:00:00,1990-11-03 18:00:00
1907,1990304N08092,1990-11-01 21:00:00,1990-11-02 21:00:00,1990-11-03 03:00:00,1990-11-03 09:00:00,1990-11-03 21:00:00
1908,1990304N08092,1990-11-02 00:00:00,1990-11-03 00:00:00,1990-11-03 06:00:00,1990-11-03 12:00:00,1990-11-04 00:00:00
1909,1990304N08092,1990-11-02 03:00:00,1990-11-03 03:00:00,1990-11-03 09:00:00,1990-11-03 15:00:00,1990-11-04 03:00:00
1910,1990304N08092,1990-11-02 06:00:00,1990-11-03 06:00:00,1990-11-03 12:00:00,1990-11-03 18:00:00,1990-11-04 06:00:00
1911,1990304N08092,1990-11-02 09:00:00,1990-11-03 09:00:00,1990-11-03 15:00:00,1990-11-03 21:00:00,1990-11-04 09:00:00
1912,1990304N08092,1990-11-02 12:00:00,1990-11-03 12:00:00,1990-11-03 18:00:00,1990-11-04 00:00:00,1990-11-04 12:00:00
1913,1990320N15076,1990-11-16 00:00:00,1990-11-17 00:00:00,1990-11-17 06:00:00,1990-11-17 12:00:00,1990-11-18 00:00:00
1914,1990320N15076,1990-11-16 03:00:00,1990-11-17 03:00:00,1990-11-17 09:00:00,1990-11-17 15:00:00,1990-11-18 03:00:00
1915,1990320N15076,1990-11-16 06:00:00,1990-11-17 06:00:00,1990-11-17 12:00:00,1990-11-17 18:00:00,1990-11-18 06:00:00
1916,1990348N04087,1990-12-13 18:00:00,1990-12-14 18:00:00,1990-12-15 00:00:00,1990-12-15 06:00:00,1990-12-15 18:00:00
1917,1990348N04087,1990-12-13 21:00:00,1990-12-14 21:00:00,1990-12-15 03:00:00,1990-12-15 09:00:00,1990-12-15 21:00:00
1918,1990348N04087,1990-12-14 00:00:00,1990-12-15 00:00:00,1990-12-15 06:00:00,1990-12-15 12:00:00,1990-12-16 00:00:00
1919,1990348N04087,1990-12-14 03:00:00,1990-12-15 03:00:00,1990-12-15 09:00:00,1990-12-15 15:00:00,1990-12-16 03:00:00
1920,1990348N04087,1990-12-14 06:00:00,1990-12-15 06:00:00,1990-12-15 12:00:00,1990-12-15 18:00:00,1990-12-16 06:00:00
1921,1990348N04087,1990-12-14 09:00:00,1990-12-15 09:00:00,1990-12-15 15:00:00,1990-12-15 21:00:00,1990-12-16 09:00:00
1922,1990348N04087,1990-12-14 12:00:00,1990-12-15 12:00:00,1990-12-15 18:00:00,1990-12-16 00:00:00,1990-12-16 12:00:00
1923,1990348N04087,1990-12-14 15:00:00,1990-12-15 15:00:00,1990-12-15 21:00:00,1990-12-16 03:00:00,1990-12-16 15:00:00
1924,1990348N04087,1990-12-14 18:00:00,1990-12-15 18:00:00,1990-12-16 00:00:00,1990-12-16 06:00:00,1990-12-16 18:00:00
1925,1990348N04087,1990-12-14 21:00:00,1990-12-15 21:00:00,1990-12-16 03:00:00,1990-12-16 09:00:00,1990-12-16 21:00:00
1926,1990348N04087,1990-12-15 00:00:00,1990-12-16 00:00:00,1990-12-16 06:00:00,1990-12-16 12:00:00,1990-12-17 00:00:00
1927,1990348N04087,1990-12-15 03:00:00,1990-12-16 03:00:00,1990-12-16 09:00:00,1990-12-16 15:00:00,1990-12-17 03:00:00
1928,1990348N04087,1990-12-15 06:00:00,1990-12-16 06:00:00,1990-12-16 12:00:00,1990-12-16 18:00:00,1990-12-17 06:00:00
1929,1990348N04087,1990-12-15 09:00:00,1990-12-16 09:00:00,1990-12-16 15:00:00,1990-12-16 21:00:00,1990-12-17 09:00:00
1930,1990348N04087,1990-12-15 12:00:00,1990-12-16 12:00:00,1990-12-16 18:00:00,1990-12-17 00:00:00,1990-12-17 12:00:00
1931,1990348N04087,1990-12-15 15:00:00,1990-12-16 15:00:00,1990-12-16 21:00:00,1990-12-17 03:00:00,1990-12-17 15:00:00
1932,1990348N04087,1990-12-15 18:00:00,1990-12-16 18:00:00,1990-12-17 00:00:00,1990-12-17 06:00:00,1990-12-17 18:00:00
1933,1990348N04087,1990-12-15 21:00:00,1990-12-16 21:00:00,1990-12-17 03:00:00,1990-12-17 09:00:00,1990-12-17 21:00:00
1934,1990348N04087,1990-12-16 00:00:00,1990-12-17 00:00:00,1990-12-17 06:00:00,1990-12-17 12:00:00,1990-12-18 00:00:00
1935,1990348N04087,1990-12-16 03:00:00,1990-12-17 03:00:00,1990-12-17 09:00:00,1990-12-17 15:00:00,1990-12-18 03:00:00
1936,1990348N04087,1990-12-16 06:00:00,1990-12-17 06:00:00,1990-12-17 12:00:00,1990-12-17 18:00:00,1990-12-18 06:00:00
1937,1990348N04087,1990-12-16 09:00:00,1990-12-17 09:00:00,1990-12-17 15:00:00,1990-12-17 21:00:00,1990-12-18 09:00:00
1938,1990348N04087,1990-12-16 12:00:00,1990-12-17 12:00:00,1990-12-17 18:00:00,1990-12-18 00:00:00,1990-12-18 12:00:00
1939,1990348N04087,1990-12-16 15:00:00,1990-12-17 15:00:00,1990-12-17 21:00:00,1990-12-18 03:00:00,1990-12-18 15:00:00
1940,1990348N04087,1990-12-16 18:00:00,1990-12-17 18:00:00,1990-12-18 00:00:00,1990-12-18 06:00:00,1990-12-18 18:00:00
1941,1990348N04087,1990-12-16 21:00:00,1990-12-17 21:00:00,1990-12-18 03:00:00,1990-12-18 09:00:00,1990-12-18 21:00:00
1942,1990348N04087,1990-12-17 00:00:00,1990-12-18 00:00:00,1990-12-18 06:00:00,1990-12-18 12:00:00,1990-12-19 00:00:00
1943,1991015N02087,1991-01-14 18:00:00,1991-01-15 18:00:00,1991-01-16 00:00:00,1991-01-16 06:00:00,1991-01-16 18:00:00
1944,1991015N02087,1991-01-14 21:00:00,1991-01-15 21:00:00,1991-01-16 03:00:00,1991-01-16 09:00:00,1991-01-16 21:00:00
1945,1991015N02087,1991-01-15 00:00:00,1991-01-16 00:00:00,1991-01-16 06:00:00,1991-01-16 12:00:00,1991-01-17 00:00:00
1946,1991015N02087,1991-01-15 03:00:00,1991-01-16 03:00:00,1991-01-16 09:00:00,1991-01-16 15:00:00,1991-01-17 03:00:00
1947,1991015N02087,1991-01-15 06:00:00,1991-01-16 06:00:00,1991-01-16 12:00:00,1991-01-16 18:00:00,1991-01-17 06:00:00
1948,1991015N02087,1991-01-15 09:00:00,1991-01-16 09:00:00,1991-01-16 15:00:00,1991-01-16 21:00:00,1991-01-17 09:00:00
1949,1991015N02087,1991-01-15 12:00:00,1991-01-16 12:00:00,1991-01-16 18:00:00,1991-01-17 00:00:00,1991-01-17 12:00:00
1950,1991015N02087,1991-01-15 15:00:00,1991-01-16 15:00:00,1991-01-16 21:00:00,1991-01-17 03:00:00,1991-01-17 15:00:00
1951,1991015N02087,1991-01-15 18:00:00,1991-01-16 18:00:00,1991-01-17 00:00:00,1991-01-17 06:00:00,1991-01-17 18:00:00
1952,1991015N02087,1991-01-15 21:00:00,1991-01-16 21:00:00,1991-01-17 03:00:00,1991-01-17 09:00:00,1991-01-17 21:00:00
1953,1991015N02087,1991-01-16 00:00:00,1991-01-17 00:00:00,1991-01-17 06:00:00,1991-01-17 12:00:00,1991-01-18 00:00:00
1954,1991015N02087,1991-01-16 03:00:00,1991-01-17 03:00:00,1991-01-17 09:00:00,1991-01-17 15:00:00,1991-01-18 03:00:00
1955,1991015N02087,1991-01-16 06:00:00,1991-01-17 06:00:00,1991-01-17 12:00:00,1991-01-17 18:00:00,1991-01-18 06:00:00
1956,1991015N02087,1991-01-16 09:00:00,1991-01-17 09:00:00,1991-01-17 15:00:00,1991-01-17 21:00:00,1991-01-18 09:00:00
1957,1991015N02087,1991-01-16 12:00:00,1991-01-17 12:00:00,1991-01-17 18:00:00,1991-01-18 00:00:00,1991-01-18 12:00:00
1958,1991015N02087,1991-01-16 15:00:00,1991-01-17 15:00:00,1991-01-17 21:00:00,1991-01-18 03:00:00,1991-01-18 15:00:00
1959,1991015N02087,1991-01-16 18:00:00,1991-01-17 18:00:00,1991-01-18 00:00:00,1991-01-18 06:00:00,1991-01-18 18:00:00
1960,1991015N02087,1991-01-16 21:00:00,1991-01-17 21:00:00,1991-01-18 03:00:00,1991-01-18 09:00:00,1991-01-18 21:00:00
1961,1991015N02087,1991-01-17 00:00:00,1991-01-18 00:00:00,1991-01-18 06:00:00,1991-01-18 12:00:00,1991-01-19 00:00:00
1962,1991015N02087,1991-01-17 03:00:00,1991-01-18 03:00:00,1991-01-18 09:00:00,1991-01-18 15:00:00,1991-01-19 03:00:00
1963,1991015N02087,1991-01-17 06:00:00,1991-01-18 06:00:00,1991-01-18 12:00:00,1991-01-18 18:00:00,1991-01-19 06:00:00
1964,1991015N02087,1991-01-17 09:00:00,1991-01-18 09:00:00,1991-01-18 15:00:00,1991-01-18 21:00:00,1991-01-19 09:00:00
1965,1991015N02087,1991-01-17 12:00:00,1991-01-18 12:00:00,1991-01-18 18:00:00,1991-01-19 00:00:00,1991-01-19 12:00:00
1966,1991015N02087,1991-01-17 15:00:00,1991-01-18 15:00:00,1991-01-18 21:00:00,1991-01-19 03:00:00,1991-01-19 15:00:00
1967,1991015N02087,1991-01-17 18:00:00,1991-01-18 18:00:00,1991-01-19 00:00:00,1991-01-19 06:00:00,1991-01-19 18:00:00
1968,1991015N02087,1991-01-17 21:00:00,1991-01-18 21:00:00,1991-01-19 03:00:00,1991-01-19 09:00:00,1991-01-19 21:00:00
1969,1991015N02087,1991-01-18 00:00:00,1991-01-19 00:00:00,1991-01-19 06:00:00,1991-01-19 12:00:00,1991-01-20 00:00:00
1970,1991015N02087,1991-01-18 03:00:00,1991-01-19 03:00:00,1991-01-19 09:00:00,1991-01-19 15:00:00,1991-01-20 03:00:00
1971,1991015N02087,1991-01-18 06:00:00,1991-01-19 06:00:00,1991-01-19 12:00:00,1991-01-19 18:00:00,1991-01-20 06:00:00
1972,1991113N10091,1991-04-22 18:00:00,1991-04-23 18:00:00,1991-04-24 00:00:00,1991-04-24 06:00:00,1991-04-24 18:00:00
1973,1991113N10091,1991-04-22 21:00:00,1991-04-23 21:00:00,1991-04-24 03:00:00,1991-04-24 09:00:00,1991-04-24 21:00:00
1974,1991113N10091,1991-04-23 00:00:00,1991-04-24 00:00:00,1991-04-24 06:00:00,1991-04-24 12:00:00,1991-04-25 00:00:00
1975,1991113N10091,1991-04-23 03:00:00,1991-04-24 03:00:00,1991-04-24 09:00:00,1991-04-24 15:00:00,1991-04-25 03:00:00
1976,1991113N10091,1991-04-23 06:00:00,1991-04-24 06:00:00,1991-04-24 12:00:00,1991-04-24 18:00:00,1991-04-25 06:00:00
1977,1991113N10091,1991-04-23 09:00:00,1991-04-24 09:00:00,1991-04-24 15:00:00,1991-04-24 21:00:00,1991-04-25 09:00:00
1978,1991113N10091,1991-04-23 12:00:00,1991-04-24 12:00:00,1991-04-24 18:00:00,1991-04-25 00:00:00,1991-04-25 12:00:00
1979,1991113N10091,1991-04-23 15:00:00,1991-04-24 15:00:00,1991-04-24 21:00:00,1991-04-25 03:00:00,1991-04-25 15:00:00
1980,1991113N10091,1991-04-23 18:00:00,1991-04-24 18:00:00,1991-04-25 00:00:00,1991-04-25 06:00:00,1991-04-25 18:00:00
1981,1991113N10091,1991-04-23 21:00:00,1991-04-24 21:00:00,1991-04-25 03:00:00,1991-04-25 09:00:00,1991-04-25 21:00:00
1982,1991113N10091,1991-04-24 00:00:00,1991-04-25 00:00:00,1991-04-25 06:00:00,1991-04-25 12:00:00,1991-04-26 00:00:00
1983,1991113N10091,1991-04-24 03:00:00,1991-04-25 03:00:00,1991-04-25 09:00:00,1991-04-25 15:00:00,1991-04-26 03:00:00
1984,1991113N10091,1991-04-24 06:00:00,1991-04-25 06:00:00,1991-04-25 12:00:00,1991-04-25 18:00:00,1991-04-26 06:00:00
1985,1991113N10091,1991-04-24 09:00:00,1991-04-25 09:00:00,1991-04-25 15:00:00,1991-04-25 21:00:00,1991-04-26 09:00:00
1986,1991113N10091,1991-04-24 12:00:00,1991-04-25 12:00:00,1991-04-25 18:00:00,1991-04-26 00:00:00,1991-04-26 12:00:00
1987,1991113N10091,1991-04-24 15:00:00,1991-04-25 15:00:00,1991-04-25 21:00:00,1991-04-26 03:00:00,1991-04-26 15:00:00
1988,1991113N10091,1991-04-24 18:00:00,1991-04-25 18:00:00,1991-04-26 00:00:00,1991-04-26 06:00:00,1991-04-26 18:00:00
1989,1991113N10091,1991-04-24 21:00:00,1991-04-25 21:00:00,1991-04-26 03:00:00,1991-04-26 09:00:00,1991-04-26 21:00:00
1990,1991113N10091,1991-04-25 00:00:00,1991-04-26 00:00:00,1991-04-26 06:00:00,1991-04-26 12:00:00,1991-04-27 00:00:00
1991,1991113N10091,1991-04-25 03:00:00,1991-04-26 03:00:00,1991-04-26 09:00:00,1991-04-26 15:00:00,1991-04-27 03:00:00
1992,1991113N10091,1991-04-25 06:00:00,1991-04-26 06:00:00,1991-04-26 12:00:00,1991-04-26 18:00:00,1991-04-27 06:00:00
1993,1991113N10091,1991-04-25 09:00:00,1991-04-26 09:00:00,1991-04-26 15:00:00,1991-04-26 21:00:00,1991-04-27 09:00:00
1994,1991113N10091,1991-04-25 12:00:00,1991-04-26 12:00:00,1991-04-26 18:00:00,1991-04-27 00:00:00,1991-04-27 12:00:00
1995,1991113N10091,1991-04-25 15:00:00,1991-04-26 15:00:00,1991-04-26 21:00:00,1991-04-27 03:00:00,1991-04-27 15:00:00
1996,1991113N10091,1991-04-25 18:00:00,1991-04-26 18:00:00,1991-04-27 00:00:00,1991-04-27 06:00:00,1991-04-27 18:00:00
1997,1991113N10091,1991-04-25 21:00:00,1991-04-26 21:00:00,1991-04-27 03:00:00,1991-04-27 09:00:00,1991-04-27 21:00:00
1998,1991113N10091,1991-04-26 00:00:00,1991-04-27 00:00:00,1991-04-27 06:00:00,1991-04-27 12:00:00,1991-04-28 00:00:00
1999,1991113N10091,1991-04-26 03:00:00,1991-04-27 03:00:00,1991-04-27 09:00:00,1991-04-27 15:00:00,1991-04-28 03:00:00
2000,1991113N10091,1991-04-26 06:00:00,1991-04-27 06:00:00,1991-04-27 12:00:00,1991-04-27 18:00:00,1991-04-28 06:00:00
2001,1991113N10091,1991-04-26 09:00:00,1991-04-27 09:00:00,1991-04-27 15:00:00,1991-04-27 21:00:00,1991-04-28 09:00:00
2002,1991113N10091,1991-04-26 12:00:00,1991-04-27 12:00:00,1991-04-27 18:00:00,1991-04-28 00:00:00,1991-04-28 12:00:00
2003,1991113N10091,1991-04-26 15:00:00,1991-04-27 15:00:00,1991-04-27 21:00:00,1991-04-28 03:00:00,1991-04-28 15:00:00
2004,1991113N10091,1991-04-26 18:00:00,1991-04-27 18:00:00,1991-04-28 00:00:00,1991-04-28 06:00:00,1991-04-28 18:00:00
2005,1991113N10091,1991-04-26 21:00:00,1991-04-27 21:00:00,1991-04-28 03:00:00,1991-04-28 09:00:00,1991-04-28 21:00:00
2006,1991113N10091,1991-04-27 00:00:00,1991-04-28 00:00:00,1991-04-28 06:00:00,1991-04-28 12:00:00,1991-04-29 00:00:00
2007,1991113N10091,1991-04-27 03:00:00,1991-04-28 03:00:00,1991-04-28 09:00:00,1991-04-28 15:00:00,1991-04-29 03:00:00
2008,1991113N10091,1991-04-27 06:00:00,1991-04-28 06:00:00,1991-04-28 12:00:00,1991-04-28 18:00:00,1991-04-29 06:00:00
2009,1991113N10091,1991-04-27 09:00:00,1991-04-28 09:00:00,1991-04-28 15:00:00,1991-04-28 21:00:00,1991-04-29 09:00:00
2010,1991113N10091,1991-04-27 12:00:00,1991-04-28 12:00:00,1991-04-28 18:00:00,1991-04-29 00:00:00,1991-04-29 12:00:00
2011,1991113N10091,1991-04-27 15:00:00,1991-04-28 15:00:00,1991-04-28 21:00:00,1991-04-29 03:00:00,1991-04-29 15:00:00
2012,1991113N10091,1991-04-27 18:00:00,1991-04-28 18:00:00,1991-04-29 00:00:00,1991-04-29 06:00:00,1991-04-29 18:00:00
2013,1991113N10091,1991-04-27 21:00:00,1991-04-28 21:00:00,1991-04-29 03:00:00,1991-04-29 09:00:00,1991-04-29 21:00:00
2014,1991113N10091,1991-04-28 00:00:00,1991-04-29 00:00:00,1991-04-29 06:00:00,1991-04-29 12:00:00,1991-04-30 00:00:00
2015,1991113N10091,1991-04-28 03:00:00,1991-04-29 03:00:00,1991-04-29 09:00:00,1991-04-29 15:00:00,1991-04-30 03:00:00
2016,1991113N10091,1991-04-28 06:00:00,1991-04-29 06:00:00,1991-04-29 12:00:00,1991-04-29 18:00:00,1991-04-30 06:00:00
2017,1991113N10091,1991-04-28 09:00:00,1991-04-29 09:00:00,1991-04-29 15:00:00,1991-04-29 21:00:00,1991-04-30 09:00:00
2018,1991113N10091,1991-04-28 12:00:00,1991-04-29 12:00:00,1991-04-29 18:00:00,1991-04-30 00:00:00,1991-04-30 12:00:00
2019,1991113N10091,1991-04-28 15:00:00,1991-04-29 15:00:00,1991-04-29 21:00:00,1991-04-30 03:00:00,1991-04-30 15:00:00
2020,1991113N10091,1991-04-28 18:00:00,1991-04-29 18:00:00,1991-04-30 00:00:00,1991-04-30 06:00:00,1991-04-30 18:00:00
2021,1991150N14091,1991-05-30 00:00:00,1991-05-31 00:00:00,1991-05-31 06:00:00,1991-05-31 12:00:00,1991-06-01 00:00:00
2022,1991150N14091,1991-05-30 03:00:00,1991-05-31 03:00:00,1991-05-31 09:00:00,1991-05-31 15:00:00,1991-06-01 03:00:00
2023,1991150N14091,1991-05-30 06:00:00,1991-05-31 06:00:00,1991-05-31 12:00:00,1991-05-31 18:00:00,1991-06-01 06:00:00
2024,1991150N14091,1991-05-30 09:00:00,1991-05-31 09:00:00,1991-05-31 15:00:00,1991-05-31 21:00:00,1991-06-01 09:00:00
2025,1991150N14091,1991-05-30 12:00:00,1991-05-31 12:00:00,1991-05-31 18:00:00,1991-06-01 00:00:00,1991-06-01 12:00:00
2026,1991150N14091,1991-05-30 15:00:00,1991-05-31 15:00:00,1991-05-31 21:00:00,1991-06-01 03:00:00,1991-06-01 15:00:00
2027,1991150N14091,1991-05-30 18:00:00,1991-05-31 18:00:00,1991-06-01 00:00:00,1991-06-01 06:00:00,1991-06-01 18:00:00
2028,1991150N14091,1991-05-30 21:00:00,1991-05-31 21:00:00,1991-06-01 03:00:00,1991-06-01 09:00:00,1991-06-01 21:00:00
2029,1991150N14091,1991-05-31 00:00:00,1991-06-01 00:00:00,1991-06-01 06:00:00,1991-06-01 12:00:00,1991-06-02 00:00:00
2030,1991150N14091,1991-05-31 03:00:00,1991-06-01 03:00:00,1991-06-01 09:00:00,1991-06-01 15:00:00,1991-06-02 03:00:00
2031,1991150N14091,1991-05-31 06:00:00,1991-06-01 06:00:00,1991-06-01 12:00:00,1991-06-01 18:00:00,1991-06-02 06:00:00
2032,1991150N14091,1991-05-31 09:00:00,1991-06-01 09:00:00,1991-06-01 15:00:00,1991-06-01 21:00:00,1991-06-02 09:00:00
2033,1991150N14091,1991-05-31 12:00:00,1991-06-01 12:00:00,1991-06-01 18:00:00,1991-06-02 00:00:00,1991-06-02 12:00:00
2034,1991150N14091,1991-05-31 15:00:00,1991-06-01 15:00:00,1991-06-01 21:00:00,1991-06-02 03:00:00,1991-06-02 15:00:00
2035,1991150N14091,1991-05-31 18:00:00,1991-06-01 18:00:00,1991-06-02 00:00:00,1991-06-02 06:00:00,1991-06-02 18:00:00
2036,1991150N14091,1991-05-31 21:00:00,1991-06-01 21:00:00,1991-06-02 03:00:00,1991-06-02 09:00:00,1991-06-02 21:00:00
2037,1991150N14091,1991-06-01 00:00:00,1991-06-02 00:00:00,1991-06-02 06:00:00,1991-06-02 12:00:00,1991-06-03 00:00:00
2038,1991208N20090,1991-07-27 00:00:00,1991-07-28 00:00:00,1991-07-28 06:00:00,1991-07-28 12:00:00,1991-07-29 00:00:00
2039,1991208N20090,1991-07-27 03:00:00,1991-07-28 03:00:00,1991-07-28 09:00:00,1991-07-28 15:00:00,1991-07-29 03:00:00
2040,1991208N20090,1991-07-27 06:00:00,1991-07-28 06:00:00,1991-07-28 12:00:00,1991-07-28 18:00:00,1991-07-29 06:00:00
2041,1991208N20090,1991-07-27 09:00:00,1991-07-28 09:00:00,1991-07-28 15:00:00,1991-07-28 21:00:00,1991-07-29 09:00:00
2042,1991208N20090,1991-07-27 12:00:00,1991-07-28 12:00:00,1991-07-28 18:00:00,1991-07-29 00:00:00,1991-07-29 12:00:00
2043,1991208N20090,1991-07-27 15:00:00,1991-07-28 15:00:00,1991-07-28 21:00:00,1991-07-29 03:00:00,1991-07-29 15:00:00
2044,1991208N20090,1991-07-27 18:00:00,1991-07-28 18:00:00,1991-07-29 00:00:00,1991-07-29 06:00:00,1991-07-29 18:00:00
2045,1991208N20090,1991-07-27 21:00:00,1991-07-28 21:00:00,1991-07-29 03:00:00,1991-07-29 09:00:00,1991-07-29 21:00:00
2046,1991208N20090,1991-07-28 00:00:00,1991-07-29 00:00:00,1991-07-29 06:00:00,1991-07-29 12:00:00,1991-07-30 00:00:00
2047,1991208N20090,1991-07-28 03:00:00,1991-07-29 03:00:00,1991-07-29 09:00:00,1991-07-29 15:00:00,1991-07-30 03:00:00
2048,1991208N20090,1991-07-28 06:00:00,1991-07-29 06:00:00,1991-07-29 12:00:00,1991-07-29 18:00:00,1991-07-30 06:00:00
2049,1991208N20090,1991-07-28 09:00:00,1991-07-29 09:00:00,1991-07-29 15:00:00,1991-07-29 21:00:00,1991-07-30 09:00:00
2050,1991208N20090,1991-07-28 12:00:00,1991-07-29 12:00:00,1991-07-29 18:00:00,1991-07-30 00:00:00,1991-07-30 12:00:00
2051,1991208N20090,1991-07-28 15:00:00,1991-07-29 15:00:00,1991-07-29 21:00:00,1991-07-30 03:00:00,1991-07-30 15:00:00
2052,1991208N20090,1991-07-28 18:00:00,1991-07-29 18:00:00,1991-07-30 00:00:00,1991-07-30 06:00:00,1991-07-30 18:00:00
2053,1991208N20090,1991-07-28 21:00:00,1991-07-29 21:00:00,1991-07-30 03:00:00,1991-07-30 09:00:00,1991-07-30 21:00:00
2054,1991208N20090,1991-07-29 00:00:00,1991-07-30 00:00:00,1991-07-30 06:00:00,1991-07-30 12:00:00,1991-07-31 00:00:00
2055,1991208N20090,1991-07-29 03:00:00,1991-07-30 03:00:00,1991-07-30 09:00:00,1991-07-30 15:00:00,1991-07-31 03:00:00
2056,1991208N20090,1991-07-29 06:00:00,1991-07-30 06:00:00,1991-07-30 12:00:00,1991-07-30 18:00:00,1991-07-31 06:00:00
2057,1991208N20090,1991-07-29 09:00:00,1991-07-30 09:00:00,1991-07-30 15:00:00,1991-07-30 21:00:00,1991-07-31 09:00:00
2058,1991208N20090,1991-07-29 12:00:00,1991-07-30 12:00:00,1991-07-30 18:00:00,1991-07-31 00:00:00,1991-07-31 12:00:00
2059,1991208N20090,1991-07-29 15:00:00,1991-07-30 15:00:00,1991-07-30 21:00:00,1991-07-31 03:00:00,1991-07-31 15:00:00
2060,1991208N20090,1991-07-29 18:00:00,1991-07-30 18:00:00,1991-07-31 00:00:00,1991-07-31 06:00:00,1991-07-31 18:00:00
2061,1991208N20090,1991-07-29 21:00:00,1991-07-30 21:00:00,1991-07-31 03:00:00,1991-07-31 09:00:00,1991-07-31 21:00:00
2062,1991208N20090,1991-07-30 00:00:00,1991-07-31 00:00:00,1991-07-31 06:00:00,1991-07-31 12:00:00,1991-08-01 00:00:00
2063,1991234N20089,1991-08-21 18:00:00,1991-08-22 18:00:00,1991-08-23 00:00:00,1991-08-23 06:00:00,1991-08-23 18:00:00
2064,1991234N20089,1991-08-21 21:00:00,1991-08-22 21:00:00,1991-08-23 03:00:00,1991-08-23 09:00:00,1991-08-23 21:00:00
2065,1991234N20089,1991-08-22 00:00:00,1991-08-23 00:00:00,1991-08-23 06:00:00,1991-08-23 12:00:00,1991-08-24 00:00:00
2066,1991234N20089,1991-08-22 03:00:00,1991-08-23 03:00:00,1991-08-23 09:00:00,1991-08-23 15:00:00,1991-08-24 03:00:00
2067,1991234N20089,1991-08-22 06:00:00,1991-08-23 06:00:00,1991-08-23 12:00:00,1991-08-23 18:00:00,1991-08-24 06:00:00
2068,1991234N20089,1991-08-22 09:00:00,1991-08-23 09:00:00,1991-08-23 15:00:00,1991-08-23 21:00:00,1991-08-24 09:00:00
2069,1991234N20089,1991-08-22 12:00:00,1991-08-23 12:00:00,1991-08-23 18:00:00,1991-08-24 00:00:00,1991-08-24 12:00:00
2070,1991234N20089,1991-08-22 15:00:00,1991-08-23 15:00:00,1991-08-23 21:00:00,1991-08-24 03:00:00,1991-08-24 15:00:00
2071,1991234N20089,1991-08-22 18:00:00,1991-08-23 18:00:00,1991-08-24 00:00:00,1991-08-24 06:00:00,1991-08-24 18:00:00
2072,1991234N20089,1991-08-22 21:00:00,1991-08-23 21:00:00,1991-08-24 03:00:00,1991-08-24 09:00:00,1991-08-24 21:00:00
2073,1991234N20089,1991-08-23 00:00:00,1991-08-24 00:00:00,1991-08-24 06:00:00,1991-08-24 12:00:00,1991-08-25 00:00:00
2074,1991234N20089,1991-08-23 03:00:00,1991-08-24 03:00:00,1991-08-24 09:00:00,1991-08-24 15:00:00,1991-08-25 03:00:00
2075,1991234N20089,1991-08-23 06:00:00,1991-08-24 06:00:00,1991-08-24 12:00:00,1991-08-24 18:00:00,1991-08-25 06:00:00
2076,1991234N20089,1991-08-23 09:00:00,1991-08-24 09:00:00,1991-08-24 15:00:00,1991-08-24 21:00:00,1991-08-25 09:00:00
2077,1991234N20089,1991-08-23 12:00:00,1991-08-24 12:00:00,1991-08-24 18:00:00,1991-08-25 00:00:00,1991-08-25 12:00:00
2078,1991234N20089,1991-08-23 15:00:00,1991-08-24 15:00:00,1991-08-24 21:00:00,1991-08-25 03:00:00,1991-08-25 15:00:00
2079,1991234N20089,1991-08-23 18:00:00,1991-08-24 18:00:00,1991-08-25 00:00:00,1991-08-25 06:00:00,1991-08-25 18:00:00
2080,1991234N20089,1991-08-23 21:00:00,1991-08-24 21:00:00,1991-08-25 03:00:00,1991-08-25 09:00:00,1991-08-25 21:00:00
2081,1991234N20089,1991-08-24 00:00:00,1991-08-25 00:00:00,1991-08-25 06:00:00,1991-08-25 12:00:00,1991-08-26 00:00:00
2082,1991234N20089,1991-08-24 03:00:00,1991-08-25 03:00:00,1991-08-25 09:00:00,1991-08-25 15:00:00,1991-08-26 03:00:00
2083,1991234N20089,1991-08-24 06:00:00,1991-08-25 06:00:00,1991-08-25 12:00:00,1991-08-25 18:00:00,1991-08-26 06:00:00
2084,1991234N20089,1991-08-24 09:00:00,1991-08-25 09:00:00,1991-08-25 15:00:00,1991-08-25 21:00:00,1991-08-26 09:00:00
2085,1991234N20089,1991-08-24 12:00:00,1991-08-25 12:00:00,1991-08-25 18:00:00,1991-08-26 00:00:00,1991-08-26 12:00:00
2086,1991234N20089,1991-08-24 15:00:00,1991-08-25 15:00:00,1991-08-25 21:00:00,1991-08-26 03:00:00,1991-08-26 15:00:00
2087,1991234N20089,1991-08-24 18:00:00,1991-08-25 18:00:00,1991-08-26 00:00:00,1991-08-26 06:00:00,1991-08-26 18:00:00
2088,1991285N15090,1991-10-12 00:00:00,1991-10-13 00:00:00,1991-10-13 06:00:00,1991-10-13 12:00:00,1991-10-14 00:00:00
2089,1991285N15090,1991-10-12 03:00:00,1991-10-13 03:00:00,1991-10-13 09:00:00,1991-10-13 15:00:00,1991-10-14 03:00:00
2090,1991285N15090,1991-10-12 06:00:00,1991-10-13 06:00:00,1991-10-13 12:00:00,1991-10-13 18:00:00,1991-10-14 06:00:00
2091,1991301N10083,1991-10-28 00:00:00,1991-10-29 00:00:00,1991-10-29 06:00:00,1991-10-29 12:00:00,1991-10-30 00:00:00
2092,1991301N10083,1991-10-28 03:00:00,1991-10-29 03:00:00,1991-10-29 09:00:00,1991-10-29 15:00:00,1991-10-30 03:00:00
2093,1991301N10083,1991-10-28 06:00:00,1991-10-29 06:00:00,1991-10-29 12:00:00,1991-10-29 18:00:00,1991-10-30 06:00:00
2094,1991301N10083,1991-10-28 09:00:00,1991-10-29 09:00:00,1991-10-29 15:00:00,1991-10-29 21:00:00,1991-10-30 09:00:00
2095,1991301N10083,1991-10-28 12:00:00,1991-10-29 12:00:00,1991-10-29 18:00:00,1991-10-30 00:00:00,1991-10-30 12:00:00
2096,1991301N10083,1991-10-28 15:00:00,1991-10-29 15:00:00,1991-10-29 21:00:00,1991-10-30 03:00:00,1991-10-30 15:00:00
2097,1991301N10083,1991-10-28 18:00:00,1991-10-29 18:00:00,1991-10-30 00:00:00,1991-10-30 06:00:00,1991-10-30 18:00:00
2098,1991313N10095,1991-11-09 06:00:00,1991-11-10 06:00:00,1991-11-10 12:00:00,1991-11-10 18:00:00,1991-11-11 06:00:00
2099,1991313N10095,1991-11-09 09:00:00,1991-11-10 09:00:00,1991-11-10 15:00:00,1991-11-10 21:00:00,1991-11-11 09:00:00
2100,1991313N10095,1991-11-09 12:00:00,1991-11-10 12:00:00,1991-11-10 18:00:00,1991-11-11 00:00:00,1991-11-11 12:00:00
2101,1991313N10095,1991-11-09 15:00:00,1991-11-10 15:00:00,1991-11-10 21:00:00,1991-11-11 03:00:00,1991-11-11 15:00:00
2102,1991313N10095,1991-11-09 18:00:00,1991-11-10 18:00:00,1991-11-11 00:00:00,1991-11-11 06:00:00,1991-11-11 18:00:00
2103,1991313N10095,1991-11-09 21:00:00,1991-11-10 21:00:00,1991-11-11 03:00:00,1991-11-11 09:00:00,1991-11-11 21:00:00
2104,1991313N10095,1991-11-10 00:00:00,1991-11-11 00:00:00,1991-11-11 06:00:00,1991-11-11 12:00:00,1991-11-12 00:00:00
2105,1991313N10095,1991-11-10 03:00:00,1991-11-11 03:00:00,1991-11-11 09:00:00,1991-11-11 15:00:00,1991-11-12 03:00:00
2106,1991313N10095,1991-11-10 06:00:00,1991-11-11 06:00:00,1991-11-11 12:00:00,1991-11-11 18:00:00,1991-11-12 06:00:00
2107,1991313N10095,1991-11-10 09:00:00,1991-11-11 09:00:00,1991-11-11 15:00:00,1991-11-11 21:00:00,1991-11-12 09:00:00
2108,1991313N10095,1991-11-10 12:00:00,1991-11-11 12:00:00,1991-11-11 18:00:00,1991-11-12 00:00:00,1991-11-12 12:00:00
2109,1991313N10095,1991-11-10 15:00:00,1991-11-11 15:00:00,1991-11-11 21:00:00,1991-11-12 03:00:00,1991-11-12 15:00:00
2110,1991313N10095,1991-11-10 18:00:00,1991-11-11 18:00:00,1991-11-12 00:00:00,1991-11-12 06:00:00,1991-11-12 18:00:00
2111,1991313N10095,1991-11-10 21:00:00,1991-11-11 21:00:00,1991-11-12 03:00:00,1991-11-12 09:00:00,1991-11-12 21:00:00
2112,1991313N10095,1991-11-11 00:00:00,1991-11-12 00:00:00,1991-11-12 06:00:00,1991-11-12 12:00:00,1991-11-13 00:00:00
2113,1991313N10095,1991-11-11 03:00:00,1991-11-12 03:00:00,1991-11-12 09:00:00,1991-11-12 15:00:00,1991-11-13 03:00:00
2114,1991313N10095,1991-11-11 06:00:00,1991-11-12 06:00:00,1991-11-12 12:00:00,1991-11-12 18:00:00,1991-11-13 06:00:00
2115,1991313N10095,1991-11-11 09:00:00,1991-11-12 09:00:00,1991-11-12 15:00:00,1991-11-12 21:00:00,1991-11-13 09:00:00
2116,1991313N10095,1991-11-11 12:00:00,1991-11-12 12:00:00,1991-11-12 18:00:00,1991-11-13 00:00:00,1991-11-13 12:00:00
2117,1991313N10095,1991-11-11 15:00:00,1991-11-12 15:00:00,1991-11-12 21:00:00,1991-11-13 03:00:00,1991-11-13 15:00:00
2118,1991313N10095,1991-11-11 18:00:00,1991-11-12 18:00:00,1991-11-13 00:00:00,1991-11-13 06:00:00,1991-11-13 18:00:00
2119,1991313N10095,1991-11-11 21:00:00,1991-11-12 21:00:00,1991-11-13 03:00:00,1991-11-13 09:00:00,1991-11-13 21:00:00
2120,1991313N10095,1991-11-12 00:00:00,1991-11-13 00:00:00,1991-11-13 06:00:00,1991-11-13 12:00:00,1991-11-14 00:00:00
2121,1991313N10095,1991-11-12 03:00:00,1991-11-13 03:00:00,1991-11-13 09:00:00,1991-11-13 15:00:00,1991-11-14 03:00:00
2122,1991313N10095,1991-11-12 06:00:00,1991-11-13 06:00:00,1991-11-13 12:00:00,1991-11-13 18:00:00,1991-11-14 06:00:00
2123,1991313N10095,1991-11-12 09:00:00,1991-11-13 09:00:00,1991-11-13 15:00:00,1991-11-13 21:00:00,1991-11-14 09:00:00
2124,1991313N10095,1991-11-12 12:00:00,1991-11-13 12:00:00,1991-11-13 18:00:00,1991-11-14 00:00:00,1991-11-14 12:00:00
2125,1991313N10095,1991-11-12 15:00:00,1991-11-13 15:00:00,1991-11-13 21:00:00,1991-11-14 03:00:00,1991-11-14 15:00:00
2126,1991313N10095,1991-11-12 18:00:00,1991-11-13 18:00:00,1991-11-14 00:00:00,1991-11-14 06:00:00,1991-11-14 18:00:00
2127,1991313N10095,1991-11-12 21:00:00,1991-11-13 21:00:00,1991-11-14 03:00:00,1991-11-14 09:00:00,1991-11-14 21:00:00
2128,1991313N10095,1991-11-13 00:00:00,1991-11-14 00:00:00,1991-11-14 06:00:00,1991-11-14 12:00:00,1991-11-15 00:00:00
2129,1991313N10095,1991-11-13 03:00:00,1991-11-14 03:00:00,1991-11-14 09:00:00,1991-11-14 15:00:00,1991-11-15 03:00:00
2130,1991313N10095,1991-11-13 06:00:00,1991-11-14 06:00:00,1991-11-14 12:00:00,1991-11-14 18:00:00,1991-11-15 06:00:00
2131,1991313N10095,1991-11-13 09:00:00,1991-11-14 09:00:00,1991-11-14 15:00:00,1991-11-14 21:00:00,1991-11-15 09:00:00
2132,1991313N10095,1991-11-13 12:00:00,1991-11-14 12:00:00,1991-11-14 18:00:00,1991-11-15 00:00:00,1991-11-15 12:00:00
2133,1991313N10095,1991-11-13 15:00:00,1991-11-14 15:00:00,1991-11-14 21:00:00,1991-11-15 03:00:00,1991-11-15 15:00:00
2134,1991313N10095,1991-11-13 18:00:00,1991-11-14 18:00:00,1991-11-15 00:00:00,1991-11-15 06:00:00,1991-11-15 18:00:00
2135,1991313N10095,1991-11-13 21:00:00,1991-11-14 21:00:00,1991-11-15 03:00:00,1991-11-15 09:00:00,1991-11-15 21:00:00
2136,1991313N10095,1991-11-14 00:00:00,1991-11-15 00:00:00,1991-11-15 06:00:00,1991-11-15 12:00:00,1991-11-16 00:00:00
2137,1991313N10095,1991-11-14 03:00:00,1991-11-15 03:00:00,1991-11-15 09:00:00,1991-11-15 15:00:00,1991-11-16 03:00:00
2138,1991313N10095,1991-11-14 06:00:00,1991-11-15 06:00:00,1991-11-15 12:00:00,1991-11-15 18:00:00,1991-11-16 06:00:00
2139,1991313N10095,1991-11-14 09:00:00,1991-11-15 09:00:00,1991-11-15 15:00:00,1991-11-15 21:00:00,1991-11-16 09:00:00
2140,1991313N10095,1991-11-14 12:00:00,1991-11-15 12:00:00,1991-11-15 18:00:00,1991-11-16 00:00:00,1991-11-16 12:00:00
2141,1992136N10090,1992-05-15 00:00:00,1992-05-16 00:00:00,1992-05-16 06:00:00,1992-05-16 12:00:00,1992-05-17 00:00:00
2142,1992136N10090,1992-05-15 03:00:00,1992-05-16 03:00:00,1992-05-16 09:00:00,1992-05-16 15:00:00,1992-05-17 03:00:00
2143,1992136N10090,1992-05-15 06:00:00,1992-05-16 06:00:00,1992-05-16 12:00:00,1992-05-16 18:00:00,1992-05-17 06:00:00
2144,1992136N10090,1992-05-15 09:00:00,1992-05-16 09:00:00,1992-05-16 15:00:00,1992-05-16 21:00:00,1992-05-17 09:00:00
2145,1992136N10090,1992-05-15 12:00:00,1992-05-16 12:00:00,1992-05-16 18:00:00,1992-05-17 00:00:00,1992-05-17 12:00:00
2146,1992136N10090,1992-05-15 15:00:00,1992-05-16 15:00:00,1992-05-16 21:00:00,1992-05-17 03:00:00,1992-05-17 15:00:00
2147,1992136N10090,1992-05-15 18:00:00,1992-05-16 18:00:00,1992-05-17 00:00:00,1992-05-17 06:00:00,1992-05-17 18:00:00
2148,1992136N10090,1992-05-15 21:00:00,1992-05-16 21:00:00,1992-05-17 03:00:00,1992-05-17 09:00:00,1992-05-17 21:00:00
2149,1992136N10090,1992-05-16 00:00:00,1992-05-17 00:00:00,1992-05-17 06:00:00,1992-05-17 12:00:00,1992-05-18 00:00:00
2150,1992136N10090,1992-05-16 03:00:00,1992-05-17 03:00:00,1992-05-17 09:00:00,1992-05-17 15:00:00,1992-05-18 03:00:00
2151,1992136N10090,1992-05-16 06:00:00,1992-05-17 06:00:00,1992-05-17 12:00:00,1992-05-17 18:00:00,1992-05-18 06:00:00
2152,1992136N10090,1992-05-16 09:00:00,1992-05-17 09:00:00,1992-05-17 15:00:00,1992-05-17 21:00:00,1992-05-18 09:00:00
2153,1992136N10090,1992-05-16 12:00:00,1992-05-17 12:00:00,1992-05-17 18:00:00,1992-05-18 00:00:00,1992-05-18 12:00:00
2154,1992136N10090,1992-05-16 15:00:00,1992-05-17 15:00:00,1992-05-17 21:00:00,1992-05-18 03:00:00,1992-05-18 15:00:00
2155,1992136N10090,1992-05-16 18:00:00,1992-05-17 18:00:00,1992-05-18 00:00:00,1992-05-18 06:00:00,1992-05-18 18:00:00
2156,1992136N10090,1992-05-16 21:00:00,1992-05-17 21:00:00,1992-05-18 03:00:00,1992-05-18 09:00:00,1992-05-18 21:00:00
2157,1992136N10090,1992-05-17 00:00:00,1992-05-18 00:00:00,1992-05-18 06:00:00,1992-05-18 12:00:00,1992-05-19 00:00:00
2158,1992136N10090,1992-05-17 03:00:00,1992-05-18 03:00:00,1992-05-18 09:00:00,1992-05-18 15:00:00,1992-05-19 03:00:00
2159,1992136N10090,1992-05-17 06:00:00,1992-05-18 06:00:00,1992-05-18 12:00:00,1992-05-18 18:00:00,1992-05-19 06:00:00
2160,1992136N10090,1992-05-17 09:00:00,1992-05-18 09:00:00,1992-05-18 15:00:00,1992-05-18 21:00:00,1992-05-19 09:00:00
2161,1992136N10090,1992-05-17 12:00:00,1992-05-18 12:00:00,1992-05-18 18:00:00,1992-05-19 00:00:00,1992-05-19 12:00:00
2162,1992136N10090,1992-05-17 15:00:00,1992-05-18 15:00:00,1992-05-18 21:00:00,1992-05-19 03:00:00,1992-05-19 15:00:00
2163,1992136N10090,1992-05-17 18:00:00,1992-05-18 18:00:00,1992-05-19 00:00:00,1992-05-19 06:00:00,1992-05-19 18:00:00
2164,1992136N10090,1992-05-17 21:00:00,1992-05-18 21:00:00,1992-05-19 03:00:00,1992-05-19 09:00:00,1992-05-19 21:00:00
2165,1992136N10090,1992-05-18 00:00:00,1992-05-19 00:00:00,1992-05-19 06:00:00,1992-05-19 12:00:00,1992-05-20 00:00:00
2166,1992155N10070,1992-06-03 06:00:00,1992-06-04 06:00:00,1992-06-04 12:00:00,1992-06-04 18:00:00,1992-06-05 06:00:00
2167,1992155N10070,1992-06-03 09:00:00,1992-06-04 09:00:00,1992-06-04 15:00:00,1992-06-04 21:00:00,1992-06-05 09:00:00
2168,1992155N10070,1992-06-03 12:00:00,1992-06-04 12:00:00,1992-06-04 18:00:00,1992-06-05 00:00:00,1992-06-05 12:00:00
2169,1992155N10070,1992-06-03 15:00:00,1992-06-04 15:00:00,1992-06-04 21:00:00,1992-06-05 03:00:00,1992-06-05 15:00:00
2170,1992155N10070,1992-06-03 18:00:00,1992-06-04 18:00:00,1992-06-05 00:00:00,1992-06-05 06:00:00,1992-06-05 18:00:00
2171,1992155N10070,1992-06-03 21:00:00,1992-06-04 21:00:00,1992-06-05 03:00:00,1992-06-05 09:00:00,1992-06-05 21:00:00
2172,1992155N10070,1992-06-04 00:00:00,1992-06-05 00:00:00,1992-06-05 06:00:00,1992-06-05 12:00:00,1992-06-06 00:00:00
2173,1992155N10070,1992-06-04 03:00:00,1992-06-05 03:00:00,1992-06-05 09:00:00,1992-06-05 15:00:00,1992-06-06 03:00:00
2174,1992155N10070,1992-06-04 06:00:00,1992-06-05 06:00:00,1992-06-05 12:00:00,1992-06-05 18:00:00,1992-06-06 06:00:00
2175,1992155N10070,1992-06-04 09:00:00,1992-06-05 09:00:00,1992-06-05 15:00:00,1992-06-05 21:00:00,1992-06-06 09:00:00
2176,1992155N10070,1992-06-04 12:00:00,1992-06-05 12:00:00,1992-06-05 18:00:00,1992-06-06 00:00:00,1992-06-06 12:00:00
2177,1992155N10070,1992-06-04 15:00:00,1992-06-05 15:00:00,1992-06-05 21:00:00,1992-06-06 03:00:00,1992-06-06 15:00:00
2178,1992155N10070,1992-06-04 18:00:00,1992-06-05 18:00:00,1992-06-06 00:00:00,1992-06-06 06:00:00,1992-06-06 18:00:00
2179,1992155N10070,1992-06-04 21:00:00,1992-06-05 21:00:00,1992-06-06 03:00:00,1992-06-06 09:00:00,1992-06-06 21:00:00
2180,1992155N10070,1992-06-05 00:00:00,1992-06-06 00:00:00,1992-06-06 06:00:00,1992-06-06 12:00:00,1992-06-07 00:00:00
2181,1992155N10070,1992-06-05 03:00:00,1992-06-06 03:00:00,1992-06-06 09:00:00,1992-06-06 15:00:00,1992-06-07 03:00:00
2182,1992155N10070,1992-06-05 06:00:00,1992-06-06 06:00:00,1992-06-06 12:00:00,1992-06-06 18:00:00,1992-06-07 06:00:00
2183,1992155N10070,1992-06-05 09:00:00,1992-06-06 09:00:00,1992-06-06 15:00:00,1992-06-06 21:00:00,1992-06-07 09:00:00
2184,1992155N10070,1992-06-05 12:00:00,1992-06-06 12:00:00,1992-06-06 18:00:00,1992-06-07 00:00:00,1992-06-07 12:00:00
2185,1992155N10070,1992-06-05 15:00:00,1992-06-06 15:00:00,1992-06-06 21:00:00,1992-06-07 03:00:00,1992-06-07 15:00:00
2186,1992155N10070,1992-06-05 18:00:00,1992-06-06 18:00:00,1992-06-07 00:00:00,1992-06-07 06:00:00,1992-06-07 18:00:00
2187,1992155N10070,1992-06-05 21:00:00,1992-06-06 21:00:00,1992-06-07 03:00:00,1992-06-07 09:00:00,1992-06-07 21:00:00
2188,1992155N10070,1992-06-06 00:00:00,1992-06-07 00:00:00,1992-06-07 06:00:00,1992-06-07 12:00:00,1992-06-08 00:00:00
2189,1992155N10070,1992-06-06 03:00:00,1992-06-07 03:00:00,1992-06-07 09:00:00,1992-06-07 15:00:00,1992-06-08 03:00:00
2190,1992155N10070,1992-06-06 06:00:00,1992-06-07 06:00:00,1992-06-07 12:00:00,1992-06-07 18:00:00,1992-06-08 06:00:00
2191,1992155N10070,1992-06-06 09:00:00,1992-06-07 09:00:00,1992-06-07 15:00:00,1992-06-07 21:00:00,1992-06-08 09:00:00
2192,1992155N10070,1992-06-06 12:00:00,1992-06-07 12:00:00,1992-06-07 18:00:00,1992-06-08 00:00:00,1992-06-08 12:00:00
2193,1992155N10070,1992-06-06 15:00:00,1992-06-07 15:00:00,1992-06-07 21:00:00,1992-06-08 03:00:00,1992-06-08 15:00:00
2194,1992155N10070,1992-06-06 18:00:00,1992-06-07 18:00:00,1992-06-08 00:00:00,1992-06-08 06:00:00,1992-06-08 18:00:00
2195,1992155N10070,1992-06-06 21:00:00,1992-06-07 21:00:00,1992-06-08 03:00:00,1992-06-08 09:00:00,1992-06-08 21:00:00
2196,1992155N10070,1992-06-07 00:00:00,1992-06-08 00:00:00,1992-06-08 06:00:00,1992-06-08 12:00:00,1992-06-09 00:00:00
2197,1992155N10070,1992-06-07 03:00:00,1992-06-08 03:00:00,1992-06-08 09:00:00,1992-06-08 15:00:00,1992-06-09 03:00:00
2198,1992155N10070,1992-06-07 06:00:00,1992-06-08 06:00:00,1992-06-08 12:00:00,1992-06-08 18:00:00,1992-06-09 06:00:00
2199,1992155N10070,1992-06-07 09:00:00,1992-06-08 09:00:00,1992-06-08 15:00:00,1992-06-08 21:00:00,1992-06-09 09:00:00
2200,1992155N10070,1992-06-07 12:00:00,1992-06-08 12:00:00,1992-06-08 18:00:00,1992-06-09 00:00:00,1992-06-09 12:00:00
2201,1992155N10070,1992-06-07 15:00:00,1992-06-08 15:00:00,1992-06-08 21:00:00,1992-06-09 03:00:00,1992-06-09 15:00:00
2202,1992155N10070,1992-06-07 18:00:00,1992-06-08 18:00:00,1992-06-09 00:00:00,1992-06-09 06:00:00,1992-06-09 18:00:00
2203,1992155N10070,1992-06-07 21:00:00,1992-06-08 21:00:00,1992-06-09 03:00:00,1992-06-09 09:00:00,1992-06-09 21:00:00
2204,1992155N10070,1992-06-08 00:00:00,1992-06-09 00:00:00,1992-06-09 06:00:00,1992-06-09 12:00:00,1992-06-10 00:00:00
2205,1992155N10070,1992-06-08 03:00:00,1992-06-09 03:00:00,1992-06-09 09:00:00,1992-06-09 15:00:00,1992-06-10 03:00:00
2206,1992155N10070,1992-06-08 06:00:00,1992-06-09 06:00:00,1992-06-09 12:00:00,1992-06-09 18:00:00,1992-06-10 06:00:00
2207,1992155N10070,1992-06-08 09:00:00,1992-06-09 09:00:00,1992-06-09 15:00:00,1992-06-09 21:00:00,1992-06-10 09:00:00
2208,1992155N10070,1992-06-08 12:00:00,1992-06-09 12:00:00,1992-06-09 18:00:00,1992-06-10 00:00:00,1992-06-10 12:00:00
2209,1992155N10070,1992-06-08 15:00:00,1992-06-09 15:00:00,1992-06-09 21:00:00,1992-06-10 03:00:00,1992-06-10 15:00:00
2210,1992155N10070,1992-06-08 18:00:00,1992-06-09 18:00:00,1992-06-10 00:00:00,1992-06-10 06:00:00,1992-06-10 18:00:00
2211,1992155N10070,1992-06-08 21:00:00,1992-06-09 21:00:00,1992-06-10 03:00:00,1992-06-10 09:00:00,1992-06-10 21:00:00
2212,1992155N10070,1992-06-09 00:00:00,1992-06-10 00:00:00,1992-06-10 06:00:00,1992-06-10 12:00:00,1992-06-11 00:00:00
2213,1992155N10070,1992-06-09 03:00:00,1992-06-10 03:00:00,1992-06-10 09:00:00,1992-06-10 15:00:00,1992-06-11 03:00:00
2214,1992155N10070,1992-06-09 06:00:00,1992-06-10 06:00:00,1992-06-10 12:00:00,1992-06-10 18:00:00,1992-06-11 06:00:00
2215,1992155N10070,1992-06-09 09:00:00,1992-06-10 09:00:00,1992-06-10 15:00:00,1992-06-10 21:00:00,1992-06-11 09:00:00
2216,1992155N10070,1992-06-09 12:00:00,1992-06-10 12:00:00,1992-06-10 18:00:00,1992-06-11 00:00:00,1992-06-11 12:00:00
2217,1992155N10070,1992-06-09 15:00:00,1992-06-10 15:00:00,1992-06-10 21:00:00,1992-06-11 03:00:00,1992-06-11 15:00:00
2218,1992155N10070,1992-06-09 18:00:00,1992-06-10 18:00:00,1992-06-11 00:00:00,1992-06-11 06:00:00,1992-06-11 18:00:00
2219,1992155N10070,1992-06-09 21:00:00,1992-06-10 21:00:00,1992-06-11 03:00:00,1992-06-11 09:00:00,1992-06-11 21:00:00
2220,1992155N10070,1992-06-10 00:00:00,1992-06-11 00:00:00,1992-06-11 06:00:00,1992-06-11 12:00:00,1992-06-12 00:00:00
2221,1992155N10070,1992-06-10 03:00:00,1992-06-11 03:00:00,1992-06-11 09:00:00,1992-06-11 15:00:00,1992-06-12 03:00:00
2222,1992155N10070,1992-06-10 06:00:00,1992-06-11 06:00:00,1992-06-11 12:00:00,1992-06-11 18:00:00,1992-06-12 06:00:00
2223,1992155N10070,1992-06-10 09:00:00,1992-06-11 09:00:00,1992-06-11 15:00:00,1992-06-11 21:00:00,1992-06-12 09:00:00
2224,1992155N10070,1992-06-10 12:00:00,1992-06-11 12:00:00,1992-06-11 18:00:00,1992-06-12 00:00:00,1992-06-12 12:00:00
2225,1992155N10070,1992-06-10 15:00:00,1992-06-11 15:00:00,1992-06-11 21:00:00,1992-06-12 03:00:00,1992-06-12 15:00:00
2226,1992155N10070,1992-06-10 18:00:00,1992-06-11 18:00:00,1992-06-12 00:00:00,1992-06-12 06:00:00,1992-06-12 18:00:00
2227,1992167N12088,1992-06-14 12:00:00,1992-06-15 12:00:00,1992-06-15 18:00:00,1992-06-16 00:00:00,1992-06-16 12:00:00
2228,1992167N12088,1992-06-14 15:00:00,1992-06-15 15:00:00,1992-06-15 21:00:00,1992-06-16 03:00:00,1992-06-16 15:00:00
2229,1992167N12088,1992-06-14 18:00:00,1992-06-15 18:00:00,1992-06-16 00:00:00,1992-06-16 06:00:00,1992-06-16 18:00:00
2230,1992167N12088,1992-06-14 21:00:00,1992-06-15 21:00:00,1992-06-16 03:00:00,1992-06-16 09:00:00,1992-06-16 21:00:00
2231,1992167N12088,1992-06-15 00:00:00,1992-06-16 00:00:00,1992-06-16 06:00:00,1992-06-16 12:00:00,1992-06-17 00:00:00
2232,1992167N12088,1992-06-15 03:00:00,1992-06-16 03:00:00,1992-06-16 09:00:00,1992-06-16 15:00:00,1992-06-17 03:00:00
2233,1992167N12088,1992-06-15 06:00:00,1992-06-16 06:00:00,1992-06-16 12:00:00,1992-06-16 18:00:00,1992-06-17 06:00:00
2234,1992167N12088,1992-06-15 09:00:00,1992-06-16 09:00:00,1992-06-16 15:00:00,1992-06-16 21:00:00,1992-06-17 09:00:00
2235,1992167N12088,1992-06-15 12:00:00,1992-06-16 12:00:00,1992-06-16 18:00:00,1992-06-17 00:00:00,1992-06-17 12:00:00
2236,1992167N12088,1992-06-15 15:00:00,1992-06-16 15:00:00,1992-06-16 21:00:00,1992-06-17 03:00:00,1992-06-17 15:00:00
2237,1992167N12088,1992-06-15 18:00:00,1992-06-16 18:00:00,1992-06-17 00:00:00,1992-06-17 06:00:00,1992-06-17 18:00:00
2238,1992167N12088,1992-06-15 21:00:00,1992-06-16 21:00:00,1992-06-17 03:00:00,1992-06-17 09:00:00,1992-06-17 21:00:00
2239,1992167N12088,1992-06-16 00:00:00,1992-06-17 00:00:00,1992-06-17 06:00:00,1992-06-17 12:00:00,1992-06-18 00:00:00
2240,1992167N12088,1992-06-16 03:00:00,1992-06-17 03:00:00,1992-06-17 09:00:00,1992-06-17 15:00:00,1992-06-18 03:00:00
2241,1992167N12088,1992-06-16 06:00:00,1992-06-17 06:00:00,1992-06-17 12:00:00,1992-06-17 18:00:00,1992-06-18 06:00:00
2242,1992167N12088,1992-06-16 09:00:00,1992-06-17 09:00:00,1992-06-17 15:00:00,1992-06-17 21:00:00,1992-06-18 09:00:00
2243,1992167N12088,1992-06-16 12:00:00,1992-06-17 12:00:00,1992-06-17 18:00:00,1992-06-18 00:00:00,1992-06-18 12:00:00
2244,1992188N07156,1992-07-05 18:00:00,1992-07-06 18:00:00,1992-07-07 00:00:00,1992-07-07 06:00:00,1992-07-07 18:00:00
2245,1992188N07156,1992-07-05 21:00:00,1992-07-06 21:00:00,1992-07-07 03:00:00,1992-07-07 09:00:00,1992-07-07 21:00:00
2246,1992188N07156,1992-07-09 00:00:00,1992-07-10 00:00:00,1992-07-10 06:00:00,1992-07-10 12:00:00,1992-07-11 00:00:00
2247,1992188N07156,1992-07-09 03:00:00,1992-07-10 03:00:00,1992-07-10 09:00:00,1992-07-10 15:00:00,1992-07-11 03:00:00
2248,1992188N07156,1992-07-09 06:00:00,1992-07-10 06:00:00,1992-07-10 12:00:00,1992-07-10 18:00:00,1992-07-11 06:00:00
2249,1992188N07156,1992-07-09 09:00:00,1992-07-10 09:00:00,1992-07-10 15:00:00,1992-07-10 21:00:00,1992-07-11 09:00:00
2250,1992188N07156,1992-07-09 12:00:00,1992-07-10 12:00:00,1992-07-10 18:00:00,1992-07-11 00:00:00,1992-07-11 12:00:00
2251,1992188N07156,1992-07-09 15:00:00,1992-07-10 15:00:00,1992-07-10 21:00:00,1992-07-11 03:00:00,1992-07-11 15:00:00
2252,1992188N07156,1992-07-09 18:00:00,1992-07-10 18:00:00,1992-07-11 00:00:00,1992-07-11 06:00:00,1992-07-11 18:00:00
2253,1992188N07156,1992-07-09 21:00:00,1992-07-10 21:00:00,1992-07-11 03:00:00,1992-07-11 09:00:00,1992-07-11 21:00:00
2254,1992188N07156,1992-07-10 00:00:00,1992-07-11 00:00:00,1992-07-11 06:00:00,1992-07-11 12:00:00,1992-07-12 00:00:00
2255,1992188N07156,1992-07-10 03:00:00,1992-07-11 03:00:00,1992-07-11 09:00:00,1992-07-11 15:00:00,1992-07-12 03:00:00
2256,1992188N07156,1992-07-10 06:00:00,1992-07-11 06:00:00,1992-07-11 12:00:00,1992-07-11 18:00:00,1992-07-12 06:00:00
2257,1992188N07156,1992-07-10 09:00:00,1992-07-11 09:00:00,1992-07-11 15:00:00,1992-07-11 21:00:00,1992-07-12 09:00:00
2258,1992188N07156,1992-07-10 12:00:00,1992-07-11 12:00:00,1992-07-11 18:00:00,1992-07-12 00:00:00,1992-07-12 12:00:00
2259,1992188N07156,1992-07-10 15:00:00,1992-07-11 15:00:00,1992-07-11 21:00:00,1992-07-12 03:00:00,1992-07-12 15:00:00
2260,1992188N07156,1992-07-10 18:00:00,1992-07-11 18:00:00,1992-07-12 00:00:00,1992-07-12 06:00:00,1992-07-12 18:00:00
2261,1992188N07156,1992-07-10 21:00:00,1992-07-11 21:00:00,1992-07-12 03:00:00,1992-07-12 09:00:00,1992-07-12 21:00:00
2262,1992188N07156,1992-07-11 00:00:00,1992-07-12 00:00:00,1992-07-12 06:00:00,1992-07-12 12:00:00,1992-07-13 00:00:00
2263,1992188N07156,1992-07-11 03:00:00,1992-07-12 03:00:00,1992-07-12 09:00:00,1992-07-12 15:00:00,1992-07-13 03:00:00
2264,1992188N07156,1992-07-11 06:00:00,1992-07-12 06:00:00,1992-07-12 12:00:00,1992-07-12 18:00:00,1992-07-13 06:00:00
2265,1992188N07156,1992-07-11 09:00:00,1992-07-12 09:00:00,1992-07-12 15:00:00,1992-07-12 21:00:00,1992-07-13 09:00:00
2266,1992188N07156,1992-07-11 12:00:00,1992-07-12 12:00:00,1992-07-12 18:00:00,1992-07-13 00:00:00,1992-07-13 12:00:00
2267,1992188N07156,1992-07-11 15:00:00,1992-07-12 15:00:00,1992-07-12 21:00:00,1992-07-13 03:00:00,1992-07-13 15:00:00
2268,1992188N07156,1992-07-11 18:00:00,1992-07-12 18:00:00,1992-07-13 00:00:00,1992-07-13 06:00:00,1992-07-13 18:00:00
2269,1992188N07156,1992-07-11 21:00:00,1992-07-12 21:00:00,1992-07-13 03:00:00,1992-07-13 09:00:00,1992-07-13 21:00:00
2270,1992188N07156,1992-07-12 00:00:00,1992-07-13 00:00:00,1992-07-13 06:00:00,1992-07-13 12:00:00,1992-07-14 00:00:00
2271,1992188N07156,1992-07-12 03:00:00,1992-07-13 03:00:00,1992-07-13 09:00:00,1992-07-13 15:00:00,1992-07-14 03:00:00
2272,1992188N07156,1992-07-12 06:00:00,1992-07-13 06:00:00,1992-07-13 12:00:00,1992-07-13 18:00:00,1992-07-14 06:00:00
2273,1992188N07156,1992-07-12 09:00:00,1992-07-13 09:00:00,1992-07-13 15:00:00,1992-07-13 21:00:00,1992-07-14 09:00:00
2274,1992188N07156,1992-07-12 12:00:00,1992-07-13 12:00:00,1992-07-13 18:00:00,1992-07-14 00:00:00,1992-07-14 12:00:00
2275,1992188N07156,1992-07-12 15:00:00,1992-07-13 15:00:00,1992-07-13 21:00:00,1992-07-14 03:00:00,1992-07-14 15:00:00
2276,1992188N07156,1992-07-12 18:00:00,1992-07-13 18:00:00,1992-07-14 00:00:00,1992-07-14 06:00:00,1992-07-14 18:00:00
2277,1992198N13135,1992-07-18 12:00:00,1992-07-19 12:00:00,1992-07-19 18:00:00,1992-07-20 00:00:00,1992-07-20 12:00:00
2278,1992198N13135,1992-07-18 15:00:00,1992-07-19 15:00:00,1992-07-19 21:00:00,1992-07-20 03:00:00,1992-07-20 15:00:00
2279,1992198N13135,1992-07-18 18:00:00,1992-07-19 18:00:00,1992-07-20 00:00:00,1992-07-20 06:00:00,1992-07-20 18:00:00
2280,1992198N13135,1992-07-18 21:00:00,1992-07-19 21:00:00,1992-07-20 03:00:00,1992-07-20 09:00:00,1992-07-20 21:00:00
2281,1992198N13135,1992-07-19 00:00:00,1992-07-20 00:00:00,1992-07-20 06:00:00,1992-07-20 12:00:00,1992-07-21 00:00:00
2282,1992198N13135,1992-07-19 03:00:00,1992-07-20 03:00:00,1992-07-20 09:00:00,1992-07-20 15:00:00,1992-07-21 03:00:00
2283,1992198N13135,1992-07-19 06:00:00,1992-07-20 06:00:00,1992-07-20 12:00:00,1992-07-20 18:00:00,1992-07-21 06:00:00
2284,1992198N13135,1992-07-19 09:00:00,1992-07-20 09:00:00,1992-07-20 15:00:00,1992-07-20 21:00:00,1992-07-21 09:00:00
2285,1992198N13135,1992-07-19 12:00:00,1992-07-20 12:00:00,1992-07-20 18:00:00,1992-07-21 00:00:00,1992-07-21 12:00:00
2286,1992198N13135,1992-07-19 15:00:00,1992-07-20 15:00:00,1992-07-20 21:00:00,1992-07-21 03:00:00,1992-07-21 15:00:00
2287,1992198N13135,1992-07-19 18:00:00,1992-07-20 18:00:00,1992-07-21 00:00:00,1992-07-21 06:00:00,1992-07-21 18:00:00
2288,1992198N13135,1992-07-19 21:00:00,1992-07-20 21:00:00,1992-07-21 03:00:00,1992-07-21 09:00:00,1992-07-21 21:00:00
2289,1992198N13135,1992-07-20 00:00:00,1992-07-21 00:00:00,1992-07-21 06:00:00,1992-07-21 12:00:00,1992-07-22 00:00:00
2290,1992198N13135,1992-07-20 03:00:00,1992-07-21 03:00:00,1992-07-21 09:00:00,1992-07-21 15:00:00,1992-07-22 03:00:00
2291,1992198N13135,1992-07-20 06:00:00,1992-07-21 06:00:00,1992-07-21 12:00:00,1992-07-21 18:00:00,1992-07-22 06:00:00
2292,1992198N13135,1992-07-20 09:00:00,1992-07-21 09:00:00,1992-07-21 15:00:00,1992-07-21 21:00:00,1992-07-22 09:00:00
2293,1992198N13135,1992-07-20 12:00:00,1992-07-21 12:00:00,1992-07-21 18:00:00,1992-07-22 00:00:00,1992-07-22 12:00:00
2294,1992198N13135,1992-07-20 15:00:00,1992-07-21 15:00:00,1992-07-21 21:00:00,1992-07-22 03:00:00,1992-07-22 15:00:00
2295,1992198N13135,1992-07-20 18:00:00,1992-07-21 18:00:00,1992-07-22 00:00:00,1992-07-22 06:00:00,1992-07-22 18:00:00
2296,1992198N13135,1992-07-20 21:00:00,1992-07-21 21:00:00,1992-07-22 03:00:00,1992-07-22 09:00:00,1992-07-22 21:00:00
2297,1992198N13135,1992-07-21 00:00:00,1992-07-22 00:00:00,1992-07-22 06:00:00,1992-07-22 12:00:00,1992-07-23 00:00:00
2298,1992198N13135,1992-07-21 03:00:00,1992-07-22 03:00:00,1992-07-22 09:00:00,1992-07-22 15:00:00,1992-07-23 03:00:00
2299,1992198N13135,1992-07-21 06:00:00,1992-07-22 06:00:00,1992-07-22 12:00:00,1992-07-22 18:00:00,1992-07-23 06:00:00
2300,1992198N13135,1992-07-21 09:00:00,1992-07-22 09:00:00,1992-07-22 15:00:00,1992-07-22 21:00:00,1992-07-23 09:00:00
2301,1992198N13135,1992-07-21 12:00:00,1992-07-22 12:00:00,1992-07-22 18:00:00,1992-07-23 00:00:00,1992-07-23 12:00:00
2302,1992198N13135,1992-07-21 15:00:00,1992-07-22 15:00:00,1992-07-22 21:00:00,1992-07-23 03:00:00,1992-07-23 15:00:00
2303,1992198N13135,1992-07-21 18:00:00,1992-07-22 18:00:00,1992-07-23 00:00:00,1992-07-23 06:00:00,1992-07-23 18:00:00
2304,1992198N13135,1992-07-21 21:00:00,1992-07-22 21:00:00,1992-07-23 03:00:00,1992-07-23 09:00:00,1992-07-23 21:00:00
2305,1992198N13135,1992-07-22 00:00:00,1992-07-23 00:00:00,1992-07-23 06:00:00,1992-07-23 12:00:00,1992-07-24 00:00:00
2306,1992198N13135,1992-07-22 03:00:00,1992-07-23 03:00:00,1992-07-23 09:00:00,1992-07-23 15:00:00,1992-07-24 03:00:00
2307,1992198N13135,1992-07-22 06:00:00,1992-07-23 06:00:00,1992-07-23 12:00:00,1992-07-23 18:00:00,1992-07-24 06:00:00
2308,1992198N13135,1992-07-22 09:00:00,1992-07-23 09:00:00,1992-07-23 15:00:00,1992-07-23 21:00:00,1992-07-24 09:00:00
2309,1992198N13135,1992-07-22 12:00:00,1992-07-23 12:00:00,1992-07-23 18:00:00,1992-07-24 00:00:00,1992-07-24 12:00:00
2310,1992198N13135,1992-07-22 15:00:00,1992-07-23 15:00:00,1992-07-23 21:00:00,1992-07-24 03:00:00,1992-07-24 15:00:00
2311,1992198N13135,1992-07-22 18:00:00,1992-07-23 18:00:00,1992-07-24 00:00:00,1992-07-24 06:00:00,1992-07-24 18:00:00
2312,1992207N18090,1992-07-24 18:00:00,1992-07-25 18:00:00,1992-07-26 00:00:00,1992-07-26 06:00:00,1992-07-26 18:00:00
2313,1992207N18090,1992-07-24 21:00:00,1992-07-25 21:00:00,1992-07-26 03:00:00,1992-07-26 09:00:00,1992-07-26 21:00:00
2314,1992207N18090,1992-07-25 00:00:00,1992-07-26 00:00:00,1992-07-26 06:00:00,1992-07-26 12:00:00,1992-07-27 00:00:00
2315,1992207N18090,1992-07-25 03:00:00,1992-07-26 03:00:00,1992-07-26 09:00:00,1992-07-26 15:00:00,1992-07-27 03:00:00
2316,1992207N18090,1992-07-25 06:00:00,1992-07-26 06:00:00,1992-07-26 12:00:00,1992-07-26 18:00:00,1992-07-27 06:00:00
2317,1992207N18090,1992-07-25 09:00:00,1992-07-26 09:00:00,1992-07-26 15:00:00,1992-07-26 21:00:00,1992-07-27 09:00:00
2318,1992207N18090,1992-07-25 12:00:00,1992-07-26 12:00:00,1992-07-26 18:00:00,1992-07-27 00:00:00,1992-07-27 12:00:00
2319,1992207N18090,1992-07-25 15:00:00,1992-07-26 15:00:00,1992-07-26 21:00:00,1992-07-27 03:00:00,1992-07-27 15:00:00
2320,1992207N18090,1992-07-25 18:00:00,1992-07-26 18:00:00,1992-07-27 00:00:00,1992-07-27 06:00:00,1992-07-27 18:00:00
2321,1992207N18090,1992-07-25 21:00:00,1992-07-26 21:00:00,1992-07-27 03:00:00,1992-07-27 09:00:00,1992-07-27 21:00:00
2322,1992207N18090,1992-07-26 00:00:00,1992-07-27 00:00:00,1992-07-27 06:00:00,1992-07-27 12:00:00,1992-07-28 00:00:00
2323,1992265N18099,1992-09-21 00:00:00,1992-09-22 00:00:00,1992-09-22 06:00:00,1992-09-22 12:00:00,1992-09-23 00:00:00
2324,1992265N18099,1992-09-21 03:00:00,1992-09-22 03:00:00,1992-09-22 09:00:00,1992-09-22 15:00:00,1992-09-23 03:00:00
2325,1992265N18099,1992-09-21 06:00:00,1992-09-22 06:00:00,1992-09-22 12:00:00,1992-09-22 18:00:00,1992-09-23 06:00:00
2326,1992265N18099,1992-09-21 09:00:00,1992-09-22 09:00:00,1992-09-22 15:00:00,1992-09-22 21:00:00,1992-09-23 09:00:00
2327,1992265N18099,1992-09-21 12:00:00,1992-09-22 12:00:00,1992-09-22 18:00:00,1992-09-23 00:00:00,1992-09-23 12:00:00
2328,1992265N18099,1992-09-21 15:00:00,1992-09-22 15:00:00,1992-09-22 21:00:00,1992-09-23 03:00:00,1992-09-23 15:00:00
2329,1992265N18099,1992-09-21 18:00:00,1992-09-22 18:00:00,1992-09-23 00:00:00,1992-09-23 06:00:00,1992-09-23 18:00:00
2330,1992265N18099,1992-09-21 21:00:00,1992-09-22 21:00:00,1992-09-23 03:00:00,1992-09-23 09:00:00,1992-09-23 21:00:00
2331,1992265N18099,1992-09-22 00:00:00,1992-09-23 00:00:00,1992-09-23 06:00:00,1992-09-23 12:00:00,1992-09-24 00:00:00
2332,1992265N18099,1992-09-22 03:00:00,1992-09-23 03:00:00,1992-09-23 09:00:00,1992-09-23 15:00:00,1992-09-24 03:00:00
2333,1992265N18099,1992-09-22 06:00:00,1992-09-23 06:00:00,1992-09-23 12:00:00,1992-09-23 18:00:00,1992-09-24 06:00:00
2334,1992265N18099,1992-09-22 09:00:00,1992-09-23 09:00:00,1992-09-23 15:00:00,1992-09-23 21:00:00,1992-09-24 09:00:00
2335,1992265N18099,1992-09-22 12:00:00,1992-09-23 12:00:00,1992-09-23 18:00:00,1992-09-24 00:00:00,1992-09-24 12:00:00
2336,1992265N18099,1992-09-22 15:00:00,1992-09-23 15:00:00,1992-09-23 21:00:00,1992-09-24 03:00:00,1992-09-24 15:00:00
2337,1992265N18099,1992-09-22 18:00:00,1992-09-23 18:00:00,1992-09-24 00:00:00,1992-09-24 06:00:00,1992-09-24 18:00:00
2338,1992265N18099,1992-09-22 21:00:00,1992-09-23 21:00:00,1992-09-24 03:00:00,1992-09-24 09:00:00,1992-09-24 21:00:00
2339,1992265N18099,1992-09-23 00:00:00,1992-09-24 00:00:00,1992-09-24 06:00:00,1992-09-24 12:00:00,1992-09-25 00:00:00
2340,1992273N12077,1992-09-29 00:00:00,1992-09-30 00:00:00,1992-09-30 06:00:00,1992-09-30 12:00:00,1992-10-01 00:00:00
2341,1992273N12077,1992-09-29 03:00:00,1992-09-30 03:00:00,1992-09-30 09:00:00,1992-09-30 15:00:00,1992-10-01 03:00:00
2342,1992273N12077,1992-09-29 06:00:00,1992-09-30 06:00:00,1992-09-30 12:00:00,1992-09-30 18:00:00,1992-10-01 06:00:00
2343,1992273N12077,1992-09-29 09:00:00,1992-09-30 09:00:00,1992-09-30 15:00:00,1992-09-30 21:00:00,1992-10-01 09:00:00
2344,1992273N12077,1992-09-29 12:00:00,1992-09-30 12:00:00,1992-09-30 18:00:00,1992-10-01 00:00:00,1992-10-01 12:00:00
2345,1992273N12077,1992-09-29 15:00:00,1992-09-30 15:00:00,1992-09-30 21:00:00,1992-10-01 03:00:00,1992-10-01 15:00:00
2346,1992273N12077,1992-09-29 18:00:00,1992-09-30 18:00:00,1992-10-01 00:00:00,1992-10-01 06:00:00,1992-10-01 18:00:00
2347,1992273N12077,1992-09-29 21:00:00,1992-09-30 21:00:00,1992-10-01 03:00:00,1992-10-01 09:00:00,1992-10-01 21:00:00
2348,1992273N12077,1992-09-30 00:00:00,1992-10-01 00:00:00,1992-10-01 06:00:00,1992-10-01 12:00:00,1992-10-02 00:00:00
2349,1992273N12077,1992-09-30 03:00:00,1992-10-01 03:00:00,1992-10-01 09:00:00,1992-10-01 15:00:00,1992-10-02 03:00:00
2350,1992273N12077,1992-09-30 06:00:00,1992-10-01 06:00:00,1992-10-01 12:00:00,1992-10-01 18:00:00,1992-10-02 06:00:00
2351,1992273N12077,1992-09-30 09:00:00,1992-10-01 09:00:00,1992-10-01 15:00:00,1992-10-01 21:00:00,1992-10-02 09:00:00
2352,1992273N12077,1992-09-30 12:00:00,1992-10-01 12:00:00,1992-10-01 18:00:00,1992-10-02 00:00:00,1992-10-02 12:00:00
2353,1992273N12077,1992-09-30 15:00:00,1992-10-01 15:00:00,1992-10-01 21:00:00,1992-10-02 03:00:00,1992-10-02 15:00:00
2354,1992273N12077,1992-09-30 18:00:00,1992-10-01 18:00:00,1992-10-02 00:00:00,1992-10-02 06:00:00,1992-10-02 18:00:00
2355,1992273N12077,1992-09-30 21:00:00,1992-10-01 21:00:00,1992-10-02 03:00:00,1992-10-02 09:00:00,1992-10-02 21:00:00
2356,1992273N12077,1992-10-01 00:00:00,1992-10-02 00:00:00,1992-10-02 06:00:00,1992-10-02 12:00:00,1992-10-03 00:00:00
2357,1992273N12077,1992-10-01 03:00:00,1992-10-02 03:00:00,1992-10-02 09:00:00,1992-10-02 15:00:00,1992-10-03 03:00:00
2358,1992273N12077,1992-10-01 06:00:00,1992-10-02 06:00:00,1992-10-02 12:00:00,1992-10-02 18:00:00,1992-10-03 06:00:00
2359,1992273N12077,1992-10-01 09:00:00,1992-10-02 09:00:00,1992-10-02 15:00:00,1992-10-02 21:00:00,1992-10-03 09:00:00
2360,1992273N12077,1992-10-01 12:00:00,1992-10-02 12:00:00,1992-10-02 18:00:00,1992-10-03 00:00:00,1992-10-03 12:00:00
2361,1992273N12077,1992-10-01 15:00:00,1992-10-02 15:00:00,1992-10-02 21:00:00,1992-10-03 03:00:00,1992-10-03 15:00:00
2362,1992273N12077,1992-10-01 18:00:00,1992-10-02 18:00:00,1992-10-03 00:00:00,1992-10-03 06:00:00,1992-10-03 18:00:00
2363,1992273N12077,1992-10-01 21:00:00,1992-10-02 21:00:00,1992-10-03 03:00:00,1992-10-03 09:00:00,1992-10-03 21:00:00
2364,1992273N12077,1992-10-02 00:00:00,1992-10-03 00:00:00,1992-10-03 06:00:00,1992-10-03 12:00:00,1992-10-04 00:00:00
2365,1992273N12077,1992-10-02 03:00:00,1992-10-03 03:00:00,1992-10-03 09:00:00,1992-10-03 15:00:00,1992-10-04 03:00:00
2366,1992273N12077,1992-10-02 06:00:00,1992-10-03 06:00:00,1992-10-03 12:00:00,1992-10-03 18:00:00,1992-10-04 06:00:00
2367,1992273N12077,1992-10-02 09:00:00,1992-10-03 09:00:00,1992-10-03 15:00:00,1992-10-03 21:00:00,1992-10-04 09:00:00
2368,1992273N12077,1992-10-02 12:00:00,1992-10-03 12:00:00,1992-10-03 18:00:00,1992-10-04 00:00:00,1992-10-04 12:00:00
2369,1992279N10097,1992-10-04 12:00:00,1992-10-05 12:00:00,1992-10-05 18:00:00,1992-10-06 00:00:00,1992-10-06 12:00:00
2370,1992279N10097,1992-10-04 15:00:00,1992-10-05 15:00:00,1992-10-05 21:00:00,1992-10-06 03:00:00,1992-10-06 15:00:00
2371,1992279N10097,1992-10-04 18:00:00,1992-10-05 18:00:00,1992-10-06 00:00:00,1992-10-06 06:00:00,1992-10-06 18:00:00
2372,1992279N10097,1992-10-04 21:00:00,1992-10-05 21:00:00,1992-10-06 03:00:00,1992-10-06 09:00:00,1992-10-06 21:00:00
2373,1992279N10097,1992-10-05 00:00:00,1992-10-06 00:00:00,1992-10-06 06:00:00,1992-10-06 12:00:00,1992-10-07 00:00:00
2374,1992279N10097,1992-10-05 03:00:00,1992-10-06 03:00:00,1992-10-06 09:00:00,1992-10-06 15:00:00,1992-10-07 03:00:00
2375,1992279N10097,1992-10-05 06:00:00,1992-10-06 06:00:00,1992-10-06 12:00:00,1992-10-06 18:00:00,1992-10-07 06:00:00
2376,1992279N10097,1992-10-05 09:00:00,1992-10-06 09:00:00,1992-10-06 15:00:00,1992-10-06 21:00:00,1992-10-07 09:00:00
2377,1992279N10097,1992-10-05 12:00:00,1992-10-06 12:00:00,1992-10-06 18:00:00,1992-10-07 00:00:00,1992-10-07 12:00:00
2378,1992279N10097,1992-10-05 15:00:00,1992-10-06 15:00:00,1992-10-06 21:00:00,1992-10-07 03:00:00,1992-10-07 15:00:00
2379,1992279N10097,1992-10-05 18:00:00,1992-10-06 18:00:00,1992-10-07 00:00:00,1992-10-07 06:00:00,1992-10-07 18:00:00
2380,1992279N10097,1992-10-05 21:00:00,1992-10-06 21:00:00,1992-10-07 03:00:00,1992-10-07 09:00:00,1992-10-07 21:00:00
2381,1992279N10097,1992-10-06 00:00:00,1992-10-07 00:00:00,1992-10-07 06:00:00,1992-10-07 12:00:00,1992-10-08 00:00:00
2382,1992279N10097,1992-10-06 03:00:00,1992-10-07 03:00:00,1992-10-07 09:00:00,1992-10-07 15:00:00,1992-10-08 03:00:00
2383,1992279N10097,1992-10-06 06:00:00,1992-10-07 06:00:00,1992-10-07 12:00:00,1992-10-07 18:00:00,1992-10-08 06:00:00
2384,1992279N10097,1992-10-06 09:00:00,1992-10-07 09:00:00,1992-10-07 15:00:00,1992-10-07 21:00:00,1992-10-08 09:00:00
2385,1992279N10097,1992-10-06 12:00:00,1992-10-07 12:00:00,1992-10-07 18:00:00,1992-10-08 00:00:00,1992-10-08 12:00:00
2386,1992279N10097,1992-10-06 15:00:00,1992-10-07 15:00:00,1992-10-07 21:00:00,1992-10-08 03:00:00,1992-10-08 15:00:00
2387,1992279N10097,1992-10-06 18:00:00,1992-10-07 18:00:00,1992-10-08 00:00:00,1992-10-08 06:00:00,1992-10-08 18:00:00
2388,1992279N10097,1992-10-06 21:00:00,1992-10-07 21:00:00,1992-10-08 03:00:00,1992-10-08 09:00:00,1992-10-08 21:00:00
2389,1992279N10097,1992-10-07 00:00:00,1992-10-08 00:00:00,1992-10-08 06:00:00,1992-10-08 12:00:00,1992-10-09 00:00:00
2390,1992279N10097,1992-10-07 03:00:00,1992-10-08 03:00:00,1992-10-08 09:00:00,1992-10-08 15:00:00,1992-10-09 03:00:00
2391,1992279N10097,1992-10-07 06:00:00,1992-10-08 06:00:00,1992-10-08 12:00:00,1992-10-08 18:00:00,1992-10-09 06:00:00
2392,1992279N10097,1992-10-07 09:00:00,1992-10-08 09:00:00,1992-10-08 15:00:00,1992-10-08 21:00:00,1992-10-09 09:00:00
2393,1992279N10097,1992-10-07 12:00:00,1992-10-08 12:00:00,1992-10-08 18:00:00,1992-10-09 00:00:00,1992-10-09 12:00:00
2394,1992288N10089,1992-10-13 18:00:00,1992-10-14 18:00:00,1992-10-15 00:00:00,1992-10-15 06:00:00,1992-10-15 18:00:00
2395,1992288N10089,1992-10-13 21:00:00,1992-10-14 21:00:00,1992-10-15 03:00:00,1992-10-15 09:00:00,1992-10-15 21:00:00
2396,1992288N10089,1992-10-14 00:00:00,1992-10-15 00:00:00,1992-10-15 06:00:00,1992-10-15 12:00:00,1992-10-16 00:00:00
2397,1992288N10089,1992-10-14 03:00:00,1992-10-15 03:00:00,1992-10-15 09:00:00,1992-10-15 15:00:00,1992-10-16 03:00:00
2398,1992288N10089,1992-10-14 06:00:00,1992-10-15 06:00:00,1992-10-15 12:00:00,1992-10-15 18:00:00,1992-10-16 06:00:00
2399,1992288N10089,1992-10-14 09:00:00,1992-10-15 09:00:00,1992-10-15 15:00:00,1992-10-15 21:00:00,1992-10-16 09:00:00
2400,1992288N10089,1992-10-14 12:00:00,1992-10-15 12:00:00,1992-10-15 18:00:00,1992-10-16 00:00:00,1992-10-16 12:00:00
2401,1992288N10089,1992-10-14 15:00:00,1992-10-15 15:00:00,1992-10-15 21:00:00,1992-10-16 03:00:00,1992-10-16 15:00:00
2402,1992288N10089,1992-10-14 18:00:00,1992-10-15 18:00:00,1992-10-16 00:00:00,1992-10-16 06:00:00,1992-10-16 18:00:00
2403,1992288N10089,1992-10-14 21:00:00,1992-10-15 21:00:00,1992-10-16 03:00:00,1992-10-16 09:00:00,1992-10-16 21:00:00
2404,1992288N10089,1992-10-15 00:00:00,1992-10-16 00:00:00,1992-10-16 06:00:00,1992-10-16 12:00:00,1992-10-17 00:00:00
2405,1992288N10089,1992-10-15 03:00:00,1992-10-16 03:00:00,1992-10-16 09:00:00,1992-10-16 15:00:00,1992-10-17 03:00:00
2406,1992288N10089,1992-10-15 06:00:00,1992-10-16 06:00:00,1992-10-16 12:00:00,1992-10-16 18:00:00,1992-10-17 06:00:00
2407,1992288N10089,1992-10-15 09:00:00,1992-10-16 09:00:00,1992-10-16 15:00:00,1992-10-16 21:00:00,1992-10-17 09:00:00
2408,1992288N10089,1992-10-15 12:00:00,1992-10-16 12:00:00,1992-10-16 18:00:00,1992-10-17 00:00:00,1992-10-17 12:00:00
2409,1992288N10089,1992-10-15 15:00:00,1992-10-16 15:00:00,1992-10-16 21:00:00,1992-10-17 03:00:00,1992-10-17 15:00:00
2410,1992288N10089,1992-10-15 18:00:00,1992-10-16 18:00:00,1992-10-17 00:00:00,1992-10-17 06:00:00,1992-10-17 18:00:00
2411,1992288N10089,1992-10-15 21:00:00,1992-10-16 21:00:00,1992-10-17 03:00:00,1992-10-17 09:00:00,1992-10-17 21:00:00
2412,1992288N10089,1992-10-16 00:00:00,1992-10-17 00:00:00,1992-10-17 06:00:00,1992-10-17 12:00:00,1992-10-18 00:00:00
2413,1992288N10089,1992-10-16 03:00:00,1992-10-17 03:00:00,1992-10-17 09:00:00,1992-10-17 15:00:00,1992-10-18 03:00:00
2414,1992288N10089,1992-10-16 06:00:00,1992-10-17 06:00:00,1992-10-17 12:00:00,1992-10-17 18:00:00,1992-10-18 06:00:00
2415,1992288N10089,1992-10-16 09:00:00,1992-10-17 09:00:00,1992-10-17 15:00:00,1992-10-17 21:00:00,1992-10-18 09:00:00
2416,1992288N10089,1992-10-16 12:00:00,1992-10-17 12:00:00,1992-10-17 18:00:00,1992-10-18 00:00:00,1992-10-18 12:00:00
2417,1992288N10089,1992-10-16 15:00:00,1992-10-17 15:00:00,1992-10-17 21:00:00,1992-10-18 03:00:00,1992-10-18 15:00:00
2418,1992288N10089,1992-10-16 18:00:00,1992-10-17 18:00:00,1992-10-18 00:00:00,1992-10-18 06:00:00,1992-10-18 18:00:00
2419,1992288N10089,1992-10-16 21:00:00,1992-10-17 21:00:00,1992-10-18 03:00:00,1992-10-18 09:00:00,1992-10-18 21:00:00
2420,1992288N10089,1992-10-17 00:00:00,1992-10-18 00:00:00,1992-10-18 06:00:00,1992-10-18 12:00:00,1992-10-19 00:00:00
2421,1992288N10089,1992-10-17 03:00:00,1992-10-18 03:00:00,1992-10-18 09:00:00,1992-10-18 15:00:00,1992-10-19 03:00:00
2422,1992288N10089,1992-10-17 06:00:00,1992-10-18 06:00:00,1992-10-18 12:00:00,1992-10-18 18:00:00,1992-10-19 06:00:00
2423,1992288N10089,1992-10-17 09:00:00,1992-10-18 09:00:00,1992-10-18 15:00:00,1992-10-18 21:00:00,1992-10-19 09:00:00
2424,1992288N10089,1992-10-17 12:00:00,1992-10-18 12:00:00,1992-10-18 18:00:00,1992-10-19 00:00:00,1992-10-19 12:00:00
2425,1992288N10089,1992-10-17 15:00:00,1992-10-18 15:00:00,1992-10-18 21:00:00,1992-10-19 03:00:00,1992-10-19 15:00:00
2426,1992288N10089,1992-10-17 18:00:00,1992-10-18 18:00:00,1992-10-19 00:00:00,1992-10-19 06:00:00,1992-10-19 18:00:00
2427,1992288N10089,1992-10-17 21:00:00,1992-10-18 21:00:00,1992-10-19 03:00:00,1992-10-19 09:00:00,1992-10-19 21:00:00
2428,1992288N10089,1992-10-18 00:00:00,1992-10-19 00:00:00,1992-10-19 06:00:00,1992-10-19 12:00:00,1992-10-20 00:00:00
2429,1992288N10089,1992-10-18 03:00:00,1992-10-19 03:00:00,1992-10-19 09:00:00,1992-10-19 15:00:00,1992-10-20 03:00:00
2430,1992288N10089,1992-10-18 06:00:00,1992-10-19 06:00:00,1992-10-19 12:00:00,1992-10-19 18:00:00,1992-10-20 06:00:00
2431,1992288N10089,1992-10-18 09:00:00,1992-10-19 09:00:00,1992-10-19 15:00:00,1992-10-19 21:00:00,1992-10-20 09:00:00
2432,1992288N10089,1992-10-18 12:00:00,1992-10-19 12:00:00,1992-10-19 18:00:00,1992-10-20 00:00:00,1992-10-20 12:00:00
2433,1992288N10089,1992-10-18 15:00:00,1992-10-19 15:00:00,1992-10-19 21:00:00,1992-10-20 03:00:00,1992-10-20 15:00:00
2434,1992288N10089,1992-10-18 18:00:00,1992-10-19 18:00:00,1992-10-20 00:00:00,1992-10-20 06:00:00,1992-10-20 18:00:00
2435,1992288N10089,1992-10-18 21:00:00,1992-10-19 21:00:00,1992-10-20 03:00:00,1992-10-20 09:00:00,1992-10-20 21:00:00
2436,1992288N10089,1992-10-19 00:00:00,1992-10-20 00:00:00,1992-10-20 06:00:00,1992-10-20 12:00:00,1992-10-21 00:00:00
2437,1992288N10089,1992-10-19 03:00:00,1992-10-20 03:00:00,1992-10-20 09:00:00,1992-10-20 15:00:00,1992-10-21 03:00:00
2438,1992288N10089,1992-10-19 06:00:00,1992-10-20 06:00:00,1992-10-20 12:00:00,1992-10-20 18:00:00,1992-10-21 06:00:00
2439,1992288N10089,1992-10-19 09:00:00,1992-10-20 09:00:00,1992-10-20 15:00:00,1992-10-20 21:00:00,1992-10-21 09:00:00
2440,1992288N10089,1992-10-19 12:00:00,1992-10-20 12:00:00,1992-10-20 18:00:00,1992-10-21 00:00:00,1992-10-21 12:00:00
2441,1992288N10089,1992-10-19 15:00:00,1992-10-20 15:00:00,1992-10-20 21:00:00,1992-10-21 03:00:00,1992-10-21 15:00:00
2442,1992288N10089,1992-10-19 18:00:00,1992-10-20 18:00:00,1992-10-21 00:00:00,1992-10-21 06:00:00,1992-10-21 18:00:00
2443,1992288N10089,1992-10-19 21:00:00,1992-10-20 21:00:00,1992-10-21 03:00:00,1992-10-21 09:00:00,1992-10-21 21:00:00
2444,1992288N10089,1992-10-20 00:00:00,1992-10-21 00:00:00,1992-10-21 06:00:00,1992-10-21 12:00:00,1992-10-22 00:00:00
2445,1992288N10089,1992-10-20 03:00:00,1992-10-21 03:00:00,1992-10-21 09:00:00,1992-10-21 15:00:00,1992-10-22 03:00:00
2446,1992288N10089,1992-10-20 06:00:00,1992-10-21 06:00:00,1992-10-21 12:00:00,1992-10-21 18:00:00,1992-10-22 06:00:00
2447,1992306N12093,1992-10-31 12:00:00,1992-11-01 12:00:00,1992-11-01 18:00:00,1992-11-02 00:00:00,1992-11-02 12:00:00
2448,1992306N12093,1992-10-31 15:00:00,1992-11-01 15:00:00,1992-11-01 21:00:00,1992-11-02 03:00:00,1992-11-02 15:00:00
2449,1992306N12093,1992-10-31 18:00:00,1992-11-01 18:00:00,1992-11-02 00:00:00,1992-11-02 06:00:00,1992-11-02 18:00:00
2450,1992306N12093,1992-10-31 21:00:00,1992-11-01 21:00:00,1992-11-02 03:00:00,1992-11-02 09:00:00,1992-11-02 21:00:00
2451,1992306N12093,1992-11-01 00:00:00,1992-11-02 00:00:00,1992-11-02 06:00:00,1992-11-02 12:00:00,1992-11-03 00:00:00
2452,1992306N12093,1992-11-01 03:00:00,1992-11-02 03:00:00,1992-11-02 09:00:00,1992-11-02 15:00:00,1992-11-03 03:00:00
2453,1992306N12093,1992-11-01 06:00:00,1992-11-02 06:00:00,1992-11-02 12:00:00,1992-11-02 18:00:00,1992-11-03 06:00:00
2454,1992306N12093,1992-11-01 09:00:00,1992-11-02 09:00:00,1992-11-02 15:00:00,1992-11-02 21:00:00,1992-11-03 09:00:00
2455,1992306N12093,1992-11-01 12:00:00,1992-11-02 12:00:00,1992-11-02 18:00:00,1992-11-03 00:00:00,1992-11-03 12:00:00
2456,1992306N12093,1992-11-01 15:00:00,1992-11-02 15:00:00,1992-11-02 21:00:00,1992-11-03 03:00:00,1992-11-03 15:00:00
2457,1992306N12093,1992-11-01 18:00:00,1992-11-02 18:00:00,1992-11-03 00:00:00,1992-11-03 06:00:00,1992-11-03 18:00:00
2458,1992306N12093,1992-11-01 21:00:00,1992-11-02 21:00:00,1992-11-03 03:00:00,1992-11-03 09:00:00,1992-11-03 21:00:00
2459,1992306N12093,1992-11-02 00:00:00,1992-11-03 00:00:00,1992-11-03 06:00:00,1992-11-03 12:00:00,1992-11-04 00:00:00
2460,1992306N12093,1992-11-02 03:00:00,1992-11-03 03:00:00,1992-11-03 09:00:00,1992-11-03 15:00:00,1992-11-04 03:00:00
2461,1992306N12093,1992-11-02 06:00:00,1992-11-03 06:00:00,1992-11-03 12:00:00,1992-11-03 18:00:00,1992-11-04 06:00:00
2462,1992306N12093,1992-11-02 09:00:00,1992-11-03 09:00:00,1992-11-03 15:00:00,1992-11-03 21:00:00,1992-11-04 09:00:00
2463,1992306N12093,1992-11-02 12:00:00,1992-11-03 12:00:00,1992-11-03 18:00:00,1992-11-04 00:00:00,1992-11-04 12:00:00
2464,1992306N12093,1992-11-02 15:00:00,1992-11-03 15:00:00,1992-11-03 21:00:00,1992-11-04 03:00:00,1992-11-04 15:00:00
2465,1992306N12093,1992-11-02 18:00:00,1992-11-03 18:00:00,1992-11-04 00:00:00,1992-11-04 06:00:00,1992-11-04 18:00:00
2466,1992306N12093,1992-11-02 21:00:00,1992-11-03 21:00:00,1992-11-04 03:00:00,1992-11-04 09:00:00,1992-11-04 21:00:00
2467,1992306N12093,1992-11-03 00:00:00,1992-11-04 00:00:00,1992-11-04 06:00:00,1992-11-04 12:00:00,1992-11-05 00:00:00
2468,1992306N12093,1992-11-03 03:00:00,1992-11-04 03:00:00,1992-11-04 09:00:00,1992-11-04 15:00:00,1992-11-05 03:00:00
2469,1992306N12093,1992-11-03 06:00:00,1992-11-04 06:00:00,1992-11-04 12:00:00,1992-11-04 18:00:00,1992-11-05 06:00:00
2470,1992306N12093,1992-11-03 09:00:00,1992-11-04 09:00:00,1992-11-04 15:00:00,1992-11-04 21:00:00,1992-11-05 09:00:00
2471,1992306N12093,1992-11-03 12:00:00,1992-11-04 12:00:00,1992-11-04 18:00:00,1992-11-05 00:00:00,1992-11-05 12:00:00
2472,1992306N12093,1992-11-03 15:00:00,1992-11-04 15:00:00,1992-11-04 21:00:00,1992-11-05 03:00:00,1992-11-05 15:00:00
2473,1992306N12093,1992-11-03 18:00:00,1992-11-04 18:00:00,1992-11-05 00:00:00,1992-11-05 06:00:00,1992-11-05 18:00:00
2474,1992306N12093,1992-11-03 21:00:00,1992-11-04 21:00:00,1992-11-05 03:00:00,1992-11-05 09:00:00,1992-11-05 21:00:00
2475,1992306N12093,1992-11-04 00:00:00,1992-11-05 00:00:00,1992-11-05 06:00:00,1992-11-05 12:00:00,1992-11-06 00:00:00
2476,1992306N12093,1992-11-04 03:00:00,1992-11-05 03:00:00,1992-11-05 09:00:00,1992-11-05 15:00:00,1992-11-06 03:00:00
2477,1992306N12093,1992-11-04 06:00:00,1992-11-05 06:00:00,1992-11-05 12:00:00,1992-11-05 18:00:00,1992-11-06 06:00:00
2478,1992306N12093,1992-11-04 09:00:00,1992-11-05 09:00:00,1992-11-05 15:00:00,1992-11-05 21:00:00,1992-11-06 09:00:00
2479,1992306N12093,1992-11-04 12:00:00,1992-11-05 12:00:00,1992-11-05 18:00:00,1992-11-06 00:00:00,1992-11-06 12:00:00
2480,1992306N12093,1992-11-04 15:00:00,1992-11-05 15:00:00,1992-11-05 21:00:00,1992-11-06 03:00:00,1992-11-06 15:00:00
2481,1992306N12093,1992-11-04 18:00:00,1992-11-05 18:00:00,1992-11-06 00:00:00,1992-11-06 06:00:00,1992-11-06 18:00:00
2482,1992306N12093,1992-11-04 21:00:00,1992-11-05 21:00:00,1992-11-06 03:00:00,1992-11-06 09:00:00,1992-11-06 21:00:00
2483,1992306N12093,1992-11-05 00:00:00,1992-11-06 00:00:00,1992-11-06 06:00:00,1992-11-06 12:00:00,1992-11-07 00:00:00
2484,1992306N12093,1992-11-05 03:00:00,1992-11-06 03:00:00,1992-11-06 09:00:00,1992-11-06 15:00:00,1992-11-07 03:00:00
2485,1992306N12093,1992-11-05 06:00:00,1992-11-06 06:00:00,1992-11-06 12:00:00,1992-11-06 18:00:00,1992-11-07 06:00:00
2486,1992306N12093,1992-11-05 09:00:00,1992-11-06 09:00:00,1992-11-06 15:00:00,1992-11-06 21:00:00,1992-11-07 09:00:00
2487,1992306N12093,1992-11-05 12:00:00,1992-11-06 12:00:00,1992-11-06 18:00:00,1992-11-07 00:00:00,1992-11-07 12:00:00
2488,1992306N12093,1992-11-05 15:00:00,1992-11-06 15:00:00,1992-11-06 21:00:00,1992-11-07 03:00:00,1992-11-07 15:00:00
2489,1992306N12093,1992-11-05 18:00:00,1992-11-06 18:00:00,1992-11-07 00:00:00,1992-11-07 06:00:00,1992-11-07 18:00:00
2490,1992306N12093,1992-11-05 21:00:00,1992-11-06 21:00:00,1992-11-07 03:00:00,1992-11-07 09:00:00,1992-11-07 21:00:00
2491,1992306N12093,1992-11-06 00:00:00,1992-11-07 00:00:00,1992-11-07 06:00:00,1992-11-07 12:00:00,1992-11-08 00:00:00
2492,1992311N06107,1992-11-06 00:00:00,1992-11-07 00:00:00,1992-11-07 06:00:00,1992-11-07 12:00:00,1992-11-08 00:00:00
2493,1992311N06107,1992-11-06 03:00:00,1992-11-07 03:00:00,1992-11-07 09:00:00,1992-11-07 15:00:00,1992-11-08 03:00:00
2494,1992311N06107,1992-11-06 06:00:00,1992-11-07 06:00:00,1992-11-07 12:00:00,1992-11-07 18:00:00,1992-11-08 06:00:00
2495,1992311N06107,1992-11-06 09:00:00,1992-11-07 09:00:00,1992-11-07 15:00:00,1992-11-07 21:00:00,1992-11-08 09:00:00
2496,1992311N06107,1992-11-06 12:00:00,1992-11-07 12:00:00,1992-11-07 18:00:00,1992-11-08 00:00:00,1992-11-08 12:00:00
2497,1992311N06107,1992-11-06 15:00:00,1992-11-07 15:00:00,1992-11-07 21:00:00,1992-11-08 03:00:00,1992-11-08 15:00:00
2498,1992311N06107,1992-11-06 18:00:00,1992-11-07 18:00:00,1992-11-08 00:00:00,1992-11-08 06:00:00,1992-11-08 18:00:00
2499,1992311N06107,1992-11-06 21:00:00,1992-11-07 21:00:00,1992-11-08 03:00:00,1992-11-08 09:00:00,1992-11-08 21:00:00
2500,1992311N06107,1992-11-07 00:00:00,1992-11-08 00:00:00,1992-11-08 06:00:00,1992-11-08 12:00:00,1992-11-09 00:00:00
2501,1992311N06107,1992-11-07 03:00:00,1992-11-08 03:00:00,1992-11-08 09:00:00,1992-11-08 15:00:00,1992-11-09 03:00:00
2502,1992311N06107,1992-11-07 06:00:00,1992-11-08 06:00:00,1992-11-08 12:00:00,1992-11-08 18:00:00,1992-11-09 06:00:00
2503,1992311N06107,1992-11-07 09:00:00,1992-11-08 09:00:00,1992-11-08 15:00:00,1992-11-08 21:00:00,1992-11-09 09:00:00
2504,1992311N06107,1992-11-07 12:00:00,1992-11-08 12:00:00,1992-11-08 18:00:00,1992-11-09 00:00:00,1992-11-09 12:00:00
2505,1992311N06107,1992-11-07 15:00:00,1992-11-08 15:00:00,1992-11-08 21:00:00,1992-11-09 03:00:00,1992-11-09 15:00:00
2506,1992311N06107,1992-11-07 18:00:00,1992-11-08 18:00:00,1992-11-09 00:00:00,1992-11-09 06:00:00,1992-11-09 18:00:00
2507,1992311N06107,1992-11-07 21:00:00,1992-11-08 21:00:00,1992-11-09 03:00:00,1992-11-09 09:00:00,1992-11-09 21:00:00
2508,1992311N06107,1992-11-08 00:00:00,1992-11-09 00:00:00,1992-11-09 06:00:00,1992-11-09 12:00:00,1992-11-10 00:00:00
2509,1992311N06107,1992-11-08 03:00:00,1992-11-09 03:00:00,1992-11-09 09:00:00,1992-11-09 15:00:00,1992-11-10 03:00:00
2510,1992311N06107,1992-11-08 06:00:00,1992-11-09 06:00:00,1992-11-09 12:00:00,1992-11-09 18:00:00,1992-11-10 06:00:00
2511,1992311N06107,1992-11-08 09:00:00,1992-11-09 09:00:00,1992-11-09 15:00:00,1992-11-09 21:00:00,1992-11-10 09:00:00
2512,1992311N06107,1992-11-08 12:00:00,1992-11-09 12:00:00,1992-11-09 18:00:00,1992-11-10 00:00:00,1992-11-10 12:00:00
2513,1992311N06107,1992-11-08 15:00:00,1992-11-09 15:00:00,1992-11-09 21:00:00,1992-11-10 03:00:00,1992-11-10 15:00:00
2514,1992311N06107,1992-11-08 18:00:00,1992-11-09 18:00:00,1992-11-10 00:00:00,1992-11-10 06:00:00,1992-11-10 18:00:00
2515,1992311N06107,1992-11-08 21:00:00,1992-11-09 21:00:00,1992-11-10 03:00:00,1992-11-10 09:00:00,1992-11-10 21:00:00
2516,1992311N06107,1992-11-09 00:00:00,1992-11-10 00:00:00,1992-11-10 06:00:00,1992-11-10 12:00:00,1992-11-11 00:00:00
2517,1992311N06107,1992-11-09 03:00:00,1992-11-10 03:00:00,1992-11-10 09:00:00,1992-11-10 15:00:00,1992-11-11 03:00:00
2518,1992311N06107,1992-11-09 06:00:00,1992-11-10 06:00:00,1992-11-10 12:00:00,1992-11-10 18:00:00,1992-11-11 06:00:00
2519,1992311N06107,1992-11-09 09:00:00,1992-11-10 09:00:00,1992-11-10 15:00:00,1992-11-10 21:00:00,1992-11-11 09:00:00
2520,1992311N06107,1992-11-09 12:00:00,1992-11-10 12:00:00,1992-11-10 18:00:00,1992-11-11 00:00:00,1992-11-11 12:00:00
2521,1992311N06107,1992-11-09 15:00:00,1992-11-10 15:00:00,1992-11-10 21:00:00,1992-11-11 03:00:00,1992-11-11 15:00:00
2522,1992311N06107,1992-11-09 18:00:00,1992-11-10 18:00:00,1992-11-11 00:00:00,1992-11-11 06:00:00,1992-11-11 18:00:00
2523,1992311N06107,1992-11-09 21:00:00,1992-11-10 21:00:00,1992-11-11 03:00:00,1992-11-11 09:00:00,1992-11-11 21:00:00
2524,1992311N06107,1992-11-10 00:00:00,1992-11-11 00:00:00,1992-11-11 06:00:00,1992-11-11 12:00:00,1992-11-12 00:00:00
2525,1992311N06107,1992-11-10 03:00:00,1992-11-11 03:00:00,1992-11-11 09:00:00,1992-11-11 15:00:00,1992-11-12 03:00:00
2526,1992311N06107,1992-11-10 06:00:00,1992-11-11 06:00:00,1992-11-11 12:00:00,1992-11-11 18:00:00,1992-11-12 06:00:00
2527,1992311N06107,1992-11-10 09:00:00,1992-11-11 09:00:00,1992-11-11 15:00:00,1992-11-11 21:00:00,1992-11-12 09:00:00
2528,1992311N06107,1992-11-10 12:00:00,1992-11-11 12:00:00,1992-11-11 18:00:00,1992-11-12 00:00:00,1992-11-12 12:00:00
2529,1992311N06107,1992-11-10 15:00:00,1992-11-11 15:00:00,1992-11-11 21:00:00,1992-11-12 03:00:00,1992-11-12 15:00:00
2530,1992311N06107,1992-11-10 18:00:00,1992-11-11 18:00:00,1992-11-12 00:00:00,1992-11-12 06:00:00,1992-11-12 18:00:00
2531,1992311N06107,1992-11-10 21:00:00,1992-11-11 21:00:00,1992-11-12 03:00:00,1992-11-12 09:00:00,1992-11-12 21:00:00
2532,1992311N06107,1992-11-11 00:00:00,1992-11-12 00:00:00,1992-11-12 06:00:00,1992-11-12 12:00:00,1992-11-13 00:00:00
2533,1992311N06107,1992-11-11 03:00:00,1992-11-12 03:00:00,1992-11-12 09:00:00,1992-11-12 15:00:00,1992-11-13 03:00:00
2534,1992311N06107,1992-11-11 06:00:00,1992-11-12 06:00:00,1992-11-12 12:00:00,1992-11-12 18:00:00,1992-11-13 06:00:00
2535,1992311N06107,1992-11-11 09:00:00,1992-11-12 09:00:00,1992-11-12 15:00:00,1992-11-12 21:00:00,1992-11-13 09:00:00
2536,1992311N06107,1992-11-11 12:00:00,1992-11-12 12:00:00,1992-11-12 18:00:00,1992-11-13 00:00:00,1992-11-13 12:00:00
2537,1992311N06107,1992-11-11 15:00:00,1992-11-12 15:00:00,1992-11-12 21:00:00,1992-11-13 03:00:00,1992-11-13 15:00:00
2538,1992311N06107,1992-11-11 18:00:00,1992-11-12 18:00:00,1992-11-13 00:00:00,1992-11-13 06:00:00,1992-11-13 18:00:00
2539,1992311N06107,1992-11-11 21:00:00,1992-11-12 21:00:00,1992-11-13 03:00:00,1992-11-13 09:00:00,1992-11-13 21:00:00
2540,1992311N06107,1992-11-12 00:00:00,1992-11-13 00:00:00,1992-11-13 06:00:00,1992-11-13 12:00:00,1992-11-14 00:00:00
2541,1992311N06107,1992-11-12 03:00:00,1992-11-13 03:00:00,1992-11-13 09:00:00,1992-11-13 15:00:00,1992-11-14 03:00:00
2542,1992311N06107,1992-11-12 06:00:00,1992-11-13 06:00:00,1992-11-13 12:00:00,1992-11-13 18:00:00,1992-11-14 06:00:00
2543,1992311N06107,1992-11-12 09:00:00,1992-11-13 09:00:00,1992-11-13 15:00:00,1992-11-13 21:00:00,1992-11-14 09:00:00
2544,1992311N06107,1992-11-12 12:00:00,1992-11-13 12:00:00,1992-11-13 18:00:00,1992-11-14 00:00:00,1992-11-14 12:00:00
2545,1992311N06107,1992-11-12 15:00:00,1992-11-13 15:00:00,1992-11-13 21:00:00,1992-11-14 03:00:00,1992-11-14 15:00:00
2546,1992311N06107,1992-11-12 18:00:00,1992-11-13 18:00:00,1992-11-14 00:00:00,1992-11-14 06:00:00,1992-11-14 18:00:00
2547,1992311N06107,1992-11-12 21:00:00,1992-11-13 21:00:00,1992-11-14 03:00:00,1992-11-14 09:00:00,1992-11-14 21:00:00
2548,1992311N06107,1992-11-13 00:00:00,1992-11-14 00:00:00,1992-11-14 06:00:00,1992-11-14 12:00:00,1992-11-15 00:00:00
2549,1992311N06107,1992-11-13 03:00:00,1992-11-14 03:00:00,1992-11-14 09:00:00,1992-11-14 15:00:00,1992-11-15 03:00:00
2550,1992311N06107,1992-11-13 06:00:00,1992-11-14 06:00:00,1992-11-14 12:00:00,1992-11-14 18:00:00,1992-11-15 06:00:00
2551,1992311N06107,1992-11-13 09:00:00,1992-11-14 09:00:00,1992-11-14 15:00:00,1992-11-14 21:00:00,1992-11-15 09:00:00
2552,1992311N06107,1992-11-13 12:00:00,1992-11-14 12:00:00,1992-11-14 18:00:00,1992-11-15 00:00:00,1992-11-15 12:00:00
2553,1992311N06107,1992-11-13 15:00:00,1992-11-14 15:00:00,1992-11-14 21:00:00,1992-11-15 03:00:00,1992-11-15 15:00:00
2554,1992311N06107,1992-11-13 18:00:00,1992-11-14 18:00:00,1992-11-15 00:00:00,1992-11-15 06:00:00,1992-11-15 18:00:00
2555,1992311N06107,1992-11-13 21:00:00,1992-11-14 21:00:00,1992-11-15 03:00:00,1992-11-15 09:00:00,1992-11-15 21:00:00
2556,1992311N06107,1992-11-14 00:00:00,1992-11-15 00:00:00,1992-11-15 06:00:00,1992-11-15 12:00:00,1992-11-16 00:00:00
2557,1992311N06107,1992-11-14 03:00:00,1992-11-15 03:00:00,1992-11-15 09:00:00,1992-11-15 15:00:00,1992-11-16 03:00:00
2558,1992311N06107,1992-11-14 06:00:00,1992-11-15 06:00:00,1992-11-15 12:00:00,1992-11-15 18:00:00,1992-11-16 06:00:00
2559,1992311N06107,1992-11-14 09:00:00,1992-11-15 09:00:00,1992-11-15 15:00:00,1992-11-15 21:00:00,1992-11-16 09:00:00
2560,1992311N06107,1992-11-14 12:00:00,1992-11-15 12:00:00,1992-11-15 18:00:00,1992-11-16 00:00:00,1992-11-16 12:00:00
2561,1992311N06107,1992-11-14 15:00:00,1992-11-15 15:00:00,1992-11-15 21:00:00,1992-11-16 03:00:00,1992-11-16 15:00:00
2562,1992311N06107,1992-11-14 18:00:00,1992-11-15 18:00:00,1992-11-16 00:00:00,1992-11-16 06:00:00,1992-11-16 18:00:00
2563,1992311N06107,1992-11-14 21:00:00,1992-11-15 21:00:00,1992-11-16 03:00:00,1992-11-16 09:00:00,1992-11-16 21:00:00
2564,1992311N06107,1992-11-15 00:00:00,1992-11-16 00:00:00,1992-11-16 06:00:00,1992-11-16 12:00:00,1992-11-17 00:00:00
2565,1992311N06107,1992-11-15 03:00:00,1992-11-16 03:00:00,1992-11-16 09:00:00,1992-11-16 15:00:00,1992-11-17 03:00:00
2566,1992311N06107,1992-11-15 06:00:00,1992-11-16 06:00:00,1992-11-16 12:00:00,1992-11-16 18:00:00,1992-11-17 06:00:00
2567,1992311N06107,1992-11-15 09:00:00,1992-11-16 09:00:00,1992-11-16 15:00:00,1992-11-16 21:00:00,1992-11-17 09:00:00
2568,1992311N06107,1992-11-15 12:00:00,1992-11-16 12:00:00,1992-11-16 18:00:00,1992-11-17 00:00:00,1992-11-17 12:00:00
2569,1992311N06107,1992-11-15 15:00:00,1992-11-16 15:00:00,1992-11-16 21:00:00,1992-11-17 03:00:00,1992-11-17 15:00:00
2570,1992311N06107,1992-11-15 18:00:00,1992-11-16 18:00:00,1992-11-17 00:00:00,1992-11-17 06:00:00,1992-11-17 18:00:00
2571,1992314N08141,1992-11-08 12:00:00,1992-11-09 12:00:00,1992-11-09 18:00:00,1992-11-10 00:00:00,1992-11-10 12:00:00
2572,1992314N08141,1992-11-08 15:00:00,1992-11-09 15:00:00,1992-11-09 21:00:00,1992-11-10 03:00:00,1992-11-10 15:00:00
2573,1992314N08141,1992-11-08 18:00:00,1992-11-09 18:00:00,1992-11-10 00:00:00,1992-11-10 06:00:00,1992-11-10 18:00:00
2574,1992314N08141,1992-11-08 21:00:00,1992-11-09 21:00:00,1992-11-10 03:00:00,1992-11-10 09:00:00,1992-11-10 21:00:00
2575,1992314N08141,1992-11-09 00:00:00,1992-11-10 00:00:00,1992-11-10 06:00:00,1992-11-10 12:00:00,1992-11-11 00:00:00
2576,1992314N08141,1992-11-09 03:00:00,1992-11-10 03:00:00,1992-11-10 09:00:00,1992-11-10 15:00:00,1992-11-11 03:00:00
2577,1992314N08141,1992-11-09 06:00:00,1992-11-10 06:00:00,1992-11-10 12:00:00,1992-11-10 18:00:00,1992-11-11 06:00:00
2578,1992314N08141,1992-11-09 09:00:00,1992-11-10 09:00:00,1992-11-10 15:00:00,1992-11-10 21:00:00,1992-11-11 09:00:00
2579,1992314N08141,1992-11-09 12:00:00,1992-11-10 12:00:00,1992-11-10 18:00:00,1992-11-11 00:00:00,1992-11-11 12:00:00
2580,1992314N08141,1992-11-09 15:00:00,1992-11-10 15:00:00,1992-11-10 21:00:00,1992-11-11 03:00:00,1992-11-11 15:00:00
2581,1992314N08141,1992-11-09 18:00:00,1992-11-10 18:00:00,1992-11-11 00:00:00,1992-11-11 06:00:00,1992-11-11 18:00:00
2582,1992314N08141,1992-11-09 21:00:00,1992-11-10 21:00:00,1992-11-11 03:00:00,1992-11-11 09:00:00,1992-11-11 21:00:00
2583,1992314N08141,1992-11-10 00:00:00,1992-11-11 00:00:00,1992-11-11 06:00:00,1992-11-11 12:00:00,1992-11-12 00:00:00
2584,1992314N08141,1992-11-10 03:00:00,1992-11-11 03:00:00,1992-11-11 09:00:00,1992-11-11 15:00:00,1992-11-12 03:00:00
2585,1992314N08141,1992-11-10 06:00:00,1992-11-11 06:00:00,1992-11-11 12:00:00,1992-11-11 18:00:00,1992-11-12 06:00:00
2586,1992314N08141,1992-11-10 09:00:00,1992-11-11 09:00:00,1992-11-11 15:00:00,1992-11-11 21:00:00,1992-11-12 09:00:00
2587,1992314N08141,1992-11-10 12:00:00,1992-11-11 12:00:00,1992-11-11 18:00:00,1992-11-12 00:00:00,1992-11-12 12:00:00
2588,1992314N08141,1992-11-10 15:00:00,1992-11-11 15:00:00,1992-11-11 21:00:00,1992-11-12 03:00:00,1992-11-12 15:00:00
2589,1992314N08141,1992-11-10 18:00:00,1992-11-11 18:00:00,1992-11-12 00:00:00,1992-11-12 06:00:00,1992-11-12 18:00:00
2590,1992314N08141,1992-11-10 21:00:00,1992-11-11 21:00:00,1992-11-12 03:00:00,1992-11-12 09:00:00,1992-11-12 21:00:00
2591,1992314N08141,1992-11-11 00:00:00,1992-11-12 00:00:00,1992-11-12 06:00:00,1992-11-12 12:00:00,1992-11-13 00:00:00
2592,1992314N08141,1992-11-11 03:00:00,1992-11-12 03:00:00,1992-11-12 09:00:00,1992-11-12 15:00:00,1992-11-13 03:00:00
2593,1992314N08141,1992-11-11 06:00:00,1992-11-12 06:00:00,1992-11-12 12:00:00,1992-11-12 18:00:00,1992-11-13 06:00:00
2594,1992314N08141,1992-11-11 09:00:00,1992-11-12 09:00:00,1992-11-12 15:00:00,1992-11-12 21:00:00,1992-11-13 09:00:00
2595,1992314N08141,1992-11-11 12:00:00,1992-11-12 12:00:00,1992-11-12 18:00:00,1992-11-13 00:00:00,1992-11-13 12:00:00
2596,1992314N08141,1992-11-11 15:00:00,1992-11-12 15:00:00,1992-11-12 21:00:00,1992-11-13 03:00:00,1992-11-13 15:00:00
2597,1992314N08141,1992-11-11 18:00:00,1992-11-12 18:00:00,1992-11-13 00:00:00,1992-11-13 06:00:00,1992-11-13 18:00:00
2598,1992314N08141,1992-11-11 21:00:00,1992-11-12 21:00:00,1992-11-13 03:00:00,1992-11-13 09:00:00,1992-11-13 21:00:00
2599,1992314N08141,1992-11-12 00:00:00,1992-11-13 00:00:00,1992-11-13 06:00:00,1992-11-13 12:00:00,1992-11-14 00:00:00
2600,1992314N08141,1992-11-12 03:00:00,1992-11-13 03:00:00,1992-11-13 09:00:00,1992-11-13 15:00:00,1992-11-14 03:00:00
2601,1992314N08141,1992-11-12 06:00:00,1992-11-13 06:00:00,1992-11-13 12:00:00,1992-11-13 18:00:00,1992-11-14 06:00:00
2602,1992314N08141,1992-11-12 09:00:00,1992-11-13 09:00:00,1992-11-13 15:00:00,1992-11-13 21:00:00,1992-11-14 09:00:00
2603,1992314N08141,1992-11-12 12:00:00,1992-11-13 12:00:00,1992-11-13 18:00:00,1992-11-14 00:00:00,1992-11-14 12:00:00
2604,1992314N08141,1992-11-12 15:00:00,1992-11-13 15:00:00,1992-11-13 21:00:00,1992-11-14 03:00:00,1992-11-14 15:00:00
2605,1992314N08141,1992-11-12 18:00:00,1992-11-13 18:00:00,1992-11-14 00:00:00,1992-11-14 06:00:00,1992-11-14 18:00:00
2606,1992314N08141,1992-11-12 21:00:00,1992-11-13 21:00:00,1992-11-14 03:00:00,1992-11-14 09:00:00,1992-11-14 21:00:00
2607,1992314N08141,1992-11-13 00:00:00,1992-11-14 00:00:00,1992-11-14 06:00:00,1992-11-14 12:00:00,1992-11-15 00:00:00
2608,1992314N08141,1992-11-13 03:00:00,1992-11-14 03:00:00,1992-11-14 09:00:00,1992-11-14 15:00:00,1992-11-15 03:00:00
2609,1992314N08141,1992-11-13 06:00:00,1992-11-14 06:00:00,1992-11-14 12:00:00,1992-11-14 18:00:00,1992-11-15 06:00:00
2610,1992314N08141,1992-11-13 09:00:00,1992-11-14 09:00:00,1992-11-14 15:00:00,1992-11-14 21:00:00,1992-11-15 09:00:00
2611,1992314N08141,1992-11-13 12:00:00,1992-11-14 12:00:00,1992-11-14 18:00:00,1992-11-15 00:00:00,1992-11-15 12:00:00
2612,1992314N08141,1992-11-13 15:00:00,1992-11-14 15:00:00,1992-11-14 21:00:00,1992-11-15 03:00:00,1992-11-15 15:00:00
2613,1992314N08141,1992-11-13 18:00:00,1992-11-14 18:00:00,1992-11-15 00:00:00,1992-11-15 06:00:00,1992-11-15 18:00:00
2614,1992314N08141,1992-11-13 21:00:00,1992-11-14 21:00:00,1992-11-15 03:00:00,1992-11-15 09:00:00,1992-11-15 21:00:00
2615,1992314N08141,1992-11-14 00:00:00,1992-11-15 00:00:00,1992-11-15 06:00:00,1992-11-15 12:00:00,1992-11-16 00:00:00
2616,1992314N08141,1992-11-14 03:00:00,1992-11-15 03:00:00,1992-11-15 09:00:00,1992-11-15 15:00:00,1992-11-16 03:00:00
2617,1992314N08141,1992-11-14 06:00:00,1992-11-15 06:00:00,1992-11-15 12:00:00,1992-11-15 18:00:00,1992-11-16 06:00:00
2618,1992314N08141,1992-11-14 09:00:00,1992-11-15 09:00:00,1992-11-15 15:00:00,1992-11-15 21:00:00,1992-11-16 09:00:00
2619,1992314N08141,1992-11-14 12:00:00,1992-11-15 12:00:00,1992-11-15 18:00:00,1992-11-16 00:00:00,1992-11-16 12:00:00
2620,1992314N08141,1992-11-14 15:00:00,1992-11-15 15:00:00,1992-11-15 21:00:00,1992-11-16 03:00:00,1992-11-16 15:00:00
2621,1992314N08141,1992-11-14 18:00:00,1992-11-15 18:00:00,1992-11-16 00:00:00,1992-11-16 06:00:00,1992-11-16 18:00:00
2622,1992314N08141,1992-11-14 21:00:00,1992-11-15 21:00:00,1992-11-16 03:00:00,1992-11-16 09:00:00,1992-11-16 21:00:00
2623,1992314N08141,1992-11-15 00:00:00,1992-11-16 00:00:00,1992-11-16 06:00:00,1992-11-16 12:00:00,1992-11-17 00:00:00
2624,1992314N08141,1992-11-15 03:00:00,1992-11-16 03:00:00,1992-11-16 09:00:00,1992-11-16 15:00:00,1992-11-17 03:00:00
2625,1992314N08141,1992-11-15 06:00:00,1992-11-16 06:00:00,1992-11-16 12:00:00,1992-11-16 18:00:00,1992-11-17 06:00:00
2626,1992314N08141,1992-11-15 09:00:00,1992-11-16 09:00:00,1992-11-16 15:00:00,1992-11-16 21:00:00,1992-11-17 09:00:00
2627,1992314N08141,1992-11-15 12:00:00,1992-11-16 12:00:00,1992-11-16 18:00:00,1992-11-17 00:00:00,1992-11-17 12:00:00
2628,1992314N08141,1992-11-15 15:00:00,1992-11-16 15:00:00,1992-11-16 21:00:00,1992-11-17 03:00:00,1992-11-17 15:00:00
2629,1992314N08141,1992-11-15 18:00:00,1992-11-16 18:00:00,1992-11-17 00:00:00,1992-11-17 06:00:00,1992-11-17 18:00:00
2630,1992314N08141,1992-11-15 21:00:00,1992-11-16 21:00:00,1992-11-17 03:00:00,1992-11-17 09:00:00,1992-11-17 21:00:00
2631,1992314N08141,1992-11-16 00:00:00,1992-11-17 00:00:00,1992-11-17 06:00:00,1992-11-17 12:00:00,1992-11-18 00:00:00
2632,1992314N08141,1992-11-16 03:00:00,1992-11-17 03:00:00,1992-11-17 09:00:00,1992-11-17 15:00:00,1992-11-18 03:00:00
2633,1992314N08141,1992-11-16 06:00:00,1992-11-17 06:00:00,1992-11-17 12:00:00,1992-11-17 18:00:00,1992-11-18 06:00:00
2634,1992314N08141,1992-11-16 09:00:00,1992-11-17 09:00:00,1992-11-17 15:00:00,1992-11-17 21:00:00,1992-11-18 09:00:00
2635,1992314N08141,1992-11-16 12:00:00,1992-11-17 12:00:00,1992-11-17 18:00:00,1992-11-18 00:00:00,1992-11-18 12:00:00
2636,1992314N08141,1992-11-16 15:00:00,1992-11-17 15:00:00,1992-11-17 21:00:00,1992-11-18 03:00:00,1992-11-18 15:00:00
2637,1992314N08141,1992-11-16 18:00:00,1992-11-17 18:00:00,1992-11-18 00:00:00,1992-11-18 06:00:00,1992-11-18 18:00:00
2638,1992314N08141,1992-11-16 21:00:00,1992-11-17 21:00:00,1992-11-18 03:00:00,1992-11-18 09:00:00,1992-11-18 21:00:00
2639,1992314N08141,1992-11-17 00:00:00,1992-11-18 00:00:00,1992-11-18 06:00:00,1992-11-18 12:00:00,1992-11-19 00:00:00
2640,1992314N08141,1992-11-17 03:00:00,1992-11-18 03:00:00,1992-11-18 09:00:00,1992-11-18 15:00:00,1992-11-19 03:00:00
2641,1992314N08141,1992-11-17 06:00:00,1992-11-18 06:00:00,1992-11-18 12:00:00,1992-11-18 18:00:00,1992-11-19 06:00:00
2642,1992314N08141,1992-11-17 09:00:00,1992-11-18 09:00:00,1992-11-18 15:00:00,1992-11-18 21:00:00,1992-11-19 09:00:00
2643,1992314N08141,1992-11-17 12:00:00,1992-11-18 12:00:00,1992-11-18 18:00:00,1992-11-19 00:00:00,1992-11-19 12:00:00
2644,1992314N08141,1992-11-17 15:00:00,1992-11-18 15:00:00,1992-11-18 21:00:00,1992-11-19 03:00:00,1992-11-19 15:00:00
2645,1992314N08141,1992-11-17 18:00:00,1992-11-18 18:00:00,1992-11-19 00:00:00,1992-11-19 06:00:00,1992-11-19 18:00:00
2646,1992314N08141,1992-11-17 21:00:00,1992-11-18 21:00:00,1992-11-19 03:00:00,1992-11-19 09:00:00,1992-11-19 21:00:00
2647,1992314N08141,1992-11-18 00:00:00,1992-11-19 00:00:00,1992-11-19 06:00:00,1992-11-19 12:00:00,1992-11-20 00:00:00
2648,1992314N08141,1992-11-18 03:00:00,1992-11-19 03:00:00,1992-11-19 09:00:00,1992-11-19 15:00:00,1992-11-20 03:00:00
2649,1992314N08141,1992-11-18 06:00:00,1992-11-19 06:00:00,1992-11-19 12:00:00,1992-11-19 18:00:00,1992-11-20 06:00:00
2650,1992314N08141,1992-11-18 09:00:00,1992-11-19 09:00:00,1992-11-19 15:00:00,1992-11-19 21:00:00,1992-11-20 09:00:00
2651,1992314N08141,1992-11-18 12:00:00,1992-11-19 12:00:00,1992-11-19 18:00:00,1992-11-20 00:00:00,1992-11-20 12:00:00
2652,1992314N08141,1992-11-18 15:00:00,1992-11-19 15:00:00,1992-11-19 21:00:00,1992-11-20 03:00:00,1992-11-20 15:00:00
2653,1992314N08141,1992-11-18 18:00:00,1992-11-19 18:00:00,1992-11-20 00:00:00,1992-11-20 06:00:00,1992-11-20 18:00:00
2654,1992314N08141,1992-11-18 21:00:00,1992-11-19 21:00:00,1992-11-20 03:00:00,1992-11-20 09:00:00,1992-11-20 21:00:00
2655,1992314N08141,1992-11-19 00:00:00,1992-11-20 00:00:00,1992-11-20 06:00:00,1992-11-20 12:00:00,1992-11-21 00:00:00
2656,1992314N08141,1992-11-19 03:00:00,1992-11-20 03:00:00,1992-11-20 09:00:00,1992-11-20 15:00:00,1992-11-21 03:00:00
2657,1992314N08141,1992-11-19 06:00:00,1992-11-20 06:00:00,1992-11-20 12:00:00,1992-11-20 18:00:00,1992-11-21 06:00:00
2658,1992314N08141,1992-11-19 09:00:00,1992-11-20 09:00:00,1992-11-20 15:00:00,1992-11-20 21:00:00,1992-11-21 09:00:00
2659,1992314N08141,1992-11-19 12:00:00,1992-11-20 12:00:00,1992-11-20 18:00:00,1992-11-21 00:00:00,1992-11-21 12:00:00
2660,1992314N08141,1992-11-19 15:00:00,1992-11-20 15:00:00,1992-11-20 21:00:00,1992-11-21 03:00:00,1992-11-21 15:00:00
2661,1992314N08141,1992-11-19 18:00:00,1992-11-20 18:00:00,1992-11-21 00:00:00,1992-11-21 06:00:00,1992-11-21 18:00:00
2662,1992314N08141,1992-11-19 21:00:00,1992-11-20 21:00:00,1992-11-21 03:00:00,1992-11-21 09:00:00,1992-11-21 21:00:00
2663,1992314N08141,1992-11-20 00:00:00,1992-11-21 00:00:00,1992-11-21 06:00:00,1992-11-21 12:00:00,1992-11-22 00:00:00
2664,1992335N03077,1992-11-29 12:00:00,1992-11-30 12:00:00,1992-11-30 18:00:00,1992-12-01 00:00:00,1992-12-01 12:00:00
2665,1992335N03077,1992-11-29 15:00:00,1992-11-30 15:00:00,1992-11-30 21:00:00,1992-12-01 03:00:00,1992-12-01 15:00:00
2666,1992335N03077,1992-11-29 18:00:00,1992-11-30 18:00:00,1992-12-01 00:00:00,1992-12-01 06:00:00,1992-12-01 18:00:00
2667,1992335N03077,1992-11-29 21:00:00,1992-11-30 21:00:00,1992-12-01 03:00:00,1992-12-01 09:00:00,1992-12-01 21:00:00
2668,1992335N03077,1992-11-30 00:00:00,1992-12-01 00:00:00,1992-12-01 06:00:00,1992-12-01 12:00:00,1992-12-02 00:00:00
2669,1992335N03077,1992-11-30 03:00:00,1992-12-01 03:00:00,1992-12-01 09:00:00,1992-12-01 15:00:00,1992-12-02 03:00:00
2670,1992335N03077,1992-11-30 06:00:00,1992-12-01 06:00:00,1992-12-01 12:00:00,1992-12-01 18:00:00,1992-12-02 06:00:00
2671,1992335N03077,1992-11-30 09:00:00,1992-12-01 09:00:00,1992-12-01 15:00:00,1992-12-01 21:00:00,1992-12-02 09:00:00
2672,1992335N03077,1992-11-30 12:00:00,1992-12-01 12:00:00,1992-12-01 18:00:00,1992-12-02 00:00:00,1992-12-02 12:00:00
2673,1992335N03077,1992-11-30 15:00:00,1992-12-01 15:00:00,1992-12-01 21:00:00,1992-12-02 03:00:00,1992-12-02 15:00:00
2674,1992335N03077,1992-11-30 18:00:00,1992-12-01 18:00:00,1992-12-02 00:00:00,1992-12-02 06:00:00,1992-12-02 18:00:00
2675,1992335N03077,1992-11-30 21:00:00,1992-12-01 21:00:00,1992-12-02 03:00:00,1992-12-02 09:00:00,1992-12-02 21:00:00
2676,1992335N03077,1992-12-01 00:00:00,1992-12-02 00:00:00,1992-12-02 06:00:00,1992-12-02 12:00:00,1992-12-03 00:00:00
2677,1992335N03077,1992-12-01 03:00:00,1992-12-02 03:00:00,1992-12-02 09:00:00,1992-12-02 15:00:00,1992-12-03 03:00:00
2678,1992335N03077,1992-12-01 06:00:00,1992-12-02 06:00:00,1992-12-02 12:00:00,1992-12-02 18:00:00,1992-12-03 06:00:00
2679,1992335N03077,1992-12-01 09:00:00,1992-12-02 09:00:00,1992-12-02 15:00:00,1992-12-02 21:00:00,1992-12-03 09:00:00
2680,1992335N03077,1992-12-01 12:00:00,1992-12-02 12:00:00,1992-12-02 18:00:00,1992-12-03 00:00:00,1992-12-03 12:00:00
2681,1992335N03077,1992-12-01 15:00:00,1992-12-02 15:00:00,1992-12-02 21:00:00,1992-12-03 03:00:00,1992-12-03 15:00:00
2682,1992335N03077,1992-12-01 18:00:00,1992-12-02 18:00:00,1992-12-03 00:00:00,1992-12-03 06:00:00,1992-12-03 18:00:00
2683,1992335N03077,1992-12-01 21:00:00,1992-12-02 21:00:00,1992-12-03 03:00:00,1992-12-03 09:00:00,1992-12-03 21:00:00
2684,1992335N03077,1992-12-02 00:00:00,1992-12-03 00:00:00,1992-12-03 06:00:00,1992-12-03 12:00:00,1992-12-04 00:00:00
2685,1992354N03075,1992-12-18 12:00:00,1992-12-19 12:00:00,1992-12-19 18:00:00,1992-12-20 00:00:00,1992-12-20 12:00:00
2686,1992354N03075,1992-12-18 15:00:00,1992-12-19 15:00:00,1992-12-19 21:00:00,1992-12-20 03:00:00,1992-12-20 15:00:00
2687,1992354N03075,1992-12-18 18:00:00,1992-12-19 18:00:00,1992-12-20 00:00:00,1992-12-20 06:00:00,1992-12-20 18:00:00
2688,1992354N03075,1992-12-18 21:00:00,1992-12-19 21:00:00,1992-12-20 03:00:00,1992-12-20 09:00:00,1992-12-20 21:00:00
2689,1992354N03075,1992-12-19 00:00:00,1992-12-20 00:00:00,1992-12-20 06:00:00,1992-12-20 12:00:00,1992-12-21 00:00:00
2690,1992354N03075,1992-12-19 03:00:00,1992-12-20 03:00:00,1992-12-20 09:00:00,1992-12-20 15:00:00,1992-12-21 03:00:00
2691,1992354N03075,1992-12-19 06:00:00,1992-12-20 06:00:00,1992-12-20 12:00:00,1992-12-20 18:00:00,1992-12-21 06:00:00
2692,1992354N03075,1992-12-19 09:00:00,1992-12-20 09:00:00,1992-12-20 15:00:00,1992-12-20 21:00:00,1992-12-21 09:00:00
2693,1992354N03075,1992-12-19 12:00:00,1992-12-20 12:00:00,1992-12-20 18:00:00,1992-12-21 00:00:00,1992-12-21 12:00:00
2694,1992354N03075,1992-12-19 15:00:00,1992-12-20 15:00:00,1992-12-20 21:00:00,1992-12-21 03:00:00,1992-12-21 15:00:00
2695,1992354N03075,1992-12-19 18:00:00,1992-12-20 18:00:00,1992-12-21 00:00:00,1992-12-21 06:00:00,1992-12-21 18:00:00
2696,1992354N03075,1992-12-19 21:00:00,1992-12-20 21:00:00,1992-12-21 03:00:00,1992-12-21 09:00:00,1992-12-21 21:00:00
2697,1992354N03075,1992-12-20 00:00:00,1992-12-21 00:00:00,1992-12-21 06:00:00,1992-12-21 12:00:00,1992-12-22 00:00:00
2698,1992354N03075,1992-12-20 03:00:00,1992-12-21 03:00:00,1992-12-21 09:00:00,1992-12-21 15:00:00,1992-12-22 03:00:00
2699,1992354N03075,1992-12-20 06:00:00,1992-12-21 06:00:00,1992-12-21 12:00:00,1992-12-21 18:00:00,1992-12-22 06:00:00
2700,1992354N03075,1992-12-20 09:00:00,1992-12-21 09:00:00,1992-12-21 15:00:00,1992-12-21 21:00:00,1992-12-22 09:00:00
2701,1992354N03075,1992-12-20 12:00:00,1992-12-21 12:00:00,1992-12-21 18:00:00,1992-12-22 00:00:00,1992-12-22 12:00:00
2702,1992354N03075,1992-12-20 15:00:00,1992-12-21 15:00:00,1992-12-21 21:00:00,1992-12-22 03:00:00,1992-12-22 15:00:00
2703,1992354N03075,1992-12-20 18:00:00,1992-12-21 18:00:00,1992-12-22 00:00:00,1992-12-22 06:00:00,1992-12-22 18:00:00
2704,1992354N03075,1992-12-20 21:00:00,1992-12-21 21:00:00,1992-12-22 03:00:00,1992-12-22 09:00:00,1992-12-22 21:00:00
2705,1992354N03075,1992-12-21 00:00:00,1992-12-22 00:00:00,1992-12-22 06:00:00,1992-12-22 12:00:00,1992-12-23 00:00:00
2706,1992354N03075,1992-12-21 03:00:00,1992-12-22 03:00:00,1992-12-22 09:00:00,1992-12-22 15:00:00,1992-12-23 03:00:00
2707,1992354N03075,1992-12-21 06:00:00,1992-12-22 06:00:00,1992-12-22 12:00:00,1992-12-22 18:00:00,1992-12-23 06:00:00
2708,1992354N03075,1992-12-21 09:00:00,1992-12-22 09:00:00,1992-12-22 15:00:00,1992-12-22 21:00:00,1992-12-23 09:00:00
2709,1992354N03075,1992-12-21 12:00:00,1992-12-22 12:00:00,1992-12-22 18:00:00,1992-12-23 00:00:00,1992-12-23 12:00:00
2710,1992354N03075,1992-12-21 15:00:00,1992-12-22 15:00:00,1992-12-22 21:00:00,1992-12-23 03:00:00,1992-12-23 15:00:00
2711,1992354N03075,1992-12-21 18:00:00,1992-12-22 18:00:00,1992-12-23 00:00:00,1992-12-23 06:00:00,1992-12-23 18:00:00
2712,1992354N03075,1992-12-21 21:00:00,1992-12-22 21:00:00,1992-12-23 03:00:00,1992-12-23 09:00:00,1992-12-23 21:00:00
2713,1992354N03075,1992-12-22 00:00:00,1992-12-23 00:00:00,1992-12-23 06:00:00,1992-12-23 12:00:00,1992-12-24 00:00:00
2714,1992354N03075,1992-12-22 03:00:00,1992-12-23 03:00:00,1992-12-23 09:00:00,1992-12-23 15:00:00,1992-12-24 03:00:00
2715,1992354N03075,1992-12-22 06:00:00,1992-12-23 06:00:00,1992-12-23 12:00:00,1992-12-23 18:00:00,1992-12-24 06:00:00
2716,1992354N03075,1992-12-22 09:00:00,1992-12-23 09:00:00,1992-12-23 15:00:00,1992-12-23 21:00:00,1992-12-24 09:00:00
2717,1992354N03075,1992-12-22 12:00:00,1992-12-23 12:00:00,1992-12-23 18:00:00,1992-12-24 00:00:00,1992-12-24 12:00:00
2718,1992354N03075,1992-12-22 15:00:00,1992-12-23 15:00:00,1992-12-23 21:00:00,1992-12-24 03:00:00,1992-12-24 15:00:00
2719,1992354N03075,1992-12-22 18:00:00,1992-12-23 18:00:00,1992-12-24 00:00:00,1992-12-24 06:00:00,1992-12-24 18:00:00
2720,1993309N06072,1993-11-05 00:00:00,1993-11-06 00:00:00,1993-11-06 06:00:00,1993-11-06 12:00:00,1993-11-07 00:00:00
2721,1993309N06072,1993-11-05 03:00:00,1993-11-06 03:00:00,1993-11-06 09:00:00,1993-11-06 15:00:00,1993-11-07 03:00:00
2722,1993309N06072,1993-11-05 06:00:00,1993-11-06 06:00:00,1993-11-06 12:00:00,1993-11-06 18:00:00,1993-11-07 06:00:00
2723,1993309N06072,1993-11-05 09:00:00,1993-11-06 09:00:00,1993-11-06 15:00:00,1993-11-06 21:00:00,1993-11-07 09:00:00
2724,1993309N06072,1993-11-05 12:00:00,1993-11-06 12:00:00,1993-11-06 18:00:00,1993-11-07 00:00:00,1993-11-07 12:00:00
2725,1993309N06072,1993-11-05 15:00:00,1993-11-06 15:00:00,1993-11-06 21:00:00,1993-11-07 03:00:00,1993-11-07 15:00:00
2726,1993309N06072,1993-11-05 18:00:00,1993-11-06 18:00:00,1993-11-07 00:00:00,1993-11-07 06:00:00,1993-11-07 18:00:00
2727,1993309N06072,1993-11-05 21:00:00,1993-11-06 21:00:00,1993-11-07 03:00:00,1993-11-07 09:00:00,1993-11-07 21:00:00
2728,1993309N06072,1993-11-06 00:00:00,1993-11-07 00:00:00,1993-11-07 06:00:00,1993-11-07 12:00:00,1993-11-08 00:00:00
2729,1993309N06072,1993-11-06 03:00:00,1993-11-07 03:00:00,1993-11-07 09:00:00,1993-11-07 15:00:00,1993-11-08 03:00:00
2730,1993309N06072,1993-11-06 06:00:00,1993-11-07 06:00:00,1993-11-07 12:00:00,1993-11-07 18:00:00,1993-11-08 06:00:00
2731,1993309N06072,1993-11-06 09:00:00,1993-11-07 09:00:00,1993-11-07 15:00:00,1993-11-07 21:00:00,1993-11-08 09:00:00
2732,1993309N06072,1993-11-06 12:00:00,1993-11-07 12:00:00,1993-11-07 18:00:00,1993-11-08 00:00:00,1993-11-08 12:00:00
2733,1993309N06072,1993-11-06 15:00:00,1993-11-07 15:00:00,1993-11-07 21:00:00,1993-11-08 03:00:00,1993-11-08 15:00:00
2734,1993309N06072,1993-11-06 18:00:00,1993-11-07 18:00:00,1993-11-08 00:00:00,1993-11-08 06:00:00,1993-11-08 18:00:00
2735,1993309N06072,1993-11-06 21:00:00,1993-11-07 21:00:00,1993-11-08 03:00:00,1993-11-08 09:00:00,1993-11-08 21:00:00
2736,1993309N06072,1993-11-07 00:00:00,1993-11-08 00:00:00,1993-11-08 06:00:00,1993-11-08 12:00:00,1993-11-09 00:00:00
2737,1993309N06072,1993-11-07 03:00:00,1993-11-08 03:00:00,1993-11-08 09:00:00,1993-11-08 15:00:00,1993-11-09 03:00:00
2738,1993309N06072,1993-11-07 06:00:00,1993-11-08 06:00:00,1993-11-08 12:00:00,1993-11-08 18:00:00,1993-11-09 06:00:00
2739,1993309N06072,1993-11-07 09:00:00,1993-11-08 09:00:00,1993-11-08 15:00:00,1993-11-08 21:00:00,1993-11-09 09:00:00
2740,1993309N06072,1993-11-07 12:00:00,1993-11-08 12:00:00,1993-11-08 18:00:00,1993-11-09 00:00:00,1993-11-09 12:00:00
2741,1993309N06072,1993-11-07 15:00:00,1993-11-08 15:00:00,1993-11-08 21:00:00,1993-11-09 03:00:00,1993-11-09 15:00:00
2742,1993309N06072,1993-11-07 18:00:00,1993-11-08 18:00:00,1993-11-09 00:00:00,1993-11-09 06:00:00,1993-11-09 18:00:00
2743,1993309N06072,1993-11-07 21:00:00,1993-11-08 21:00:00,1993-11-09 03:00:00,1993-11-09 09:00:00,1993-11-09 21:00:00
2744,1993309N06072,1993-11-08 00:00:00,1993-11-09 00:00:00,1993-11-09 06:00:00,1993-11-09 12:00:00,1993-11-10 00:00:00
2745,1993309N06072,1993-11-08 03:00:00,1993-11-09 03:00:00,1993-11-09 09:00:00,1993-11-09 15:00:00,1993-11-10 03:00:00
2746,1993309N06072,1993-11-08 06:00:00,1993-11-09 06:00:00,1993-11-09 12:00:00,1993-11-09 18:00:00,1993-11-10 06:00:00
2747,1993309N06072,1993-11-08 09:00:00,1993-11-09 09:00:00,1993-11-09 15:00:00,1993-11-09 21:00:00,1993-11-10 09:00:00
2748,1993309N06072,1993-11-08 12:00:00,1993-11-09 12:00:00,1993-11-09 18:00:00,1993-11-10 00:00:00,1993-11-10 12:00:00
2749,1993309N06072,1993-11-08 15:00:00,1993-11-09 15:00:00,1993-11-09 21:00:00,1993-11-10 03:00:00,1993-11-10 15:00:00
2750,1993309N06072,1993-11-08 18:00:00,1993-11-09 18:00:00,1993-11-10 00:00:00,1993-11-10 06:00:00,1993-11-10 18:00:00
2751,1993309N06072,1993-11-08 21:00:00,1993-11-09 21:00:00,1993-11-10 03:00:00,1993-11-10 09:00:00,1993-11-10 21:00:00
2752,1993309N06072,1993-11-09 00:00:00,1993-11-10 00:00:00,1993-11-10 06:00:00,1993-11-10 12:00:00,1993-11-11 00:00:00
2753,1993309N06072,1993-11-09 03:00:00,1993-11-10 03:00:00,1993-11-10 09:00:00,1993-11-10 15:00:00,1993-11-11 03:00:00
2754,1993309N06072,1993-11-09 06:00:00,1993-11-10 06:00:00,1993-11-10 12:00:00,1993-11-10 18:00:00,1993-11-11 06:00:00
2755,1993309N06072,1993-11-09 09:00:00,1993-11-10 09:00:00,1993-11-10 15:00:00,1993-11-10 21:00:00,1993-11-11 09:00:00
2756,1993309N06072,1993-11-09 12:00:00,1993-11-10 12:00:00,1993-11-10 18:00:00,1993-11-11 00:00:00,1993-11-11 12:00:00
2757,1993309N06072,1993-11-09 15:00:00,1993-11-10 15:00:00,1993-11-10 21:00:00,1993-11-11 03:00:00,1993-11-11 15:00:00
2758,1993309N06072,1993-11-09 18:00:00,1993-11-10 18:00:00,1993-11-11 00:00:00,1993-11-11 06:00:00,1993-11-11 18:00:00
2759,1993309N06072,1993-11-09 21:00:00,1993-11-10 21:00:00,1993-11-11 03:00:00,1993-11-11 09:00:00,1993-11-11 21:00:00
2760,1993309N06072,1993-11-10 00:00:00,1993-11-11 00:00:00,1993-11-11 06:00:00,1993-11-11 12:00:00,1993-11-12 00:00:00
2761,1993309N06072,1993-11-10 03:00:00,1993-11-11 03:00:00,1993-11-11 09:00:00,1993-11-11 15:00:00,1993-11-12 03:00:00
2762,1993309N06072,1993-11-10 06:00:00,1993-11-11 06:00:00,1993-11-11 12:00:00,1993-11-11 18:00:00,1993-11-12 06:00:00
2763,1993309N06072,1993-11-10 09:00:00,1993-11-11 09:00:00,1993-11-11 15:00:00,1993-11-11 21:00:00,1993-11-12 09:00:00
2764,1993309N06072,1993-11-10 12:00:00,1993-11-11 12:00:00,1993-11-11 18:00:00,1993-11-12 00:00:00,1993-11-12 12:00:00
2765,1993309N06072,1993-11-10 15:00:00,1993-11-11 15:00:00,1993-11-11 21:00:00,1993-11-12 03:00:00,1993-11-12 15:00:00
2766,1993309N06072,1993-11-10 18:00:00,1993-11-11 18:00:00,1993-11-12 00:00:00,1993-11-12 06:00:00,1993-11-12 18:00:00
2767,1993309N06072,1993-11-10 21:00:00,1993-11-11 21:00:00,1993-11-12 03:00:00,1993-11-12 09:00:00,1993-11-12 21:00:00
2768,1993309N06072,1993-11-11 00:00:00,1993-11-12 00:00:00,1993-11-12 06:00:00,1993-11-12 12:00:00,1993-11-13 00:00:00
2769,1993309N06072,1993-11-11 03:00:00,1993-11-12 03:00:00,1993-11-12 09:00:00,1993-11-12 15:00:00,1993-11-13 03:00:00
2770,1993312N06079,1993-11-08 00:00:00,1993-11-09 00:00:00,1993-11-09 06:00:00,1993-11-09 12:00:00,1993-11-10 00:00:00
2771,1993316N11070,1993-11-12 00:00:00,1993-11-13 00:00:00,1993-11-13 06:00:00,1993-11-13 12:00:00,1993-11-14 00:00:00
2772,1993316N11070,1993-11-12 03:00:00,1993-11-13 03:00:00,1993-11-13 09:00:00,1993-11-13 15:00:00,1993-11-14 03:00:00
2773,1993316N11070,1993-11-12 06:00:00,1993-11-13 06:00:00,1993-11-13 12:00:00,1993-11-13 18:00:00,1993-11-14 06:00:00
2774,1993316N11070,1993-11-12 09:00:00,1993-11-13 09:00:00,1993-11-13 15:00:00,1993-11-13 21:00:00,1993-11-14 09:00:00
2775,1993316N11070,1993-11-12 12:00:00,1993-11-13 12:00:00,1993-11-13 18:00:00,1993-11-14 00:00:00,1993-11-14 12:00:00
2776,1993316N11070,1993-11-12 15:00:00,1993-11-13 15:00:00,1993-11-13 21:00:00,1993-11-14 03:00:00,1993-11-14 15:00:00
2777,1993316N11070,1993-11-12 18:00:00,1993-11-13 18:00:00,1993-11-14 00:00:00,1993-11-14 06:00:00,1993-11-14 18:00:00
2778,1993316N11070,1993-11-12 21:00:00,1993-11-13 21:00:00,1993-11-14 03:00:00,1993-11-14 09:00:00,1993-11-14 21:00:00
2779,1993316N11070,1993-11-13 00:00:00,1993-11-14 00:00:00,1993-11-14 06:00:00,1993-11-14 12:00:00,1993-11-15 00:00:00
2780,1993316N11070,1993-11-13 03:00:00,1993-11-14 03:00:00,1993-11-14 09:00:00,1993-11-14 15:00:00,1993-11-15 03:00:00
2781,1993316N11070,1993-11-13 06:00:00,1993-11-14 06:00:00,1993-11-14 12:00:00,1993-11-14 18:00:00,1993-11-15 06:00:00
2782,1993316N11070,1993-11-13 09:00:00,1993-11-14 09:00:00,1993-11-14 15:00:00,1993-11-14 21:00:00,1993-11-15 09:00:00
2783,1993316N11070,1993-11-13 12:00:00,1993-11-14 12:00:00,1993-11-14 18:00:00,1993-11-15 00:00:00,1993-11-15 12:00:00
2784,1993316N11070,1993-11-13 15:00:00,1993-11-14 15:00:00,1993-11-14 21:00:00,1993-11-15 03:00:00,1993-11-15 15:00:00
2785,1993316N11070,1993-11-13 18:00:00,1993-11-14 18:00:00,1993-11-15 00:00:00,1993-11-15 06:00:00,1993-11-15 18:00:00
2786,1993316N11070,1993-11-13 21:00:00,1993-11-14 21:00:00,1993-11-15 03:00:00,1993-11-15 09:00:00,1993-11-15 21:00:00
2787,1993316N11070,1993-11-14 00:00:00,1993-11-15 00:00:00,1993-11-15 06:00:00,1993-11-15 12:00:00,1993-11-16 00:00:00
2788,1993331N07108,1993-11-27 00:00:00,1993-11-28 00:00:00,1993-11-28 06:00:00,1993-11-28 12:00:00,1993-11-29 00:00:00
2789,1993331N07108,1993-11-27 03:00:00,1993-11-28 03:00:00,1993-11-28 09:00:00,1993-11-28 15:00:00,1993-11-29 03:00:00
2790,1993331N07108,1993-11-27 06:00:00,1993-11-28 06:00:00,1993-11-28 12:00:00,1993-11-28 18:00:00,1993-11-29 06:00:00
2791,1993331N07108,1993-11-27 09:00:00,1993-11-28 09:00:00,1993-11-28 15:00:00,1993-11-28 21:00:00,1993-11-29 09:00:00
2792,1993331N07108,1993-11-27 12:00:00,1993-11-28 12:00:00,1993-11-28 18:00:00,1993-11-29 00:00:00,1993-11-29 12:00:00
2793,1993331N07108,1993-11-27 15:00:00,1993-11-28 15:00:00,1993-11-28 21:00:00,1993-11-29 03:00:00,1993-11-29 15:00:00
2794,1993331N07108,1993-11-27 18:00:00,1993-11-28 18:00:00,1993-11-29 00:00:00,1993-11-29 06:00:00,1993-11-29 18:00:00
2795,1993331N07108,1993-11-27 21:00:00,1993-11-28 21:00:00,1993-11-29 03:00:00,1993-11-29 09:00:00,1993-11-29 21:00:00
2796,1993331N07108,1993-11-28 00:00:00,1993-11-29 00:00:00,1993-11-29 06:00:00,1993-11-29 12:00:00,1993-11-30 00:00:00
2797,1993331N07108,1993-11-28 03:00:00,1993-11-29 03:00:00,1993-11-29 09:00:00,1993-11-29 15:00:00,1993-11-30 03:00:00
2798,1993331N07108,1993-11-28 06:00:00,1993-11-29 06:00:00,1993-11-29 12:00:00,1993-11-29 18:00:00,1993-11-30 06:00:00
2799,1993331N07108,1993-11-28 09:00:00,1993-11-29 09:00:00,1993-11-29 15:00:00,1993-11-29 21:00:00,1993-11-30 09:00:00
2800,1993331N07108,1993-11-28 12:00:00,1993-11-29 12:00:00,1993-11-29 18:00:00,1993-11-30 00:00:00,1993-11-30 12:00:00
2801,1993331N07108,1993-11-28 15:00:00,1993-11-29 15:00:00,1993-11-29 21:00:00,1993-11-30 03:00:00,1993-11-30 15:00:00
2802,1993331N07108,1993-11-28 18:00:00,1993-11-29 18:00:00,1993-11-30 00:00:00,1993-11-30 06:00:00,1993-11-30 18:00:00
2803,1993331N07108,1993-11-28 21:00:00,1993-11-29 21:00:00,1993-11-30 03:00:00,1993-11-30 09:00:00,1993-11-30 21:00:00
2804,1993331N07108,1993-11-29 00:00:00,1993-11-30 00:00:00,1993-11-30 06:00:00,1993-11-30 12:00:00,1993-12-01 00:00:00
2805,1993331N07108,1993-11-29 03:00:00,1993-11-30 03:00:00,1993-11-30 09:00:00,1993-11-30 15:00:00,1993-12-01 03:00:00
2806,1993331N07108,1993-11-29 06:00:00,1993-11-30 06:00:00,1993-11-30 12:00:00,1993-11-30 18:00:00,1993-12-01 06:00:00
2807,1993331N07108,1993-11-29 09:00:00,1993-11-30 09:00:00,1993-11-30 15:00:00,1993-11-30 21:00:00,1993-12-01 09:00:00
2808,1993331N07108,1993-11-29 12:00:00,1993-11-30 12:00:00,1993-11-30 18:00:00,1993-12-01 00:00:00,1993-12-01 12:00:00
2809,1993331N07108,1993-11-29 15:00:00,1993-11-30 15:00:00,1993-11-30 21:00:00,1993-12-01 03:00:00,1993-12-01 15:00:00
2810,1993331N07108,1993-11-29 18:00:00,1993-11-30 18:00:00,1993-12-01 00:00:00,1993-12-01 06:00:00,1993-12-01 18:00:00
2811,1993331N07108,1993-11-29 21:00:00,1993-11-30 21:00:00,1993-12-01 03:00:00,1993-12-01 09:00:00,1993-12-01 21:00:00
2812,1993331N07108,1993-11-30 00:00:00,1993-12-01 00:00:00,1993-12-01 06:00:00,1993-12-01 12:00:00,1993-12-02 00:00:00
2813,1993331N07108,1993-11-30 03:00:00,1993-12-01 03:00:00,1993-12-01 09:00:00,1993-12-01 15:00:00,1993-12-02 03:00:00
2814,1993331N07108,1993-11-30 06:00:00,1993-12-01 06:00:00,1993-12-01 12:00:00,1993-12-01 18:00:00,1993-12-02 06:00:00
2815,1993331N07108,1993-11-30 09:00:00,1993-12-01 09:00:00,1993-12-01 15:00:00,1993-12-01 21:00:00,1993-12-02 09:00:00
2816,1993331N07108,1993-11-30 12:00:00,1993-12-01 12:00:00,1993-12-01 18:00:00,1993-12-02 00:00:00,1993-12-02 12:00:00
2817,1993331N07108,1993-11-30 15:00:00,1993-12-01 15:00:00,1993-12-01 21:00:00,1993-12-02 03:00:00,1993-12-02 15:00:00
2818,1993331N07108,1993-11-30 18:00:00,1993-12-01 18:00:00,1993-12-02 00:00:00,1993-12-02 06:00:00,1993-12-02 18:00:00
2819,1993331N07108,1993-11-30 21:00:00,1993-12-01 21:00:00,1993-12-02 03:00:00,1993-12-02 09:00:00,1993-12-02 21:00:00
2820,1993331N07108,1993-12-01 00:00:00,1993-12-02 00:00:00,1993-12-02 06:00:00,1993-12-02 12:00:00,1993-12-03 00:00:00
2821,1993331N07108,1993-12-01 03:00:00,1993-12-02 03:00:00,1993-12-02 09:00:00,1993-12-02 15:00:00,1993-12-03 03:00:00
2822,1993331N07108,1993-12-01 06:00:00,1993-12-02 06:00:00,1993-12-02 12:00:00,1993-12-02 18:00:00,1993-12-03 06:00:00
2823,1993331N07108,1993-12-01 09:00:00,1993-12-02 09:00:00,1993-12-02 15:00:00,1993-12-02 21:00:00,1993-12-03 09:00:00
2824,1993331N07108,1993-12-01 12:00:00,1993-12-02 12:00:00,1993-12-02 18:00:00,1993-12-03 00:00:00,1993-12-03 12:00:00
2825,1993331N07108,1993-12-01 15:00:00,1993-12-02 15:00:00,1993-12-02 21:00:00,1993-12-03 03:00:00,1993-12-03 15:00:00
2826,1993331N07108,1993-12-01 18:00:00,1993-12-02 18:00:00,1993-12-03 00:00:00,1993-12-03 06:00:00,1993-12-03 18:00:00
2827,1993331N07108,1993-12-01 21:00:00,1993-12-02 21:00:00,1993-12-03 03:00:00,1993-12-03 09:00:00,1993-12-03 21:00:00
2828,1993331N07108,1993-12-02 00:00:00,1993-12-03 00:00:00,1993-12-03 06:00:00,1993-12-03 12:00:00,1993-12-04 00:00:00
2829,1993331N07108,1993-12-02 03:00:00,1993-12-03 03:00:00,1993-12-03 09:00:00,1993-12-03 15:00:00,1993-12-04 03:00:00
2830,1993331N07108,1993-12-02 06:00:00,1993-12-03 06:00:00,1993-12-03 12:00:00,1993-12-03 18:00:00,1993-12-04 06:00:00
2831,1993331N07108,1993-12-02 09:00:00,1993-12-03 09:00:00,1993-12-03 15:00:00,1993-12-03 21:00:00,1993-12-04 09:00:00
2832,1993331N07108,1993-12-02 12:00:00,1993-12-03 12:00:00,1993-12-03 18:00:00,1993-12-04 00:00:00,1993-12-04 12:00:00
2833,1993331N07108,1993-12-02 15:00:00,1993-12-03 15:00:00,1993-12-03 21:00:00,1993-12-04 03:00:00,1993-12-04 15:00:00
2834,1993331N07108,1993-12-02 18:00:00,1993-12-03 18:00:00,1993-12-04 00:00:00,1993-12-04 06:00:00,1993-12-04 18:00:00
2835,1993331N07108,1993-12-02 21:00:00,1993-12-03 21:00:00,1993-12-04 03:00:00,1993-12-04 09:00:00,1993-12-04 21:00:00
2836,1993331N07108,1993-12-03 00:00:00,1993-12-04 00:00:00,1993-12-04 06:00:00,1993-12-04 12:00:00,1993-12-05 00:00:00
2837,1993331N07108,1993-12-03 03:00:00,1993-12-04 03:00:00,1993-12-04 09:00:00,1993-12-04 15:00:00,1993-12-05 03:00:00
2838,1993331N07108,1993-12-03 06:00:00,1993-12-04 06:00:00,1993-12-04 12:00:00,1993-12-04 18:00:00,1993-12-05 06:00:00
2839,1993331N07108,1993-12-03 09:00:00,1993-12-04 09:00:00,1993-12-04 15:00:00,1993-12-04 21:00:00,1993-12-05 09:00:00
2840,1993331N07108,1993-12-03 12:00:00,1993-12-04 12:00:00,1993-12-04 18:00:00,1993-12-05 00:00:00,1993-12-05 12:00:00
2841,1993331N07108,1993-12-03 15:00:00,1993-12-04 15:00:00,1993-12-04 21:00:00,1993-12-05 03:00:00,1993-12-05 15:00:00
2842,1993331N07108,1993-12-03 18:00:00,1993-12-04 18:00:00,1993-12-05 00:00:00,1993-12-05 06:00:00,1993-12-05 18:00:00
2843,1993336N05164,1993-12-01 12:00:00,1993-12-02 12:00:00,1993-12-02 18:00:00,1993-12-03 00:00:00,1993-12-03 12:00:00
2844,1993336N05164,1993-12-01 15:00:00,1993-12-02 15:00:00,1993-12-02 21:00:00,1993-12-03 03:00:00,1993-12-03 15:00:00
2845,1993336N05164,1993-12-01 18:00:00,1993-12-02 18:00:00,1993-12-03 00:00:00,1993-12-03 06:00:00,1993-12-03 18:00:00
2846,1993336N05164,1993-12-01 21:00:00,1993-12-02 21:00:00,1993-12-03 03:00:00,1993-12-03 09:00:00,1993-12-03 21:00:00
2847,1993336N05164,1993-12-02 00:00:00,1993-12-03 00:00:00,1993-12-03 06:00:00,1993-12-03 12:00:00,1993-12-04 00:00:00
2848,1993336N05164,1993-12-02 03:00:00,1993-12-03 03:00:00,1993-12-03 09:00:00,1993-12-03 15:00:00,1993-12-04 03:00:00
2849,1993336N05164,1993-12-02 06:00:00,1993-12-03 06:00:00,1993-12-03 12:00:00,1993-12-03 18:00:00,1993-12-04 06:00:00
2850,1993336N05164,1993-12-02 09:00:00,1993-12-03 09:00:00,1993-12-03 15:00:00,1993-12-03 21:00:00,1993-12-04 09:00:00
2851,1993336N05164,1993-12-02 12:00:00,1993-12-03 12:00:00,1993-12-03 18:00:00,1993-12-04 00:00:00,1993-12-04 12:00:00
2852,1993336N05164,1993-12-02 15:00:00,1993-12-03 15:00:00,1993-12-03 21:00:00,1993-12-04 03:00:00,1993-12-04 15:00:00
2853,1993336N05164,1993-12-02 18:00:00,1993-12-03 18:00:00,1993-12-04 00:00:00,1993-12-04 06:00:00,1993-12-04 18:00:00
2854,1993336N05164,1993-12-02 21:00:00,1993-12-03 21:00:00,1993-12-04 03:00:00,1993-12-04 09:00:00,1993-12-04 21:00:00
2855,1993336N05164,1993-12-03 00:00:00,1993-12-04 00:00:00,1993-12-04 06:00:00,1993-12-04 12:00:00,1993-12-05 00:00:00
2856,1993336N05164,1993-12-03 03:00:00,1993-12-04 03:00:00,1993-12-04 09:00:00,1993-12-04 15:00:00,1993-12-05 03:00:00
2857,1993336N05164,1993-12-03 06:00:00,1993-12-04 06:00:00,1993-12-04 12:00:00,1993-12-04 18:00:00,1993-12-05 06:00:00
2858,1993336N05164,1993-12-03 09:00:00,1993-12-04 09:00:00,1993-12-04 15:00:00,1993-12-04 21:00:00,1993-12-05 09:00:00
2859,1993336N05164,1993-12-03 12:00:00,1993-12-04 12:00:00,1993-12-04 18:00:00,1993-12-05 00:00:00,1993-12-05 12:00:00
2860,1993336N05164,1993-12-03 15:00:00,1993-12-04 15:00:00,1993-12-04 21:00:00,1993-12-05 03:00:00,1993-12-05 15:00:00
2861,1993336N05164,1993-12-03 18:00:00,1993-12-04 18:00:00,1993-12-05 00:00:00,1993-12-05 06:00:00,1993-12-05 18:00:00
2862,1993336N05164,1993-12-03 21:00:00,1993-12-04 21:00:00,1993-12-05 03:00:00,1993-12-05 09:00:00,1993-12-05 21:00:00
2863,1993336N05164,1993-12-04 00:00:00,1993-12-05 00:00:00,1993-12-05 06:00:00,1993-12-05 12:00:00,1993-12-06 00:00:00
2864,1993336N05164,1993-12-04 03:00:00,1993-12-05 03:00:00,1993-12-05 09:00:00,1993-12-05 15:00:00,1993-12-06 03:00:00
2865,1993336N05164,1993-12-04 06:00:00,1993-12-05 06:00:00,1993-12-05 12:00:00,1993-12-05 18:00:00,1993-12-06 06:00:00
2866,1993336N05164,1993-12-04 09:00:00,1993-12-05 09:00:00,1993-12-05 15:00:00,1993-12-05 21:00:00,1993-12-06 09:00:00
2867,1993336N05164,1993-12-04 12:00:00,1993-12-05 12:00:00,1993-12-05 18:00:00,1993-12-06 00:00:00,1993-12-06 12:00:00
2868,1993336N05164,1993-12-04 15:00:00,1993-12-05 15:00:00,1993-12-05 21:00:00,1993-12-06 03:00:00,1993-12-06 15:00:00
2869,1993336N05164,1993-12-04 18:00:00,1993-12-05 18:00:00,1993-12-06 00:00:00,1993-12-06 06:00:00,1993-12-06 18:00:00
2870,1993336N05164,1993-12-04 21:00:00,1993-12-05 21:00:00,1993-12-06 03:00:00,1993-12-06 09:00:00,1993-12-06 21:00:00
2871,1993336N05164,1993-12-05 00:00:00,1993-12-06 00:00:00,1993-12-06 06:00:00,1993-12-06 12:00:00,1993-12-07 00:00:00
2872,1993336N05164,1993-12-05 03:00:00,1993-12-06 03:00:00,1993-12-06 09:00:00,1993-12-06 15:00:00,1993-12-07 03:00:00
2873,1993336N05164,1993-12-05 06:00:00,1993-12-06 06:00:00,1993-12-06 12:00:00,1993-12-06 18:00:00,1993-12-07 06:00:00
2874,1993336N05164,1993-12-05 09:00:00,1993-12-06 09:00:00,1993-12-06 15:00:00,1993-12-06 21:00:00,1993-12-07 09:00:00
2875,1993336N05164,1993-12-05 12:00:00,1993-12-06 12:00:00,1993-12-06 18:00:00,1993-12-07 00:00:00,1993-12-07 12:00:00
2876,1993336N05164,1993-12-05 15:00:00,1993-12-06 15:00:00,1993-12-06 21:00:00,1993-12-07 03:00:00,1993-12-07 15:00:00
2877,1993336N05164,1993-12-05 18:00:00,1993-12-06 18:00:00,1993-12-07 00:00:00,1993-12-07 06:00:00,1993-12-07 18:00:00
2878,1993336N05164,1993-12-05 21:00:00,1993-12-06 21:00:00,1993-12-07 03:00:00,1993-12-07 09:00:00,1993-12-07 21:00:00
2879,1993336N05164,1993-12-06 00:00:00,1993-12-07 00:00:00,1993-12-07 06:00:00,1993-12-07 12:00:00,1993-12-08 00:00:00
2880,1993336N05164,1993-12-06 03:00:00,1993-12-07 03:00:00,1993-12-07 09:00:00,1993-12-07 15:00:00,1993-12-08 03:00:00
2881,1993336N05164,1993-12-06 06:00:00,1993-12-07 06:00:00,1993-12-07 12:00:00,1993-12-07 18:00:00,1993-12-08 06:00:00
2882,1993336N05164,1993-12-06 09:00:00,1993-12-07 09:00:00,1993-12-07 15:00:00,1993-12-07 21:00:00,1993-12-08 09:00:00
2883,1993336N05164,1993-12-06 12:00:00,1993-12-07 12:00:00,1993-12-07 18:00:00,1993-12-08 00:00:00,1993-12-08 12:00:00
2884,1993336N05164,1993-12-06 15:00:00,1993-12-07 15:00:00,1993-12-07 21:00:00,1993-12-08 03:00:00,1993-12-08 15:00:00
2885,1993336N05164,1993-12-06 18:00:00,1993-12-07 18:00:00,1993-12-08 00:00:00,1993-12-08 06:00:00,1993-12-08 18:00:00
2886,1993336N05164,1993-12-06 21:00:00,1993-12-07 21:00:00,1993-12-08 03:00:00,1993-12-08 09:00:00,1993-12-08 21:00:00
2887,1993336N05164,1993-12-07 00:00:00,1993-12-08 00:00:00,1993-12-08 06:00:00,1993-12-08 12:00:00,1993-12-09 00:00:00
2888,1993336N05164,1993-12-07 03:00:00,1993-12-08 03:00:00,1993-12-08 09:00:00,1993-12-08 15:00:00,1993-12-09 03:00:00
2889,1993336N05164,1993-12-07 06:00:00,1993-12-08 06:00:00,1993-12-08 12:00:00,1993-12-08 18:00:00,1993-12-09 06:00:00
2890,1993336N05164,1993-12-07 09:00:00,1993-12-08 09:00:00,1993-12-08 15:00:00,1993-12-08 21:00:00,1993-12-09 09:00:00
2891,1993336N05164,1993-12-07 12:00:00,1993-12-08 12:00:00,1993-12-08 18:00:00,1993-12-09 00:00:00,1993-12-09 12:00:00
2892,1993336N05164,1993-12-07 15:00:00,1993-12-08 15:00:00,1993-12-08 21:00:00,1993-12-09 03:00:00,1993-12-09 15:00:00
2893,1993336N05164,1993-12-07 18:00:00,1993-12-08 18:00:00,1993-12-09 00:00:00,1993-12-09 06:00:00,1993-12-09 18:00:00
2894,1993336N05164,1993-12-07 21:00:00,1993-12-08 21:00:00,1993-12-09 03:00:00,1993-12-09 09:00:00,1993-12-09 21:00:00
2895,1993336N05164,1993-12-08 00:00:00,1993-12-09 00:00:00,1993-12-09 06:00:00,1993-12-09 12:00:00,1993-12-10 00:00:00
2896,1993336N05164,1993-12-08 03:00:00,1993-12-09 03:00:00,1993-12-09 09:00:00,1993-12-09 15:00:00,1993-12-10 03:00:00
2897,1993336N05164,1993-12-08 06:00:00,1993-12-09 06:00:00,1993-12-09 12:00:00,1993-12-09 18:00:00,1993-12-10 06:00:00
2898,1993336N05164,1993-12-08 09:00:00,1993-12-09 09:00:00,1993-12-09 15:00:00,1993-12-09 21:00:00,1993-12-10 09:00:00
2899,1993336N05164,1993-12-08 12:00:00,1993-12-09 12:00:00,1993-12-09 18:00:00,1993-12-10 00:00:00,1993-12-10 12:00:00
2900,1993336N05164,1993-12-08 15:00:00,1993-12-09 15:00:00,1993-12-09 21:00:00,1993-12-10 03:00:00,1993-12-10 15:00:00
2901,1993336N05164,1993-12-08 18:00:00,1993-12-09 18:00:00,1993-12-10 00:00:00,1993-12-10 06:00:00,1993-12-10 18:00:00
2902,1993336N05164,1993-12-08 21:00:00,1993-12-09 21:00:00,1993-12-10 03:00:00,1993-12-10 09:00:00,1993-12-10 21:00:00
2903,1993336N05164,1993-12-09 00:00:00,1993-12-10 00:00:00,1993-12-10 06:00:00,1993-12-10 12:00:00,1993-12-11 00:00:00
2904,1993336N05164,1993-12-09 03:00:00,1993-12-10 03:00:00,1993-12-10 09:00:00,1993-12-10 15:00:00,1993-12-11 03:00:00
2905,1993336N05164,1993-12-09 06:00:00,1993-12-10 06:00:00,1993-12-10 12:00:00,1993-12-10 18:00:00,1993-12-11 06:00:00
2906,1993336N05164,1993-12-09 09:00:00,1993-12-10 09:00:00,1993-12-10 15:00:00,1993-12-10 21:00:00,1993-12-11 09:00:00
2907,1993336N05164,1993-12-09 12:00:00,1993-12-10 12:00:00,1993-12-10 18:00:00,1993-12-11 00:00:00,1993-12-11 12:00:00
2908,1993336N05164,1993-12-09 15:00:00,1993-12-10 15:00:00,1993-12-10 21:00:00,1993-12-11 03:00:00,1993-12-11 15:00:00
2909,1993336N05164,1993-12-09 18:00:00,1993-12-10 18:00:00,1993-12-11 00:00:00,1993-12-11 06:00:00,1993-12-11 18:00:00
2910,1993336N05164,1993-12-09 21:00:00,1993-12-10 21:00:00,1993-12-11 03:00:00,1993-12-11 09:00:00,1993-12-11 21:00:00
2911,1993336N05164,1993-12-10 00:00:00,1993-12-11 00:00:00,1993-12-11 06:00:00,1993-12-11 12:00:00,1993-12-12 00:00:00
2912,1993336N05164,1993-12-10 03:00:00,1993-12-11 03:00:00,1993-12-11 09:00:00,1993-12-11 15:00:00,1993-12-12 03:00:00
2913,1993336N05164,1993-12-10 06:00:00,1993-12-11 06:00:00,1993-12-11 12:00:00,1993-12-11 18:00:00,1993-12-12 06:00:00
2914,1993336N05164,1993-12-10 09:00:00,1993-12-11 09:00:00,1993-12-11 15:00:00,1993-12-11 21:00:00,1993-12-12 09:00:00
2915,1993336N05164,1993-12-10 12:00:00,1993-12-11 12:00:00,1993-12-11 18:00:00,1993-12-12 00:00:00,1993-12-12 12:00:00
2916,1993336N05164,1993-12-10 15:00:00,1993-12-11 15:00:00,1993-12-11 21:00:00,1993-12-12 03:00:00,1993-12-12 15:00:00
2917,1993336N05164,1993-12-10 18:00:00,1993-12-11 18:00:00,1993-12-12 00:00:00,1993-12-12 06:00:00,1993-12-12 18:00:00
2918,1993336N05164,1993-12-10 21:00:00,1993-12-11 21:00:00,1993-12-12 03:00:00,1993-12-12 09:00:00,1993-12-12 21:00:00
2919,1993336N05164,1993-12-11 00:00:00,1993-12-12 00:00:00,1993-12-12 06:00:00,1993-12-12 12:00:00,1993-12-13 00:00:00
2920,1993336N05164,1993-12-11 03:00:00,1993-12-12 03:00:00,1993-12-12 09:00:00,1993-12-12 15:00:00,1993-12-13 03:00:00
2921,1993336N05164,1993-12-11 06:00:00,1993-12-12 06:00:00,1993-12-12 12:00:00,1993-12-12 18:00:00,1993-12-13 06:00:00
2922,1993336N05164,1993-12-11 09:00:00,1993-12-12 09:00:00,1993-12-12 15:00:00,1993-12-12 21:00:00,1993-12-13 09:00:00
2923,1993336N05164,1993-12-11 12:00:00,1993-12-12 12:00:00,1993-12-12 18:00:00,1993-12-13 00:00:00,1993-12-13 12:00:00
2924,1993336N05164,1993-12-11 15:00:00,1993-12-12 15:00:00,1993-12-12 21:00:00,1993-12-13 03:00:00,1993-12-13 15:00:00
2925,1993336N05164,1993-12-11 18:00:00,1993-12-12 18:00:00,1993-12-13 00:00:00,1993-12-13 06:00:00,1993-12-13 18:00:00
2926,1993336N05164,1993-12-11 21:00:00,1993-12-12 21:00:00,1993-12-13 03:00:00,1993-12-13 09:00:00,1993-12-13 21:00:00
2927,1993336N05164,1993-12-12 00:00:00,1993-12-13 00:00:00,1993-12-13 06:00:00,1993-12-13 12:00:00,1993-12-14 00:00:00
2928,1993336N05164,1993-12-12 03:00:00,1993-12-13 03:00:00,1993-12-13 09:00:00,1993-12-13 15:00:00,1993-12-14 03:00:00
2929,1993336N05164,1993-12-12 06:00:00,1993-12-13 06:00:00,1993-12-13 12:00:00,1993-12-13 18:00:00,1993-12-14 06:00:00
2930,1993336N05164,1993-12-12 09:00:00,1993-12-13 09:00:00,1993-12-13 15:00:00,1993-12-13 21:00:00,1993-12-14 09:00:00
2931,1993336N05164,1993-12-12 12:00:00,1993-12-13 12:00:00,1993-12-13 18:00:00,1993-12-14 00:00:00,1993-12-14 12:00:00
2932,1993336N05164,1993-12-12 15:00:00,1993-12-13 15:00:00,1993-12-13 21:00:00,1993-12-14 03:00:00,1993-12-14 15:00:00
2933,1993336N05164,1993-12-12 18:00:00,1993-12-13 18:00:00,1993-12-14 00:00:00,1993-12-14 06:00:00,1993-12-14 18:00:00
2934,1993336N05164,1993-12-12 21:00:00,1993-12-13 21:00:00,1993-12-14 03:00:00,1993-12-14 09:00:00,1993-12-14 21:00:00
2935,1993336N05164,1993-12-13 00:00:00,1993-12-14 00:00:00,1993-12-14 06:00:00,1993-12-14 12:00:00,1993-12-15 00:00:00
2936,1993336N05164,1993-12-13 03:00:00,1993-12-14 03:00:00,1993-12-14 09:00:00,1993-12-14 15:00:00,1993-12-15 03:00:00
2937,1993336N05164,1993-12-13 06:00:00,1993-12-14 06:00:00,1993-12-14 12:00:00,1993-12-14 18:00:00,1993-12-15 06:00:00
2938,1993336N05164,1993-12-13 09:00:00,1993-12-14 09:00:00,1993-12-14 15:00:00,1993-12-14 21:00:00,1993-12-15 09:00:00
2939,1993336N05164,1993-12-13 12:00:00,1993-12-14 12:00:00,1993-12-14 18:00:00,1993-12-15 00:00:00,1993-12-15 12:00:00
2940,1993336N05164,1993-12-13 15:00:00,1993-12-14 15:00:00,1993-12-14 21:00:00,1993-12-15 03:00:00,1993-12-15 15:00:00
2941,1993336N05164,1993-12-13 18:00:00,1993-12-14 18:00:00,1993-12-15 00:00:00,1993-12-15 06:00:00,1993-12-15 18:00:00
2942,1993336N05164,1993-12-13 21:00:00,1993-12-14 21:00:00,1993-12-15 03:00:00,1993-12-15 09:00:00,1993-12-15 21:00:00
2943,1993336N05164,1993-12-14 00:00:00,1993-12-15 00:00:00,1993-12-15 06:00:00,1993-12-15 12:00:00,1993-12-16 00:00:00
2944,1993336N05164,1993-12-14 03:00:00,1993-12-15 03:00:00,1993-12-15 09:00:00,1993-12-15 15:00:00,1993-12-16 03:00:00
2945,1993336N05164,1993-12-14 06:00:00,1993-12-15 06:00:00,1993-12-15 12:00:00,1993-12-15 18:00:00,1993-12-16 06:00:00
2946,1994078N06096,1994-03-18 18:00:00,1994-03-19 18:00:00,1994-03-20 00:00:00,1994-03-20 06:00:00,1994-03-20 18:00:00
2947,1994078N06096,1994-03-18 21:00:00,1994-03-19 21:00:00,1994-03-20 03:00:00,1994-03-20 09:00:00,1994-03-20 21:00:00
2948,1994078N06096,1994-03-19 00:00:00,1994-03-20 00:00:00,1994-03-20 06:00:00,1994-03-20 12:00:00,1994-03-21 00:00:00
2949,1994078N06096,1994-03-19 03:00:00,1994-03-20 03:00:00,1994-03-20 09:00:00,1994-03-20 15:00:00,1994-03-21 03:00:00
2950,1994078N06096,1994-03-19 06:00:00,1994-03-20 06:00:00,1994-03-20 12:00:00,1994-03-20 18:00:00,1994-03-21 06:00:00
2951,1994078N06096,1994-03-19 09:00:00,1994-03-20 09:00:00,1994-03-20 15:00:00,1994-03-20 21:00:00,1994-03-21 09:00:00
2952,1994078N06096,1994-03-19 12:00:00,1994-03-20 12:00:00,1994-03-20 18:00:00,1994-03-21 00:00:00,1994-03-21 12:00:00
2953,1994078N06096,1994-03-19 15:00:00,1994-03-20 15:00:00,1994-03-20 21:00:00,1994-03-21 03:00:00,1994-03-21 15:00:00
2954,1994078N06096,1994-03-19 18:00:00,1994-03-20 18:00:00,1994-03-21 00:00:00,1994-03-21 06:00:00,1994-03-21 18:00:00
2955,1994078N06096,1994-03-19 21:00:00,1994-03-20 21:00:00,1994-03-21 03:00:00,1994-03-21 09:00:00,1994-03-21 21:00:00
2956,1994078N06096,1994-03-20 00:00:00,1994-03-21 00:00:00,1994-03-21 06:00:00,1994-03-21 12:00:00,1994-03-22 00:00:00
2957,1994078N06096,1994-03-20 03:00:00,1994-03-21 03:00:00,1994-03-21 09:00:00,1994-03-21 15:00:00,1994-03-22 03:00:00
2958,1994078N06096,1994-03-20 06:00:00,1994-03-21 06:00:00,1994-03-21 12:00:00,1994-03-21 18:00:00,1994-03-22 06:00:00
2959,1994078N06096,1994-03-20 09:00:00,1994-03-21 09:00:00,1994-03-21 15:00:00,1994-03-21 21:00:00,1994-03-22 09:00:00
2960,1994078N06096,1994-03-20 12:00:00,1994-03-21 12:00:00,1994-03-21 18:00:00,1994-03-22 00:00:00,1994-03-22 12:00:00
2961,1994078N06096,1994-03-20 15:00:00,1994-03-21 15:00:00,1994-03-21 21:00:00,1994-03-22 03:00:00,1994-03-22 15:00:00
2962,1994078N06096,1994-03-20 18:00:00,1994-03-21 18:00:00,1994-03-22 00:00:00,1994-03-22 06:00:00,1994-03-22 18:00:00
2963,1994078N06096,1994-03-20 21:00:00,1994-03-21 21:00:00,1994-03-22 03:00:00,1994-03-22 09:00:00,1994-03-22 21:00:00
2964,1994078N06096,1994-03-21 00:00:00,1994-03-22 00:00:00,1994-03-22 06:00:00,1994-03-22 12:00:00,1994-03-23 00:00:00
2965,1994078N06096,1994-03-21 03:00:00,1994-03-22 03:00:00,1994-03-22 09:00:00,1994-03-22 15:00:00,1994-03-23 03:00:00
2966,1994078N06096,1994-03-21 06:00:00,1994-03-22 06:00:00,1994-03-22 12:00:00,1994-03-22 18:00:00,1994-03-23 06:00:00
2967,1994078N06096,1994-03-21 09:00:00,1994-03-22 09:00:00,1994-03-22 15:00:00,1994-03-22 21:00:00,1994-03-23 09:00:00
2968,1994078N06096,1994-03-21 12:00:00,1994-03-22 12:00:00,1994-03-22 18:00:00,1994-03-23 00:00:00,1994-03-23 12:00:00
2969,1994078N06096,1994-03-21 15:00:00,1994-03-22 15:00:00,1994-03-22 21:00:00,1994-03-23 03:00:00,1994-03-23 15:00:00
2970,1994078N06096,1994-03-21 18:00:00,1994-03-22 18:00:00,1994-03-23 00:00:00,1994-03-23 06:00:00,1994-03-23 18:00:00
2971,1994078N06096,1994-03-21 21:00:00,1994-03-22 21:00:00,1994-03-23 03:00:00,1994-03-23 09:00:00,1994-03-23 21:00:00
2972,1994078N06096,1994-03-22 00:00:00,1994-03-23 00:00:00,1994-03-23 06:00:00,1994-03-23 12:00:00,1994-03-24 00:00:00
2973,1994078N06096,1994-03-22 03:00:00,1994-03-23 03:00:00,1994-03-23 09:00:00,1994-03-23 15:00:00,1994-03-24 03:00:00
2974,1994078N06096,1994-03-22 06:00:00,1994-03-23 06:00:00,1994-03-23 12:00:00,1994-03-23 18:00:00,1994-03-24 06:00:00
2975,1994078N06096,1994-03-22 09:00:00,1994-03-23 09:00:00,1994-03-23 15:00:00,1994-03-23 21:00:00,1994-03-24 09:00:00
2976,1994078N06096,1994-03-22 12:00:00,1994-03-23 12:00:00,1994-03-23 18:00:00,1994-03-24 00:00:00,1994-03-24 12:00:00
2977,1994078N06096,1994-03-22 15:00:00,1994-03-23 15:00:00,1994-03-23 21:00:00,1994-03-24 03:00:00,1994-03-24 15:00:00
2978,1994078N06096,1994-03-22 18:00:00,1994-03-23 18:00:00,1994-03-24 00:00:00,1994-03-24 06:00:00,1994-03-24 18:00:00
2979,1994078N06096,1994-03-22 21:00:00,1994-03-23 21:00:00,1994-03-24 03:00:00,1994-03-24 09:00:00,1994-03-24 21:00:00
2980,1994078N06096,1994-03-23 00:00:00,1994-03-24 00:00:00,1994-03-24 06:00:00,1994-03-24 12:00:00,1994-03-25 00:00:00
2981,1994078N06096,1994-03-23 03:00:00,1994-03-24 03:00:00,1994-03-24 09:00:00,1994-03-24 15:00:00,1994-03-25 03:00:00
2982,1994078N06096,1994-03-23 06:00:00,1994-03-24 06:00:00,1994-03-24 12:00:00,1994-03-24 18:00:00,1994-03-25 06:00:00
2983,1994078N06096,1994-03-23 09:00:00,1994-03-24 09:00:00,1994-03-24 15:00:00,1994-03-24 21:00:00,1994-03-25 09:00:00
2984,1994078N06096,1994-03-23 12:00:00,1994-03-24 12:00:00,1994-03-24 18:00:00,1994-03-25 00:00:00,1994-03-25 12:00:00
2985,1994117N07096,1994-04-26 18:00:00,1994-04-27 18:00:00,1994-04-28 00:00:00,1994-04-28 06:00:00,1994-04-28 18:00:00
2986,1994117N07096,1994-04-26 21:00:00,1994-04-27 21:00:00,1994-04-28 03:00:00,1994-04-28 09:00:00,1994-04-28 21:00:00
2987,1994117N07096,1994-04-27 00:00:00,1994-04-28 00:00:00,1994-04-28 06:00:00,1994-04-28 12:00:00,1994-04-29 00:00:00
2988,1994117N07096,1994-04-27 03:00:00,1994-04-28 03:00:00,1994-04-28 09:00:00,1994-04-28 15:00:00,1994-04-29 03:00:00
2989,1994117N07096,1994-04-27 06:00:00,1994-04-28 06:00:00,1994-04-28 12:00:00,1994-04-28 18:00:00,1994-04-29 06:00:00
2990,1994117N07096,1994-04-27 09:00:00,1994-04-28 09:00:00,1994-04-28 15:00:00,1994-04-28 21:00:00,1994-04-29 09:00:00
2991,1994117N07096,1994-04-27 12:00:00,1994-04-28 12:00:00,1994-04-28 18:00:00,1994-04-29 00:00:00,1994-04-29 12:00:00
2992,1994117N07096,1994-04-27 15:00:00,1994-04-28 15:00:00,1994-04-28 21:00:00,1994-04-29 03:00:00,1994-04-29 15:00:00
2993,1994117N07096,1994-04-27 18:00:00,1994-04-28 18:00:00,1994-04-29 00:00:00,1994-04-29 06:00:00,1994-04-29 18:00:00
2994,1994117N07096,1994-04-27 21:00:00,1994-04-28 21:00:00,1994-04-29 03:00:00,1994-04-29 09:00:00,1994-04-29 21:00:00
2995,1994117N07096,1994-04-28 00:00:00,1994-04-29 00:00:00,1994-04-29 06:00:00,1994-04-29 12:00:00,1994-04-30 00:00:00
2996,1994117N07096,1994-04-28 03:00:00,1994-04-29 03:00:00,1994-04-29 09:00:00,1994-04-29 15:00:00,1994-04-30 03:00:00
2997,1994117N07096,1994-04-28 06:00:00,1994-04-29 06:00:00,1994-04-29 12:00:00,1994-04-29 18:00:00,1994-04-30 06:00:00
2998,1994117N07096,1994-04-28 09:00:00,1994-04-29 09:00:00,1994-04-29 15:00:00,1994-04-29 21:00:00,1994-04-30 09:00:00
2999,1994117N07096,1994-04-28 12:00:00,1994-04-29 12:00:00,1994-04-29 18:00:00,1994-04-30 00:00:00,1994-04-30 12:00:00
3000,1994117N07096,1994-04-28 15:00:00,1994-04-29 15:00:00,1994-04-29 21:00:00,1994-04-30 03:00:00,1994-04-30 15:00:00
3001,1994117N07096,1994-04-28 18:00:00,1994-04-29 18:00:00,1994-04-30 00:00:00,1994-04-30 06:00:00,1994-04-30 18:00:00
3002,1994117N07096,1994-04-28 21:00:00,1994-04-29 21:00:00,1994-04-30 03:00:00,1994-04-30 09:00:00,1994-04-30 21:00:00
3003,1994117N07096,1994-04-29 00:00:00,1994-04-30 00:00:00,1994-04-30 06:00:00,1994-04-30 12:00:00,1994-05-01 00:00:00
3004,1994117N07096,1994-04-29 03:00:00,1994-04-30 03:00:00,1994-04-30 09:00:00,1994-04-30 15:00:00,1994-05-01 03:00:00
3005,1994117N07096,1994-04-29 06:00:00,1994-04-30 06:00:00,1994-04-30 12:00:00,1994-04-30 18:00:00,1994-05-01 06:00:00
3006,1994117N07096,1994-04-29 09:00:00,1994-04-30 09:00:00,1994-04-30 15:00:00,1994-04-30 21:00:00,1994-05-01 09:00:00
3007,1994117N07096,1994-04-29 12:00:00,1994-04-30 12:00:00,1994-04-30 18:00:00,1994-05-01 00:00:00,1994-05-01 12:00:00
3008,1994117N07096,1994-04-29 15:00:00,1994-04-30 15:00:00,1994-04-30 21:00:00,1994-05-01 03:00:00,1994-05-01 15:00:00
3009,1994117N07096,1994-04-29 18:00:00,1994-04-30 18:00:00,1994-05-01 00:00:00,1994-05-01 06:00:00,1994-05-01 18:00:00
3010,1994117N07096,1994-04-29 21:00:00,1994-04-30 21:00:00,1994-05-01 03:00:00,1994-05-01 09:00:00,1994-05-01 21:00:00
3011,1994117N07096,1994-04-30 00:00:00,1994-05-01 00:00:00,1994-05-01 06:00:00,1994-05-01 12:00:00,1994-05-02 00:00:00
3012,1994117N07096,1994-04-30 03:00:00,1994-05-01 03:00:00,1994-05-01 09:00:00,1994-05-01 15:00:00,1994-05-02 03:00:00
3013,1994117N07096,1994-04-30 06:00:00,1994-05-01 06:00:00,1994-05-01 12:00:00,1994-05-01 18:00:00,1994-05-02 06:00:00
3014,1994117N07096,1994-04-30 09:00:00,1994-05-01 09:00:00,1994-05-01 15:00:00,1994-05-01 21:00:00,1994-05-02 09:00:00
3015,1994117N07096,1994-04-30 12:00:00,1994-05-01 12:00:00,1994-05-01 18:00:00,1994-05-02 00:00:00,1994-05-02 12:00:00
3016,1994117N07096,1994-04-30 15:00:00,1994-05-01 15:00:00,1994-05-01 21:00:00,1994-05-02 03:00:00,1994-05-02 15:00:00
3017,1994157N17074,1994-06-05 12:00:00,1994-06-06 12:00:00,1994-06-06 18:00:00,1994-06-07 00:00:00,1994-06-07 12:00:00
3018,1994157N17074,1994-06-05 15:00:00,1994-06-06 15:00:00,1994-06-06 21:00:00,1994-06-07 03:00:00,1994-06-07 15:00:00
3019,1994157N17074,1994-06-05 18:00:00,1994-06-06 18:00:00,1994-06-07 00:00:00,1994-06-07 06:00:00,1994-06-07 18:00:00
3020,1994157N17074,1994-06-05 21:00:00,1994-06-06 21:00:00,1994-06-07 03:00:00,1994-06-07 09:00:00,1994-06-07 21:00:00
3021,1994157N17074,1994-06-06 00:00:00,1994-06-07 00:00:00,1994-06-07 06:00:00,1994-06-07 12:00:00,1994-06-08 00:00:00
3022,1994157N17074,1994-06-06 03:00:00,1994-06-07 03:00:00,1994-06-07 09:00:00,1994-06-07 15:00:00,1994-06-08 03:00:00
3023,1994157N17074,1994-06-06 06:00:00,1994-06-07 06:00:00,1994-06-07 12:00:00,1994-06-07 18:00:00,1994-06-08 06:00:00
3024,1994157N17074,1994-06-06 09:00:00,1994-06-07 09:00:00,1994-06-07 15:00:00,1994-06-07 21:00:00,1994-06-08 09:00:00
3025,1994157N17074,1994-06-06 12:00:00,1994-06-07 12:00:00,1994-06-07 18:00:00,1994-06-08 00:00:00,1994-06-08 12:00:00
3026,1994157N17074,1994-06-06 15:00:00,1994-06-07 15:00:00,1994-06-07 21:00:00,1994-06-08 03:00:00,1994-06-08 15:00:00
3027,1994157N17074,1994-06-06 18:00:00,1994-06-07 18:00:00,1994-06-08 00:00:00,1994-06-08 06:00:00,1994-06-08 18:00:00
3028,1994157N17074,1994-06-06 21:00:00,1994-06-07 21:00:00,1994-06-08 03:00:00,1994-06-08 09:00:00,1994-06-08 21:00:00
3029,1994157N17074,1994-06-07 00:00:00,1994-06-08 00:00:00,1994-06-08 06:00:00,1994-06-08 12:00:00,1994-06-09 00:00:00
3030,1994157N17074,1994-06-07 03:00:00,1994-06-08 03:00:00,1994-06-08 09:00:00,1994-06-08 15:00:00,1994-06-09 03:00:00
3031,1994157N17074,1994-06-07 06:00:00,1994-06-08 06:00:00,1994-06-08 12:00:00,1994-06-08 18:00:00,1994-06-09 06:00:00
3032,1994157N17074,1994-06-07 09:00:00,1994-06-08 09:00:00,1994-06-08 15:00:00,1994-06-08 21:00:00,1994-06-09 09:00:00
3033,1994157N17074,1994-06-07 12:00:00,1994-06-08 12:00:00,1994-06-08 18:00:00,1994-06-09 00:00:00,1994-06-09 12:00:00
3034,1994157N17074,1994-06-07 15:00:00,1994-06-08 15:00:00,1994-06-08 21:00:00,1994-06-09 03:00:00,1994-06-09 15:00:00
3035,1994157N17074,1994-06-07 18:00:00,1994-06-08 18:00:00,1994-06-09 00:00:00,1994-06-09 06:00:00,1994-06-09 18:00:00
3036,1994206N22107,1994-07-28 06:00:00,1994-07-29 06:00:00,1994-07-29 12:00:00,1994-07-29 18:00:00,1994-07-30 06:00:00
3037,1994206N22107,1994-07-28 09:00:00,1994-07-29 09:00:00,1994-07-29 15:00:00,1994-07-29 21:00:00,1994-07-30 09:00:00
3038,1994206N22107,1994-07-28 12:00:00,1994-07-29 12:00:00,1994-07-29 18:00:00,1994-07-30 00:00:00,1994-07-30 12:00:00
3039,1994206N22107,1994-07-28 15:00:00,1994-07-29 15:00:00,1994-07-29 21:00:00,1994-07-30 03:00:00,1994-07-30 15:00:00
3040,1994206N22107,1994-07-28 18:00:00,1994-07-29 18:00:00,1994-07-30 00:00:00,1994-07-30 06:00:00,1994-07-30 18:00:00
3041,1994206N22107,1994-07-28 21:00:00,1994-07-29 21:00:00,1994-07-30 03:00:00,1994-07-30 09:00:00,1994-07-30 21:00:00
3042,1994206N22107,1994-07-29 00:00:00,1994-07-30 00:00:00,1994-07-30 06:00:00,1994-07-30 12:00:00,1994-07-31 00:00:00
3043,1994206N22107,1994-07-29 03:00:00,1994-07-30 03:00:00,1994-07-30 09:00:00,1994-07-30 15:00:00,1994-07-31 03:00:00
3044,1994206N22107,1994-07-29 06:00:00,1994-07-30 06:00:00,1994-07-30 12:00:00,1994-07-30 18:00:00,1994-07-31 06:00:00
3045,1994206N22107,1994-07-29 09:00:00,1994-07-30 09:00:00,1994-07-30 15:00:00,1994-07-30 21:00:00,1994-07-31 09:00:00
3046,1994206N22107,1994-07-29 12:00:00,1994-07-30 12:00:00,1994-07-30 18:00:00,1994-07-31 00:00:00,1994-07-31 12:00:00
3047,1994206N22107,1994-07-29 15:00:00,1994-07-30 15:00:00,1994-07-30 21:00:00,1994-07-31 03:00:00,1994-07-31 15:00:00
3048,1994206N22107,1994-07-29 18:00:00,1994-07-30 18:00:00,1994-07-31 00:00:00,1994-07-31 06:00:00,1994-07-31 18:00:00
3049,1994206N22107,1994-07-29 21:00:00,1994-07-30 21:00:00,1994-07-31 03:00:00,1994-07-31 09:00:00,1994-07-31 21:00:00
3050,1994206N22107,1994-07-30 00:00:00,1994-07-31 00:00:00,1994-07-31 06:00:00,1994-07-31 12:00:00,1994-08-01 00:00:00
3051,1994206N22107,1994-07-30 03:00:00,1994-07-31 03:00:00,1994-07-31 09:00:00,1994-07-31 15:00:00,1994-08-01 03:00:00
3052,1994206N22107,1994-07-30 06:00:00,1994-07-31 06:00:00,1994-07-31 12:00:00,1994-07-31 18:00:00,1994-08-01 06:00:00
3053,1994302N11086,1994-10-28 12:00:00,1994-10-29 12:00:00,1994-10-29 18:00:00,1994-10-30 00:00:00,1994-10-30 12:00:00
3054,1994302N11086,1994-10-28 15:00:00,1994-10-29 15:00:00,1994-10-29 21:00:00,1994-10-30 03:00:00,1994-10-30 15:00:00
3055,1994302N11086,1994-10-28 18:00:00,1994-10-29 18:00:00,1994-10-30 00:00:00,1994-10-30 06:00:00,1994-10-30 18:00:00
3056,1994302N11086,1994-10-28 21:00:00,1994-10-29 21:00:00,1994-10-30 03:00:00,1994-10-30 09:00:00,1994-10-30 21:00:00
3057,1994302N11086,1994-10-29 00:00:00,1994-10-30 00:00:00,1994-10-30 06:00:00,1994-10-30 12:00:00,1994-10-31 00:00:00
3058,1994302N11086,1994-10-29 03:00:00,1994-10-30 03:00:00,1994-10-30 09:00:00,1994-10-30 15:00:00,1994-10-31 03:00:00
3059,1994302N11086,1994-10-29 06:00:00,1994-10-30 06:00:00,1994-10-30 12:00:00,1994-10-30 18:00:00,1994-10-31 06:00:00
3060,1994302N11086,1994-10-29 09:00:00,1994-10-30 09:00:00,1994-10-30 15:00:00,1994-10-30 21:00:00,1994-10-31 09:00:00
3061,1994302N11086,1994-10-29 12:00:00,1994-10-30 12:00:00,1994-10-30 18:00:00,1994-10-31 00:00:00,1994-10-31 12:00:00
3062,1994302N11086,1994-10-29 15:00:00,1994-10-30 15:00:00,1994-10-30 21:00:00,1994-10-31 03:00:00,1994-10-31 15:00:00
3063,1994302N11086,1994-10-29 18:00:00,1994-10-30 18:00:00,1994-10-31 00:00:00,1994-10-31 06:00:00,1994-10-31 18:00:00
3064,1994317N07070,1994-11-13 00:00:00,1994-11-14 00:00:00,1994-11-14 06:00:00,1994-11-14 12:00:00,1994-11-15 00:00:00
3065,1994317N07070,1994-11-13 03:00:00,1994-11-14 03:00:00,1994-11-14 09:00:00,1994-11-14 15:00:00,1994-11-15 03:00:00
3066,1994317N07070,1994-11-13 06:00:00,1994-11-14 06:00:00,1994-11-14 12:00:00,1994-11-14 18:00:00,1994-11-15 06:00:00
3067,1994317N07070,1994-11-13 09:00:00,1994-11-14 09:00:00,1994-11-14 15:00:00,1994-11-14 21:00:00,1994-11-15 09:00:00
3068,1994317N07070,1994-11-13 12:00:00,1994-11-14 12:00:00,1994-11-14 18:00:00,1994-11-15 00:00:00,1994-11-15 12:00:00
3069,1994317N07070,1994-11-13 15:00:00,1994-11-14 15:00:00,1994-11-14 21:00:00,1994-11-15 03:00:00,1994-11-15 15:00:00
3070,1994317N07070,1994-11-13 18:00:00,1994-11-14 18:00:00,1994-11-15 00:00:00,1994-11-15 06:00:00,1994-11-15 18:00:00
3071,1994317N07070,1994-11-13 21:00:00,1994-11-14 21:00:00,1994-11-15 03:00:00,1994-11-15 09:00:00,1994-11-15 21:00:00
3072,1994317N07070,1994-11-14 00:00:00,1994-11-15 00:00:00,1994-11-15 06:00:00,1994-11-15 12:00:00,1994-11-16 00:00:00
3073,1994317N07070,1994-11-14 03:00:00,1994-11-15 03:00:00,1994-11-15 09:00:00,1994-11-15 15:00:00,1994-11-16 03:00:00
3074,1994317N07070,1994-11-14 06:00:00,1994-11-15 06:00:00,1994-11-15 12:00:00,1994-11-15 18:00:00,1994-11-16 06:00:00
3075,1994317N07070,1994-11-14 09:00:00,1994-11-15 09:00:00,1994-11-15 15:00:00,1994-11-15 21:00:00,1994-11-16 09:00:00
3076,1994317N07070,1994-11-14 12:00:00,1994-11-15 12:00:00,1994-11-15 18:00:00,1994-11-16 00:00:00,1994-11-16 12:00:00
3077,1994317N07070,1994-11-14 15:00:00,1994-11-15 15:00:00,1994-11-15 21:00:00,1994-11-16 03:00:00,1994-11-16 15:00:00
3078,1994317N07070,1994-11-14 18:00:00,1994-11-15 18:00:00,1994-11-16 00:00:00,1994-11-16 06:00:00,1994-11-16 18:00:00
3079,1994317N07070,1994-11-14 21:00:00,1994-11-15 21:00:00,1994-11-16 03:00:00,1994-11-16 09:00:00,1994-11-16 21:00:00
3080,1994317N07070,1994-11-15 00:00:00,1994-11-16 00:00:00,1994-11-16 06:00:00,1994-11-16 12:00:00,1994-11-17 00:00:00
3081,1994317N07070,1994-11-15 03:00:00,1994-11-16 03:00:00,1994-11-16 09:00:00,1994-11-16 15:00:00,1994-11-17 03:00:00
3082,1994317N07070,1994-11-15 06:00:00,1994-11-16 06:00:00,1994-11-16 12:00:00,1994-11-16 18:00:00,1994-11-17 06:00:00
3083,1994317N07070,1994-11-15 09:00:00,1994-11-16 09:00:00,1994-11-16 15:00:00,1994-11-16 21:00:00,1994-11-17 09:00:00
3084,1994317N07070,1994-11-15 12:00:00,1994-11-16 12:00:00,1994-11-16 18:00:00,1994-11-17 00:00:00,1994-11-17 12:00:00
3085,1994317N07070,1994-11-15 15:00:00,1994-11-16 15:00:00,1994-11-16 21:00:00,1994-11-17 03:00:00,1994-11-17 15:00:00
3086,1994317N07070,1994-11-15 18:00:00,1994-11-16 18:00:00,1994-11-17 00:00:00,1994-11-17 06:00:00,1994-11-17 18:00:00
3087,1994317N07070,1994-11-15 21:00:00,1994-11-16 21:00:00,1994-11-17 03:00:00,1994-11-17 09:00:00,1994-11-17 21:00:00
3088,1994317N07070,1994-11-16 00:00:00,1994-11-17 00:00:00,1994-11-17 06:00:00,1994-11-17 12:00:00,1994-11-18 00:00:00
3089,1994317N07070,1994-11-16 03:00:00,1994-11-17 03:00:00,1994-11-17 09:00:00,1994-11-17 15:00:00,1994-11-18 03:00:00
3090,1994317N07070,1994-11-16 06:00:00,1994-11-17 06:00:00,1994-11-17 12:00:00,1994-11-17 18:00:00,1994-11-18 06:00:00
3091,1994317N07070,1994-11-16 09:00:00,1994-11-17 09:00:00,1994-11-17 15:00:00,1994-11-17 21:00:00,1994-11-18 09:00:00
3092,1994317N07070,1994-11-16 12:00:00,1994-11-17 12:00:00,1994-11-17 18:00:00,1994-11-18 00:00:00,1994-11-18 12:00:00
3093,1994317N07070,1994-11-16 15:00:00,1994-11-17 15:00:00,1994-11-17 21:00:00,1994-11-18 03:00:00,1994-11-18 15:00:00
3094,1994317N07070,1994-11-16 18:00:00,1994-11-17 18:00:00,1994-11-18 00:00:00,1994-11-18 06:00:00,1994-11-18 18:00:00
3095,1994317N07070,1994-11-16 21:00:00,1994-11-17 21:00:00,1994-11-18 03:00:00,1994-11-18 09:00:00,1994-11-18 21:00:00
3096,1994317N07070,1994-11-17 00:00:00,1994-11-18 00:00:00,1994-11-18 06:00:00,1994-11-18 12:00:00,1994-11-19 00:00:00
3097,1994317N07070,1994-11-17 03:00:00,1994-11-18 03:00:00,1994-11-18 09:00:00,1994-11-18 15:00:00,1994-11-19 03:00:00
3098,1994317N07070,1994-11-17 06:00:00,1994-11-18 06:00:00,1994-11-18 12:00:00,1994-11-18 18:00:00,1994-11-19 06:00:00
3099,1994317N07070,1994-11-17 09:00:00,1994-11-18 09:00:00,1994-11-18 15:00:00,1994-11-18 21:00:00,1994-11-19 09:00:00
3100,1994317N07070,1994-11-17 12:00:00,1994-11-18 12:00:00,1994-11-18 18:00:00,1994-11-19 00:00:00,1994-11-19 12:00:00
3101,1994317N07070,1994-11-17 15:00:00,1994-11-18 15:00:00,1994-11-18 21:00:00,1994-11-19 03:00:00,1994-11-19 15:00:00
3102,1994317N07070,1994-11-17 18:00:00,1994-11-18 18:00:00,1994-11-19 00:00:00,1994-11-19 06:00:00,1994-11-19 18:00:00
3103,1994317N07070,1994-11-17 21:00:00,1994-11-18 21:00:00,1994-11-19 03:00:00,1994-11-19 09:00:00,1994-11-19 21:00:00
3104,1994317N07070,1994-11-18 00:00:00,1994-11-19 00:00:00,1994-11-19 06:00:00,1994-11-19 12:00:00,1994-11-20 00:00:00
3105,1994317N07070,1994-11-18 03:00:00,1994-11-19 03:00:00,1994-11-19 09:00:00,1994-11-19 15:00:00,1994-11-20 03:00:00
3106,1994317N07070,1994-11-18 06:00:00,1994-11-19 06:00:00,1994-11-19 12:00:00,1994-11-19 18:00:00,1994-11-20 06:00:00
3107,1995128N15082,1995-05-08 09:00:00,1995-05-09 09:00:00,1995-05-09 15:00:00,1995-05-09 21:00:00,1995-05-10 09:00:00
3108,1995135N20087,1995-05-14 18:00:00,1995-05-15 18:00:00,1995-05-16 00:00:00,1995-05-16 06:00:00,1995-05-16 18:00:00
3109,1995135N20087,1995-05-14 21:00:00,1995-05-15 21:00:00,1995-05-16 03:00:00,1995-05-16 09:00:00,1995-05-16 21:00:00
3110,1995135N20087,1995-05-15 00:00:00,1995-05-16 00:00:00,1995-05-16 06:00:00,1995-05-16 12:00:00,1995-05-17 00:00:00
3111,1995135N20087,1995-05-15 03:00:00,1995-05-16 03:00:00,1995-05-16 09:00:00,1995-05-16 15:00:00,1995-05-17 03:00:00
3112,1995135N20087,1995-05-15 06:00:00,1995-05-16 06:00:00,1995-05-16 12:00:00,1995-05-16 18:00:00,1995-05-17 06:00:00
3113,1995135N20087,1995-05-15 09:00:00,1995-05-16 09:00:00,1995-05-16 15:00:00,1995-05-16 21:00:00,1995-05-17 09:00:00
3114,1995135N20087,1995-05-15 12:00:00,1995-05-16 12:00:00,1995-05-16 18:00:00,1995-05-17 00:00:00,1995-05-17 12:00:00
3115,1995135N20087,1995-05-15 15:00:00,1995-05-16 15:00:00,1995-05-16 21:00:00,1995-05-17 03:00:00,1995-05-17 15:00:00
3116,1995135N20087,1995-05-15 18:00:00,1995-05-16 18:00:00,1995-05-17 00:00:00,1995-05-17 06:00:00,1995-05-17 18:00:00
3117,1995135N20087,1995-05-15 21:00:00,1995-05-16 21:00:00,1995-05-17 03:00:00,1995-05-17 09:00:00,1995-05-17 21:00:00
3118,1995135N20087,1995-05-16 00:00:00,1995-05-17 00:00:00,1995-05-17 06:00:00,1995-05-17 12:00:00,1995-05-18 00:00:00
3119,1995233N16115,1995-08-21 06:00:00,1995-08-22 06:00:00,1995-08-22 12:00:00,1995-08-22 18:00:00,1995-08-23 06:00:00
3120,1995233N16115,1995-08-21 09:00:00,1995-08-22 09:00:00,1995-08-22 15:00:00,1995-08-22 21:00:00,1995-08-23 09:00:00
3121,1995233N16115,1995-08-21 12:00:00,1995-08-22 12:00:00,1995-08-22 18:00:00,1995-08-23 00:00:00,1995-08-23 12:00:00
3122,1995233N16115,1995-08-21 15:00:00,1995-08-22 15:00:00,1995-08-22 21:00:00,1995-08-23 03:00:00,1995-08-23 15:00:00
3123,1995233N16115,1995-08-21 18:00:00,1995-08-22 18:00:00,1995-08-23 00:00:00,1995-08-23 06:00:00,1995-08-23 18:00:00
3124,1995233N16115,1995-08-21 21:00:00,1995-08-22 21:00:00,1995-08-23 03:00:00,1995-08-23 09:00:00,1995-08-23 21:00:00
3125,1995233N16115,1995-08-22 00:00:00,1995-08-23 00:00:00,1995-08-23 06:00:00,1995-08-23 12:00:00,1995-08-24 00:00:00
3126,1995233N16115,1995-08-22 03:00:00,1995-08-23 03:00:00,1995-08-23 09:00:00,1995-08-23 15:00:00,1995-08-24 03:00:00
3127,1995233N16115,1995-08-22 06:00:00,1995-08-23 06:00:00,1995-08-23 12:00:00,1995-08-23 18:00:00,1995-08-24 06:00:00
3128,1995233N16115,1995-08-22 09:00:00,1995-08-23 09:00:00,1995-08-23 15:00:00,1995-08-23 21:00:00,1995-08-24 09:00:00
3129,1995233N16115,1995-08-22 12:00:00,1995-08-23 12:00:00,1995-08-23 18:00:00,1995-08-24 00:00:00,1995-08-24 12:00:00
3130,1995233N16115,1995-08-22 15:00:00,1995-08-23 15:00:00,1995-08-23 21:00:00,1995-08-24 03:00:00,1995-08-24 15:00:00
3131,1995233N16115,1995-08-22 18:00:00,1995-08-23 18:00:00,1995-08-24 00:00:00,1995-08-24 06:00:00,1995-08-24 18:00:00
3132,1995233N16115,1995-08-22 21:00:00,1995-08-23 21:00:00,1995-08-24 03:00:00,1995-08-24 09:00:00,1995-08-24 21:00:00
3133,1995233N16115,1995-08-23 00:00:00,1995-08-24 00:00:00,1995-08-24 06:00:00,1995-08-24 12:00:00,1995-08-25 00:00:00
3134,1995233N16115,1995-08-23 03:00:00,1995-08-24 03:00:00,1995-08-24 09:00:00,1995-08-24 15:00:00,1995-08-25 03:00:00
3135,1995233N16115,1995-08-23 06:00:00,1995-08-24 06:00:00,1995-08-24 12:00:00,1995-08-24 18:00:00,1995-08-25 06:00:00
3136,1995233N16115,1995-08-23 09:00:00,1995-08-24 09:00:00,1995-08-24 15:00:00,1995-08-24 21:00:00,1995-08-25 09:00:00
3137,1995233N16115,1995-08-23 12:00:00,1995-08-24 12:00:00,1995-08-24 18:00:00,1995-08-25 00:00:00,1995-08-25 12:00:00
3138,1995233N16115,1995-08-23 15:00:00,1995-08-24 15:00:00,1995-08-24 21:00:00,1995-08-25 03:00:00,1995-08-25 15:00:00
3139,1995233N16115,1995-08-23 18:00:00,1995-08-24 18:00:00,1995-08-25 00:00:00,1995-08-25 06:00:00,1995-08-25 18:00:00
3140,1995233N16115,1995-08-23 21:00:00,1995-08-24 21:00:00,1995-08-25 03:00:00,1995-08-25 09:00:00,1995-08-25 21:00:00
3141,1995233N16115,1995-08-24 00:00:00,1995-08-25 00:00:00,1995-08-25 06:00:00,1995-08-25 12:00:00,1995-08-26 00:00:00
3142,1995233N16115,1995-08-24 03:00:00,1995-08-25 03:00:00,1995-08-25 09:00:00,1995-08-25 15:00:00,1995-08-26 03:00:00
3143,1995233N16115,1995-08-24 06:00:00,1995-08-25 06:00:00,1995-08-25 12:00:00,1995-08-25 18:00:00,1995-08-26 06:00:00
3144,1995233N16115,1995-08-24 09:00:00,1995-08-25 09:00:00,1995-08-25 15:00:00,1995-08-25 21:00:00,1995-08-26 09:00:00
3145,1995233N16115,1995-08-24 12:00:00,1995-08-25 12:00:00,1995-08-25 18:00:00,1995-08-26 00:00:00,1995-08-26 12:00:00
3146,1995233N16115,1995-08-24 15:00:00,1995-08-25 15:00:00,1995-08-25 21:00:00,1995-08-26 03:00:00,1995-08-26 15:00:00
3147,1995233N16115,1995-08-24 18:00:00,1995-08-25 18:00:00,1995-08-26 00:00:00,1995-08-26 06:00:00,1995-08-26 18:00:00
3148,1995233N16115,1995-08-24 21:00:00,1995-08-25 21:00:00,1995-08-26 03:00:00,1995-08-26 09:00:00,1995-08-26 21:00:00
3149,1995233N16115,1995-08-25 00:00:00,1995-08-26 00:00:00,1995-08-26 06:00:00,1995-08-26 12:00:00,1995-08-27 00:00:00
3150,1995233N16115,1995-08-25 03:00:00,1995-08-26 03:00:00,1995-08-26 09:00:00,1995-08-26 15:00:00,1995-08-27 03:00:00
3151,1995233N16115,1995-08-25 06:00:00,1995-08-26 06:00:00,1995-08-26 12:00:00,1995-08-26 18:00:00,1995-08-27 06:00:00
3152,1995233N16115,1995-08-25 09:00:00,1995-08-26 09:00:00,1995-08-26 15:00:00,1995-08-26 21:00:00,1995-08-27 09:00:00
3153,1995233N16115,1995-08-25 12:00:00,1995-08-26 12:00:00,1995-08-26 18:00:00,1995-08-27 00:00:00,1995-08-27 12:00:00
3154,1995233N16115,1995-08-25 15:00:00,1995-08-26 15:00:00,1995-08-26 21:00:00,1995-08-27 03:00:00,1995-08-27 15:00:00
3155,1995233N16115,1995-08-25 18:00:00,1995-08-26 18:00:00,1995-08-27 00:00:00,1995-08-27 06:00:00,1995-08-27 18:00:00
3156,1995233N16115,1995-08-25 21:00:00,1995-08-26 21:00:00,1995-08-27 03:00:00,1995-08-27 09:00:00,1995-08-27 21:00:00
3157,1995233N16115,1995-08-26 00:00:00,1995-08-27 00:00:00,1995-08-27 06:00:00,1995-08-27 12:00:00,1995-08-28 00:00:00
3158,1995233N16115,1995-08-26 03:00:00,1995-08-27 03:00:00,1995-08-27 09:00:00,1995-08-27 15:00:00,1995-08-28 03:00:00
3159,1995233N16115,1995-08-26 06:00:00,1995-08-27 06:00:00,1995-08-27 12:00:00,1995-08-27 18:00:00,1995-08-28 06:00:00
3160,1995233N16115,1995-08-26 09:00:00,1995-08-27 09:00:00,1995-08-27 15:00:00,1995-08-27 21:00:00,1995-08-28 09:00:00
3161,1995233N16115,1995-08-26 12:00:00,1995-08-27 12:00:00,1995-08-27 18:00:00,1995-08-28 00:00:00,1995-08-28 12:00:00
3162,1995233N16115,1995-08-26 15:00:00,1995-08-27 15:00:00,1995-08-27 21:00:00,1995-08-28 03:00:00,1995-08-28 15:00:00
3163,1995233N16115,1995-08-26 18:00:00,1995-08-27 18:00:00,1995-08-28 00:00:00,1995-08-28 06:00:00,1995-08-28 18:00:00
3164,1995233N16115,1995-08-26 21:00:00,1995-08-27 21:00:00,1995-08-28 03:00:00,1995-08-28 09:00:00,1995-08-28 21:00:00
3165,1995233N16115,1995-08-27 00:00:00,1995-08-28 00:00:00,1995-08-28 06:00:00,1995-08-28 12:00:00,1995-08-29 00:00:00
3166,1995233N16115,1995-08-27 03:00:00,1995-08-28 03:00:00,1995-08-28 09:00:00,1995-08-28 15:00:00,1995-08-29 03:00:00
3167,1995233N16115,1995-08-27 06:00:00,1995-08-28 06:00:00,1995-08-28 12:00:00,1995-08-28 18:00:00,1995-08-29 06:00:00
3168,1995233N16115,1995-08-27 09:00:00,1995-08-28 09:00:00,1995-08-28 15:00:00,1995-08-28 21:00:00,1995-08-29 09:00:00
3169,1995233N16115,1995-08-27 12:00:00,1995-08-28 12:00:00,1995-08-28 18:00:00,1995-08-29 00:00:00,1995-08-29 12:00:00
3170,1995233N16115,1995-08-27 15:00:00,1995-08-28 15:00:00,1995-08-28 21:00:00,1995-08-29 03:00:00,1995-08-29 15:00:00
3171,1995233N16115,1995-08-27 18:00:00,1995-08-28 18:00:00,1995-08-29 00:00:00,1995-08-29 06:00:00,1995-08-29 18:00:00
3172,1995233N16115,1995-08-27 21:00:00,1995-08-28 21:00:00,1995-08-29 03:00:00,1995-08-29 09:00:00,1995-08-29 21:00:00
3173,1995233N16115,1995-08-28 00:00:00,1995-08-29 00:00:00,1995-08-29 06:00:00,1995-08-29 12:00:00,1995-08-30 00:00:00
3174,1995233N16115,1995-08-28 03:00:00,1995-08-29 03:00:00,1995-08-29 09:00:00,1995-08-29 15:00:00,1995-08-30 03:00:00
3175,1995233N16115,1995-08-28 06:00:00,1995-08-29 06:00:00,1995-08-29 12:00:00,1995-08-29 18:00:00,1995-08-30 06:00:00
3176,1995233N16115,1995-08-28 09:00:00,1995-08-29 09:00:00,1995-08-29 15:00:00,1995-08-29 21:00:00,1995-08-30 09:00:00
3177,1995233N16115,1995-08-28 12:00:00,1995-08-29 12:00:00,1995-08-29 18:00:00,1995-08-30 00:00:00,1995-08-30 12:00:00
3178,1995233N16115,1995-08-28 15:00:00,1995-08-29 15:00:00,1995-08-29 21:00:00,1995-08-30 03:00:00,1995-08-30 15:00:00
3179,1995233N16115,1995-08-28 18:00:00,1995-08-29 18:00:00,1995-08-30 00:00:00,1995-08-30 06:00:00,1995-08-30 18:00:00
3180,1995233N16115,1995-08-28 21:00:00,1995-08-29 21:00:00,1995-08-30 03:00:00,1995-08-30 09:00:00,1995-08-30 21:00:00
3181,1995233N16115,1995-08-29 00:00:00,1995-08-30 00:00:00,1995-08-30 06:00:00,1995-08-30 12:00:00,1995-08-31 00:00:00
3182,1995255N14104,1995-09-12 00:00:00,1995-09-13 00:00:00,1995-09-13 06:00:00,1995-09-13 12:00:00,1995-09-14 00:00:00
3183,1995255N14104,1995-09-12 03:00:00,1995-09-13 03:00:00,1995-09-13 09:00:00,1995-09-13 15:00:00,1995-09-14 03:00:00
3184,1995255N14104,1995-09-12 06:00:00,1995-09-13 06:00:00,1995-09-13 12:00:00,1995-09-13 18:00:00,1995-09-14 06:00:00
3185,1995255N14104,1995-09-12 09:00:00,1995-09-13 09:00:00,1995-09-13 15:00:00,1995-09-13 21:00:00,1995-09-14 09:00:00
3186,1995255N14104,1995-09-12 12:00:00,1995-09-13 12:00:00,1995-09-13 18:00:00,1995-09-14 00:00:00,1995-09-14 12:00:00
3187,1995255N14104,1995-09-12 15:00:00,1995-09-13 15:00:00,1995-09-13 21:00:00,1995-09-14 03:00:00,1995-09-14 15:00:00
3188,1995255N14104,1995-09-12 18:00:00,1995-09-13 18:00:00,1995-09-14 00:00:00,1995-09-14 06:00:00,1995-09-14 18:00:00
3189,1995255N14104,1995-09-12 21:00:00,1995-09-13 21:00:00,1995-09-14 03:00:00,1995-09-14 09:00:00,1995-09-14 21:00:00
3190,1995255N14104,1995-09-13 00:00:00,1995-09-14 00:00:00,1995-09-14 06:00:00,1995-09-14 12:00:00,1995-09-15 00:00:00
3191,1995255N14104,1995-09-13 03:00:00,1995-09-14 03:00:00,1995-09-14 09:00:00,1995-09-14 15:00:00,1995-09-15 03:00:00
3192,1995255N14104,1995-09-13 06:00:00,1995-09-14 06:00:00,1995-09-14 12:00:00,1995-09-14 18:00:00,1995-09-15 06:00:00
3193,1995255N14104,1995-09-13 09:00:00,1995-09-14 09:00:00,1995-09-14 15:00:00,1995-09-14 21:00:00,1995-09-15 09:00:00
3194,1995255N14104,1995-09-13 12:00:00,1995-09-14 12:00:00,1995-09-14 18:00:00,1995-09-15 00:00:00,1995-09-15 12:00:00
3195,1995255N14104,1995-09-13 15:00:00,1995-09-14 15:00:00,1995-09-14 21:00:00,1995-09-15 03:00:00,1995-09-15 15:00:00
3196,1995255N14104,1995-09-13 18:00:00,1995-09-14 18:00:00,1995-09-15 00:00:00,1995-09-15 06:00:00,1995-09-15 18:00:00
3197,1995255N14104,1995-09-13 21:00:00,1995-09-14 21:00:00,1995-09-15 03:00:00,1995-09-15 09:00:00,1995-09-15 21:00:00
3198,1995255N14104,1995-09-14 00:00:00,1995-09-15 00:00:00,1995-09-15 06:00:00,1995-09-15 12:00:00,1995-09-16 00:00:00
3199,1995255N14104,1995-09-14 03:00:00,1995-09-15 03:00:00,1995-09-15 09:00:00,1995-09-15 15:00:00,1995-09-16 03:00:00
3200,1995255N14104,1995-09-14 06:00:00,1995-09-15 06:00:00,1995-09-15 12:00:00,1995-09-15 18:00:00,1995-09-16 06:00:00
3201,1995255N14104,1995-09-14 09:00:00,1995-09-15 09:00:00,1995-09-15 15:00:00,1995-09-15 21:00:00,1995-09-16 09:00:00
3202,1995255N14104,1995-09-14 12:00:00,1995-09-15 12:00:00,1995-09-15 18:00:00,1995-09-16 00:00:00,1995-09-16 12:00:00
3203,1995255N14104,1995-09-14 15:00:00,1995-09-15 15:00:00,1995-09-15 21:00:00,1995-09-16 03:00:00,1995-09-16 15:00:00
3204,1995255N14104,1995-09-14 18:00:00,1995-09-15 18:00:00,1995-09-16 00:00:00,1995-09-16 06:00:00,1995-09-16 18:00:00
3205,1995255N14104,1995-09-14 21:00:00,1995-09-15 21:00:00,1995-09-16 03:00:00,1995-09-16 09:00:00,1995-09-16 21:00:00
3206,1995255N14104,1995-09-15 00:00:00,1995-09-16 00:00:00,1995-09-16 06:00:00,1995-09-16 12:00:00,1995-09-17 00:00:00
3207,1995255N14104,1995-09-15 03:00:00,1995-09-16 03:00:00,1995-09-16 09:00:00,1995-09-16 15:00:00,1995-09-17 03:00:00
3208,1995255N14104,1995-09-15 06:00:00,1995-09-16 06:00:00,1995-09-16 12:00:00,1995-09-16 18:00:00,1995-09-17 06:00:00
3209,1995255N14104,1995-09-15 09:00:00,1995-09-16 09:00:00,1995-09-16 15:00:00,1995-09-16 21:00:00,1995-09-17 09:00:00
3210,1995255N14104,1995-09-15 12:00:00,1995-09-16 12:00:00,1995-09-16 18:00:00,1995-09-17 00:00:00,1995-09-17 12:00:00
3211,1995255N14104,1995-09-15 15:00:00,1995-09-16 15:00:00,1995-09-16 21:00:00,1995-09-17 03:00:00,1995-09-17 15:00:00
3212,1995255N14104,1995-09-15 18:00:00,1995-09-16 18:00:00,1995-09-17 00:00:00,1995-09-17 06:00:00,1995-09-17 18:00:00
3213,1995255N14104,1995-09-15 21:00:00,1995-09-16 21:00:00,1995-09-17 03:00:00,1995-09-17 09:00:00,1995-09-17 21:00:00
3214,1995255N14104,1995-09-16 00:00:00,1995-09-17 00:00:00,1995-09-17 06:00:00,1995-09-17 12:00:00,1995-09-18 00:00:00
3215,1995255N14104,1995-09-16 03:00:00,1995-09-17 03:00:00,1995-09-17 09:00:00,1995-09-17 15:00:00,1995-09-18 03:00:00
3216,1995255N14104,1995-09-16 06:00:00,1995-09-17 06:00:00,1995-09-17 12:00:00,1995-09-17 18:00:00,1995-09-18 06:00:00
3217,1995255N14104,1995-09-16 09:00:00,1995-09-17 09:00:00,1995-09-17 15:00:00,1995-09-17 21:00:00,1995-09-18 09:00:00
3218,1995255N14104,1995-09-16 12:00:00,1995-09-17 12:00:00,1995-09-17 18:00:00,1995-09-18 00:00:00,1995-09-18 12:00:00
3219,1995255N14104,1995-09-16 15:00:00,1995-09-17 15:00:00,1995-09-17 21:00:00,1995-09-18 03:00:00,1995-09-18 15:00:00
3220,1995255N14104,1995-09-16 18:00:00,1995-09-17 18:00:00,1995-09-18 00:00:00,1995-09-18 06:00:00,1995-09-18 18:00:00
3221,1995255N14104,1995-09-16 21:00:00,1995-09-17 21:00:00,1995-09-18 03:00:00,1995-09-18 09:00:00,1995-09-18 21:00:00
3222,1995255N14104,1995-09-17 00:00:00,1995-09-18 00:00:00,1995-09-18 06:00:00,1995-09-18 12:00:00,1995-09-19 00:00:00
3223,1995255N14104,1995-09-17 03:00:00,1995-09-18 03:00:00,1995-09-18 09:00:00,1995-09-18 15:00:00,1995-09-19 03:00:00
3224,1995255N14104,1995-09-17 06:00:00,1995-09-18 06:00:00,1995-09-18 12:00:00,1995-09-18 18:00:00,1995-09-19 06:00:00
3225,1995255N14104,1995-09-17 09:00:00,1995-09-18 09:00:00,1995-09-18 15:00:00,1995-09-18 21:00:00,1995-09-19 09:00:00
3226,1995255N14104,1995-09-17 12:00:00,1995-09-18 12:00:00,1995-09-18 18:00:00,1995-09-19 00:00:00,1995-09-19 12:00:00
3227,1995255N14104,1995-09-17 15:00:00,1995-09-18 15:00:00,1995-09-18 21:00:00,1995-09-19 03:00:00,1995-09-19 15:00:00
3228,1995255N14104,1995-09-17 18:00:00,1995-09-18 18:00:00,1995-09-19 00:00:00,1995-09-19 06:00:00,1995-09-19 18:00:00
3229,1995255N14104,1995-09-17 21:00:00,1995-09-18 21:00:00,1995-09-19 03:00:00,1995-09-19 09:00:00,1995-09-19 21:00:00
3230,1995255N14104,1995-09-18 00:00:00,1995-09-19 00:00:00,1995-09-19 06:00:00,1995-09-19 12:00:00,1995-09-20 00:00:00
3231,1995269N21088,1995-09-26 03:00:00,1995-09-27 03:00:00,1995-09-27 09:00:00,1995-09-27 15:00:00,1995-09-28 03:00:00
3232,1995284N17074,1995-10-11 00:00:00,1995-10-12 00:00:00,1995-10-12 06:00:00,1995-10-12 12:00:00,1995-10-13 00:00:00
3233,1995284N17074,1995-10-11 03:00:00,1995-10-12 03:00:00,1995-10-12 09:00:00,1995-10-12 15:00:00,1995-10-13 03:00:00
3234,1995284N17074,1995-10-11 06:00:00,1995-10-12 06:00:00,1995-10-12 12:00:00,1995-10-12 18:00:00,1995-10-13 06:00:00
3235,1995284N17074,1995-10-11 09:00:00,1995-10-12 09:00:00,1995-10-12 15:00:00,1995-10-12 21:00:00,1995-10-13 09:00:00
3236,1995284N17074,1995-10-11 12:00:00,1995-10-12 12:00:00,1995-10-12 18:00:00,1995-10-13 00:00:00,1995-10-13 12:00:00
3237,1995284N17074,1995-10-11 15:00:00,1995-10-12 15:00:00,1995-10-12 21:00:00,1995-10-13 03:00:00,1995-10-13 15:00:00
3238,1995284N17074,1995-10-11 18:00:00,1995-10-12 18:00:00,1995-10-13 00:00:00,1995-10-13 06:00:00,1995-10-13 18:00:00
3239,1995284N17074,1995-10-11 21:00:00,1995-10-12 21:00:00,1995-10-13 03:00:00,1995-10-13 09:00:00,1995-10-13 21:00:00
3240,1995284N17074,1995-10-12 00:00:00,1995-10-13 00:00:00,1995-10-13 06:00:00,1995-10-13 12:00:00,1995-10-14 00:00:00
3241,1995284N17074,1995-10-12 03:00:00,1995-10-13 03:00:00,1995-10-13 09:00:00,1995-10-13 15:00:00,1995-10-14 03:00:00
3242,1995284N17074,1995-10-12 06:00:00,1995-10-13 06:00:00,1995-10-13 12:00:00,1995-10-13 18:00:00,1995-10-14 06:00:00
3243,1995284N17074,1995-10-12 09:00:00,1995-10-13 09:00:00,1995-10-13 15:00:00,1995-10-13 21:00:00,1995-10-14 09:00:00
3244,1995284N17074,1995-10-12 12:00:00,1995-10-13 12:00:00,1995-10-13 18:00:00,1995-10-14 00:00:00,1995-10-14 12:00:00
3245,1995284N17074,1995-10-12 15:00:00,1995-10-13 15:00:00,1995-10-13 21:00:00,1995-10-14 03:00:00,1995-10-14 15:00:00
3246,1995284N17074,1995-10-12 18:00:00,1995-10-13 18:00:00,1995-10-14 00:00:00,1995-10-14 06:00:00,1995-10-14 18:00:00
3247,1995284N17074,1995-10-12 21:00:00,1995-10-13 21:00:00,1995-10-14 03:00:00,1995-10-14 09:00:00,1995-10-14 21:00:00
3248,1995284N17074,1995-10-13 00:00:00,1995-10-14 00:00:00,1995-10-14 06:00:00,1995-10-14 12:00:00,1995-10-15 00:00:00
3249,1995284N17074,1995-10-13 03:00:00,1995-10-14 03:00:00,1995-10-14 09:00:00,1995-10-14 15:00:00,1995-10-15 03:00:00
3250,1995284N17074,1995-10-13 06:00:00,1995-10-14 06:00:00,1995-10-14 12:00:00,1995-10-14 18:00:00,1995-10-15 06:00:00
3251,1995284N17074,1995-10-13 09:00:00,1995-10-14 09:00:00,1995-10-14 15:00:00,1995-10-14 21:00:00,1995-10-15 09:00:00
3252,1995284N17074,1995-10-13 12:00:00,1995-10-14 12:00:00,1995-10-14 18:00:00,1995-10-15 00:00:00,1995-10-15 12:00:00
3253,1995284N17074,1995-10-13 15:00:00,1995-10-14 15:00:00,1995-10-14 21:00:00,1995-10-15 03:00:00,1995-10-15 15:00:00
3254,1995284N17074,1995-10-13 18:00:00,1995-10-14 18:00:00,1995-10-15 00:00:00,1995-10-15 06:00:00,1995-10-15 18:00:00
3255,1995284N17074,1995-10-13 21:00:00,1995-10-14 21:00:00,1995-10-15 03:00:00,1995-10-15 09:00:00,1995-10-15 21:00:00
3256,1995284N17074,1995-10-14 00:00:00,1995-10-15 00:00:00,1995-10-15 06:00:00,1995-10-15 12:00:00,1995-10-16 00:00:00
3257,1995284N17074,1995-10-14 03:00:00,1995-10-15 03:00:00,1995-10-15 09:00:00,1995-10-15 15:00:00,1995-10-16 03:00:00
3258,1995284N17074,1995-10-14 06:00:00,1995-10-15 06:00:00,1995-10-15 12:00:00,1995-10-15 18:00:00,1995-10-16 06:00:00
3259,1995284N17074,1995-10-14 09:00:00,1995-10-15 09:00:00,1995-10-15 15:00:00,1995-10-15 21:00:00,1995-10-16 09:00:00
3260,1995284N17074,1995-10-14 12:00:00,1995-10-15 12:00:00,1995-10-15 18:00:00,1995-10-16 00:00:00,1995-10-16 12:00:00
3261,1995284N17074,1995-10-14 15:00:00,1995-10-15 15:00:00,1995-10-15 21:00:00,1995-10-16 03:00:00,1995-10-16 15:00:00
3262,1995284N17074,1995-10-14 18:00:00,1995-10-15 18:00:00,1995-10-16 00:00:00,1995-10-16 06:00:00,1995-10-16 18:00:00
3263,1995284N17074,1995-10-14 21:00:00,1995-10-15 21:00:00,1995-10-16 03:00:00,1995-10-16 09:00:00,1995-10-16 21:00:00
3264,1995284N17074,1995-10-15 00:00:00,1995-10-16 00:00:00,1995-10-16 06:00:00,1995-10-16 12:00:00,1995-10-17 00:00:00
3265,1995284N17074,1995-10-15 03:00:00,1995-10-16 03:00:00,1995-10-16 09:00:00,1995-10-16 15:00:00,1995-10-17 03:00:00
3266,1995284N17074,1995-10-15 06:00:00,1995-10-16 06:00:00,1995-10-16 12:00:00,1995-10-16 18:00:00,1995-10-17 06:00:00
3267,1995284N17074,1995-10-15 09:00:00,1995-10-16 09:00:00,1995-10-16 15:00:00,1995-10-16 21:00:00,1995-10-17 09:00:00
3268,1995284N17074,1995-10-15 12:00:00,1995-10-16 12:00:00,1995-10-16 18:00:00,1995-10-17 00:00:00,1995-10-17 12:00:00
3269,1995284N17074,1995-10-15 15:00:00,1995-10-16 15:00:00,1995-10-16 21:00:00,1995-10-17 03:00:00,1995-10-17 15:00:00
3270,1995284N17074,1995-10-15 18:00:00,1995-10-16 18:00:00,1995-10-17 00:00:00,1995-10-17 06:00:00,1995-10-17 18:00:00
3271,1995284N17074,1995-10-15 21:00:00,1995-10-16 21:00:00,1995-10-17 03:00:00,1995-10-17 09:00:00,1995-10-17 21:00:00
3272,1995284N17074,1995-10-16 00:00:00,1995-10-17 00:00:00,1995-10-17 06:00:00,1995-10-17 12:00:00,1995-10-18 00:00:00
3273,1995284N17074,1995-10-16 03:00:00,1995-10-17 03:00:00,1995-10-17 09:00:00,1995-10-17 15:00:00,1995-10-18 03:00:00
3274,1995284N17074,1995-10-16 06:00:00,1995-10-17 06:00:00,1995-10-17 12:00:00,1995-10-17 18:00:00,1995-10-18 06:00:00
3275,1995284N17074,1995-10-16 09:00:00,1995-10-17 09:00:00,1995-10-17 15:00:00,1995-10-17 21:00:00,1995-10-18 09:00:00
3276,1995284N17074,1995-10-16 12:00:00,1995-10-17 12:00:00,1995-10-17 18:00:00,1995-10-18 00:00:00,1995-10-18 12:00:00
3277,1995292N08150,1995-10-18 12:00:00,1995-10-19 12:00:00,1995-10-19 18:00:00,1995-10-20 00:00:00,1995-10-20 12:00:00
3278,1995292N08150,1995-10-18 15:00:00,1995-10-19 15:00:00,1995-10-19 21:00:00,1995-10-20 03:00:00,1995-10-20 15:00:00
3279,1995292N08150,1995-10-18 18:00:00,1995-10-19 18:00:00,1995-10-20 00:00:00,1995-10-20 06:00:00,1995-10-20 18:00:00
3280,1995292N08150,1995-10-18 21:00:00,1995-10-19 21:00:00,1995-10-20 03:00:00,1995-10-20 09:00:00,1995-10-20 21:00:00
3281,1995292N08150,1995-10-19 00:00:00,1995-10-20 00:00:00,1995-10-20 06:00:00,1995-10-20 12:00:00,1995-10-21 00:00:00
3282,1995292N08150,1995-10-19 03:00:00,1995-10-20 03:00:00,1995-10-20 09:00:00,1995-10-20 15:00:00,1995-10-21 03:00:00
3283,1995292N08150,1995-10-19 06:00:00,1995-10-20 06:00:00,1995-10-20 12:00:00,1995-10-20 18:00:00,1995-10-21 06:00:00
3284,1995292N08150,1995-10-19 09:00:00,1995-10-20 09:00:00,1995-10-20 15:00:00,1995-10-20 21:00:00,1995-10-21 09:00:00
3285,1995292N08150,1995-10-19 12:00:00,1995-10-20 12:00:00,1995-10-20 18:00:00,1995-10-21 00:00:00,1995-10-21 12:00:00
3286,1995292N08150,1995-10-19 15:00:00,1995-10-20 15:00:00,1995-10-20 21:00:00,1995-10-21 03:00:00,1995-10-21 15:00:00
3287,1995292N08150,1995-10-19 18:00:00,1995-10-20 18:00:00,1995-10-21 00:00:00,1995-10-21 06:00:00,1995-10-21 18:00:00
3288,1995292N08150,1995-10-19 21:00:00,1995-10-20 21:00:00,1995-10-21 03:00:00,1995-10-21 09:00:00,1995-10-21 21:00:00
3289,1995292N08150,1995-10-20 00:00:00,1995-10-21 00:00:00,1995-10-21 06:00:00,1995-10-21 12:00:00,1995-10-22 00:00:00
3290,1995292N08150,1995-10-20 03:00:00,1995-10-21 03:00:00,1995-10-21 09:00:00,1995-10-21 15:00:00,1995-10-22 03:00:00
3291,1995292N08150,1995-10-20 06:00:00,1995-10-21 06:00:00,1995-10-21 12:00:00,1995-10-21 18:00:00,1995-10-22 06:00:00
3292,1995292N08150,1995-10-20 09:00:00,1995-10-21 09:00:00,1995-10-21 15:00:00,1995-10-21 21:00:00,1995-10-22 09:00:00
3293,1995292N08150,1995-10-20 12:00:00,1995-10-21 12:00:00,1995-10-21 18:00:00,1995-10-22 00:00:00,1995-10-22 12:00:00
3294,1995292N08150,1995-10-20 15:00:00,1995-10-21 15:00:00,1995-10-21 21:00:00,1995-10-22 03:00:00,1995-10-22 15:00:00
3295,1995292N08150,1995-10-20 18:00:00,1995-10-21 18:00:00,1995-10-22 00:00:00,1995-10-22 06:00:00,1995-10-22 18:00:00
3296,1995292N08150,1995-10-20 21:00:00,1995-10-21 21:00:00,1995-10-22 03:00:00,1995-10-22 09:00:00,1995-10-22 21:00:00
3297,1995292N08150,1995-10-21 00:00:00,1995-10-22 00:00:00,1995-10-22 06:00:00,1995-10-22 12:00:00,1995-10-23 00:00:00
3298,1995292N08150,1995-10-21 03:00:00,1995-10-22 03:00:00,1995-10-22 09:00:00,1995-10-22 15:00:00,1995-10-23 03:00:00
3299,1995292N08150,1995-10-21 06:00:00,1995-10-22 06:00:00,1995-10-22 12:00:00,1995-10-22 18:00:00,1995-10-23 06:00:00
3300,1995292N08150,1995-10-21 09:00:00,1995-10-22 09:00:00,1995-10-22 15:00:00,1995-10-22 21:00:00,1995-10-23 09:00:00
3301,1995292N08150,1995-10-21 12:00:00,1995-10-22 12:00:00,1995-10-22 18:00:00,1995-10-23 00:00:00,1995-10-23 12:00:00
3302,1995292N08150,1995-10-21 15:00:00,1995-10-22 15:00:00,1995-10-22 21:00:00,1995-10-23 03:00:00,1995-10-23 15:00:00
3303,1995292N08150,1995-10-21 18:00:00,1995-10-22 18:00:00,1995-10-23 00:00:00,1995-10-23 06:00:00,1995-10-23 18:00:00
3304,1995292N08150,1995-10-21 21:00:00,1995-10-22 21:00:00,1995-10-23 03:00:00,1995-10-23 09:00:00,1995-10-23 21:00:00
3305,1995292N08150,1995-10-22 00:00:00,1995-10-23 00:00:00,1995-10-23 06:00:00,1995-10-23 12:00:00,1995-10-24 00:00:00
3306,1995292N08150,1995-10-22 03:00:00,1995-10-23 03:00:00,1995-10-23 09:00:00,1995-10-23 15:00:00,1995-10-24 03:00:00
3307,1995292N08150,1995-10-22 06:00:00,1995-10-23 06:00:00,1995-10-23 12:00:00,1995-10-23 18:00:00,1995-10-24 06:00:00
3308,1995292N08150,1995-10-22 09:00:00,1995-10-23 09:00:00,1995-10-23 15:00:00,1995-10-23 21:00:00,1995-10-24 09:00:00
3309,1995292N08150,1995-10-22 12:00:00,1995-10-23 12:00:00,1995-10-23 18:00:00,1995-10-24 00:00:00,1995-10-24 12:00:00
3310,1995292N08150,1995-10-22 15:00:00,1995-10-23 15:00:00,1995-10-23 21:00:00,1995-10-24 03:00:00,1995-10-24 15:00:00
3311,1995292N08150,1995-10-22 18:00:00,1995-10-23 18:00:00,1995-10-24 00:00:00,1995-10-24 06:00:00,1995-10-24 18:00:00
3312,1995292N08150,1995-10-22 21:00:00,1995-10-23 21:00:00,1995-10-24 03:00:00,1995-10-24 09:00:00,1995-10-24 21:00:00
3313,1995292N08150,1995-10-23 00:00:00,1995-10-24 00:00:00,1995-10-24 06:00:00,1995-10-24 12:00:00,1995-10-25 00:00:00
3314,1995292N08150,1995-10-23 03:00:00,1995-10-24 03:00:00,1995-10-24 09:00:00,1995-10-24 15:00:00,1995-10-25 03:00:00
3315,1995292N08150,1995-10-23 06:00:00,1995-10-24 06:00:00,1995-10-24 12:00:00,1995-10-24 18:00:00,1995-10-25 06:00:00
3316,1995292N08150,1995-10-23 09:00:00,1995-10-24 09:00:00,1995-10-24 15:00:00,1995-10-24 21:00:00,1995-10-25 09:00:00
3317,1995292N08150,1995-10-23 12:00:00,1995-10-24 12:00:00,1995-10-24 18:00:00,1995-10-25 00:00:00,1995-10-25 12:00:00
3318,1995292N08150,1995-10-23 15:00:00,1995-10-24 15:00:00,1995-10-24 21:00:00,1995-10-25 03:00:00,1995-10-25 15:00:00
3319,1995292N08150,1995-10-23 18:00:00,1995-10-24 18:00:00,1995-10-25 00:00:00,1995-10-25 06:00:00,1995-10-25 18:00:00
3320,1995292N08150,1995-10-23 21:00:00,1995-10-24 21:00:00,1995-10-25 03:00:00,1995-10-25 09:00:00,1995-10-25 21:00:00
3321,1995292N08150,1995-10-24 00:00:00,1995-10-25 00:00:00,1995-10-25 06:00:00,1995-10-25 12:00:00,1995-10-26 00:00:00
3322,1995292N08150,1995-10-24 03:00:00,1995-10-25 03:00:00,1995-10-25 09:00:00,1995-10-25 15:00:00,1995-10-26 03:00:00
3323,1995292N08150,1995-10-24 06:00:00,1995-10-25 06:00:00,1995-10-25 12:00:00,1995-10-25 18:00:00,1995-10-26 06:00:00
3324,1995292N08150,1995-10-24 09:00:00,1995-10-25 09:00:00,1995-10-25 15:00:00,1995-10-25 21:00:00,1995-10-26 09:00:00
3325,1995292N08150,1995-10-24 12:00:00,1995-10-25 12:00:00,1995-10-25 18:00:00,1995-10-26 00:00:00,1995-10-26 12:00:00
3326,1995292N08150,1995-10-24 15:00:00,1995-10-25 15:00:00,1995-10-25 21:00:00,1995-10-26 03:00:00,1995-10-26 15:00:00
3327,1995292N08150,1995-10-24 18:00:00,1995-10-25 18:00:00,1995-10-26 00:00:00,1995-10-26 06:00:00,1995-10-26 18:00:00
3328,1995292N08150,1995-10-24 21:00:00,1995-10-25 21:00:00,1995-10-26 03:00:00,1995-10-26 09:00:00,1995-10-26 21:00:00
3329,1995292N08150,1995-10-25 00:00:00,1995-10-26 00:00:00,1995-10-26 06:00:00,1995-10-26 12:00:00,1995-10-27 00:00:00
3330,1995292N08150,1995-10-25 03:00:00,1995-10-26 03:00:00,1995-10-26 09:00:00,1995-10-26 15:00:00,1995-10-27 03:00:00
3331,1995292N08150,1995-10-25 06:00:00,1995-10-26 06:00:00,1995-10-26 12:00:00,1995-10-26 18:00:00,1995-10-27 06:00:00
3332,1995292N08150,1995-10-25 09:00:00,1995-10-26 09:00:00,1995-10-26 15:00:00,1995-10-26 21:00:00,1995-10-27 09:00:00
3333,1995292N08150,1995-10-25 12:00:00,1995-10-26 12:00:00,1995-10-26 18:00:00,1995-10-27 00:00:00,1995-10-27 12:00:00
3334,1995292N08150,1995-10-25 15:00:00,1995-10-26 15:00:00,1995-10-26 21:00:00,1995-10-27 03:00:00,1995-10-27 15:00:00
3335,1995292N08150,1995-10-25 18:00:00,1995-10-26 18:00:00,1995-10-27 00:00:00,1995-10-27 06:00:00,1995-10-27 18:00:00
3336,1995310N09096,1995-11-05 12:00:00,1995-11-06 12:00:00,1995-11-06 18:00:00,1995-11-07 00:00:00,1995-11-07 12:00:00
3337,1995310N09096,1995-11-05 15:00:00,1995-11-06 15:00:00,1995-11-06 21:00:00,1995-11-07 03:00:00,1995-11-07 15:00:00
3338,1995310N09096,1995-11-05 18:00:00,1995-11-06 18:00:00,1995-11-07 00:00:00,1995-11-07 06:00:00,1995-11-07 18:00:00
3339,1995310N09096,1995-11-05 21:00:00,1995-11-06 21:00:00,1995-11-07 03:00:00,1995-11-07 09:00:00,1995-11-07 21:00:00
3340,1995310N09096,1995-11-06 00:00:00,1995-11-07 00:00:00,1995-11-07 06:00:00,1995-11-07 12:00:00,1995-11-08 00:00:00
3341,1995310N09096,1995-11-06 03:00:00,1995-11-07 03:00:00,1995-11-07 09:00:00,1995-11-07 15:00:00,1995-11-08 03:00:00
3342,1995310N09096,1995-11-06 06:00:00,1995-11-07 06:00:00,1995-11-07 12:00:00,1995-11-07 18:00:00,1995-11-08 06:00:00
3343,1995310N09096,1995-11-06 09:00:00,1995-11-07 09:00:00,1995-11-07 15:00:00,1995-11-07 21:00:00,1995-11-08 09:00:00
3344,1995310N09096,1995-11-06 12:00:00,1995-11-07 12:00:00,1995-11-07 18:00:00,1995-11-08 00:00:00,1995-11-08 12:00:00
3345,1995310N09096,1995-11-06 15:00:00,1995-11-07 15:00:00,1995-11-07 21:00:00,1995-11-08 03:00:00,1995-11-08 15:00:00
3346,1995310N09096,1995-11-06 18:00:00,1995-11-07 18:00:00,1995-11-08 00:00:00,1995-11-08 06:00:00,1995-11-08 18:00:00
3347,1995310N09096,1995-11-06 21:00:00,1995-11-07 21:00:00,1995-11-08 03:00:00,1995-11-08 09:00:00,1995-11-08 21:00:00
3348,1995310N09096,1995-11-07 00:00:00,1995-11-08 00:00:00,1995-11-08 06:00:00,1995-11-08 12:00:00,1995-11-09 00:00:00
3349,1995310N09096,1995-11-07 03:00:00,1995-11-08 03:00:00,1995-11-08 09:00:00,1995-11-08 15:00:00,1995-11-09 03:00:00
3350,1995310N09096,1995-11-07 06:00:00,1995-11-08 06:00:00,1995-11-08 12:00:00,1995-11-08 18:00:00,1995-11-09 06:00:00
3351,1995310N09096,1995-11-07 09:00:00,1995-11-08 09:00:00,1995-11-08 15:00:00,1995-11-08 21:00:00,1995-11-09 09:00:00
3352,1995310N09096,1995-11-07 12:00:00,1995-11-08 12:00:00,1995-11-08 18:00:00,1995-11-09 00:00:00,1995-11-09 12:00:00
3353,1995310N09096,1995-11-07 15:00:00,1995-11-08 15:00:00,1995-11-08 21:00:00,1995-11-09 03:00:00,1995-11-09 15:00:00
3354,1995310N09096,1995-11-07 18:00:00,1995-11-08 18:00:00,1995-11-09 00:00:00,1995-11-09 06:00:00,1995-11-09 18:00:00
3355,1995310N09096,1995-11-07 21:00:00,1995-11-08 21:00:00,1995-11-09 03:00:00,1995-11-09 09:00:00,1995-11-09 21:00:00
3356,1995310N09096,1995-11-08 00:00:00,1995-11-09 00:00:00,1995-11-09 06:00:00,1995-11-09 12:00:00,1995-11-10 00:00:00
3357,1995310N09096,1995-11-08 03:00:00,1995-11-09 03:00:00,1995-11-09 09:00:00,1995-11-09 15:00:00,1995-11-10 03:00:00
3358,1995310N09096,1995-11-08 06:00:00,1995-11-09 06:00:00,1995-11-09 12:00:00,1995-11-09 18:00:00,1995-11-10 06:00:00
3359,1995310N09096,1995-11-08 09:00:00,1995-11-09 09:00:00,1995-11-09 15:00:00,1995-11-09 21:00:00,1995-11-10 09:00:00
3360,1995310N09096,1995-11-08 12:00:00,1995-11-09 12:00:00,1995-11-09 18:00:00,1995-11-10 00:00:00,1995-11-10 12:00:00
3361,1995310N09096,1995-11-08 15:00:00,1995-11-09 15:00:00,1995-11-09 21:00:00,1995-11-10 03:00:00,1995-11-10 15:00:00
3362,1995310N09096,1995-11-08 18:00:00,1995-11-09 18:00:00,1995-11-10 00:00:00,1995-11-10 06:00:00,1995-11-10 18:00:00
3363,1995323N05097,1995-11-18 18:00:00,1995-11-19 18:00:00,1995-11-20 00:00:00,1995-11-20 06:00:00,1995-11-20 18:00:00
3364,1995323N05097,1995-11-18 21:00:00,1995-11-19 21:00:00,1995-11-20 03:00:00,1995-11-20 09:00:00,1995-11-20 21:00:00
3365,1995323N05097,1995-11-19 00:00:00,1995-11-20 00:00:00,1995-11-20 06:00:00,1995-11-20 12:00:00,1995-11-21 00:00:00
3366,1995323N05097,1995-11-19 03:00:00,1995-11-20 03:00:00,1995-11-20 09:00:00,1995-11-20 15:00:00,1995-11-21 03:00:00
3367,1995323N05097,1995-11-19 06:00:00,1995-11-20 06:00:00,1995-11-20 12:00:00,1995-11-20 18:00:00,1995-11-21 06:00:00
3368,1995323N05097,1995-11-19 09:00:00,1995-11-20 09:00:00,1995-11-20 15:00:00,1995-11-20 21:00:00,1995-11-21 09:00:00
3369,1995323N05097,1995-11-19 12:00:00,1995-11-20 12:00:00,1995-11-20 18:00:00,1995-11-21 00:00:00,1995-11-21 12:00:00
3370,1995323N05097,1995-11-19 15:00:00,1995-11-20 15:00:00,1995-11-20 21:00:00,1995-11-21 03:00:00,1995-11-21 15:00:00
3371,1995323N05097,1995-11-19 18:00:00,1995-11-20 18:00:00,1995-11-21 00:00:00,1995-11-21 06:00:00,1995-11-21 18:00:00
3372,1995323N05097,1995-11-19 21:00:00,1995-11-20 21:00:00,1995-11-21 03:00:00,1995-11-21 09:00:00,1995-11-21 21:00:00
3373,1995323N05097,1995-11-20 00:00:00,1995-11-21 00:00:00,1995-11-21 06:00:00,1995-11-21 12:00:00,1995-11-22 00:00:00
3374,1995323N05097,1995-11-20 03:00:00,1995-11-21 03:00:00,1995-11-21 09:00:00,1995-11-21 15:00:00,1995-11-22 03:00:00
3375,1995323N05097,1995-11-20 06:00:00,1995-11-21 06:00:00,1995-11-21 12:00:00,1995-11-21 18:00:00,1995-11-22 06:00:00
3376,1995323N05097,1995-11-20 09:00:00,1995-11-21 09:00:00,1995-11-21 15:00:00,1995-11-21 21:00:00,1995-11-22 09:00:00
3377,1995323N05097,1995-11-20 12:00:00,1995-11-21 12:00:00,1995-11-21 18:00:00,1995-11-22 00:00:00,1995-11-22 12:00:00
3378,1995323N05097,1995-11-20 15:00:00,1995-11-21 15:00:00,1995-11-21 21:00:00,1995-11-22 03:00:00,1995-11-22 15:00:00
3379,1995323N05097,1995-11-20 18:00:00,1995-11-21 18:00:00,1995-11-22 00:00:00,1995-11-22 06:00:00,1995-11-22 18:00:00
3380,1995323N05097,1995-11-20 21:00:00,1995-11-21 21:00:00,1995-11-22 03:00:00,1995-11-22 09:00:00,1995-11-22 21:00:00
3381,1995323N05097,1995-11-21 00:00:00,1995-11-22 00:00:00,1995-11-22 06:00:00,1995-11-22 12:00:00,1995-11-23 00:00:00
3382,1995323N05097,1995-11-21 03:00:00,1995-11-22 03:00:00,1995-11-22 09:00:00,1995-11-22 15:00:00,1995-11-23 03:00:00
3383,1995323N05097,1995-11-21 06:00:00,1995-11-22 06:00:00,1995-11-22 12:00:00,1995-11-22 18:00:00,1995-11-23 06:00:00
3384,1995323N05097,1995-11-21 09:00:00,1995-11-22 09:00:00,1995-11-22 15:00:00,1995-11-22 21:00:00,1995-11-23 09:00:00
3385,1995323N05097,1995-11-21 12:00:00,1995-11-22 12:00:00,1995-11-22 18:00:00,1995-11-23 00:00:00,1995-11-23 12:00:00
3386,1995323N05097,1995-11-21 15:00:00,1995-11-22 15:00:00,1995-11-22 21:00:00,1995-11-23 03:00:00,1995-11-23 15:00:00
3387,1995323N05097,1995-11-21 18:00:00,1995-11-22 18:00:00,1995-11-23 00:00:00,1995-11-23 06:00:00,1995-11-23 18:00:00
3388,1995323N05097,1995-11-21 21:00:00,1995-11-22 21:00:00,1995-11-23 03:00:00,1995-11-23 09:00:00,1995-11-23 21:00:00
3389,1995323N05097,1995-11-22 00:00:00,1995-11-23 00:00:00,1995-11-23 06:00:00,1995-11-23 12:00:00,1995-11-24 00:00:00
3390,1995323N05097,1995-11-22 03:00:00,1995-11-23 03:00:00,1995-11-23 09:00:00,1995-11-23 15:00:00,1995-11-24 03:00:00
3391,1995323N05097,1995-11-22 06:00:00,1995-11-23 06:00:00,1995-11-23 12:00:00,1995-11-23 18:00:00,1995-11-24 06:00:00
3392,1995323N05097,1995-11-22 09:00:00,1995-11-23 09:00:00,1995-11-23 15:00:00,1995-11-23 21:00:00,1995-11-24 09:00:00
3393,1995323N05097,1995-11-22 12:00:00,1995-11-23 12:00:00,1995-11-23 18:00:00,1995-11-24 00:00:00,1995-11-24 12:00:00
3394,1995323N05097,1995-11-22 15:00:00,1995-11-23 15:00:00,1995-11-23 21:00:00,1995-11-24 03:00:00,1995-11-24 15:00:00
3395,1995323N05097,1995-11-22 18:00:00,1995-11-23 18:00:00,1995-11-24 00:00:00,1995-11-24 06:00:00,1995-11-24 18:00:00
3396,1995323N05097,1995-11-22 21:00:00,1995-11-23 21:00:00,1995-11-24 03:00:00,1995-11-24 09:00:00,1995-11-24 21:00:00
3397,1995323N05097,1995-11-23 00:00:00,1995-11-24 00:00:00,1995-11-24 06:00:00,1995-11-24 12:00:00,1995-11-25 00:00:00
3398,1995323N05097,1995-11-23 03:00:00,1995-11-24 03:00:00,1995-11-24 09:00:00,1995-11-24 15:00:00,1995-11-25 03:00:00
3399,1995323N05097,1995-11-23 06:00:00,1995-11-24 06:00:00,1995-11-24 12:00:00,1995-11-24 18:00:00,1995-11-25 06:00:00
3400,1995323N05097,1995-11-23 09:00:00,1995-11-24 09:00:00,1995-11-24 15:00:00,1995-11-24 21:00:00,1995-11-25 09:00:00
3401,1995323N05097,1995-11-23 12:00:00,1995-11-24 12:00:00,1995-11-24 18:00:00,1995-11-25 00:00:00,1995-11-25 12:00:00
3402,1995323N05097,1995-11-23 15:00:00,1995-11-24 15:00:00,1995-11-24 21:00:00,1995-11-25 03:00:00,1995-11-25 15:00:00
3403,1995323N05097,1995-11-23 18:00:00,1995-11-24 18:00:00,1995-11-25 00:00:00,1995-11-25 06:00:00,1995-11-25 18:00:00
3404,1996122N08092,1996-05-01 06:00:00,1996-05-02 06:00:00,1996-05-02 12:00:00,1996-05-02 18:00:00,1996-05-03 06:00:00
3405,1996122N08092,1996-05-01 09:00:00,1996-05-02 09:00:00,1996-05-02 15:00:00,1996-05-02 21:00:00,1996-05-03 09:00:00
3406,1996122N08092,1996-05-01 12:00:00,1996-05-02 12:00:00,1996-05-02 18:00:00,1996-05-03 00:00:00,1996-05-03 12:00:00
3407,1996122N08092,1996-05-01 15:00:00,1996-05-02 15:00:00,1996-05-02 21:00:00,1996-05-03 03:00:00,1996-05-03 15:00:00
3408,1996122N08092,1996-05-01 18:00:00,1996-05-02 18:00:00,1996-05-03 00:00:00,1996-05-03 06:00:00,1996-05-03 18:00:00
3409,1996122N08092,1996-05-01 21:00:00,1996-05-02 21:00:00,1996-05-03 03:00:00,1996-05-03 09:00:00,1996-05-03 21:00:00
3410,1996122N08092,1996-05-02 00:00:00,1996-05-03 00:00:00,1996-05-03 06:00:00,1996-05-03 12:00:00,1996-05-04 00:00:00
3411,1996122N08092,1996-05-02 03:00:00,1996-05-03 03:00:00,1996-05-03 09:00:00,1996-05-03 15:00:00,1996-05-04 03:00:00
3412,1996122N08092,1996-05-02 06:00:00,1996-05-03 06:00:00,1996-05-03 12:00:00,1996-05-03 18:00:00,1996-05-04 06:00:00
3413,1996122N08092,1996-05-02 09:00:00,1996-05-03 09:00:00,1996-05-03 15:00:00,1996-05-03 21:00:00,1996-05-04 09:00:00
3414,1996122N08092,1996-05-02 12:00:00,1996-05-03 12:00:00,1996-05-03 18:00:00,1996-05-04 00:00:00,1996-05-04 12:00:00
3415,1996122N08092,1996-05-02 15:00:00,1996-05-03 15:00:00,1996-05-03 21:00:00,1996-05-04 03:00:00,1996-05-04 15:00:00
3416,1996122N08092,1996-05-02 18:00:00,1996-05-03 18:00:00,1996-05-04 00:00:00,1996-05-04 06:00:00,1996-05-04 18:00:00
3417,1996122N08092,1996-05-02 21:00:00,1996-05-03 21:00:00,1996-05-04 03:00:00,1996-05-04 09:00:00,1996-05-04 21:00:00
3418,1996122N08092,1996-05-03 00:00:00,1996-05-04 00:00:00,1996-05-04 06:00:00,1996-05-04 12:00:00,1996-05-05 00:00:00
3419,1996122N08092,1996-05-03 03:00:00,1996-05-04 03:00:00,1996-05-04 09:00:00,1996-05-04 15:00:00,1996-05-05 03:00:00
3420,1996122N08092,1996-05-03 06:00:00,1996-05-04 06:00:00,1996-05-04 12:00:00,1996-05-04 18:00:00,1996-05-05 06:00:00
3421,1996122N08092,1996-05-03 09:00:00,1996-05-04 09:00:00,1996-05-04 15:00:00,1996-05-04 21:00:00,1996-05-05 09:00:00
3422,1996122N08092,1996-05-03 12:00:00,1996-05-04 12:00:00,1996-05-04 18:00:00,1996-05-05 00:00:00,1996-05-05 12:00:00
3423,1996122N08092,1996-05-03 15:00:00,1996-05-04 15:00:00,1996-05-04 21:00:00,1996-05-05 03:00:00,1996-05-05 15:00:00
3424,1996122N08092,1996-05-03 18:00:00,1996-05-04 18:00:00,1996-05-05 00:00:00,1996-05-05 06:00:00,1996-05-05 18:00:00
3425,1996122N08092,1996-05-03 21:00:00,1996-05-04 21:00:00,1996-05-05 03:00:00,1996-05-05 09:00:00,1996-05-05 21:00:00
3426,1996122N08092,1996-05-04 00:00:00,1996-05-05 00:00:00,1996-05-05 06:00:00,1996-05-05 12:00:00,1996-05-06 00:00:00
3427,1996122N08092,1996-05-04 03:00:00,1996-05-05 03:00:00,1996-05-05 09:00:00,1996-05-05 15:00:00,1996-05-06 03:00:00
3428,1996122N08092,1996-05-04 06:00:00,1996-05-05 06:00:00,1996-05-05 12:00:00,1996-05-05 18:00:00,1996-05-06 06:00:00
3429,1996122N08092,1996-05-04 09:00:00,1996-05-05 09:00:00,1996-05-05 15:00:00,1996-05-05 21:00:00,1996-05-06 09:00:00
3430,1996122N08092,1996-05-04 12:00:00,1996-05-05 12:00:00,1996-05-05 18:00:00,1996-05-06 00:00:00,1996-05-06 12:00:00
3431,1996122N08092,1996-05-04 15:00:00,1996-05-05 15:00:00,1996-05-05 21:00:00,1996-05-06 03:00:00,1996-05-06 15:00:00
3432,1996122N08092,1996-05-04 18:00:00,1996-05-05 18:00:00,1996-05-06 00:00:00,1996-05-06 06:00:00,1996-05-06 18:00:00
3433,1996122N08092,1996-05-04 21:00:00,1996-05-05 21:00:00,1996-05-06 03:00:00,1996-05-06 09:00:00,1996-05-06 21:00:00
3434,1996122N08092,1996-05-05 00:00:00,1996-05-06 00:00:00,1996-05-06 06:00:00,1996-05-06 12:00:00,1996-05-07 00:00:00
3435,1996122N08092,1996-05-05 03:00:00,1996-05-06 03:00:00,1996-05-06 09:00:00,1996-05-06 15:00:00,1996-05-07 03:00:00
3436,1996122N08092,1996-05-05 06:00:00,1996-05-06 06:00:00,1996-05-06 12:00:00,1996-05-06 18:00:00,1996-05-07 06:00:00
3437,1996122N08092,1996-05-05 09:00:00,1996-05-06 09:00:00,1996-05-06 15:00:00,1996-05-06 21:00:00,1996-05-07 09:00:00
3438,1996122N08092,1996-05-05 12:00:00,1996-05-06 12:00:00,1996-05-06 18:00:00,1996-05-07 00:00:00,1996-05-07 12:00:00
3439,1996122N08092,1996-05-05 15:00:00,1996-05-06 15:00:00,1996-05-06 21:00:00,1996-05-07 03:00:00,1996-05-07 15:00:00
3440,1996122N08092,1996-05-05 18:00:00,1996-05-06 18:00:00,1996-05-07 00:00:00,1996-05-07 06:00:00,1996-05-07 18:00:00
3441,1996122N08092,1996-05-05 21:00:00,1996-05-06 21:00:00,1996-05-07 03:00:00,1996-05-07 09:00:00,1996-05-07 21:00:00
3442,1996122N08092,1996-05-06 00:00:00,1996-05-07 00:00:00,1996-05-07 06:00:00,1996-05-07 12:00:00,1996-05-08 00:00:00
3443,1996122N08092,1996-05-06 03:00:00,1996-05-07 03:00:00,1996-05-07 09:00:00,1996-05-07 15:00:00,1996-05-08 03:00:00
3444,1996122N08092,1996-05-06 06:00:00,1996-05-07 06:00:00,1996-05-07 12:00:00,1996-05-07 18:00:00,1996-05-08 06:00:00
3445,1996122N08092,1996-05-06 09:00:00,1996-05-07 09:00:00,1996-05-07 15:00:00,1996-05-07 21:00:00,1996-05-08 09:00:00
3446,1996122N08092,1996-05-06 12:00:00,1996-05-07 12:00:00,1996-05-07 18:00:00,1996-05-08 00:00:00,1996-05-08 12:00:00
3447,1996122N08092,1996-05-06 15:00:00,1996-05-07 15:00:00,1996-05-07 21:00:00,1996-05-08 03:00:00,1996-05-08 15:00:00
3448,1996122N08092,1996-05-06 18:00:00,1996-05-07 18:00:00,1996-05-08 00:00:00,1996-05-08 06:00:00,1996-05-08 18:00:00
3449,1996161N17063,1996-06-09 00:00:00,1996-06-10 00:00:00,1996-06-10 06:00:00,1996-06-10 12:00:00,1996-06-11 00:00:00
3450,1996161N17063,1996-06-09 03:00:00,1996-06-10 03:00:00,1996-06-10 09:00:00,1996-06-10 15:00:00,1996-06-11 03:00:00
3451,1996161N17063,1996-06-09 06:00:00,1996-06-10 06:00:00,1996-06-10 12:00:00,1996-06-10 18:00:00,1996-06-11 06:00:00
3452,1996161N17063,1996-06-09 09:00:00,1996-06-10 09:00:00,1996-06-10 15:00:00,1996-06-10 21:00:00,1996-06-11 09:00:00
3453,1996161N17063,1996-06-09 12:00:00,1996-06-10 12:00:00,1996-06-10 18:00:00,1996-06-11 00:00:00,1996-06-11 12:00:00
3454,1996161N17063,1996-06-09 15:00:00,1996-06-10 15:00:00,1996-06-10 21:00:00,1996-06-11 03:00:00,1996-06-11 15:00:00
3455,1996161N17063,1996-06-09 18:00:00,1996-06-10 18:00:00,1996-06-11 00:00:00,1996-06-11 06:00:00,1996-06-11 18:00:00
3456,1996161N17063,1996-06-09 21:00:00,1996-06-10 21:00:00,1996-06-11 03:00:00,1996-06-11 09:00:00,1996-06-11 21:00:00
3457,1996161N17063,1996-06-10 00:00:00,1996-06-11 00:00:00,1996-06-11 06:00:00,1996-06-11 12:00:00,1996-06-12 00:00:00
3458,1996161N17063,1996-06-10 03:00:00,1996-06-11 03:00:00,1996-06-11 09:00:00,1996-06-11 15:00:00,1996-06-12 03:00:00
3459,1996161N17063,1996-06-10 06:00:00,1996-06-11 06:00:00,1996-06-11 12:00:00,1996-06-11 18:00:00,1996-06-12 06:00:00
3460,1996161N17063,1996-06-10 09:00:00,1996-06-11 09:00:00,1996-06-11 15:00:00,1996-06-11 21:00:00,1996-06-12 09:00:00
3461,1996161N17063,1996-06-10 12:00:00,1996-06-11 12:00:00,1996-06-11 18:00:00,1996-06-12 00:00:00,1996-06-12 12:00:00
3462,1996163N08088,1996-06-11 00:00:00,1996-06-12 00:00:00,1996-06-12 06:00:00,1996-06-12 12:00:00,1996-06-13 00:00:00
3463,1996163N08088,1996-06-11 03:00:00,1996-06-12 03:00:00,1996-06-12 09:00:00,1996-06-12 15:00:00,1996-06-13 03:00:00
3464,1996163N08088,1996-06-11 06:00:00,1996-06-12 06:00:00,1996-06-12 12:00:00,1996-06-12 18:00:00,1996-06-13 06:00:00
3465,1996163N08088,1996-06-11 09:00:00,1996-06-12 09:00:00,1996-06-12 15:00:00,1996-06-12 21:00:00,1996-06-13 09:00:00
3466,1996163N08088,1996-06-11 12:00:00,1996-06-12 12:00:00,1996-06-12 18:00:00,1996-06-13 00:00:00,1996-06-13 12:00:00
3467,1996163N08088,1996-06-11 15:00:00,1996-06-12 15:00:00,1996-06-12 21:00:00,1996-06-13 03:00:00,1996-06-13 15:00:00
3468,1996163N08088,1996-06-11 18:00:00,1996-06-12 18:00:00,1996-06-13 00:00:00,1996-06-13 06:00:00,1996-06-13 18:00:00
3469,1996163N08088,1996-06-11 21:00:00,1996-06-12 21:00:00,1996-06-13 03:00:00,1996-06-13 09:00:00,1996-06-13 21:00:00
3470,1996163N08088,1996-06-12 00:00:00,1996-06-13 00:00:00,1996-06-13 06:00:00,1996-06-13 12:00:00,1996-06-14 00:00:00
3471,1996163N08088,1996-06-12 03:00:00,1996-06-13 03:00:00,1996-06-13 09:00:00,1996-06-13 15:00:00,1996-06-14 03:00:00
3472,1996163N08088,1996-06-12 06:00:00,1996-06-13 06:00:00,1996-06-13 12:00:00,1996-06-13 18:00:00,1996-06-14 06:00:00
3473,1996163N08088,1996-06-12 09:00:00,1996-06-13 09:00:00,1996-06-13 15:00:00,1996-06-13 21:00:00,1996-06-14 09:00:00
3474,1996163N08088,1996-06-12 12:00:00,1996-06-13 12:00:00,1996-06-13 18:00:00,1996-06-14 00:00:00,1996-06-14 12:00:00
3475,1996163N08088,1996-06-12 15:00:00,1996-06-13 15:00:00,1996-06-13 21:00:00,1996-06-14 03:00:00,1996-06-14 15:00:00
3476,1996163N08088,1996-06-12 18:00:00,1996-06-13 18:00:00,1996-06-14 00:00:00,1996-06-14 06:00:00,1996-06-14 18:00:00
3477,1996163N08088,1996-06-12 21:00:00,1996-06-13 21:00:00,1996-06-14 03:00:00,1996-06-14 09:00:00,1996-06-14 21:00:00
3478,1996163N08088,1996-06-13 00:00:00,1996-06-14 00:00:00,1996-06-14 06:00:00,1996-06-14 12:00:00,1996-06-15 00:00:00
3479,1996163N08088,1996-06-13 03:00:00,1996-06-14 03:00:00,1996-06-14 09:00:00,1996-06-14 15:00:00,1996-06-15 03:00:00
3480,1996163N08088,1996-06-13 06:00:00,1996-06-14 06:00:00,1996-06-14 12:00:00,1996-06-14 18:00:00,1996-06-15 06:00:00
3481,1996163N08088,1996-06-13 09:00:00,1996-06-14 09:00:00,1996-06-14 15:00:00,1996-06-14 21:00:00,1996-06-15 09:00:00
3482,1996163N08088,1996-06-13 12:00:00,1996-06-14 12:00:00,1996-06-14 18:00:00,1996-06-15 00:00:00,1996-06-15 12:00:00
3483,1996163N08088,1996-06-13 15:00:00,1996-06-14 15:00:00,1996-06-14 21:00:00,1996-06-15 03:00:00,1996-06-15 15:00:00
3484,1996163N08088,1996-06-13 18:00:00,1996-06-14 18:00:00,1996-06-15 00:00:00,1996-06-15 06:00:00,1996-06-15 18:00:00
3485,1996163N08088,1996-06-13 21:00:00,1996-06-14 21:00:00,1996-06-15 03:00:00,1996-06-15 09:00:00,1996-06-15 21:00:00
3486,1996163N08088,1996-06-14 00:00:00,1996-06-15 00:00:00,1996-06-15 06:00:00,1996-06-15 12:00:00,1996-06-16 00:00:00
3487,1996163N08088,1996-06-14 03:00:00,1996-06-15 03:00:00,1996-06-15 09:00:00,1996-06-15 15:00:00,1996-06-16 03:00:00
3488,1996163N08088,1996-06-14 06:00:00,1996-06-15 06:00:00,1996-06-15 12:00:00,1996-06-15 18:00:00,1996-06-16 06:00:00
3489,1996163N08088,1996-06-14 09:00:00,1996-06-15 09:00:00,1996-06-15 15:00:00,1996-06-15 21:00:00,1996-06-16 09:00:00
3490,1996163N08088,1996-06-14 12:00:00,1996-06-15 12:00:00,1996-06-15 18:00:00,1996-06-16 00:00:00,1996-06-16 12:00:00
3491,1996163N08088,1996-06-14 15:00:00,1996-06-15 15:00:00,1996-06-15 21:00:00,1996-06-16 03:00:00,1996-06-16 15:00:00
3492,1996163N08088,1996-06-14 18:00:00,1996-06-15 18:00:00,1996-06-16 00:00:00,1996-06-16 06:00:00,1996-06-16 18:00:00
3493,1996163N08088,1996-06-14 21:00:00,1996-06-15 21:00:00,1996-06-16 03:00:00,1996-06-16 09:00:00,1996-06-16 21:00:00
3494,1996163N08088,1996-06-15 00:00:00,1996-06-16 00:00:00,1996-06-16 06:00:00,1996-06-16 12:00:00,1996-06-17 00:00:00
3495,1996163N08088,1996-06-15 03:00:00,1996-06-16 03:00:00,1996-06-16 09:00:00,1996-06-16 15:00:00,1996-06-17 03:00:00
3496,1996163N08088,1996-06-15 06:00:00,1996-06-16 06:00:00,1996-06-16 12:00:00,1996-06-16 18:00:00,1996-06-17 06:00:00
3497,1996163N08088,1996-06-15 09:00:00,1996-06-16 09:00:00,1996-06-16 15:00:00,1996-06-16 21:00:00,1996-06-17 09:00:00
3498,1996163N08088,1996-06-15 12:00:00,1996-06-16 12:00:00,1996-06-16 18:00:00,1996-06-17 00:00:00,1996-06-17 12:00:00
3499,1996163N08088,1996-06-15 15:00:00,1996-06-16 15:00:00,1996-06-16 21:00:00,1996-06-17 03:00:00,1996-06-17 15:00:00
3500,1996163N08088,1996-06-15 18:00:00,1996-06-16 18:00:00,1996-06-17 00:00:00,1996-06-17 06:00:00,1996-06-17 18:00:00
3501,1996163N08088,1996-06-15 21:00:00,1996-06-16 21:00:00,1996-06-17 03:00:00,1996-06-17 09:00:00,1996-06-17 21:00:00
3502,1996163N08088,1996-06-16 00:00:00,1996-06-17 00:00:00,1996-06-17 06:00:00,1996-06-17 12:00:00,1996-06-18 00:00:00
3503,1996163N08088,1996-06-16 03:00:00,1996-06-17 03:00:00,1996-06-17 09:00:00,1996-06-17 15:00:00,1996-06-18 03:00:00
3504,1996163N08088,1996-06-16 06:00:00,1996-06-17 06:00:00,1996-06-17 12:00:00,1996-06-17 18:00:00,1996-06-18 06:00:00
3505,1996163N08088,1996-06-16 09:00:00,1996-06-17 09:00:00,1996-06-17 15:00:00,1996-06-17 21:00:00,1996-06-18 09:00:00
3506,1996163N08088,1996-06-16 12:00:00,1996-06-17 12:00:00,1996-06-17 18:00:00,1996-06-18 00:00:00,1996-06-18 12:00:00
3507,1996163N08088,1996-06-16 15:00:00,1996-06-17 15:00:00,1996-06-17 21:00:00,1996-06-18 03:00:00,1996-06-18 15:00:00
3508,1996163N08088,1996-06-16 18:00:00,1996-06-17 18:00:00,1996-06-18 00:00:00,1996-06-18 06:00:00,1996-06-18 18:00:00
3509,1996167N16072,1996-06-15 00:00:00,1996-06-16 00:00:00,1996-06-16 06:00:00,1996-06-16 12:00:00,1996-06-17 00:00:00
3510,1996167N16072,1996-06-15 03:00:00,1996-06-16 03:00:00,1996-06-16 09:00:00,1996-06-16 15:00:00,1996-06-17 03:00:00
3511,1996167N16072,1996-06-15 06:00:00,1996-06-16 06:00:00,1996-06-16 12:00:00,1996-06-16 18:00:00,1996-06-17 06:00:00
3512,1996167N16072,1996-06-15 09:00:00,1996-06-16 09:00:00,1996-06-16 15:00:00,1996-06-16 21:00:00,1996-06-17 09:00:00
3513,1996167N16072,1996-06-15 12:00:00,1996-06-16 12:00:00,1996-06-16 18:00:00,1996-06-17 00:00:00,1996-06-17 12:00:00
3514,1996167N16072,1996-06-15 15:00:00,1996-06-16 15:00:00,1996-06-16 21:00:00,1996-06-17 03:00:00,1996-06-17 15:00:00
3515,1996167N16072,1996-06-15 18:00:00,1996-06-16 18:00:00,1996-06-17 00:00:00,1996-06-17 06:00:00,1996-06-17 18:00:00
3516,1996167N16072,1996-06-15 21:00:00,1996-06-16 21:00:00,1996-06-17 03:00:00,1996-06-17 09:00:00,1996-06-17 21:00:00
3517,1996167N16072,1996-06-16 00:00:00,1996-06-17 00:00:00,1996-06-17 06:00:00,1996-06-17 12:00:00,1996-06-18 00:00:00
3518,1996167N16072,1996-06-16 03:00:00,1996-06-17 03:00:00,1996-06-17 09:00:00,1996-06-17 15:00:00,1996-06-18 03:00:00
3519,1996167N16072,1996-06-16 06:00:00,1996-06-17 06:00:00,1996-06-17 12:00:00,1996-06-17 18:00:00,1996-06-18 06:00:00
3520,1996167N16072,1996-06-16 09:00:00,1996-06-17 09:00:00,1996-06-17 15:00:00,1996-06-17 21:00:00,1996-06-18 09:00:00
3521,1996167N16072,1996-06-16 12:00:00,1996-06-17 12:00:00,1996-06-17 18:00:00,1996-06-18 00:00:00,1996-06-18 12:00:00
3522,1996167N16072,1996-06-16 15:00:00,1996-06-17 15:00:00,1996-06-17 21:00:00,1996-06-18 03:00:00,1996-06-18 15:00:00
3523,1996167N16072,1996-06-16 18:00:00,1996-06-17 18:00:00,1996-06-18 00:00:00,1996-06-18 06:00:00,1996-06-18 18:00:00
3524,1996167N16072,1996-06-16 21:00:00,1996-06-17 21:00:00,1996-06-18 03:00:00,1996-06-18 09:00:00,1996-06-18 21:00:00
3525,1996167N16072,1996-06-17 00:00:00,1996-06-18 00:00:00,1996-06-18 06:00:00,1996-06-18 12:00:00,1996-06-19 00:00:00
3526,1996167N16072,1996-06-17 03:00:00,1996-06-18 03:00:00,1996-06-18 09:00:00,1996-06-18 15:00:00,1996-06-19 03:00:00
3527,1996167N16072,1996-06-17 06:00:00,1996-06-18 06:00:00,1996-06-18 12:00:00,1996-06-18 18:00:00,1996-06-19 06:00:00
3528,1996167N16072,1996-06-17 09:00:00,1996-06-18 09:00:00,1996-06-18 15:00:00,1996-06-18 21:00:00,1996-06-19 09:00:00
3529,1996167N16072,1996-06-17 12:00:00,1996-06-18 12:00:00,1996-06-18 18:00:00,1996-06-19 00:00:00,1996-06-19 12:00:00
3530,1996167N16072,1996-06-17 15:00:00,1996-06-18 15:00:00,1996-06-18 21:00:00,1996-06-19 03:00:00,1996-06-19 15:00:00
3531,1996167N16072,1996-06-17 18:00:00,1996-06-18 18:00:00,1996-06-19 00:00:00,1996-06-19 06:00:00,1996-06-19 18:00:00
3532,1996167N16072,1996-06-17 21:00:00,1996-06-18 21:00:00,1996-06-19 03:00:00,1996-06-19 09:00:00,1996-06-19 21:00:00
3533,1996167N16072,1996-06-18 00:00:00,1996-06-19 00:00:00,1996-06-19 06:00:00,1996-06-19 12:00:00,1996-06-20 00:00:00
3534,1996167N16072,1996-06-18 03:00:00,1996-06-19 03:00:00,1996-06-19 09:00:00,1996-06-19 15:00:00,1996-06-20 03:00:00
3535,1996167N16072,1996-06-18 06:00:00,1996-06-19 06:00:00,1996-06-19 12:00:00,1996-06-19 18:00:00,1996-06-20 06:00:00
3536,1996167N16072,1996-06-18 09:00:00,1996-06-19 09:00:00,1996-06-19 15:00:00,1996-06-19 21:00:00,1996-06-20 09:00:00
3537,1996167N16072,1996-06-18 12:00:00,1996-06-19 12:00:00,1996-06-19 18:00:00,1996-06-20 00:00:00,1996-06-20 12:00:00
3538,1996167N16072,1996-06-18 15:00:00,1996-06-19 15:00:00,1996-06-19 21:00:00,1996-06-20 03:00:00,1996-06-20 15:00:00
3539,1996167N16072,1996-06-18 18:00:00,1996-06-19 18:00:00,1996-06-20 00:00:00,1996-06-20 06:00:00,1996-06-20 18:00:00
3540,1996167N16072,1996-06-18 21:00:00,1996-06-19 21:00:00,1996-06-20 03:00:00,1996-06-20 09:00:00,1996-06-20 21:00:00
3541,1996167N16072,1996-06-19 00:00:00,1996-06-20 00:00:00,1996-06-20 06:00:00,1996-06-20 12:00:00,1996-06-21 00:00:00
3542,1996167N16072,1996-06-19 03:00:00,1996-06-20 03:00:00,1996-06-20 09:00:00,1996-06-20 15:00:00,1996-06-21 03:00:00
3543,1996167N16072,1996-06-19 06:00:00,1996-06-20 06:00:00,1996-06-20 12:00:00,1996-06-20 18:00:00,1996-06-21 06:00:00
3544,1996167N16072,1996-06-19 09:00:00,1996-06-20 09:00:00,1996-06-20 15:00:00,1996-06-20 21:00:00,1996-06-21 09:00:00
3545,1996167N16072,1996-06-19 12:00:00,1996-06-20 12:00:00,1996-06-20 18:00:00,1996-06-21 00:00:00,1996-06-21 12:00:00
3546,1996167N16072,1996-06-19 15:00:00,1996-06-20 15:00:00,1996-06-20 21:00:00,1996-06-21 03:00:00,1996-06-21 15:00:00
3547,1996167N16072,1996-06-19 18:00:00,1996-06-20 18:00:00,1996-06-21 00:00:00,1996-06-21 06:00:00,1996-06-21 18:00:00
3548,1996167N16072,1996-06-19 21:00:00,1996-06-20 21:00:00,1996-06-21 03:00:00,1996-06-21 09:00:00,1996-06-21 21:00:00
3549,1996167N16072,1996-06-20 00:00:00,1996-06-21 00:00:00,1996-06-21 06:00:00,1996-06-21 12:00:00,1996-06-22 00:00:00
3550,1996167N16072,1996-06-20 03:00:00,1996-06-21 03:00:00,1996-06-21 09:00:00,1996-06-21 15:00:00,1996-06-22 03:00:00
3551,1996167N16072,1996-06-20 06:00:00,1996-06-21 06:00:00,1996-06-21 12:00:00,1996-06-21 18:00:00,1996-06-22 06:00:00
3552,1996167N16072,1996-06-20 09:00:00,1996-06-21 09:00:00,1996-06-21 15:00:00,1996-06-21 21:00:00,1996-06-22 09:00:00
3553,1996167N16072,1996-06-20 12:00:00,1996-06-21 12:00:00,1996-06-21 18:00:00,1996-06-22 00:00:00,1996-06-22 12:00:00
3554,1996167N16072,1996-06-20 15:00:00,1996-06-21 15:00:00,1996-06-21 21:00:00,1996-06-22 03:00:00,1996-06-22 15:00:00
3555,1996167N16072,1996-06-20 18:00:00,1996-06-21 18:00:00,1996-06-22 00:00:00,1996-06-22 06:00:00,1996-06-22 18:00:00
3556,1996167N16072,1996-06-20 21:00:00,1996-06-21 21:00:00,1996-06-22 03:00:00,1996-06-22 09:00:00,1996-06-22 21:00:00
3557,1996167N16072,1996-06-21 00:00:00,1996-06-22 00:00:00,1996-06-22 06:00:00,1996-06-22 12:00:00,1996-06-23 00:00:00
3558,1996167N16072,1996-06-21 03:00:00,1996-06-22 03:00:00,1996-06-22 09:00:00,1996-06-22 15:00:00,1996-06-23 03:00:00
3559,1996167N16072,1996-06-21 06:00:00,1996-06-22 06:00:00,1996-06-22 12:00:00,1996-06-22 18:00:00,1996-06-23 06:00:00
3560,1996167N16072,1996-06-21 09:00:00,1996-06-22 09:00:00,1996-06-22 15:00:00,1996-06-22 21:00:00,1996-06-23 09:00:00
3561,1996167N16072,1996-06-21 12:00:00,1996-06-22 12:00:00,1996-06-22 18:00:00,1996-06-23 00:00:00,1996-06-23 12:00:00
3562,1996167N16072,1996-06-21 15:00:00,1996-06-22 15:00:00,1996-06-22 21:00:00,1996-06-23 03:00:00,1996-06-23 15:00:00
3563,1996167N16072,1996-06-21 18:00:00,1996-06-22 18:00:00,1996-06-23 00:00:00,1996-06-23 06:00:00,1996-06-23 18:00:00
3564,1996167N16072,1996-06-21 21:00:00,1996-06-22 21:00:00,1996-06-23 03:00:00,1996-06-23 09:00:00,1996-06-23 21:00:00
3565,1996167N16072,1996-06-22 00:00:00,1996-06-23 00:00:00,1996-06-23 06:00:00,1996-06-23 12:00:00,1996-06-24 00:00:00
3566,1996167N16072,1996-06-22 03:00:00,1996-06-23 03:00:00,1996-06-23 09:00:00,1996-06-23 15:00:00,1996-06-24 03:00:00
3567,1996167N16072,1996-06-22 06:00:00,1996-06-23 06:00:00,1996-06-23 12:00:00,1996-06-23 18:00:00,1996-06-24 06:00:00
3568,1996167N16072,1996-06-22 09:00:00,1996-06-23 09:00:00,1996-06-23 15:00:00,1996-06-23 21:00:00,1996-06-24 09:00:00
3569,1996167N16072,1996-06-22 12:00:00,1996-06-23 12:00:00,1996-06-23 18:00:00,1996-06-24 00:00:00,1996-06-24 12:00:00
3570,1996167N16072,1996-06-22 15:00:00,1996-06-23 15:00:00,1996-06-23 21:00:00,1996-06-24 03:00:00,1996-06-24 15:00:00
3571,1996167N16072,1996-06-22 18:00:00,1996-06-23 18:00:00,1996-06-24 00:00:00,1996-06-24 06:00:00,1996-06-24 18:00:00
3572,1996167N16072,1996-06-22 21:00:00,1996-06-23 21:00:00,1996-06-24 03:00:00,1996-06-24 09:00:00,1996-06-24 21:00:00
3573,1996167N16072,1996-06-23 00:00:00,1996-06-24 00:00:00,1996-06-24 06:00:00,1996-06-24 12:00:00,1996-06-25 00:00:00
3574,1996167N16072,1996-06-23 03:00:00,1996-06-24 03:00:00,1996-06-24 09:00:00,1996-06-24 15:00:00,1996-06-25 03:00:00
3575,1996167N16072,1996-06-23 06:00:00,1996-06-24 06:00:00,1996-06-24 12:00:00,1996-06-24 18:00:00,1996-06-25 06:00:00
3576,1996167N16072,1996-06-23 09:00:00,1996-06-24 09:00:00,1996-06-24 15:00:00,1996-06-24 21:00:00,1996-06-25 09:00:00
3577,1996167N16072,1996-06-23 12:00:00,1996-06-24 12:00:00,1996-06-24 18:00:00,1996-06-25 00:00:00,1996-06-25 12:00:00
3578,1996208N24084,1996-07-26 03:00:00,1996-07-27 03:00:00,1996-07-27 09:00:00,1996-07-27 15:00:00,1996-07-28 03:00:00
3579,1996288N09092,1996-10-14 00:00:00,1996-10-15 00:00:00,1996-10-15 06:00:00,1996-10-15 12:00:00,1996-10-16 00:00:00
3580,1996288N09092,1996-10-14 03:00:00,1996-10-15 03:00:00,1996-10-15 09:00:00,1996-10-15 15:00:00,1996-10-16 03:00:00
3581,1996288N09092,1996-10-14 06:00:00,1996-10-15 06:00:00,1996-10-15 12:00:00,1996-10-15 18:00:00,1996-10-16 06:00:00
3582,1996288N09092,1996-10-14 09:00:00,1996-10-15 09:00:00,1996-10-15 15:00:00,1996-10-15 21:00:00,1996-10-16 09:00:00
3583,1996288N09092,1996-10-14 12:00:00,1996-10-15 12:00:00,1996-10-15 18:00:00,1996-10-16 00:00:00,1996-10-16 12:00:00
3584,1996288N09092,1996-10-14 15:00:00,1996-10-15 15:00:00,1996-10-15 21:00:00,1996-10-16 03:00:00,1996-10-16 15:00:00
3585,1996288N09092,1996-10-14 18:00:00,1996-10-15 18:00:00,1996-10-16 00:00:00,1996-10-16 06:00:00,1996-10-16 18:00:00
3586,1996288N09092,1996-10-14 21:00:00,1996-10-15 21:00:00,1996-10-16 03:00:00,1996-10-16 09:00:00,1996-10-16 21:00:00
3587,1996288N09092,1996-10-15 00:00:00,1996-10-16 00:00:00,1996-10-16 06:00:00,1996-10-16 12:00:00,1996-10-17 00:00:00
3588,1996288N09092,1996-10-15 03:00:00,1996-10-16 03:00:00,1996-10-16 09:00:00,1996-10-16 15:00:00,1996-10-17 03:00:00
3589,1996288N09092,1996-10-15 06:00:00,1996-10-16 06:00:00,1996-10-16 12:00:00,1996-10-16 18:00:00,1996-10-17 06:00:00
3590,1996288N09092,1996-10-15 09:00:00,1996-10-16 09:00:00,1996-10-16 15:00:00,1996-10-16 21:00:00,1996-10-17 09:00:00
3591,1996288N09092,1996-10-15 12:00:00,1996-10-16 12:00:00,1996-10-16 18:00:00,1996-10-17 00:00:00,1996-10-17 12:00:00
3592,1996288N09092,1996-10-15 15:00:00,1996-10-16 15:00:00,1996-10-16 21:00:00,1996-10-17 03:00:00,1996-10-17 15:00:00
3593,1996288N09092,1996-10-15 18:00:00,1996-10-16 18:00:00,1996-10-17 00:00:00,1996-10-17 06:00:00,1996-10-17 18:00:00
3594,1996288N09092,1996-10-15 21:00:00,1996-10-16 21:00:00,1996-10-17 03:00:00,1996-10-17 09:00:00,1996-10-17 21:00:00
3595,1996288N09092,1996-10-16 00:00:00,1996-10-17 00:00:00,1996-10-17 06:00:00,1996-10-17 12:00:00,1996-10-18 00:00:00
3596,1996288N09092,1996-10-16 03:00:00,1996-10-17 03:00:00,1996-10-17 09:00:00,1996-10-17 15:00:00,1996-10-18 03:00:00
3597,1996288N09092,1996-10-16 06:00:00,1996-10-17 06:00:00,1996-10-17 12:00:00,1996-10-17 18:00:00,1996-10-18 06:00:00
3598,1996288N09092,1996-10-16 09:00:00,1996-10-17 09:00:00,1996-10-17 15:00:00,1996-10-17 21:00:00,1996-10-18 09:00:00
3599,1996288N09092,1996-10-16 12:00:00,1996-10-17 12:00:00,1996-10-17 18:00:00,1996-10-18 00:00:00,1996-10-18 12:00:00
3600,1996288N09092,1996-10-16 15:00:00,1996-10-17 15:00:00,1996-10-17 21:00:00,1996-10-18 03:00:00,1996-10-18 15:00:00
3601,1996288N09092,1996-10-16 18:00:00,1996-10-17 18:00:00,1996-10-18 00:00:00,1996-10-18 06:00:00,1996-10-18 18:00:00
3602,1996288N09092,1996-10-16 21:00:00,1996-10-17 21:00:00,1996-10-18 03:00:00,1996-10-18 09:00:00,1996-10-18 21:00:00
3603,1996288N09092,1996-10-17 00:00:00,1996-10-18 00:00:00,1996-10-18 06:00:00,1996-10-18 12:00:00,1996-10-19 00:00:00
3604,1996288N09092,1996-10-17 03:00:00,1996-10-18 03:00:00,1996-10-18 09:00:00,1996-10-18 15:00:00,1996-10-19 03:00:00
3605,1996288N09092,1996-10-17 06:00:00,1996-10-18 06:00:00,1996-10-18 12:00:00,1996-10-18 18:00:00,1996-10-19 06:00:00
3606,1996288N09092,1996-10-17 09:00:00,1996-10-18 09:00:00,1996-10-18 15:00:00,1996-10-18 21:00:00,1996-10-19 09:00:00
3607,1996288N09092,1996-10-17 12:00:00,1996-10-18 12:00:00,1996-10-18 18:00:00,1996-10-19 00:00:00,1996-10-19 12:00:00
3608,1996288N09092,1996-10-17 15:00:00,1996-10-18 15:00:00,1996-10-18 21:00:00,1996-10-19 03:00:00,1996-10-19 15:00:00
3609,1996288N09092,1996-10-17 18:00:00,1996-10-18 18:00:00,1996-10-19 00:00:00,1996-10-19 06:00:00,1996-10-19 18:00:00
3610,1996288N09092,1996-10-17 21:00:00,1996-10-18 21:00:00,1996-10-19 03:00:00,1996-10-19 09:00:00,1996-10-19 21:00:00
3611,1996288N09092,1996-10-18 00:00:00,1996-10-19 00:00:00,1996-10-19 06:00:00,1996-10-19 12:00:00,1996-10-20 00:00:00
3612,1996288N09092,1996-10-18 03:00:00,1996-10-19 03:00:00,1996-10-19 09:00:00,1996-10-19 15:00:00,1996-10-20 03:00:00
3613,1996288N09092,1996-10-18 06:00:00,1996-10-19 06:00:00,1996-10-19 12:00:00,1996-10-19 18:00:00,1996-10-20 06:00:00
3614,1996288N09092,1996-10-18 09:00:00,1996-10-19 09:00:00,1996-10-19 15:00:00,1996-10-19 21:00:00,1996-10-20 09:00:00
3615,1996288N09092,1996-10-18 12:00:00,1996-10-19 12:00:00,1996-10-19 18:00:00,1996-10-20 00:00:00,1996-10-20 12:00:00
3616,1996288N09092,1996-10-18 15:00:00,1996-10-19 15:00:00,1996-10-19 21:00:00,1996-10-20 03:00:00,1996-10-20 15:00:00
3617,1996288N09092,1996-10-18 18:00:00,1996-10-19 18:00:00,1996-10-20 00:00:00,1996-10-20 06:00:00,1996-10-20 18:00:00
3618,1996288N09092,1996-10-18 21:00:00,1996-10-19 21:00:00,1996-10-20 03:00:00,1996-10-20 09:00:00,1996-10-20 21:00:00
3619,1996288N09092,1996-10-19 00:00:00,1996-10-20 00:00:00,1996-10-20 06:00:00,1996-10-20 12:00:00,1996-10-21 00:00:00
3620,1996288N09092,1996-10-19 03:00:00,1996-10-20 03:00:00,1996-10-20 09:00:00,1996-10-20 15:00:00,1996-10-21 03:00:00
3621,1996288N09092,1996-10-19 06:00:00,1996-10-20 06:00:00,1996-10-20 12:00:00,1996-10-20 18:00:00,1996-10-21 06:00:00
3622,1996288N09092,1996-10-19 09:00:00,1996-10-20 09:00:00,1996-10-20 15:00:00,1996-10-20 21:00:00,1996-10-21 09:00:00
3623,1996288N09092,1996-10-19 12:00:00,1996-10-20 12:00:00,1996-10-20 18:00:00,1996-10-21 00:00:00,1996-10-21 12:00:00
3624,1996288N09092,1996-10-19 15:00:00,1996-10-20 15:00:00,1996-10-20 21:00:00,1996-10-21 03:00:00,1996-10-21 15:00:00
3625,1996288N09092,1996-10-19 18:00:00,1996-10-20 18:00:00,1996-10-21 00:00:00,1996-10-21 06:00:00,1996-10-21 18:00:00
3626,1996288N09092,1996-10-19 21:00:00,1996-10-20 21:00:00,1996-10-21 03:00:00,1996-10-21 09:00:00,1996-10-21 21:00:00
3627,1996288N09092,1996-10-20 00:00:00,1996-10-21 00:00:00,1996-10-21 06:00:00,1996-10-21 12:00:00,1996-10-22 00:00:00
3628,1996288N09092,1996-10-20 03:00:00,1996-10-21 03:00:00,1996-10-21 09:00:00,1996-10-21 15:00:00,1996-10-22 03:00:00
3629,1996288N09092,1996-10-20 06:00:00,1996-10-21 06:00:00,1996-10-21 12:00:00,1996-10-21 18:00:00,1996-10-22 06:00:00
3630,1996288N09092,1996-10-20 09:00:00,1996-10-21 09:00:00,1996-10-21 15:00:00,1996-10-21 21:00:00,1996-10-22 09:00:00
3631,1996288N09092,1996-10-20 12:00:00,1996-10-21 12:00:00,1996-10-21 18:00:00,1996-10-22 00:00:00,1996-10-22 12:00:00
3632,1996288N09092,1996-10-20 15:00:00,1996-10-21 15:00:00,1996-10-21 21:00:00,1996-10-22 03:00:00,1996-10-22 15:00:00
3633,1996288N09092,1996-10-20 18:00:00,1996-10-21 18:00:00,1996-10-22 00:00:00,1996-10-22 06:00:00,1996-10-22 18:00:00
3634,1996288N09092,1996-10-20 21:00:00,1996-10-21 21:00:00,1996-10-22 03:00:00,1996-10-22 09:00:00,1996-10-22 21:00:00
3635,1996288N09092,1996-10-21 00:00:00,1996-10-22 00:00:00,1996-10-22 06:00:00,1996-10-22 12:00:00,1996-10-23 00:00:00
3636,1996288N09092,1996-10-21 03:00:00,1996-10-22 03:00:00,1996-10-22 09:00:00,1996-10-22 15:00:00,1996-10-23 03:00:00
3637,1996288N09092,1996-10-21 06:00:00,1996-10-22 06:00:00,1996-10-22 12:00:00,1996-10-22 18:00:00,1996-10-23 06:00:00
3638,1996288N09092,1996-10-21 09:00:00,1996-10-22 09:00:00,1996-10-22 15:00:00,1996-10-22 21:00:00,1996-10-23 09:00:00
3639,1996288N09092,1996-10-21 12:00:00,1996-10-22 12:00:00,1996-10-22 18:00:00,1996-10-23 00:00:00,1996-10-23 12:00:00
3640,1996288N09092,1996-10-21 15:00:00,1996-10-22 15:00:00,1996-10-22 21:00:00,1996-10-23 03:00:00,1996-10-23 15:00:00
3641,1996288N09092,1996-10-21 18:00:00,1996-10-22 18:00:00,1996-10-23 00:00:00,1996-10-23 06:00:00,1996-10-23 18:00:00
3642,1996288N09092,1996-10-21 21:00:00,1996-10-22 21:00:00,1996-10-23 03:00:00,1996-10-23 09:00:00,1996-10-23 21:00:00
3643,1996288N09092,1996-10-22 00:00:00,1996-10-23 00:00:00,1996-10-23 06:00:00,1996-10-23 12:00:00,1996-10-24 00:00:00
3644,1996288N09092,1996-10-22 03:00:00,1996-10-23 03:00:00,1996-10-23 09:00:00,1996-10-23 15:00:00,1996-10-24 03:00:00
3645,1996288N09092,1996-10-22 06:00:00,1996-10-23 06:00:00,1996-10-23 12:00:00,1996-10-23 18:00:00,1996-10-24 06:00:00
3646,1996288N09092,1996-10-22 09:00:00,1996-10-23 09:00:00,1996-10-23 15:00:00,1996-10-23 21:00:00,1996-10-24 09:00:00
3647,1996288N09092,1996-10-22 12:00:00,1996-10-23 12:00:00,1996-10-23 18:00:00,1996-10-24 00:00:00,1996-10-24 12:00:00
3648,1996288N09092,1996-10-22 15:00:00,1996-10-23 15:00:00,1996-10-23 21:00:00,1996-10-24 03:00:00,1996-10-24 15:00:00
3649,1996288N09092,1996-10-22 18:00:00,1996-10-23 18:00:00,1996-10-24 00:00:00,1996-10-24 06:00:00,1996-10-24 18:00:00
3650,1996288N09092,1996-10-22 21:00:00,1996-10-23 21:00:00,1996-10-24 03:00:00,1996-10-24 09:00:00,1996-10-24 21:00:00
3651,1996288N09092,1996-10-23 00:00:00,1996-10-24 00:00:00,1996-10-24 06:00:00,1996-10-24 12:00:00,1996-10-25 00:00:00
3652,1996288N09092,1996-10-23 03:00:00,1996-10-24 03:00:00,1996-10-24 09:00:00,1996-10-24 15:00:00,1996-10-25 03:00:00
3653,1996288N09092,1996-10-23 06:00:00,1996-10-24 06:00:00,1996-10-24 12:00:00,1996-10-24 18:00:00,1996-10-25 06:00:00
3654,1996288N09092,1996-10-23 09:00:00,1996-10-24 09:00:00,1996-10-24 15:00:00,1996-10-24 21:00:00,1996-10-25 09:00:00
3655,1996288N09092,1996-10-23 12:00:00,1996-10-24 12:00:00,1996-10-24 18:00:00,1996-10-25 00:00:00,1996-10-25 12:00:00
3656,1996288N09092,1996-10-23 15:00:00,1996-10-24 15:00:00,1996-10-24 21:00:00,1996-10-25 03:00:00,1996-10-25 15:00:00
3657,1996288N09092,1996-10-23 18:00:00,1996-10-24 18:00:00,1996-10-25 00:00:00,1996-10-25 06:00:00,1996-10-25 18:00:00
3658,1996288N09092,1996-10-23 21:00:00,1996-10-24 21:00:00,1996-10-25 03:00:00,1996-10-25 09:00:00,1996-10-25 21:00:00
3659,1996288N09092,1996-10-24 00:00:00,1996-10-25 00:00:00,1996-10-25 06:00:00,1996-10-25 12:00:00,1996-10-26 00:00:00
3660,1996288N09092,1996-10-24 03:00:00,1996-10-25 03:00:00,1996-10-25 09:00:00,1996-10-25 15:00:00,1996-10-26 03:00:00
3661,1996288N09092,1996-10-24 06:00:00,1996-10-25 06:00:00,1996-10-25 12:00:00,1996-10-25 18:00:00,1996-10-26 06:00:00
3662,1996288N09092,1996-10-24 09:00:00,1996-10-25 09:00:00,1996-10-25 15:00:00,1996-10-25 21:00:00,1996-10-26 09:00:00
3663,1996288N09092,1996-10-24 12:00:00,1996-10-25 12:00:00,1996-10-25 18:00:00,1996-10-26 00:00:00,1996-10-26 12:00:00
3664,1996288N09092,1996-10-24 15:00:00,1996-10-25 15:00:00,1996-10-25 21:00:00,1996-10-26 03:00:00,1996-10-26 15:00:00
3665,1996288N09092,1996-10-24 18:00:00,1996-10-25 18:00:00,1996-10-26 00:00:00,1996-10-26 06:00:00,1996-10-26 18:00:00
3666,1996288N09092,1996-10-24 21:00:00,1996-10-25 21:00:00,1996-10-26 03:00:00,1996-10-26 09:00:00,1996-10-26 21:00:00
3667,1996288N09092,1996-10-25 00:00:00,1996-10-26 00:00:00,1996-10-26 06:00:00,1996-10-26 12:00:00,1996-10-27 00:00:00
3668,1996288N09092,1996-10-25 03:00:00,1996-10-26 03:00:00,1996-10-26 09:00:00,1996-10-26 15:00:00,1996-10-27 03:00:00
3669,1996288N09092,1996-10-25 06:00:00,1996-10-26 06:00:00,1996-10-26 12:00:00,1996-10-26 18:00:00,1996-10-27 06:00:00
3670,1996288N09092,1996-10-25 09:00:00,1996-10-26 09:00:00,1996-10-26 15:00:00,1996-10-26 21:00:00,1996-10-27 09:00:00
3671,1996288N09092,1996-10-25 12:00:00,1996-10-26 12:00:00,1996-10-26 18:00:00,1996-10-27 00:00:00,1996-10-27 12:00:00
3672,1996288N09092,1996-10-25 15:00:00,1996-10-26 15:00:00,1996-10-26 21:00:00,1996-10-27 03:00:00,1996-10-27 15:00:00
3673,1996288N09092,1996-10-25 18:00:00,1996-10-26 18:00:00,1996-10-27 00:00:00,1996-10-27 06:00:00,1996-10-27 18:00:00
3674,1996288N09092,1996-10-25 21:00:00,1996-10-26 21:00:00,1996-10-27 03:00:00,1996-10-27 09:00:00,1996-10-27 21:00:00
3675,1996288N09092,1996-10-26 00:00:00,1996-10-27 00:00:00,1996-10-27 06:00:00,1996-10-27 12:00:00,1996-10-28 00:00:00
3676,1996288N09092,1996-10-26 03:00:00,1996-10-27 03:00:00,1996-10-27 09:00:00,1996-10-27 15:00:00,1996-10-28 03:00:00
3677,1996288N09092,1996-10-26 06:00:00,1996-10-27 06:00:00,1996-10-27 12:00:00,1996-10-27 18:00:00,1996-10-28 06:00:00
3678,1996288N09092,1996-10-26 09:00:00,1996-10-27 09:00:00,1996-10-27 15:00:00,1996-10-27 21:00:00,1996-10-28 09:00:00
3679,1996288N09092,1996-10-26 12:00:00,1996-10-27 12:00:00,1996-10-27 18:00:00,1996-10-28 00:00:00,1996-10-28 12:00:00
3680,1996288N09092,1996-10-26 15:00:00,1996-10-27 15:00:00,1996-10-27 21:00:00,1996-10-28 03:00:00,1996-10-28 15:00:00
3681,1996288N09092,1996-10-26 18:00:00,1996-10-27 18:00:00,1996-10-28 00:00:00,1996-10-28 06:00:00,1996-10-28 18:00:00
3682,1996288N09092,1996-10-26 21:00:00,1996-10-27 21:00:00,1996-10-28 03:00:00,1996-10-28 09:00:00,1996-10-28 21:00:00
3683,1996288N09092,1996-10-27 00:00:00,1996-10-28 00:00:00,1996-10-28 06:00:00,1996-10-28 12:00:00,1996-10-29 00:00:00
3684,1996288N09092,1996-10-27 03:00:00,1996-10-28 03:00:00,1996-10-28 09:00:00,1996-10-28 15:00:00,1996-10-29 03:00:00
3685,1996288N09092,1996-10-27 06:00:00,1996-10-28 06:00:00,1996-10-28 12:00:00,1996-10-28 18:00:00,1996-10-29 06:00:00
3686,1996288N09092,1996-10-27 09:00:00,1996-10-28 09:00:00,1996-10-28 15:00:00,1996-10-28 21:00:00,1996-10-29 09:00:00
3687,1996288N09092,1996-10-27 12:00:00,1996-10-28 12:00:00,1996-10-28 18:00:00,1996-10-29 00:00:00,1996-10-29 12:00:00
3688,1996288N09092,1996-10-27 15:00:00,1996-10-28 15:00:00,1996-10-28 21:00:00,1996-10-29 03:00:00,1996-10-29 15:00:00
3689,1996288N09092,1996-10-27 18:00:00,1996-10-28 18:00:00,1996-10-29 00:00:00,1996-10-29 06:00:00,1996-10-29 18:00:00
3690,1996288N09092,1996-10-27 21:00:00,1996-10-28 21:00:00,1996-10-29 03:00:00,1996-10-29 09:00:00,1996-10-29 21:00:00
3691,1996288N09092,1996-10-28 00:00:00,1996-10-29 00:00:00,1996-10-29 06:00:00,1996-10-29 12:00:00,1996-10-30 00:00:00
3692,1996288N09092,1996-10-28 03:00:00,1996-10-29 03:00:00,1996-10-29 09:00:00,1996-10-29 15:00:00,1996-10-30 03:00:00
3693,1996288N09092,1996-10-28 06:00:00,1996-10-29 06:00:00,1996-10-29 12:00:00,1996-10-29 18:00:00,1996-10-30 06:00:00
3694,1996288N09092,1996-10-28 09:00:00,1996-10-29 09:00:00,1996-10-29 15:00:00,1996-10-29 21:00:00,1996-10-30 09:00:00
3695,1996288N09092,1996-10-28 12:00:00,1996-10-29 12:00:00,1996-10-29 18:00:00,1996-10-30 00:00:00,1996-10-30 12:00:00
3696,1996288N09092,1996-10-28 15:00:00,1996-10-29 15:00:00,1996-10-29 21:00:00,1996-10-30 03:00:00,1996-10-30 15:00:00
3697,1996288N09092,1996-10-28 18:00:00,1996-10-29 18:00:00,1996-10-30 00:00:00,1996-10-30 06:00:00,1996-10-30 18:00:00
3698,1996288N09092,1996-10-28 21:00:00,1996-10-29 21:00:00,1996-10-30 03:00:00,1996-10-30 09:00:00,1996-10-30 21:00:00
3699,1996288N09092,1996-10-29 00:00:00,1996-10-30 00:00:00,1996-10-30 06:00:00,1996-10-30 12:00:00,1996-10-31 00:00:00
3700,1996288N09092,1996-10-29 03:00:00,1996-10-30 03:00:00,1996-10-30 09:00:00,1996-10-30 15:00:00,1996-10-31 03:00:00
3701,1996288N09092,1996-10-29 06:00:00,1996-10-30 06:00:00,1996-10-30 12:00:00,1996-10-30 18:00:00,1996-10-31 06:00:00
3702,1996288N09092,1996-10-29 09:00:00,1996-10-30 09:00:00,1996-10-30 15:00:00,1996-10-30 21:00:00,1996-10-31 09:00:00
3703,1996288N09092,1996-10-29 12:00:00,1996-10-30 12:00:00,1996-10-30 18:00:00,1996-10-31 00:00:00,1996-10-31 12:00:00
3704,1996288N09092,1996-10-29 15:00:00,1996-10-30 15:00:00,1996-10-30 21:00:00,1996-10-31 03:00:00,1996-10-31 15:00:00
3705,1996288N09092,1996-10-29 18:00:00,1996-10-30 18:00:00,1996-10-31 00:00:00,1996-10-31 06:00:00,1996-10-31 18:00:00
3706,1996288N09092,1996-10-29 21:00:00,1996-10-30 21:00:00,1996-10-31 03:00:00,1996-10-31 09:00:00,1996-10-31 21:00:00
3707,1996288N09092,1996-10-30 00:00:00,1996-10-31 00:00:00,1996-10-31 06:00:00,1996-10-31 12:00:00,1996-11-01 00:00:00
3708,1996288N09092,1996-10-30 03:00:00,1996-10-31 03:00:00,1996-10-31 09:00:00,1996-10-31 15:00:00,1996-11-01 03:00:00
3709,1996288N09092,1996-10-30 06:00:00,1996-10-31 06:00:00,1996-10-31 12:00:00,1996-10-31 18:00:00,1996-11-01 06:00:00
3710,1996288N09092,1996-10-30 09:00:00,1996-10-31 09:00:00,1996-10-31 15:00:00,1996-10-31 21:00:00,1996-11-01 09:00:00
3711,1996288N09092,1996-10-30 12:00:00,1996-10-31 12:00:00,1996-10-31 18:00:00,1996-11-01 00:00:00,1996-11-01 12:00:00
3712,1996288N09092,1996-10-30 15:00:00,1996-10-31 15:00:00,1996-10-31 21:00:00,1996-11-01 03:00:00,1996-11-01 15:00:00
3713,1996288N09092,1996-10-30 18:00:00,1996-10-31 18:00:00,1996-11-01 00:00:00,1996-11-01 06:00:00,1996-11-01 18:00:00
3714,1996288N09092,1996-10-30 21:00:00,1996-10-31 21:00:00,1996-11-01 03:00:00,1996-11-01 09:00:00,1996-11-01 21:00:00
3715,1996288N09092,1996-10-31 00:00:00,1996-11-01 00:00:00,1996-11-01 06:00:00,1996-11-01 12:00:00,1996-11-02 00:00:00
3716,1996288N09092,1996-10-31 03:00:00,1996-11-01 03:00:00,1996-11-01 09:00:00,1996-11-01 15:00:00,1996-11-02 03:00:00
3717,1996288N09092,1996-10-31 06:00:00,1996-11-01 06:00:00,1996-11-01 12:00:00,1996-11-01 18:00:00,1996-11-02 06:00:00
3718,1996296N09093,1996-10-21 18:00:00,1996-10-22 18:00:00,1996-10-23 00:00:00,1996-10-23 06:00:00,1996-10-23 18:00:00
3719,1996296N09093,1996-10-21 21:00:00,1996-10-22 21:00:00,1996-10-23 03:00:00,1996-10-23 09:00:00,1996-10-23 21:00:00
3720,1996296N09093,1996-10-22 00:00:00,1996-10-23 00:00:00,1996-10-23 06:00:00,1996-10-23 12:00:00,1996-10-24 00:00:00
3721,1996296N09093,1996-10-22 03:00:00,1996-10-23 03:00:00,1996-10-23 09:00:00,1996-10-23 15:00:00,1996-10-24 03:00:00
3722,1996296N09093,1996-10-22 06:00:00,1996-10-23 06:00:00,1996-10-23 12:00:00,1996-10-23 18:00:00,1996-10-24 06:00:00
3723,1996296N09093,1996-10-22 09:00:00,1996-10-23 09:00:00,1996-10-23 15:00:00,1996-10-23 21:00:00,1996-10-24 09:00:00
3724,1996296N09093,1996-10-22 12:00:00,1996-10-23 12:00:00,1996-10-23 18:00:00,1996-10-24 00:00:00,1996-10-24 12:00:00
3725,1996296N09093,1996-10-22 15:00:00,1996-10-23 15:00:00,1996-10-23 21:00:00,1996-10-24 03:00:00,1996-10-24 15:00:00
3726,1996296N09093,1996-10-22 18:00:00,1996-10-23 18:00:00,1996-10-24 00:00:00,1996-10-24 06:00:00,1996-10-24 18:00:00
3727,1996296N09093,1996-10-22 21:00:00,1996-10-23 21:00:00,1996-10-24 03:00:00,1996-10-24 09:00:00,1996-10-24 21:00:00
3728,1996296N09093,1996-10-23 00:00:00,1996-10-24 00:00:00,1996-10-24 06:00:00,1996-10-24 12:00:00,1996-10-25 00:00:00
3729,1996296N09093,1996-10-23 03:00:00,1996-10-24 03:00:00,1996-10-24 09:00:00,1996-10-24 15:00:00,1996-10-25 03:00:00
3730,1996296N09093,1996-10-23 06:00:00,1996-10-24 06:00:00,1996-10-24 12:00:00,1996-10-24 18:00:00,1996-10-25 06:00:00
3731,1996296N09093,1996-10-23 09:00:00,1996-10-24 09:00:00,1996-10-24 15:00:00,1996-10-24 21:00:00,1996-10-25 09:00:00
3732,1996296N09093,1996-10-23 12:00:00,1996-10-24 12:00:00,1996-10-24 18:00:00,1996-10-25 00:00:00,1996-10-25 12:00:00
3733,1996296N09093,1996-10-23 15:00:00,1996-10-24 15:00:00,1996-10-24 21:00:00,1996-10-25 03:00:00,1996-10-25 15:00:00
3734,1996296N09093,1996-10-23 18:00:00,1996-10-24 18:00:00,1996-10-25 00:00:00,1996-10-25 06:00:00,1996-10-25 18:00:00
3735,1996296N09093,1996-10-23 21:00:00,1996-10-24 21:00:00,1996-10-25 03:00:00,1996-10-25 09:00:00,1996-10-25 21:00:00
3736,1996296N09093,1996-10-24 00:00:00,1996-10-25 00:00:00,1996-10-25 06:00:00,1996-10-25 12:00:00,1996-10-26 00:00:00
3737,1996296N09093,1996-10-24 03:00:00,1996-10-25 03:00:00,1996-10-25 09:00:00,1996-10-25 15:00:00,1996-10-26 03:00:00
3738,1996296N09093,1996-10-24 06:00:00,1996-10-25 06:00:00,1996-10-25 12:00:00,1996-10-25 18:00:00,1996-10-26 06:00:00
3739,1996296N09093,1996-10-24 09:00:00,1996-10-25 09:00:00,1996-10-25 15:00:00,1996-10-25 21:00:00,1996-10-26 09:00:00
3740,1996296N09093,1996-10-24 12:00:00,1996-10-25 12:00:00,1996-10-25 18:00:00,1996-10-26 00:00:00,1996-10-26 12:00:00
3741,1996296N09093,1996-10-24 15:00:00,1996-10-25 15:00:00,1996-10-25 21:00:00,1996-10-26 03:00:00,1996-10-26 15:00:00
3742,1996296N09093,1996-10-24 18:00:00,1996-10-25 18:00:00,1996-10-26 00:00:00,1996-10-26 06:00:00,1996-10-26 18:00:00
3743,1996296N09093,1996-10-24 21:00:00,1996-10-25 21:00:00,1996-10-26 03:00:00,1996-10-26 09:00:00,1996-10-26 21:00:00
3744,1996296N09093,1996-10-25 00:00:00,1996-10-26 00:00:00,1996-10-26 06:00:00,1996-10-26 12:00:00,1996-10-27 00:00:00
3745,1996296N09093,1996-10-25 03:00:00,1996-10-26 03:00:00,1996-10-26 09:00:00,1996-10-26 15:00:00,1996-10-27 03:00:00
3746,1996296N09093,1996-10-25 06:00:00,1996-10-26 06:00:00,1996-10-26 12:00:00,1996-10-26 18:00:00,1996-10-27 06:00:00
3747,1996296N09093,1996-10-25 09:00:00,1996-10-26 09:00:00,1996-10-26 15:00:00,1996-10-26 21:00:00,1996-10-27 09:00:00
3748,1996296N09093,1996-10-25 12:00:00,1996-10-26 12:00:00,1996-10-26 18:00:00,1996-10-27 00:00:00,1996-10-27 12:00:00
3749,1996296N09093,1996-10-25 15:00:00,1996-10-26 15:00:00,1996-10-26 21:00:00,1996-10-27 03:00:00,1996-10-27 15:00:00
3750,1996296N09093,1996-10-25 18:00:00,1996-10-26 18:00:00,1996-10-27 00:00:00,1996-10-27 06:00:00,1996-10-27 18:00:00
3751,1996296N09093,1996-10-25 21:00:00,1996-10-26 21:00:00,1996-10-27 03:00:00,1996-10-27 09:00:00,1996-10-27 21:00:00
3752,1996296N09093,1996-10-26 00:00:00,1996-10-27 00:00:00,1996-10-27 06:00:00,1996-10-27 12:00:00,1996-10-28 00:00:00
3753,1996296N09093,1996-10-26 03:00:00,1996-10-27 03:00:00,1996-10-27 09:00:00,1996-10-27 15:00:00,1996-10-28 03:00:00
3754,1996296N09093,1996-10-26 06:00:00,1996-10-27 06:00:00,1996-10-27 12:00:00,1996-10-27 18:00:00,1996-10-28 06:00:00
3755,1996296N09093,1996-10-26 09:00:00,1996-10-27 09:00:00,1996-10-27 15:00:00,1996-10-27 21:00:00,1996-10-28 09:00:00
3756,1996296N09093,1996-10-26 12:00:00,1996-10-27 12:00:00,1996-10-27 18:00:00,1996-10-28 00:00:00,1996-10-28 12:00:00
3757,1996296N09093,1996-10-26 15:00:00,1996-10-27 15:00:00,1996-10-27 21:00:00,1996-10-28 03:00:00,1996-10-28 15:00:00
3758,1996296N09093,1996-10-26 18:00:00,1996-10-27 18:00:00,1996-10-28 00:00:00,1996-10-28 06:00:00,1996-10-28 18:00:00
3759,1996296N09093,1996-10-26 21:00:00,1996-10-27 21:00:00,1996-10-28 03:00:00,1996-10-28 09:00:00,1996-10-28 21:00:00
3760,1996296N09093,1996-10-27 00:00:00,1996-10-28 00:00:00,1996-10-28 06:00:00,1996-10-28 12:00:00,1996-10-29 00:00:00
3761,1996296N09093,1996-10-27 03:00:00,1996-10-28 03:00:00,1996-10-28 09:00:00,1996-10-28 15:00:00,1996-10-29 03:00:00
3762,1996296N09093,1996-10-27 06:00:00,1996-10-28 06:00:00,1996-10-28 12:00:00,1996-10-28 18:00:00,1996-10-29 06:00:00
3763,1996299N11121,1996-10-24 12:00:00,1996-10-25 12:00:00,1996-10-25 18:00:00,1996-10-26 00:00:00,1996-10-26 12:00:00
3764,1996299N11121,1996-10-24 15:00:00,1996-10-25 15:00:00,1996-10-25 21:00:00,1996-10-26 03:00:00,1996-10-26 15:00:00
3765,1996299N11121,1996-10-24 18:00:00,1996-10-25 18:00:00,1996-10-26 00:00:00,1996-10-26 06:00:00,1996-10-26 18:00:00
3766,1996299N11121,1996-10-24 21:00:00,1996-10-25 21:00:00,1996-10-26 03:00:00,1996-10-26 09:00:00,1996-10-26 21:00:00
3767,1996299N11121,1996-10-25 00:00:00,1996-10-26 00:00:00,1996-10-26 06:00:00,1996-10-26 12:00:00,1996-10-27 00:00:00
3768,1996299N11121,1996-10-25 03:00:00,1996-10-26 03:00:00,1996-10-26 09:00:00,1996-10-26 15:00:00,1996-10-27 03:00:00
3769,1996299N11121,1996-10-25 06:00:00,1996-10-26 06:00:00,1996-10-26 12:00:00,1996-10-26 18:00:00,1996-10-27 06:00:00
3770,1996299N11121,1996-10-25 09:00:00,1996-10-26 09:00:00,1996-10-26 15:00:00,1996-10-26 21:00:00,1996-10-27 09:00:00
3771,1996299N11121,1996-10-25 12:00:00,1996-10-26 12:00:00,1996-10-26 18:00:00,1996-10-27 00:00:00,1996-10-27 12:00:00
3772,1996299N11121,1996-10-25 15:00:00,1996-10-26 15:00:00,1996-10-26 21:00:00,1996-10-27 03:00:00,1996-10-27 15:00:00
3773,1996299N11121,1996-10-25 18:00:00,1996-10-26 18:00:00,1996-10-27 00:00:00,1996-10-27 06:00:00,1996-10-27 18:00:00
3774,1996299N11121,1996-10-25 21:00:00,1996-10-26 21:00:00,1996-10-27 03:00:00,1996-10-27 09:00:00,1996-10-27 21:00:00
3775,1996299N11121,1996-10-26 00:00:00,1996-10-27 00:00:00,1996-10-27 06:00:00,1996-10-27 12:00:00,1996-10-28 00:00:00
3776,1996299N11121,1996-10-26 03:00:00,1996-10-27 03:00:00,1996-10-27 09:00:00,1996-10-27 15:00:00,1996-10-28 03:00:00
3777,1996299N11121,1996-10-26 06:00:00,1996-10-27 06:00:00,1996-10-27 12:00:00,1996-10-27 18:00:00,1996-10-28 06:00:00
3778,1996299N11121,1996-10-26 09:00:00,1996-10-27 09:00:00,1996-10-27 15:00:00,1996-10-27 21:00:00,1996-10-28 09:00:00
3779,1996299N11121,1996-10-26 12:00:00,1996-10-27 12:00:00,1996-10-27 18:00:00,1996-10-28 00:00:00,1996-10-28 12:00:00
3780,1996299N11121,1996-10-26 15:00:00,1996-10-27 15:00:00,1996-10-27 21:00:00,1996-10-28 03:00:00,1996-10-28 15:00:00
3781,1996299N11121,1996-10-26 18:00:00,1996-10-27 18:00:00,1996-10-28 00:00:00,1996-10-28 06:00:00,1996-10-28 18:00:00
3782,1996299N11121,1996-10-26 21:00:00,1996-10-27 21:00:00,1996-10-28 03:00:00,1996-10-28 09:00:00,1996-10-28 21:00:00
3783,1996299N11121,1996-10-27 00:00:00,1996-10-28 00:00:00,1996-10-28 06:00:00,1996-10-28 12:00:00,1996-10-29 00:00:00
3784,1996299N11121,1996-10-27 03:00:00,1996-10-28 03:00:00,1996-10-28 09:00:00,1996-10-28 15:00:00,1996-10-29 03:00:00
3785,1996299N11121,1996-10-27 06:00:00,1996-10-28 06:00:00,1996-10-28 12:00:00,1996-10-28 18:00:00,1996-10-29 06:00:00
3786,1996299N11121,1996-10-27 09:00:00,1996-10-28 09:00:00,1996-10-28 15:00:00,1996-10-28 21:00:00,1996-10-29 09:00:00
3787,1996299N11121,1996-10-27 12:00:00,1996-10-28 12:00:00,1996-10-28 18:00:00,1996-10-29 00:00:00,1996-10-29 12:00:00
3788,1996299N11121,1996-10-27 15:00:00,1996-10-28 15:00:00,1996-10-28 21:00:00,1996-10-29 03:00:00,1996-10-29 15:00:00
3789,1996299N11121,1996-10-27 18:00:00,1996-10-28 18:00:00,1996-10-29 00:00:00,1996-10-29 06:00:00,1996-10-29 18:00:00
3790,1996299N11121,1996-10-27 21:00:00,1996-10-28 21:00:00,1996-10-29 03:00:00,1996-10-29 09:00:00,1996-10-29 21:00:00
3791,1996299N11121,1996-10-28 00:00:00,1996-10-29 00:00:00,1996-10-29 06:00:00,1996-10-29 12:00:00,1996-10-30 00:00:00
3792,1996299N11121,1996-10-28 03:00:00,1996-10-29 03:00:00,1996-10-29 09:00:00,1996-10-29 15:00:00,1996-10-30 03:00:00
3793,1996299N11121,1996-10-28 06:00:00,1996-10-29 06:00:00,1996-10-29 12:00:00,1996-10-29 18:00:00,1996-10-30 06:00:00
3794,1996299N11121,1996-10-28 09:00:00,1996-10-29 09:00:00,1996-10-29 15:00:00,1996-10-29 21:00:00,1996-10-30 09:00:00
3795,1996299N11121,1996-10-28 12:00:00,1996-10-29 12:00:00,1996-10-29 18:00:00,1996-10-30 00:00:00,1996-10-30 12:00:00
3796,1996299N11121,1996-10-28 15:00:00,1996-10-29 15:00:00,1996-10-29 21:00:00,1996-10-30 03:00:00,1996-10-30 15:00:00
3797,1996299N11121,1996-10-28 18:00:00,1996-10-29 18:00:00,1996-10-30 00:00:00,1996-10-30 06:00:00,1996-10-30 18:00:00
3798,1996299N11121,1996-10-28 21:00:00,1996-10-29 21:00:00,1996-10-30 03:00:00,1996-10-30 09:00:00,1996-10-30 21:00:00
3799,1996299N11121,1996-10-29 00:00:00,1996-10-30 00:00:00,1996-10-30 06:00:00,1996-10-30 12:00:00,1996-10-31 00:00:00
3800,1996299N11121,1996-10-29 03:00:00,1996-10-30 03:00:00,1996-10-30 09:00:00,1996-10-30 15:00:00,1996-10-31 03:00:00
3801,1996299N11121,1996-10-29 06:00:00,1996-10-30 06:00:00,1996-10-30 12:00:00,1996-10-30 18:00:00,1996-10-31 06:00:00
3802,1996299N11121,1996-10-29 09:00:00,1996-10-30 09:00:00,1996-10-30 15:00:00,1996-10-30 21:00:00,1996-10-31 09:00:00
3803,1996299N11121,1996-10-29 12:00:00,1996-10-30 12:00:00,1996-10-30 18:00:00,1996-10-31 00:00:00,1996-10-31 12:00:00
3804,1996299N11121,1996-10-29 15:00:00,1996-10-30 15:00:00,1996-10-30 21:00:00,1996-10-31 03:00:00,1996-10-31 15:00:00
3805,1996299N11121,1996-10-29 18:00:00,1996-10-30 18:00:00,1996-10-31 00:00:00,1996-10-31 06:00:00,1996-10-31 18:00:00
3806,1996306N15097,1996-11-01 00:00:00,1996-11-02 00:00:00,1996-11-02 06:00:00,1996-11-02 12:00:00,1996-11-03 00:00:00
3807,1996306N15097,1996-11-01 03:00:00,1996-11-02 03:00:00,1996-11-02 09:00:00,1996-11-02 15:00:00,1996-11-03 03:00:00
3808,1996306N15097,1996-11-01 06:00:00,1996-11-02 06:00:00,1996-11-02 12:00:00,1996-11-02 18:00:00,1996-11-03 06:00:00
3809,1996306N15097,1996-11-01 09:00:00,1996-11-02 09:00:00,1996-11-02 15:00:00,1996-11-02 21:00:00,1996-11-03 09:00:00
3810,1996306N15097,1996-11-01 12:00:00,1996-11-02 12:00:00,1996-11-02 18:00:00,1996-11-03 00:00:00,1996-11-03 12:00:00
3811,1996306N15097,1996-11-01 15:00:00,1996-11-02 15:00:00,1996-11-02 21:00:00,1996-11-03 03:00:00,1996-11-03 15:00:00
3812,1996306N15097,1996-11-01 18:00:00,1996-11-02 18:00:00,1996-11-03 00:00:00,1996-11-03 06:00:00,1996-11-03 18:00:00
3813,1996306N15097,1996-11-01 21:00:00,1996-11-02 21:00:00,1996-11-03 03:00:00,1996-11-03 09:00:00,1996-11-03 21:00:00
3814,1996306N15097,1996-11-02 00:00:00,1996-11-03 00:00:00,1996-11-03 06:00:00,1996-11-03 12:00:00,1996-11-04 00:00:00
3815,1996306N15097,1996-11-02 03:00:00,1996-11-03 03:00:00,1996-11-03 09:00:00,1996-11-03 15:00:00,1996-11-04 03:00:00
3816,1996306N15097,1996-11-02 06:00:00,1996-11-03 06:00:00,1996-11-03 12:00:00,1996-11-03 18:00:00,1996-11-04 06:00:00
3817,1996306N15097,1996-11-02 09:00:00,1996-11-03 09:00:00,1996-11-03 15:00:00,1996-11-03 21:00:00,1996-11-04 09:00:00
3818,1996306N15097,1996-11-02 12:00:00,1996-11-03 12:00:00,1996-11-03 18:00:00,1996-11-04 00:00:00,1996-11-04 12:00:00
3819,1996306N15097,1996-11-02 15:00:00,1996-11-03 15:00:00,1996-11-03 21:00:00,1996-11-04 03:00:00,1996-11-04 15:00:00
3820,1996306N15097,1996-11-02 18:00:00,1996-11-03 18:00:00,1996-11-04 00:00:00,1996-11-04 06:00:00,1996-11-04 18:00:00
3821,1996306N15097,1996-11-02 21:00:00,1996-11-03 21:00:00,1996-11-04 03:00:00,1996-11-04 09:00:00,1996-11-04 21:00:00
3822,1996306N15097,1996-11-03 00:00:00,1996-11-04 00:00:00,1996-11-04 06:00:00,1996-11-04 12:00:00,1996-11-05 00:00:00
3823,1996306N15097,1996-11-03 03:00:00,1996-11-04 03:00:00,1996-11-04 09:00:00,1996-11-04 15:00:00,1996-11-05 03:00:00
3824,1996306N15097,1996-11-03 06:00:00,1996-11-04 06:00:00,1996-11-04 12:00:00,1996-11-04 18:00:00,1996-11-05 06:00:00
3825,1996306N15097,1996-11-03 09:00:00,1996-11-04 09:00:00,1996-11-04 15:00:00,1996-11-04 21:00:00,1996-11-05 09:00:00
3826,1996306N15097,1996-11-03 12:00:00,1996-11-04 12:00:00,1996-11-04 18:00:00,1996-11-05 00:00:00,1996-11-05 12:00:00
3827,1996306N15097,1996-11-03 15:00:00,1996-11-04 15:00:00,1996-11-04 21:00:00,1996-11-05 03:00:00,1996-11-05 15:00:00
3828,1996306N15097,1996-11-03 18:00:00,1996-11-04 18:00:00,1996-11-05 00:00:00,1996-11-05 06:00:00,1996-11-05 18:00:00
3829,1996306N15097,1996-11-03 21:00:00,1996-11-04 21:00:00,1996-11-05 03:00:00,1996-11-05 09:00:00,1996-11-05 21:00:00
3830,1996306N15097,1996-11-04 00:00:00,1996-11-05 00:00:00,1996-11-05 06:00:00,1996-11-05 12:00:00,1996-11-06 00:00:00
3831,1996312N14125,1996-11-06 12:00:00,1996-11-07 12:00:00,1996-11-07 18:00:00,1996-11-08 00:00:00,1996-11-08 12:00:00
3832,1996312N14125,1996-11-06 15:00:00,1996-11-07 15:00:00,1996-11-07 21:00:00,1996-11-08 03:00:00,1996-11-08 15:00:00
3833,1996312N14125,1996-11-06 18:00:00,1996-11-07 18:00:00,1996-11-08 00:00:00,1996-11-08 06:00:00,1996-11-08 18:00:00
3834,1996312N14125,1996-11-06 21:00:00,1996-11-07 21:00:00,1996-11-08 03:00:00,1996-11-08 09:00:00,1996-11-08 21:00:00
3835,1996312N14125,1996-11-07 00:00:00,1996-11-08 00:00:00,1996-11-08 06:00:00,1996-11-08 12:00:00,1996-11-09 00:00:00
3836,1996312N14125,1996-11-07 03:00:00,1996-11-08 03:00:00,1996-11-08 09:00:00,1996-11-08 15:00:00,1996-11-09 03:00:00
3837,1996312N14125,1996-11-07 06:00:00,1996-11-08 06:00:00,1996-11-08 12:00:00,1996-11-08 18:00:00,1996-11-09 06:00:00
3838,1996312N14125,1996-11-07 09:00:00,1996-11-08 09:00:00,1996-11-08 15:00:00,1996-11-08 21:00:00,1996-11-09 09:00:00
3839,1996312N14125,1996-11-07 12:00:00,1996-11-08 12:00:00,1996-11-08 18:00:00,1996-11-09 00:00:00,1996-11-09 12:00:00
3840,1996312N14125,1996-11-07 15:00:00,1996-11-08 15:00:00,1996-11-08 21:00:00,1996-11-09 03:00:00,1996-11-09 15:00:00
3841,1996312N14125,1996-11-07 18:00:00,1996-11-08 18:00:00,1996-11-09 00:00:00,1996-11-09 06:00:00,1996-11-09 18:00:00
3842,1996312N14125,1996-11-07 21:00:00,1996-11-08 21:00:00,1996-11-09 03:00:00,1996-11-09 09:00:00,1996-11-09 21:00:00
3843,1996312N14125,1996-11-08 00:00:00,1996-11-09 00:00:00,1996-11-09 06:00:00,1996-11-09 12:00:00,1996-11-10 00:00:00
3844,1996312N14125,1996-11-08 03:00:00,1996-11-09 03:00:00,1996-11-09 09:00:00,1996-11-09 15:00:00,1996-11-10 03:00:00
3845,1996312N14125,1996-11-08 06:00:00,1996-11-09 06:00:00,1996-11-09 12:00:00,1996-11-09 18:00:00,1996-11-10 06:00:00
3846,1996312N14125,1996-11-08 09:00:00,1996-11-09 09:00:00,1996-11-09 15:00:00,1996-11-09 21:00:00,1996-11-10 09:00:00
3847,1996312N14125,1996-11-08 12:00:00,1996-11-09 12:00:00,1996-11-09 18:00:00,1996-11-10 00:00:00,1996-11-10 12:00:00
3848,1996312N14125,1996-11-08 15:00:00,1996-11-09 15:00:00,1996-11-09 21:00:00,1996-11-10 03:00:00,1996-11-10 15:00:00
3849,1996312N14125,1996-11-08 18:00:00,1996-11-09 18:00:00,1996-11-10 00:00:00,1996-11-10 06:00:00,1996-11-10 18:00:00
3850,1996312N14125,1996-11-08 21:00:00,1996-11-09 21:00:00,1996-11-10 03:00:00,1996-11-10 09:00:00,1996-11-10 21:00:00
3851,1996312N14125,1996-11-09 00:00:00,1996-11-10 00:00:00,1996-11-10 06:00:00,1996-11-10 12:00:00,1996-11-11 00:00:00
3852,1996312N14125,1996-11-09 03:00:00,1996-11-10 03:00:00,1996-11-10 09:00:00,1996-11-10 15:00:00,1996-11-11 03:00:00
3853,1996312N14125,1996-11-09 06:00:00,1996-11-10 06:00:00,1996-11-10 12:00:00,1996-11-10 18:00:00,1996-11-11 06:00:00
3854,1996312N14125,1996-11-09 09:00:00,1996-11-10 09:00:00,1996-11-10 15:00:00,1996-11-10 21:00:00,1996-11-11 09:00:00
3855,1996312N14125,1996-11-09 12:00:00,1996-11-10 12:00:00,1996-11-10 18:00:00,1996-11-11 00:00:00,1996-11-11 12:00:00
3856,1996312N14125,1996-11-09 15:00:00,1996-11-10 15:00:00,1996-11-10 21:00:00,1996-11-11 03:00:00,1996-11-11 15:00:00
3857,1996312N14125,1996-11-09 18:00:00,1996-11-10 18:00:00,1996-11-11 00:00:00,1996-11-11 06:00:00,1996-11-11 18:00:00
3858,1996312N14125,1996-11-09 21:00:00,1996-11-10 21:00:00,1996-11-11 03:00:00,1996-11-11 09:00:00,1996-11-11 21:00:00
3859,1996312N14125,1996-11-10 00:00:00,1996-11-11 00:00:00,1996-11-11 06:00:00,1996-11-11 12:00:00,1996-11-12 00:00:00
3860,1996312N14125,1996-11-10 03:00:00,1996-11-11 03:00:00,1996-11-11 09:00:00,1996-11-11 15:00:00,1996-11-12 03:00:00
3861,1996312N14125,1996-11-10 06:00:00,1996-11-11 06:00:00,1996-11-11 12:00:00,1996-11-11 18:00:00,1996-11-12 06:00:00
3862,1996312N14125,1996-11-10 09:00:00,1996-11-11 09:00:00,1996-11-11 15:00:00,1996-11-11 21:00:00,1996-11-12 09:00:00
3863,1996312N14125,1996-11-10 12:00:00,1996-11-11 12:00:00,1996-11-11 18:00:00,1996-11-12 00:00:00,1996-11-12 12:00:00
3864,1996312N14125,1996-11-10 15:00:00,1996-11-11 15:00:00,1996-11-11 21:00:00,1996-11-12 03:00:00,1996-11-12 15:00:00
3865,1996312N14125,1996-11-10 18:00:00,1996-11-11 18:00:00,1996-11-12 00:00:00,1996-11-12 06:00:00,1996-11-12 18:00:00
3866,1996312N14125,1996-11-10 21:00:00,1996-11-11 21:00:00,1996-11-12 03:00:00,1996-11-12 09:00:00,1996-11-12 21:00:00
3867,1996312N14125,1996-11-11 00:00:00,1996-11-12 00:00:00,1996-11-12 06:00:00,1996-11-12 12:00:00,1996-11-13 00:00:00
3868,1996312N14125,1996-11-11 03:00:00,1996-11-12 03:00:00,1996-11-12 09:00:00,1996-11-12 15:00:00,1996-11-13 03:00:00
3869,1996312N14125,1996-11-11 06:00:00,1996-11-12 06:00:00,1996-11-12 12:00:00,1996-11-12 18:00:00,1996-11-13 06:00:00
3870,1996312N14125,1996-11-11 09:00:00,1996-11-12 09:00:00,1996-11-12 15:00:00,1996-11-12 21:00:00,1996-11-13 09:00:00
3871,1996312N14125,1996-11-11 12:00:00,1996-11-12 12:00:00,1996-11-12 18:00:00,1996-11-13 00:00:00,1996-11-13 12:00:00
3872,1996312N14125,1996-11-11 15:00:00,1996-11-12 15:00:00,1996-11-12 21:00:00,1996-11-13 03:00:00,1996-11-13 15:00:00
3873,1996312N14125,1996-11-11 18:00:00,1996-11-12 18:00:00,1996-11-13 00:00:00,1996-11-13 06:00:00,1996-11-13 18:00:00
3874,1996312N14125,1996-11-11 21:00:00,1996-11-12 21:00:00,1996-11-13 03:00:00,1996-11-13 09:00:00,1996-11-13 21:00:00
3875,1996312N14125,1996-11-12 00:00:00,1996-11-13 00:00:00,1996-11-13 06:00:00,1996-11-13 12:00:00,1996-11-14 00:00:00
3876,1996312N14125,1996-11-12 03:00:00,1996-11-13 03:00:00,1996-11-13 09:00:00,1996-11-13 15:00:00,1996-11-14 03:00:00
3877,1996312N14125,1996-11-12 06:00:00,1996-11-13 06:00:00,1996-11-13 12:00:00,1996-11-13 18:00:00,1996-11-14 06:00:00
3878,1996312N14125,1996-11-12 09:00:00,1996-11-13 09:00:00,1996-11-13 15:00:00,1996-11-13 21:00:00,1996-11-14 09:00:00
3879,1996312N14125,1996-11-12 12:00:00,1996-11-13 12:00:00,1996-11-13 18:00:00,1996-11-14 00:00:00,1996-11-14 12:00:00
3880,1996312N14125,1996-11-12 15:00:00,1996-11-13 15:00:00,1996-11-13 21:00:00,1996-11-14 03:00:00,1996-11-14 15:00:00
3881,1996312N14125,1996-11-12 18:00:00,1996-11-13 18:00:00,1996-11-14 00:00:00,1996-11-14 06:00:00,1996-11-14 18:00:00
3882,1996312N14125,1996-11-12 21:00:00,1996-11-13 21:00:00,1996-11-14 03:00:00,1996-11-14 09:00:00,1996-11-14 21:00:00
3883,1996312N14125,1996-11-13 00:00:00,1996-11-14 00:00:00,1996-11-14 06:00:00,1996-11-14 12:00:00,1996-11-15 00:00:00
3884,1996312N14125,1996-11-13 03:00:00,1996-11-14 03:00:00,1996-11-14 09:00:00,1996-11-14 15:00:00,1996-11-15 03:00:00
3885,1996312N14125,1996-11-13 06:00:00,1996-11-14 06:00:00,1996-11-14 12:00:00,1996-11-14 18:00:00,1996-11-15 06:00:00
3886,1996312N14125,1996-11-13 09:00:00,1996-11-14 09:00:00,1996-11-14 15:00:00,1996-11-14 21:00:00,1996-11-15 09:00:00
3887,1996312N14125,1996-11-16 03:00:00,1996-11-17 03:00:00,1996-11-17 09:00:00,1996-11-17 15:00:00,1996-11-18 03:00:00
3888,1996312N14125,1996-11-16 06:00:00,1996-11-17 06:00:00,1996-11-17 12:00:00,1996-11-17 18:00:00,1996-11-18 06:00:00
3889,1996332N09092,1996-11-26 12:00:00,1996-11-27 12:00:00,1996-11-27 18:00:00,1996-11-28 00:00:00,1996-11-28 12:00:00
3890,1996332N09092,1996-11-26 15:00:00,1996-11-27 15:00:00,1996-11-27 21:00:00,1996-11-28 03:00:00,1996-11-28 15:00:00
3891,1996332N09092,1996-11-26 18:00:00,1996-11-27 18:00:00,1996-11-28 00:00:00,1996-11-28 06:00:00,1996-11-28 18:00:00
3892,1996332N09092,1996-11-26 21:00:00,1996-11-27 21:00:00,1996-11-28 03:00:00,1996-11-28 09:00:00,1996-11-28 21:00:00
3893,1996332N09092,1996-11-27 00:00:00,1996-11-28 00:00:00,1996-11-28 06:00:00,1996-11-28 12:00:00,1996-11-29 00:00:00
3894,1996332N09092,1996-11-27 03:00:00,1996-11-28 03:00:00,1996-11-28 09:00:00,1996-11-28 15:00:00,1996-11-29 03:00:00
3895,1996332N09092,1996-11-27 06:00:00,1996-11-28 06:00:00,1996-11-28 12:00:00,1996-11-28 18:00:00,1996-11-29 06:00:00
3896,1996332N09092,1996-11-27 09:00:00,1996-11-28 09:00:00,1996-11-28 15:00:00,1996-11-28 21:00:00,1996-11-29 09:00:00
3897,1996332N09092,1996-11-27 12:00:00,1996-11-28 12:00:00,1996-11-28 18:00:00,1996-11-29 00:00:00,1996-11-29 12:00:00
3898,1996332N09092,1996-11-27 15:00:00,1996-11-28 15:00:00,1996-11-28 21:00:00,1996-11-29 03:00:00,1996-11-29 15:00:00
3899,1996332N09092,1996-11-27 18:00:00,1996-11-28 18:00:00,1996-11-29 00:00:00,1996-11-29 06:00:00,1996-11-29 18:00:00
3900,1996332N09092,1996-11-27 21:00:00,1996-11-28 21:00:00,1996-11-29 03:00:00,1996-11-29 09:00:00,1996-11-29 21:00:00
3901,1996332N09092,1996-11-28 00:00:00,1996-11-29 00:00:00,1996-11-29 06:00:00,1996-11-29 12:00:00,1996-11-30 00:00:00
3902,1996332N09092,1996-11-28 03:00:00,1996-11-29 03:00:00,1996-11-29 09:00:00,1996-11-29 15:00:00,1996-11-30 03:00:00
3903,1996332N09092,1996-11-28 06:00:00,1996-11-29 06:00:00,1996-11-29 12:00:00,1996-11-29 18:00:00,1996-11-30 06:00:00
3904,1996332N09092,1996-11-28 09:00:00,1996-11-29 09:00:00,1996-11-29 15:00:00,1996-11-29 21:00:00,1996-11-30 09:00:00
3905,1996332N09092,1996-11-28 12:00:00,1996-11-29 12:00:00,1996-11-29 18:00:00,1996-11-30 00:00:00,1996-11-30 12:00:00
3906,1996332N09092,1996-11-28 15:00:00,1996-11-29 15:00:00,1996-11-29 21:00:00,1996-11-30 03:00:00,1996-11-30 15:00:00
3907,1996332N09092,1996-11-28 18:00:00,1996-11-29 18:00:00,1996-11-30 00:00:00,1996-11-30 06:00:00,1996-11-30 18:00:00
3908,1996332N09092,1996-11-28 21:00:00,1996-11-29 21:00:00,1996-11-30 03:00:00,1996-11-30 09:00:00,1996-11-30 21:00:00
3909,1996332N09092,1996-11-29 00:00:00,1996-11-30 00:00:00,1996-11-30 06:00:00,1996-11-30 12:00:00,1996-12-01 00:00:00
3910,1996332N09092,1996-11-29 03:00:00,1996-11-30 03:00:00,1996-11-30 09:00:00,1996-11-30 15:00:00,1996-12-01 03:00:00
3911,1996332N09092,1996-11-29 06:00:00,1996-11-30 06:00:00,1996-11-30 12:00:00,1996-11-30 18:00:00,1996-12-01 06:00:00
3912,1996332N09092,1996-11-29 09:00:00,1996-11-30 09:00:00,1996-11-30 15:00:00,1996-11-30 21:00:00,1996-12-01 09:00:00
3913,1996332N09092,1996-11-29 12:00:00,1996-11-30 12:00:00,1996-11-30 18:00:00,1996-12-01 00:00:00,1996-12-01 12:00:00
3914,1996332N09092,1996-11-29 15:00:00,1996-11-30 15:00:00,1996-11-30 21:00:00,1996-12-01 03:00:00,1996-12-01 15:00:00
3915,1996332N09092,1996-11-29 18:00:00,1996-11-30 18:00:00,1996-12-01 00:00:00,1996-12-01 06:00:00,1996-12-01 18:00:00
3916,1996332N09092,1996-11-29 21:00:00,1996-11-30 21:00:00,1996-12-01 03:00:00,1996-12-01 09:00:00,1996-12-01 21:00:00
3917,1996332N09092,1996-11-30 00:00:00,1996-12-01 00:00:00,1996-12-01 06:00:00,1996-12-01 12:00:00,1996-12-02 00:00:00
3918,1996332N09092,1996-11-30 03:00:00,1996-12-01 03:00:00,1996-12-01 09:00:00,1996-12-01 15:00:00,1996-12-02 03:00:00
3919,1996332N09092,1996-11-30 06:00:00,1996-12-01 06:00:00,1996-12-01 12:00:00,1996-12-01 18:00:00,1996-12-02 06:00:00
3920,1996332N09092,1996-11-30 09:00:00,1996-12-01 09:00:00,1996-12-01 15:00:00,1996-12-01 21:00:00,1996-12-02 09:00:00
3921,1996332N09092,1996-11-30 12:00:00,1996-12-01 12:00:00,1996-12-01 18:00:00,1996-12-02 00:00:00,1996-12-02 12:00:00
3922,1996332N09092,1996-11-30 15:00:00,1996-12-01 15:00:00,1996-12-01 21:00:00,1996-12-02 03:00:00,1996-12-02 15:00:00
3923,1996332N09092,1996-11-30 18:00:00,1996-12-01 18:00:00,1996-12-02 00:00:00,1996-12-02 06:00:00,1996-12-02 18:00:00
3924,1996332N09092,1996-11-30 21:00:00,1996-12-01 21:00:00,1996-12-02 03:00:00,1996-12-02 09:00:00,1996-12-02 21:00:00
3925,1996332N09092,1996-12-01 00:00:00,1996-12-02 00:00:00,1996-12-02 06:00:00,1996-12-02 12:00:00,1996-12-03 00:00:00
3926,1996332N09092,1996-12-01 03:00:00,1996-12-02 03:00:00,1996-12-02 09:00:00,1996-12-02 15:00:00,1996-12-03 03:00:00
3927,1996332N09092,1996-12-01 06:00:00,1996-12-02 06:00:00,1996-12-02 12:00:00,1996-12-02 18:00:00,1996-12-03 06:00:00
3928,1996332N09092,1996-12-01 09:00:00,1996-12-02 09:00:00,1996-12-02 15:00:00,1996-12-02 21:00:00,1996-12-03 09:00:00
3929,1996332N09092,1996-12-01 12:00:00,1996-12-02 12:00:00,1996-12-02 18:00:00,1996-12-03 00:00:00,1996-12-03 12:00:00
3930,1996332N09092,1996-12-01 15:00:00,1996-12-02 15:00:00,1996-12-02 21:00:00,1996-12-03 03:00:00,1996-12-03 15:00:00
3931,1996332N09092,1996-12-01 18:00:00,1996-12-02 18:00:00,1996-12-03 00:00:00,1996-12-03 06:00:00,1996-12-03 18:00:00
3932,1996332N09092,1996-12-01 21:00:00,1996-12-02 21:00:00,1996-12-03 03:00:00,1996-12-03 09:00:00,1996-12-03 21:00:00
3933,1996332N09092,1996-12-02 00:00:00,1996-12-03 00:00:00,1996-12-03 06:00:00,1996-12-03 12:00:00,1996-12-04 00:00:00
3934,1996332N09092,1996-12-02 03:00:00,1996-12-03 03:00:00,1996-12-03 09:00:00,1996-12-03 15:00:00,1996-12-04 03:00:00
3935,1996332N09092,1996-12-02 06:00:00,1996-12-03 06:00:00,1996-12-03 12:00:00,1996-12-03 18:00:00,1996-12-04 06:00:00
3936,1996332N09092,1996-12-02 09:00:00,1996-12-03 09:00:00,1996-12-03 15:00:00,1996-12-03 21:00:00,1996-12-04 09:00:00
3937,1996332N09092,1996-12-02 12:00:00,1996-12-03 12:00:00,1996-12-03 18:00:00,1996-12-04 00:00:00,1996-12-04 12:00:00
3938,1996332N09092,1996-12-02 15:00:00,1996-12-03 15:00:00,1996-12-03 21:00:00,1996-12-04 03:00:00,1996-12-04 15:00:00
3939,1996332N09092,1996-12-02 18:00:00,1996-12-03 18:00:00,1996-12-04 00:00:00,1996-12-04 06:00:00,1996-12-04 18:00:00
3940,1996332N09092,1996-12-02 21:00:00,1996-12-03 21:00:00,1996-12-04 03:00:00,1996-12-04 09:00:00,1996-12-04 21:00:00
3941,1996332N09092,1996-12-03 00:00:00,1996-12-04 00:00:00,1996-12-04 06:00:00,1996-12-04 12:00:00,1996-12-05 00:00:00
3942,1996332N09092,1996-12-03 03:00:00,1996-12-04 03:00:00,1996-12-04 09:00:00,1996-12-04 15:00:00,1996-12-05 03:00:00
3943,1996332N09092,1996-12-03 06:00:00,1996-12-04 06:00:00,1996-12-04 12:00:00,1996-12-04 18:00:00,1996-12-05 06:00:00
3944,1996332N09092,1996-12-03 09:00:00,1996-12-04 09:00:00,1996-12-04 15:00:00,1996-12-04 21:00:00,1996-12-05 09:00:00
3945,1996332N09092,1996-12-03 12:00:00,1996-12-04 12:00:00,1996-12-04 18:00:00,1996-12-05 00:00:00,1996-12-05 12:00:00
3946,1996332N09092,1996-12-03 15:00:00,1996-12-04 15:00:00,1996-12-04 21:00:00,1996-12-05 03:00:00,1996-12-05 15:00:00
3947,1996332N09092,1996-12-03 18:00:00,1996-12-04 18:00:00,1996-12-05 00:00:00,1996-12-05 06:00:00,1996-12-05 18:00:00
3948,1996332N09092,1996-12-03 21:00:00,1996-12-04 21:00:00,1996-12-05 03:00:00,1996-12-05 09:00:00,1996-12-05 21:00:00
3949,1996332N09092,1996-12-04 00:00:00,1996-12-05 00:00:00,1996-12-05 06:00:00,1996-12-05 12:00:00,1996-12-06 00:00:00
3950,1996332N09092,1996-12-04 03:00:00,1996-12-05 03:00:00,1996-12-05 09:00:00,1996-12-05 15:00:00,1996-12-06 03:00:00
3951,1996332N09092,1996-12-04 06:00:00,1996-12-05 06:00:00,1996-12-05 12:00:00,1996-12-05 18:00:00,1996-12-06 06:00:00
3952,1996332N09092,1996-12-04 09:00:00,1996-12-05 09:00:00,1996-12-05 15:00:00,1996-12-05 21:00:00,1996-12-06 09:00:00
3953,1996332N09092,1996-12-04 12:00:00,1996-12-05 12:00:00,1996-12-05 18:00:00,1996-12-06 00:00:00,1996-12-06 12:00:00
3954,1996332N09092,1996-12-04 15:00:00,1996-12-05 15:00:00,1996-12-05 21:00:00,1996-12-06 03:00:00,1996-12-06 15:00:00
3955,1996332N09092,1996-12-04 18:00:00,1996-12-05 18:00:00,1996-12-06 00:00:00,1996-12-06 06:00:00,1996-12-06 18:00:00
3956,1996332N09092,1996-12-04 21:00:00,1996-12-05 21:00:00,1996-12-06 03:00:00,1996-12-06 09:00:00,1996-12-06 21:00:00
3957,1996332N09092,1996-12-05 00:00:00,1996-12-06 00:00:00,1996-12-06 06:00:00,1996-12-06 12:00:00,1996-12-07 00:00:00
3958,1996332N09092,1996-12-05 03:00:00,1996-12-06 03:00:00,1996-12-06 09:00:00,1996-12-06 15:00:00,1996-12-07 03:00:00
3959,1996332N09092,1996-12-05 06:00:00,1996-12-06 06:00:00,1996-12-06 12:00:00,1996-12-06 18:00:00,1996-12-07 06:00:00
3960,1996332N09092,1996-12-05 09:00:00,1996-12-06 09:00:00,1996-12-06 15:00:00,1996-12-06 21:00:00,1996-12-07 09:00:00
3961,1996332N09092,1996-12-05 12:00:00,1996-12-06 12:00:00,1996-12-06 18:00:00,1996-12-07 00:00:00,1996-12-07 12:00:00
3962,1997133N03092,1997-05-13 00:00:00,1997-05-14 00:00:00,1997-05-14 06:00:00,1997-05-14 12:00:00,1997-05-15 00:00:00
3963,1997133N03092,1997-05-13 03:00:00,1997-05-14 03:00:00,1997-05-14 09:00:00,1997-05-14 15:00:00,1997-05-15 03:00:00
3964,1997133N03092,1997-05-13 06:00:00,1997-05-14 06:00:00,1997-05-14 12:00:00,1997-05-14 18:00:00,1997-05-15 06:00:00
3965,1997133N03092,1997-05-13 09:00:00,1997-05-14 09:00:00,1997-05-14 15:00:00,1997-05-14 21:00:00,1997-05-15 09:00:00
3966,1997133N03092,1997-05-13 12:00:00,1997-05-14 12:00:00,1997-05-14 18:00:00,1997-05-15 00:00:00,1997-05-15 12:00:00
3967,1997133N03092,1997-05-13 15:00:00,1997-05-14 15:00:00,1997-05-14 21:00:00,1997-05-15 03:00:00,1997-05-15 15:00:00
3968,1997133N03092,1997-05-13 18:00:00,1997-05-14 18:00:00,1997-05-15 00:00:00,1997-05-15 06:00:00,1997-05-15 18:00:00
3969,1997133N03092,1997-05-13 21:00:00,1997-05-14 21:00:00,1997-05-15 03:00:00,1997-05-15 09:00:00,1997-05-15 21:00:00
3970,1997133N03092,1997-05-14 00:00:00,1997-05-15 00:00:00,1997-05-15 06:00:00,1997-05-15 12:00:00,1997-05-16 00:00:00
3971,1997133N03092,1997-05-14 03:00:00,1997-05-15 03:00:00,1997-05-15 09:00:00,1997-05-15 15:00:00,1997-05-16 03:00:00
3972,1997133N03092,1997-05-14 06:00:00,1997-05-15 06:00:00,1997-05-15 12:00:00,1997-05-15 18:00:00,1997-05-16 06:00:00
3973,1997133N03092,1997-05-14 09:00:00,1997-05-15 09:00:00,1997-05-15 15:00:00,1997-05-15 21:00:00,1997-05-16 09:00:00
3974,1997133N03092,1997-05-14 12:00:00,1997-05-15 12:00:00,1997-05-15 18:00:00,1997-05-16 00:00:00,1997-05-16 12:00:00
3975,1997133N03092,1997-05-14 15:00:00,1997-05-15 15:00:00,1997-05-15 21:00:00,1997-05-16 03:00:00,1997-05-16 15:00:00
3976,1997133N03092,1997-05-14 18:00:00,1997-05-15 18:00:00,1997-05-16 00:00:00,1997-05-16 06:00:00,1997-05-16 18:00:00
3977,1997133N03092,1997-05-14 21:00:00,1997-05-15 21:00:00,1997-05-16 03:00:00,1997-05-16 09:00:00,1997-05-16 21:00:00
3978,1997133N03092,1997-05-15 00:00:00,1997-05-16 00:00:00,1997-05-16 06:00:00,1997-05-16 12:00:00,1997-05-17 00:00:00
3979,1997133N03092,1997-05-15 03:00:00,1997-05-16 03:00:00,1997-05-16 09:00:00,1997-05-16 15:00:00,1997-05-17 03:00:00
3980,1997133N03092,1997-05-15 06:00:00,1997-05-16 06:00:00,1997-05-16 12:00:00,1997-05-16 18:00:00,1997-05-17 06:00:00
3981,1997133N03092,1997-05-15 09:00:00,1997-05-16 09:00:00,1997-05-16 15:00:00,1997-05-16 21:00:00,1997-05-17 09:00:00
3982,1997133N03092,1997-05-15 12:00:00,1997-05-16 12:00:00,1997-05-16 18:00:00,1997-05-17 00:00:00,1997-05-17 12:00:00
3983,1997133N03092,1997-05-15 15:00:00,1997-05-16 15:00:00,1997-05-16 21:00:00,1997-05-17 03:00:00,1997-05-17 15:00:00
3984,1997133N03092,1997-05-15 18:00:00,1997-05-16 18:00:00,1997-05-17 00:00:00,1997-05-17 06:00:00,1997-05-17 18:00:00
3985,1997133N03092,1997-05-15 21:00:00,1997-05-16 21:00:00,1997-05-17 03:00:00,1997-05-17 09:00:00,1997-05-17 21:00:00
3986,1997133N03092,1997-05-16 00:00:00,1997-05-17 00:00:00,1997-05-17 06:00:00,1997-05-17 12:00:00,1997-05-18 00:00:00
3987,1997133N03092,1997-05-16 03:00:00,1997-05-17 03:00:00,1997-05-17 09:00:00,1997-05-17 15:00:00,1997-05-18 03:00:00
3988,1997133N03092,1997-05-16 06:00:00,1997-05-17 06:00:00,1997-05-17 12:00:00,1997-05-17 18:00:00,1997-05-18 06:00:00
3989,1997133N03092,1997-05-16 09:00:00,1997-05-17 09:00:00,1997-05-17 15:00:00,1997-05-17 21:00:00,1997-05-18 09:00:00
3990,1997133N03092,1997-05-16 12:00:00,1997-05-17 12:00:00,1997-05-17 18:00:00,1997-05-18 00:00:00,1997-05-18 12:00:00
3991,1997133N03092,1997-05-16 15:00:00,1997-05-17 15:00:00,1997-05-17 21:00:00,1997-05-18 03:00:00,1997-05-18 15:00:00
3992,1997133N03092,1997-05-16 18:00:00,1997-05-17 18:00:00,1997-05-18 00:00:00,1997-05-18 06:00:00,1997-05-18 18:00:00
3993,1997133N03092,1997-05-16 21:00:00,1997-05-17 21:00:00,1997-05-18 03:00:00,1997-05-18 09:00:00,1997-05-18 21:00:00
3994,1997133N03092,1997-05-17 00:00:00,1997-05-18 00:00:00,1997-05-18 06:00:00,1997-05-18 12:00:00,1997-05-19 00:00:00
3995,1997133N03092,1997-05-17 03:00:00,1997-05-18 03:00:00,1997-05-18 09:00:00,1997-05-18 15:00:00,1997-05-19 03:00:00
3996,1997133N03092,1997-05-17 06:00:00,1997-05-18 06:00:00,1997-05-18 12:00:00,1997-05-18 18:00:00,1997-05-19 06:00:00
3997,1997133N03092,1997-05-17 09:00:00,1997-05-18 09:00:00,1997-05-18 15:00:00,1997-05-18 21:00:00,1997-05-19 09:00:00
3998,1997133N03092,1997-05-17 12:00:00,1997-05-18 12:00:00,1997-05-18 18:00:00,1997-05-19 00:00:00,1997-05-19 12:00:00
3999,1997133N03092,1997-05-17 15:00:00,1997-05-18 15:00:00,1997-05-18 21:00:00,1997-05-19 03:00:00,1997-05-19 15:00:00
4000,1997133N03092,1997-05-17 18:00:00,1997-05-18 18:00:00,1997-05-19 00:00:00,1997-05-19 06:00:00,1997-05-19 18:00:00
4001,1997133N03092,1997-05-17 21:00:00,1997-05-18 21:00:00,1997-05-19 03:00:00,1997-05-19 09:00:00,1997-05-19 21:00:00
4002,1997133N03092,1997-05-18 00:00:00,1997-05-19 00:00:00,1997-05-19 06:00:00,1997-05-19 12:00:00,1997-05-20 00:00:00
4003,1997133N03092,1997-05-18 03:00:00,1997-05-19 03:00:00,1997-05-19 09:00:00,1997-05-19 15:00:00,1997-05-20 03:00:00
4004,1997133N03092,1997-05-18 06:00:00,1997-05-19 06:00:00,1997-05-19 12:00:00,1997-05-19 18:00:00,1997-05-20 06:00:00
4005,1997177N21090,1997-06-26 03:00:00,1997-06-27 03:00:00,1997-06-27 09:00:00,1997-06-27 15:00:00,1997-06-28 03:00:00
4006,1997177N21090,1997-06-26 06:00:00,1997-06-27 06:00:00,1997-06-27 12:00:00,1997-06-27 18:00:00,1997-06-28 06:00:00
4007,1997177N21090,1997-06-26 09:00:00,1997-06-27 09:00:00,1997-06-27 15:00:00,1997-06-27 21:00:00,1997-06-28 09:00:00
4008,1997177N21090,1997-06-26 12:00:00,1997-06-27 12:00:00,1997-06-27 18:00:00,1997-06-28 00:00:00,1997-06-28 12:00:00
4009,1997177N21090,1997-06-26 15:00:00,1997-06-27 15:00:00,1997-06-27 21:00:00,1997-06-28 03:00:00,1997-06-28 15:00:00
4010,1997177N21090,1997-06-26 18:00:00,1997-06-27 18:00:00,1997-06-28 00:00:00,1997-06-28 06:00:00,1997-06-28 18:00:00
4011,1997177N21090,1997-06-26 21:00:00,1997-06-27 21:00:00,1997-06-28 03:00:00,1997-06-28 09:00:00,1997-06-28 21:00:00
4012,1997177N21090,1997-06-27 00:00:00,1997-06-28 00:00:00,1997-06-28 06:00:00,1997-06-28 12:00:00,1997-06-29 00:00:00
4013,1997177N21090,1997-06-27 03:00:00,1997-06-28 03:00:00,1997-06-28 09:00:00,1997-06-28 15:00:00,1997-06-29 03:00:00
4014,1997177N21090,1997-06-27 06:00:00,1997-06-28 06:00:00,1997-06-28 12:00:00,1997-06-28 18:00:00,1997-06-29 06:00:00
4015,1997177N21090,1997-06-27 09:00:00,1997-06-28 09:00:00,1997-06-28 15:00:00,1997-06-28 21:00:00,1997-06-29 09:00:00
4016,1997177N21090,1997-06-27 12:00:00,1997-06-28 12:00:00,1997-06-28 18:00:00,1997-06-29 00:00:00,1997-06-29 12:00:00
4017,1997177N21090,1997-06-27 15:00:00,1997-06-28 15:00:00,1997-06-28 21:00:00,1997-06-29 03:00:00,1997-06-29 15:00:00
4018,1997177N21090,1997-06-27 18:00:00,1997-06-28 18:00:00,1997-06-29 00:00:00,1997-06-29 06:00:00,1997-06-29 18:00:00
4019,1997210N21089,1997-07-29 03:00:00,1997-07-30 03:00:00,1997-07-30 09:00:00,1997-07-30 15:00:00,1997-07-31 03:00:00
4020,1997210N21089,1997-07-29 06:00:00,1997-07-30 06:00:00,1997-07-30 12:00:00,1997-07-30 18:00:00,1997-07-31 06:00:00
4021,1997210N21089,1997-07-29 09:00:00,1997-07-30 09:00:00,1997-07-30 15:00:00,1997-07-30 21:00:00,1997-07-31 09:00:00
4022,1997210N21089,1997-07-29 12:00:00,1997-07-30 12:00:00,1997-07-30 18:00:00,1997-07-31 00:00:00,1997-07-31 12:00:00
4023,1997210N21089,1997-07-29 15:00:00,1997-07-30 15:00:00,1997-07-30 21:00:00,1997-07-31 03:00:00,1997-07-31 15:00:00
4024,1997210N21089,1997-07-29 18:00:00,1997-07-30 18:00:00,1997-07-31 00:00:00,1997-07-31 06:00:00,1997-07-31 18:00:00
4025,1997210N21089,1997-07-29 21:00:00,1997-07-30 21:00:00,1997-07-31 03:00:00,1997-07-31 09:00:00,1997-07-31 21:00:00
4026,1997210N21089,1997-07-30 00:00:00,1997-07-31 00:00:00,1997-07-31 06:00:00,1997-07-31 12:00:00,1997-08-01 00:00:00
4027,1997210N21089,1997-07-30 03:00:00,1997-07-31 03:00:00,1997-07-31 09:00:00,1997-07-31 15:00:00,1997-08-01 03:00:00
4028,1997210N21089,1997-07-30 06:00:00,1997-07-31 06:00:00,1997-07-31 12:00:00,1997-07-31 18:00:00,1997-08-01 06:00:00
4029,1997210N21089,1997-07-30 09:00:00,1997-07-31 09:00:00,1997-07-31 15:00:00,1997-07-31 21:00:00,1997-08-01 09:00:00
4030,1997210N21089,1997-07-30 12:00:00,1997-07-31 12:00:00,1997-07-31 18:00:00,1997-08-01 00:00:00,1997-08-01 12:00:00
4031,1997210N21089,1997-07-30 15:00:00,1997-07-31 15:00:00,1997-07-31 21:00:00,1997-08-01 03:00:00,1997-08-01 15:00:00
4032,1997210N21089,1997-07-30 18:00:00,1997-07-31 18:00:00,1997-08-01 00:00:00,1997-08-01 06:00:00,1997-08-01 18:00:00
4033,1997210N21089,1997-07-30 21:00:00,1997-07-31 21:00:00,1997-08-01 03:00:00,1997-08-01 09:00:00,1997-08-01 21:00:00
4034,1997210N21089,1997-07-31 00:00:00,1997-08-01 00:00:00,1997-08-01 06:00:00,1997-08-01 12:00:00,1997-08-02 00:00:00
4035,1997210N21089,1997-07-31 03:00:00,1997-08-01 03:00:00,1997-08-01 09:00:00,1997-08-01 15:00:00,1997-08-02 03:00:00
4036,1997210N21089,1997-07-31 06:00:00,1997-08-01 06:00:00,1997-08-01 12:00:00,1997-08-01 18:00:00,1997-08-02 06:00:00
4037,1997216N20091,1997-08-04 06:00:00,1997-08-05 06:00:00,1997-08-05 12:00:00,1997-08-05 18:00:00,1997-08-06 06:00:00
4038,1997216N20091,1997-08-04 09:00:00,1997-08-05 09:00:00,1997-08-05 15:00:00,1997-08-05 21:00:00,1997-08-06 09:00:00
4039,1997216N20091,1997-08-04 12:00:00,1997-08-05 12:00:00,1997-08-05 18:00:00,1997-08-06 00:00:00,1997-08-06 12:00:00
4040,1997216N20091,1997-08-04 15:00:00,1997-08-05 15:00:00,1997-08-05 21:00:00,1997-08-06 03:00:00,1997-08-06 15:00:00
4041,1997216N20091,1997-08-04 18:00:00,1997-08-05 18:00:00,1997-08-06 00:00:00,1997-08-06 06:00:00,1997-08-06 18:00:00
4042,1997216N20091,1997-08-04 21:00:00,1997-08-05 21:00:00,1997-08-06 03:00:00,1997-08-06 09:00:00,1997-08-06 21:00:00
4043,1997216N20091,1997-08-05 00:00:00,1997-08-06 00:00:00,1997-08-06 06:00:00,1997-08-06 12:00:00,1997-08-07 00:00:00
4044,1997216N20091,1997-08-05 03:00:00,1997-08-06 03:00:00,1997-08-06 09:00:00,1997-08-06 15:00:00,1997-08-07 03:00:00
4045,1997216N20091,1997-08-05 06:00:00,1997-08-06 06:00:00,1997-08-06 12:00:00,1997-08-06 18:00:00,1997-08-07 06:00:00
4046,1997216N20091,1997-08-05 09:00:00,1997-08-06 09:00:00,1997-08-06 15:00:00,1997-08-06 21:00:00,1997-08-07 09:00:00
4047,1997216N20091,1997-08-05 12:00:00,1997-08-06 12:00:00,1997-08-06 18:00:00,1997-08-07 00:00:00,1997-08-07 12:00:00
4048,1997216N20091,1997-08-05 15:00:00,1997-08-06 15:00:00,1997-08-06 21:00:00,1997-08-07 03:00:00,1997-08-07 15:00:00
4049,1997216N20091,1997-08-05 18:00:00,1997-08-06 18:00:00,1997-08-07 00:00:00,1997-08-07 06:00:00,1997-08-07 18:00:00
4050,1997232N20088,1997-08-20 03:00:00,1997-08-21 03:00:00,1997-08-21 09:00:00,1997-08-21 15:00:00,1997-08-22 03:00:00
4051,1997232N20088,1997-08-20 06:00:00,1997-08-21 06:00:00,1997-08-21 12:00:00,1997-08-21 18:00:00,1997-08-22 06:00:00
4052,1997232N20088,1997-08-20 09:00:00,1997-08-21 09:00:00,1997-08-21 15:00:00,1997-08-21 21:00:00,1997-08-22 09:00:00
4053,1997232N20088,1997-08-20 12:00:00,1997-08-21 12:00:00,1997-08-21 18:00:00,1997-08-22 00:00:00,1997-08-22 12:00:00
4054,1997232N20088,1997-08-20 15:00:00,1997-08-21 15:00:00,1997-08-21 21:00:00,1997-08-22 03:00:00,1997-08-22 15:00:00
4055,1997232N20088,1997-08-20 18:00:00,1997-08-21 18:00:00,1997-08-22 00:00:00,1997-08-22 06:00:00,1997-08-22 18:00:00
4056,1997232N20088,1997-08-20 21:00:00,1997-08-21 21:00:00,1997-08-22 03:00:00,1997-08-22 09:00:00,1997-08-22 21:00:00
4057,1997232N20088,1997-08-21 00:00:00,1997-08-22 00:00:00,1997-08-22 06:00:00,1997-08-22 12:00:00,1997-08-23 00:00:00
4058,1997232N20088,1997-08-21 03:00:00,1997-08-22 03:00:00,1997-08-22 09:00:00,1997-08-22 15:00:00,1997-08-23 03:00:00
4059,1997232N20088,1997-08-21 06:00:00,1997-08-22 06:00:00,1997-08-22 12:00:00,1997-08-22 18:00:00,1997-08-23 06:00:00
4060,1997232N20088,1997-08-21 09:00:00,1997-08-22 09:00:00,1997-08-22 15:00:00,1997-08-22 21:00:00,1997-08-23 09:00:00
4061,1997232N20088,1997-08-21 12:00:00,1997-08-22 12:00:00,1997-08-22 18:00:00,1997-08-23 00:00:00,1997-08-23 12:00:00
4062,1997232N20088,1997-08-21 15:00:00,1997-08-22 15:00:00,1997-08-22 21:00:00,1997-08-23 03:00:00,1997-08-23 15:00:00
4063,1997232N20088,1997-08-21 18:00:00,1997-08-22 18:00:00,1997-08-23 00:00:00,1997-08-23 06:00:00,1997-08-23 18:00:00
4064,1997232N20088,1997-08-21 21:00:00,1997-08-22 21:00:00,1997-08-23 03:00:00,1997-08-23 09:00:00,1997-08-23 21:00:00
4065,1997232N20088,1997-08-22 00:00:00,1997-08-23 00:00:00,1997-08-23 06:00:00,1997-08-23 12:00:00,1997-08-24 00:00:00
4066,1997232N20088,1997-08-22 03:00:00,1997-08-23 03:00:00,1997-08-23 09:00:00,1997-08-23 15:00:00,1997-08-24 03:00:00
4067,1997232N20088,1997-08-22 06:00:00,1997-08-23 06:00:00,1997-08-23 12:00:00,1997-08-23 18:00:00,1997-08-24 06:00:00
4068,1997232N20088,1997-08-22 09:00:00,1997-08-23 09:00:00,1997-08-23 15:00:00,1997-08-23 21:00:00,1997-08-24 09:00:00
4069,1997232N20088,1997-08-22 12:00:00,1997-08-23 12:00:00,1997-08-23 18:00:00,1997-08-24 00:00:00,1997-08-24 12:00:00
4070,1997232N20088,1997-08-22 15:00:00,1997-08-23 15:00:00,1997-08-23 21:00:00,1997-08-24 03:00:00,1997-08-24 15:00:00
4071,1997232N20088,1997-08-22 18:00:00,1997-08-23 18:00:00,1997-08-24 00:00:00,1997-08-24 06:00:00,1997-08-24 18:00:00
4072,1997232N20088,1997-08-22 21:00:00,1997-08-23 21:00:00,1997-08-24 03:00:00,1997-08-24 09:00:00,1997-08-24 21:00:00
4073,1997232N20088,1997-08-23 00:00:00,1997-08-24 00:00:00,1997-08-24 06:00:00,1997-08-24 12:00:00,1997-08-25 00:00:00
4074,1997232N20088,1997-08-23 03:00:00,1997-08-24 03:00:00,1997-08-24 09:00:00,1997-08-24 15:00:00,1997-08-25 03:00:00
4075,1997232N20088,1997-08-23 06:00:00,1997-08-24 06:00:00,1997-08-24 12:00:00,1997-08-24 18:00:00,1997-08-25 06:00:00
4076,1997232N20088,1997-08-23 09:00:00,1997-08-24 09:00:00,1997-08-24 15:00:00,1997-08-24 21:00:00,1997-08-25 09:00:00
4077,1997232N20088,1997-08-23 12:00:00,1997-08-24 12:00:00,1997-08-24 18:00:00,1997-08-25 00:00:00,1997-08-25 12:00:00
4078,1997232N20088,1997-08-23 15:00:00,1997-08-24 15:00:00,1997-08-24 21:00:00,1997-08-25 03:00:00,1997-08-25 15:00:00
4079,1997232N20088,1997-08-23 18:00:00,1997-08-24 18:00:00,1997-08-25 00:00:00,1997-08-25 06:00:00,1997-08-25 18:00:00
4080,1997232N20088,1997-08-23 21:00:00,1997-08-24 21:00:00,1997-08-25 03:00:00,1997-08-25 09:00:00,1997-08-25 21:00:00
4081,1997232N20088,1997-08-24 00:00:00,1997-08-25 00:00:00,1997-08-25 06:00:00,1997-08-25 12:00:00,1997-08-26 00:00:00
4082,1997232N20088,1997-08-24 03:00:00,1997-08-25 03:00:00,1997-08-25 09:00:00,1997-08-25 15:00:00,1997-08-26 03:00:00
4083,1997232N20088,1997-08-24 06:00:00,1997-08-25 06:00:00,1997-08-25 12:00:00,1997-08-25 18:00:00,1997-08-26 06:00:00
4084,1997232N20088,1997-08-24 09:00:00,1997-08-25 09:00:00,1997-08-25 15:00:00,1997-08-25 21:00:00,1997-08-26 09:00:00
4085,1997232N20088,1997-08-24 12:00:00,1997-08-25 12:00:00,1997-08-25 18:00:00,1997-08-26 00:00:00,1997-08-26 12:00:00
4086,1997232N20088,1997-08-24 15:00:00,1997-08-25 15:00:00,1997-08-25 21:00:00,1997-08-26 03:00:00,1997-08-26 15:00:00
4087,1997232N20088,1997-08-24 18:00:00,1997-08-25 18:00:00,1997-08-26 00:00:00,1997-08-26 06:00:00,1997-08-26 18:00:00
4088,1997232N20088,1997-08-24 21:00:00,1997-08-25 21:00:00,1997-08-26 03:00:00,1997-08-26 09:00:00,1997-08-26 21:00:00
4089,1997232N20088,1997-08-25 00:00:00,1997-08-26 00:00:00,1997-08-26 06:00:00,1997-08-26 12:00:00,1997-08-27 00:00:00
4090,1997232N20088,1997-08-25 03:00:00,1997-08-26 03:00:00,1997-08-26 09:00:00,1997-08-26 15:00:00,1997-08-27 03:00:00
4091,1997232N20088,1997-08-25 06:00:00,1997-08-26 06:00:00,1997-08-26 12:00:00,1997-08-26 18:00:00,1997-08-27 06:00:00
4092,1997240N20087,1997-08-28 03:00:00,1997-08-29 03:00:00,1997-08-29 09:00:00,1997-08-29 15:00:00,1997-08-30 03:00:00
4093,1997240N20087,1997-08-28 06:00:00,1997-08-29 06:00:00,1997-08-29 12:00:00,1997-08-29 18:00:00,1997-08-30 06:00:00
4094,1997263N14084,1997-09-19 18:00:00,1997-09-20 18:00:00,1997-09-21 00:00:00,1997-09-21 06:00:00,1997-09-21 18:00:00
4095,1997263N14084,1997-09-19 21:00:00,1997-09-20 21:00:00,1997-09-21 03:00:00,1997-09-21 09:00:00,1997-09-21 21:00:00
4096,1997263N14084,1997-09-20 00:00:00,1997-09-21 00:00:00,1997-09-21 06:00:00,1997-09-21 12:00:00,1997-09-22 00:00:00
4097,1997263N14084,1997-09-20 03:00:00,1997-09-21 03:00:00,1997-09-21 09:00:00,1997-09-21 15:00:00,1997-09-22 03:00:00
4098,1997263N14084,1997-09-20 06:00:00,1997-09-21 06:00:00,1997-09-21 12:00:00,1997-09-21 18:00:00,1997-09-22 06:00:00
4099,1997263N14084,1997-09-20 09:00:00,1997-09-21 09:00:00,1997-09-21 15:00:00,1997-09-21 21:00:00,1997-09-22 09:00:00
4100,1997263N14084,1997-09-20 12:00:00,1997-09-21 12:00:00,1997-09-21 18:00:00,1997-09-22 00:00:00,1997-09-22 12:00:00
4101,1997263N14084,1997-09-20 15:00:00,1997-09-21 15:00:00,1997-09-21 21:00:00,1997-09-22 03:00:00,1997-09-22 15:00:00
4102,1997263N14084,1997-09-20 18:00:00,1997-09-21 18:00:00,1997-09-22 00:00:00,1997-09-22 06:00:00,1997-09-22 18:00:00
4103,1997263N14084,1997-09-20 21:00:00,1997-09-21 21:00:00,1997-09-22 03:00:00,1997-09-22 09:00:00,1997-09-22 21:00:00
4104,1997263N14084,1997-09-21 00:00:00,1997-09-22 00:00:00,1997-09-22 06:00:00,1997-09-22 12:00:00,1997-09-23 00:00:00
4105,1997263N14084,1997-09-21 03:00:00,1997-09-22 03:00:00,1997-09-22 09:00:00,1997-09-22 15:00:00,1997-09-23 03:00:00
4106,1997263N14084,1997-09-21 06:00:00,1997-09-22 06:00:00,1997-09-22 12:00:00,1997-09-22 18:00:00,1997-09-23 06:00:00
4107,1997263N14084,1997-09-21 09:00:00,1997-09-22 09:00:00,1997-09-22 15:00:00,1997-09-22 21:00:00,1997-09-23 09:00:00
4108,1997263N14084,1997-09-21 12:00:00,1997-09-22 12:00:00,1997-09-22 18:00:00,1997-09-23 00:00:00,1997-09-23 12:00:00
4109,1997263N14084,1997-09-21 15:00:00,1997-09-22 15:00:00,1997-09-22 21:00:00,1997-09-23 03:00:00,1997-09-23 15:00:00
4110,1997263N14084,1997-09-21 18:00:00,1997-09-22 18:00:00,1997-09-23 00:00:00,1997-09-23 06:00:00,1997-09-23 18:00:00
4111,1997263N14084,1997-09-21 21:00:00,1997-09-22 21:00:00,1997-09-23 03:00:00,1997-09-23 09:00:00,1997-09-23 21:00:00
4112,1997263N14084,1997-09-22 00:00:00,1997-09-23 00:00:00,1997-09-23 06:00:00,1997-09-23 12:00:00,1997-09-24 00:00:00
4113,1997263N14084,1997-09-22 03:00:00,1997-09-23 03:00:00,1997-09-23 09:00:00,1997-09-23 15:00:00,1997-09-24 03:00:00
4114,1997263N14084,1997-09-22 06:00:00,1997-09-23 06:00:00,1997-09-23 12:00:00,1997-09-23 18:00:00,1997-09-24 06:00:00
4115,1997263N14084,1997-09-22 09:00:00,1997-09-23 09:00:00,1997-09-23 15:00:00,1997-09-23 21:00:00,1997-09-24 09:00:00
4116,1997263N14084,1997-09-22 12:00:00,1997-09-23 12:00:00,1997-09-23 18:00:00,1997-09-24 00:00:00,1997-09-24 12:00:00
4117,1997263N14084,1997-09-22 15:00:00,1997-09-23 15:00:00,1997-09-23 21:00:00,1997-09-24 03:00:00,1997-09-24 15:00:00
4118,1997263N14084,1997-09-22 18:00:00,1997-09-23 18:00:00,1997-09-24 00:00:00,1997-09-24 06:00:00,1997-09-24 18:00:00
4119,1997263N14084,1997-09-22 21:00:00,1997-09-23 21:00:00,1997-09-24 03:00:00,1997-09-24 09:00:00,1997-09-24 21:00:00
4120,1997263N14084,1997-09-23 00:00:00,1997-09-24 00:00:00,1997-09-24 06:00:00,1997-09-24 12:00:00,1997-09-25 00:00:00
4121,1997263N14084,1997-09-23 03:00:00,1997-09-24 03:00:00,1997-09-24 09:00:00,1997-09-24 15:00:00,1997-09-25 03:00:00
4122,1997263N14084,1997-09-23 06:00:00,1997-09-24 06:00:00,1997-09-24 12:00:00,1997-09-24 18:00:00,1997-09-25 06:00:00
4123,1997263N14084,1997-09-23 09:00:00,1997-09-24 09:00:00,1997-09-24 15:00:00,1997-09-24 21:00:00,1997-09-25 09:00:00
4124,1997263N14084,1997-09-23 12:00:00,1997-09-24 12:00:00,1997-09-24 18:00:00,1997-09-25 00:00:00,1997-09-25 12:00:00
4125,1997263N14084,1997-09-23 15:00:00,1997-09-24 15:00:00,1997-09-24 21:00:00,1997-09-25 03:00:00,1997-09-25 15:00:00
4126,1997263N14084,1997-09-23 18:00:00,1997-09-24 18:00:00,1997-09-25 00:00:00,1997-09-25 06:00:00,1997-09-25 18:00:00
4127,1997263N14084,1997-09-23 21:00:00,1997-09-24 21:00:00,1997-09-25 03:00:00,1997-09-25 09:00:00,1997-09-25 21:00:00
4128,1997263N14084,1997-09-24 00:00:00,1997-09-25 00:00:00,1997-09-25 06:00:00,1997-09-25 12:00:00,1997-09-26 00:00:00
4129,1997263N14084,1997-09-24 03:00:00,1997-09-25 03:00:00,1997-09-25 09:00:00,1997-09-25 15:00:00,1997-09-26 03:00:00
4130,1997263N14084,1997-09-24 06:00:00,1997-09-25 06:00:00,1997-09-25 12:00:00,1997-09-25 18:00:00,1997-09-26 06:00:00
4131,1997263N14084,1997-09-24 09:00:00,1997-09-25 09:00:00,1997-09-25 15:00:00,1997-09-25 21:00:00,1997-09-26 09:00:00
4132,1997263N14084,1997-09-24 12:00:00,1997-09-25 12:00:00,1997-09-25 18:00:00,1997-09-26 00:00:00,1997-09-26 12:00:00
4133,1997263N14084,1997-09-24 15:00:00,1997-09-25 15:00:00,1997-09-25 21:00:00,1997-09-26 03:00:00,1997-09-26 15:00:00
4134,1997263N14084,1997-09-24 18:00:00,1997-09-25 18:00:00,1997-09-26 00:00:00,1997-09-26 06:00:00,1997-09-26 18:00:00
4135,1997263N14084,1997-09-24 21:00:00,1997-09-25 21:00:00,1997-09-26 03:00:00,1997-09-26 09:00:00,1997-09-26 21:00:00
4136,1997263N14084,1997-09-25 00:00:00,1997-09-26 00:00:00,1997-09-26 06:00:00,1997-09-26 12:00:00,1997-09-27 00:00:00
4137,1997263N14084,1997-09-25 03:00:00,1997-09-26 03:00:00,1997-09-26 09:00:00,1997-09-26 15:00:00,1997-09-27 03:00:00
4138,1997263N14084,1997-09-25 06:00:00,1997-09-26 06:00:00,1997-09-26 12:00:00,1997-09-26 18:00:00,1997-09-27 06:00:00
4139,1997263N14084,1997-09-25 09:00:00,1997-09-26 09:00:00,1997-09-26 15:00:00,1997-09-26 21:00:00,1997-09-27 09:00:00
4140,1997263N14084,1997-09-25 12:00:00,1997-09-26 12:00:00,1997-09-26 18:00:00,1997-09-27 00:00:00,1997-09-27 12:00:00
4141,1997263N14084,1997-09-25 15:00:00,1997-09-26 15:00:00,1997-09-26 21:00:00,1997-09-27 03:00:00,1997-09-27 15:00:00
4142,1997263N14084,1997-09-25 18:00:00,1997-09-26 18:00:00,1997-09-27 00:00:00,1997-09-27 06:00:00,1997-09-27 18:00:00
4143,1997298N06140,1997-10-25 00:00:00,1997-10-26 00:00:00,1997-10-26 06:00:00,1997-10-26 12:00:00,1997-10-27 00:00:00
4144,1997298N06140,1997-10-25 03:00:00,1997-10-26 03:00:00,1997-10-26 09:00:00,1997-10-26 15:00:00,1997-10-27 03:00:00
4145,1997298N06140,1997-10-25 06:00:00,1997-10-26 06:00:00,1997-10-26 12:00:00,1997-10-26 18:00:00,1997-10-27 06:00:00
4146,1997298N06140,1997-10-25 09:00:00,1997-10-26 09:00:00,1997-10-26 15:00:00,1997-10-26 21:00:00,1997-10-27 09:00:00
4147,1997298N06140,1997-10-25 12:00:00,1997-10-26 12:00:00,1997-10-26 18:00:00,1997-10-27 00:00:00,1997-10-27 12:00:00
4148,1997298N06140,1997-10-25 15:00:00,1997-10-26 15:00:00,1997-10-26 21:00:00,1997-10-27 03:00:00,1997-10-27 15:00:00
4149,1997298N06140,1997-10-25 18:00:00,1997-10-26 18:00:00,1997-10-27 00:00:00,1997-10-27 06:00:00,1997-10-27 18:00:00
4150,1997298N06140,1997-10-25 21:00:00,1997-10-26 21:00:00,1997-10-27 03:00:00,1997-10-27 09:00:00,1997-10-27 21:00:00
4151,1997298N06140,1997-10-26 00:00:00,1997-10-27 00:00:00,1997-10-27 06:00:00,1997-10-27 12:00:00,1997-10-28 00:00:00
4152,1997298N06140,1997-10-26 03:00:00,1997-10-27 03:00:00,1997-10-27 09:00:00,1997-10-27 15:00:00,1997-10-28 03:00:00
4153,1997298N06140,1997-10-26 06:00:00,1997-10-27 06:00:00,1997-10-27 12:00:00,1997-10-27 18:00:00,1997-10-28 06:00:00
4154,1997298N06140,1997-10-26 09:00:00,1997-10-27 09:00:00,1997-10-27 15:00:00,1997-10-27 21:00:00,1997-10-28 09:00:00
4155,1997298N06140,1997-10-26 12:00:00,1997-10-27 12:00:00,1997-10-27 18:00:00,1997-10-28 00:00:00,1997-10-28 12:00:00
4156,1997298N06140,1997-10-26 15:00:00,1997-10-27 15:00:00,1997-10-27 21:00:00,1997-10-28 03:00:00,1997-10-28 15:00:00
4157,1997298N06140,1997-10-26 18:00:00,1997-10-27 18:00:00,1997-10-28 00:00:00,1997-10-28 06:00:00,1997-10-28 18:00:00
4158,1997298N06140,1997-10-26 21:00:00,1997-10-27 21:00:00,1997-10-28 03:00:00,1997-10-28 09:00:00,1997-10-28 21:00:00
4159,1997298N06140,1997-10-27 00:00:00,1997-10-28 00:00:00,1997-10-28 06:00:00,1997-10-28 12:00:00,1997-10-29 00:00:00
4160,1997298N06140,1997-10-27 03:00:00,1997-10-28 03:00:00,1997-10-28 09:00:00,1997-10-28 15:00:00,1997-10-29 03:00:00
4161,1997298N06140,1997-10-27 06:00:00,1997-10-28 06:00:00,1997-10-28 12:00:00,1997-10-28 18:00:00,1997-10-29 06:00:00
4162,1997298N06140,1997-10-27 09:00:00,1997-10-28 09:00:00,1997-10-28 15:00:00,1997-10-28 21:00:00,1997-10-29 09:00:00
4163,1997298N06140,1997-10-27 12:00:00,1997-10-28 12:00:00,1997-10-28 18:00:00,1997-10-29 00:00:00,1997-10-29 12:00:00
4164,1997298N06140,1997-10-27 15:00:00,1997-10-28 15:00:00,1997-10-28 21:00:00,1997-10-29 03:00:00,1997-10-29 15:00:00
4165,1997298N06140,1997-10-27 18:00:00,1997-10-28 18:00:00,1997-10-29 00:00:00,1997-10-29 06:00:00,1997-10-29 18:00:00
4166,1997298N06140,1997-10-27 21:00:00,1997-10-28 21:00:00,1997-10-29 03:00:00,1997-10-29 09:00:00,1997-10-29 21:00:00
4167,1997298N06140,1997-10-28 00:00:00,1997-10-29 00:00:00,1997-10-29 06:00:00,1997-10-29 12:00:00,1997-10-30 00:00:00
4168,1997298N06140,1997-10-28 03:00:00,1997-10-29 03:00:00,1997-10-29 09:00:00,1997-10-29 15:00:00,1997-10-30 03:00:00
4169,1997298N06140,1997-10-28 06:00:00,1997-10-29 06:00:00,1997-10-29 12:00:00,1997-10-29 18:00:00,1997-10-30 06:00:00
4170,1997298N06140,1997-10-28 09:00:00,1997-10-29 09:00:00,1997-10-29 15:00:00,1997-10-29 21:00:00,1997-10-30 09:00:00
4171,1997298N06140,1997-10-28 12:00:00,1997-10-29 12:00:00,1997-10-29 18:00:00,1997-10-30 00:00:00,1997-10-30 12:00:00
4172,1997298N06140,1997-10-28 15:00:00,1997-10-29 15:00:00,1997-10-29 21:00:00,1997-10-30 03:00:00,1997-10-30 15:00:00
4173,1997298N06140,1997-10-28 18:00:00,1997-10-29 18:00:00,1997-10-30 00:00:00,1997-10-30 06:00:00,1997-10-30 18:00:00
4174,1997298N06140,1997-10-28 21:00:00,1997-10-29 21:00:00,1997-10-30 03:00:00,1997-10-30 09:00:00,1997-10-30 21:00:00
4175,1997298N06140,1997-10-29 00:00:00,1997-10-30 00:00:00,1997-10-30 06:00:00,1997-10-30 12:00:00,1997-10-31 00:00:00
4176,1997298N06140,1997-10-29 03:00:00,1997-10-30 03:00:00,1997-10-30 09:00:00,1997-10-30 15:00:00,1997-10-31 03:00:00
4177,1997298N06140,1997-10-29 06:00:00,1997-10-30 06:00:00,1997-10-30 12:00:00,1997-10-30 18:00:00,1997-10-31 06:00:00
4178,1997298N06140,1997-10-29 09:00:00,1997-10-30 09:00:00,1997-10-30 15:00:00,1997-10-30 21:00:00,1997-10-31 09:00:00
4179,1997298N06140,1997-10-29 12:00:00,1997-10-30 12:00:00,1997-10-30 18:00:00,1997-10-31 00:00:00,1997-10-31 12:00:00
4180,1997298N06140,1997-10-29 15:00:00,1997-10-30 15:00:00,1997-10-30 21:00:00,1997-10-31 03:00:00,1997-10-31 15:00:00
4181,1997298N06140,1997-10-29 18:00:00,1997-10-30 18:00:00,1997-10-31 00:00:00,1997-10-31 06:00:00,1997-10-31 18:00:00
4182,1997298N06140,1997-10-29 21:00:00,1997-10-30 21:00:00,1997-10-31 03:00:00,1997-10-31 09:00:00,1997-10-31 21:00:00
4183,1997298N06140,1997-10-30 00:00:00,1997-10-31 00:00:00,1997-10-31 06:00:00,1997-10-31 12:00:00,1997-11-01 00:00:00
4184,1997298N06140,1997-10-30 03:00:00,1997-10-31 03:00:00,1997-10-31 09:00:00,1997-10-31 15:00:00,1997-11-01 03:00:00
4185,1997298N06140,1997-10-30 06:00:00,1997-10-31 06:00:00,1997-10-31 12:00:00,1997-10-31 18:00:00,1997-11-01 06:00:00
4186,1997298N06140,1997-10-30 09:00:00,1997-10-31 09:00:00,1997-10-31 15:00:00,1997-10-31 21:00:00,1997-11-01 09:00:00
4187,1997298N06140,1997-10-30 12:00:00,1997-10-31 12:00:00,1997-10-31 18:00:00,1997-11-01 00:00:00,1997-11-01 12:00:00
4188,1997298N06140,1997-10-30 15:00:00,1997-10-31 15:00:00,1997-10-31 21:00:00,1997-11-01 03:00:00,1997-11-01 15:00:00
4189,1997298N06140,1997-10-30 18:00:00,1997-10-31 18:00:00,1997-11-01 00:00:00,1997-11-01 06:00:00,1997-11-01 18:00:00
4190,1997298N06140,1997-10-30 21:00:00,1997-10-31 21:00:00,1997-11-01 03:00:00,1997-11-01 09:00:00,1997-11-01 21:00:00
4191,1997298N06140,1997-10-31 00:00:00,1997-11-01 00:00:00,1997-11-01 06:00:00,1997-11-01 12:00:00,1997-11-02 00:00:00
4192,1997298N06140,1997-10-31 03:00:00,1997-11-01 03:00:00,1997-11-01 09:00:00,1997-11-01 15:00:00,1997-11-02 03:00:00
4193,1997298N06140,1997-10-31 06:00:00,1997-11-01 06:00:00,1997-11-01 12:00:00,1997-11-01 18:00:00,1997-11-02 06:00:00
4194,1997298N06140,1997-10-31 09:00:00,1997-11-01 09:00:00,1997-11-01 15:00:00,1997-11-01 21:00:00,1997-11-02 09:00:00
4195,1997298N06140,1997-10-31 12:00:00,1997-11-01 12:00:00,1997-11-01 18:00:00,1997-11-02 00:00:00,1997-11-02 12:00:00
4196,1997298N06140,1997-10-31 15:00:00,1997-11-01 15:00:00,1997-11-01 21:00:00,1997-11-02 03:00:00,1997-11-02 15:00:00
4197,1997298N06140,1997-10-31 18:00:00,1997-11-01 18:00:00,1997-11-02 00:00:00,1997-11-02 06:00:00,1997-11-02 18:00:00
4198,1997298N06140,1997-10-31 21:00:00,1997-11-01 21:00:00,1997-11-02 03:00:00,1997-11-02 09:00:00,1997-11-02 21:00:00
4199,1997298N06140,1997-11-01 00:00:00,1997-11-02 00:00:00,1997-11-02 06:00:00,1997-11-02 12:00:00,1997-11-03 00:00:00
4200,1997298N06140,1997-11-01 03:00:00,1997-11-02 03:00:00,1997-11-02 09:00:00,1997-11-02 15:00:00,1997-11-03 03:00:00
4201,1997298N06140,1997-11-01 06:00:00,1997-11-02 06:00:00,1997-11-02 12:00:00,1997-11-02 18:00:00,1997-11-03 06:00:00
4202,1997298N06140,1997-11-01 09:00:00,1997-11-02 09:00:00,1997-11-02 15:00:00,1997-11-02 21:00:00,1997-11-03 09:00:00
4203,1997298N06140,1997-11-01 12:00:00,1997-11-02 12:00:00,1997-11-02 18:00:00,1997-11-03 00:00:00,1997-11-03 12:00:00
4204,1997298N06140,1997-11-01 15:00:00,1997-11-02 15:00:00,1997-11-02 21:00:00,1997-11-03 03:00:00,1997-11-03 15:00:00
4205,1997298N06140,1997-11-01 18:00:00,1997-11-02 18:00:00,1997-11-03 00:00:00,1997-11-03 06:00:00,1997-11-03 18:00:00
4206,1997298N06140,1997-11-01 21:00:00,1997-11-02 21:00:00,1997-11-03 03:00:00,1997-11-03 09:00:00,1997-11-03 21:00:00
4207,1997298N06140,1997-11-02 00:00:00,1997-11-03 00:00:00,1997-11-03 06:00:00,1997-11-03 12:00:00,1997-11-04 00:00:00
4208,1997298N06140,1997-11-02 03:00:00,1997-11-03 03:00:00,1997-11-03 09:00:00,1997-11-03 15:00:00,1997-11-04 03:00:00
4209,1997298N06140,1997-11-02 06:00:00,1997-11-03 06:00:00,1997-11-03 12:00:00,1997-11-03 18:00:00,1997-11-04 06:00:00
4210,1997298N06140,1997-11-02 09:00:00,1997-11-03 09:00:00,1997-11-03 15:00:00,1997-11-03 21:00:00,1997-11-04 09:00:00
4211,1997298N06140,1997-11-02 12:00:00,1997-11-03 12:00:00,1997-11-03 18:00:00,1997-11-04 00:00:00,1997-11-04 12:00:00
4212,1997298N06140,1997-11-02 15:00:00,1997-11-03 15:00:00,1997-11-03 21:00:00,1997-11-04 03:00:00,1997-11-04 15:00:00
4213,1997298N06140,1997-11-02 18:00:00,1997-11-03 18:00:00,1997-11-04 00:00:00,1997-11-04 06:00:00,1997-11-04 18:00:00
4214,1997298N06140,1997-11-02 21:00:00,1997-11-03 21:00:00,1997-11-04 03:00:00,1997-11-04 09:00:00,1997-11-04 21:00:00
4215,1997298N06140,1997-11-03 00:00:00,1997-11-04 00:00:00,1997-11-04 06:00:00,1997-11-04 12:00:00,1997-11-05 00:00:00
4216,1997298N06140,1997-11-03 03:00:00,1997-11-04 03:00:00,1997-11-04 09:00:00,1997-11-04 15:00:00,1997-11-05 03:00:00
4217,1997298N06140,1997-11-03 06:00:00,1997-11-04 06:00:00,1997-11-04 12:00:00,1997-11-04 18:00:00,1997-11-05 06:00:00
4218,1997298N06140,1997-11-03 09:00:00,1997-11-04 09:00:00,1997-11-04 15:00:00,1997-11-04 21:00:00,1997-11-05 09:00:00
4219,1997298N06140,1997-11-03 12:00:00,1997-11-04 12:00:00,1997-11-04 18:00:00,1997-11-05 00:00:00,1997-11-05 12:00:00
4220,1997298N06140,1997-11-03 15:00:00,1997-11-04 15:00:00,1997-11-04 21:00:00,1997-11-05 03:00:00,1997-11-05 15:00:00
4221,1997298N06140,1997-11-03 18:00:00,1997-11-04 18:00:00,1997-11-05 00:00:00,1997-11-05 06:00:00,1997-11-05 18:00:00
4222,1997298N06140,1997-11-03 21:00:00,1997-11-04 21:00:00,1997-11-05 03:00:00,1997-11-05 09:00:00,1997-11-05 21:00:00
4223,1997298N06140,1997-11-04 00:00:00,1997-11-05 00:00:00,1997-11-05 06:00:00,1997-11-05 12:00:00,1997-11-06 00:00:00
4224,1997298N06140,1997-11-04 03:00:00,1997-11-05 03:00:00,1997-11-05 09:00:00,1997-11-05 15:00:00,1997-11-06 03:00:00
4225,1997298N06140,1997-11-04 06:00:00,1997-11-05 06:00:00,1997-11-05 12:00:00,1997-11-05 18:00:00,1997-11-06 06:00:00
4226,1997298N06140,1997-11-04 09:00:00,1997-11-05 09:00:00,1997-11-05 15:00:00,1997-11-05 21:00:00,1997-11-06 09:00:00
4227,1997298N06140,1997-11-04 12:00:00,1997-11-05 12:00:00,1997-11-05 18:00:00,1997-11-06 00:00:00,1997-11-06 12:00:00
4228,1997298N06140,1997-11-04 15:00:00,1997-11-05 15:00:00,1997-11-05 21:00:00,1997-11-06 03:00:00,1997-11-06 15:00:00
4229,1997298N06140,1997-11-04 18:00:00,1997-11-05 18:00:00,1997-11-06 00:00:00,1997-11-06 06:00:00,1997-11-06 18:00:00
4230,1997298N06140,1997-11-04 21:00:00,1997-11-05 21:00:00,1997-11-06 03:00:00,1997-11-06 09:00:00,1997-11-06 21:00:00
4231,1997298N06140,1997-11-05 00:00:00,1997-11-06 00:00:00,1997-11-06 06:00:00,1997-11-06 12:00:00,1997-11-07 00:00:00
4232,1997298N06140,1997-11-05 03:00:00,1997-11-06 03:00:00,1997-11-06 09:00:00,1997-11-06 15:00:00,1997-11-07 03:00:00
4233,1997298N06140,1997-11-05 06:00:00,1997-11-06 06:00:00,1997-11-06 12:00:00,1997-11-06 18:00:00,1997-11-07 06:00:00
4234,1997298N06140,1997-11-05 09:00:00,1997-11-06 09:00:00,1997-11-06 15:00:00,1997-11-06 21:00:00,1997-11-07 09:00:00
4235,1997298N06140,1997-11-05 12:00:00,1997-11-06 12:00:00,1997-11-06 18:00:00,1997-11-07 00:00:00,1997-11-07 12:00:00
4236,1997298N06140,1997-11-05 15:00:00,1997-11-06 15:00:00,1997-11-06 21:00:00,1997-11-07 03:00:00,1997-11-07 15:00:00
4237,1997298N06140,1997-11-05 18:00:00,1997-11-06 18:00:00,1997-11-07 00:00:00,1997-11-07 06:00:00,1997-11-07 18:00:00
4238,1997298N06140,1997-11-05 21:00:00,1997-11-06 21:00:00,1997-11-07 03:00:00,1997-11-07 09:00:00,1997-11-07 21:00:00
4239,1997298N06140,1997-11-06 00:00:00,1997-11-07 00:00:00,1997-11-07 06:00:00,1997-11-07 12:00:00,1997-11-08 00:00:00
4240,1997298N06140,1997-11-06 03:00:00,1997-11-07 03:00:00,1997-11-07 09:00:00,1997-11-07 15:00:00,1997-11-08 03:00:00
4241,1997298N06140,1997-11-06 06:00:00,1997-11-07 06:00:00,1997-11-07 12:00:00,1997-11-07 18:00:00,1997-11-08 06:00:00
4242,1997298N06140,1997-11-06 09:00:00,1997-11-07 09:00:00,1997-11-07 15:00:00,1997-11-07 21:00:00,1997-11-08 09:00:00
4243,1997298N06140,1997-11-06 12:00:00,1997-11-07 12:00:00,1997-11-07 18:00:00,1997-11-08 00:00:00,1997-11-08 12:00:00
4244,1997298N06140,1997-11-06 15:00:00,1997-11-07 15:00:00,1997-11-07 21:00:00,1997-11-08 03:00:00,1997-11-08 15:00:00
4245,1997298N06140,1997-11-06 18:00:00,1997-11-07 18:00:00,1997-11-08 00:00:00,1997-11-08 06:00:00,1997-11-08 18:00:00
4246,1997298N06140,1997-11-06 21:00:00,1997-11-07 21:00:00,1997-11-08 03:00:00,1997-11-08 09:00:00,1997-11-08 21:00:00
4247,1997298N06140,1997-11-07 00:00:00,1997-11-08 00:00:00,1997-11-08 06:00:00,1997-11-08 12:00:00,1997-11-09 00:00:00
4248,1997298N06140,1997-11-07 03:00:00,1997-11-08 03:00:00,1997-11-08 09:00:00,1997-11-08 15:00:00,1997-11-09 03:00:00
4249,1997298N06140,1997-11-07 06:00:00,1997-11-08 06:00:00,1997-11-08 12:00:00,1997-11-08 18:00:00,1997-11-09 06:00:00
4250,1997298N06140,1997-11-07 09:00:00,1997-11-08 09:00:00,1997-11-08 15:00:00,1997-11-08 21:00:00,1997-11-09 09:00:00
4251,1997298N06140,1997-11-07 12:00:00,1997-11-08 12:00:00,1997-11-08 18:00:00,1997-11-09 00:00:00,1997-11-09 12:00:00
4252,1997307N08082,1997-11-02 12:00:00,1997-11-03 12:00:00,1997-11-03 18:00:00,1997-11-04 00:00:00,1997-11-04 12:00:00
4253,1997307N08082,1997-11-02 15:00:00,1997-11-03 15:00:00,1997-11-03 21:00:00,1997-11-04 03:00:00,1997-11-04 15:00:00
4254,1997307N08082,1997-11-02 18:00:00,1997-11-03 18:00:00,1997-11-04 00:00:00,1997-11-04 06:00:00,1997-11-04 18:00:00
4255,1997307N08082,1997-11-02 21:00:00,1997-11-03 21:00:00,1997-11-04 03:00:00,1997-11-04 09:00:00,1997-11-04 21:00:00
4256,1997307N08082,1997-11-03 00:00:00,1997-11-04 00:00:00,1997-11-04 06:00:00,1997-11-04 12:00:00,1997-11-05 00:00:00
4257,1997307N08082,1997-11-03 03:00:00,1997-11-04 03:00:00,1997-11-04 09:00:00,1997-11-04 15:00:00,1997-11-05 03:00:00
4258,1997307N08082,1997-11-03 06:00:00,1997-11-04 06:00:00,1997-11-04 12:00:00,1997-11-04 18:00:00,1997-11-05 06:00:00
4259,1997307N08082,1997-11-03 09:00:00,1997-11-04 09:00:00,1997-11-04 15:00:00,1997-11-04 21:00:00,1997-11-05 09:00:00
4260,1997307N08082,1997-11-03 12:00:00,1997-11-04 12:00:00,1997-11-04 18:00:00,1997-11-05 00:00:00,1997-11-05 12:00:00
4261,1997307N08082,1997-11-03 15:00:00,1997-11-04 15:00:00,1997-11-04 21:00:00,1997-11-05 03:00:00,1997-11-05 15:00:00
4262,1997307N08082,1997-11-03 18:00:00,1997-11-04 18:00:00,1997-11-05 00:00:00,1997-11-05 06:00:00,1997-11-05 18:00:00
4263,1997307N08082,1997-11-03 21:00:00,1997-11-04 21:00:00,1997-11-05 03:00:00,1997-11-05 09:00:00,1997-11-05 21:00:00
4264,1997307N08082,1997-11-04 00:00:00,1997-11-05 00:00:00,1997-11-05 06:00:00,1997-11-05 12:00:00,1997-11-06 00:00:00
4265,1997307N08082,1997-11-04 03:00:00,1997-11-05 03:00:00,1997-11-05 09:00:00,1997-11-05 15:00:00,1997-11-06 03:00:00
4266,1997307N08082,1997-11-04 06:00:00,1997-11-05 06:00:00,1997-11-05 12:00:00,1997-11-05 18:00:00,1997-11-06 06:00:00
4267,1997307N08082,1997-11-04 09:00:00,1997-11-05 09:00:00,1997-11-05 15:00:00,1997-11-05 21:00:00,1997-11-06 09:00:00
4268,1997307N08082,1997-11-04 12:00:00,1997-11-05 12:00:00,1997-11-05 18:00:00,1997-11-06 00:00:00,1997-11-06 12:00:00
4269,1997307N08082,1997-11-04 15:00:00,1997-11-05 15:00:00,1997-11-05 21:00:00,1997-11-06 03:00:00,1997-11-06 15:00:00
4270,1997307N08082,1997-11-04 18:00:00,1997-11-05 18:00:00,1997-11-06 00:00:00,1997-11-06 06:00:00,1997-11-06 18:00:00
4271,1997307N08082,1997-11-04 21:00:00,1997-11-05 21:00:00,1997-11-06 03:00:00,1997-11-06 09:00:00,1997-11-06 21:00:00
4272,1997307N08082,1997-11-05 00:00:00,1997-11-06 00:00:00,1997-11-06 06:00:00,1997-11-06 12:00:00,1997-11-07 00:00:00
4273,1997307N08082,1997-11-05 03:00:00,1997-11-06 03:00:00,1997-11-06 09:00:00,1997-11-06 15:00:00,1997-11-07 03:00:00
4274,1997307N08082,1997-11-05 06:00:00,1997-11-06 06:00:00,1997-11-06 12:00:00,1997-11-06 18:00:00,1997-11-07 06:00:00
4275,1997307N08082,1997-11-05 09:00:00,1997-11-06 09:00:00,1997-11-06 15:00:00,1997-11-06 21:00:00,1997-11-07 09:00:00
4276,1997307N08082,1997-11-05 12:00:00,1997-11-06 12:00:00,1997-11-06 18:00:00,1997-11-07 00:00:00,1997-11-07 12:00:00
4277,1997307N08082,1997-11-05 15:00:00,1997-11-06 15:00:00,1997-11-06 21:00:00,1997-11-07 03:00:00,1997-11-07 15:00:00
4278,1997307N08082,1997-11-05 18:00:00,1997-11-06 18:00:00,1997-11-07 00:00:00,1997-11-07 06:00:00,1997-11-07 18:00:00
4279,1997307N08082,1997-11-05 21:00:00,1997-11-06 21:00:00,1997-11-07 03:00:00,1997-11-07 09:00:00,1997-11-07 21:00:00
4280,1997307N08082,1997-11-06 00:00:00,1997-11-07 00:00:00,1997-11-07 06:00:00,1997-11-07 12:00:00,1997-11-08 00:00:00
4281,1997307N08082,1997-11-06 03:00:00,1997-11-07 03:00:00,1997-11-07 09:00:00,1997-11-07 15:00:00,1997-11-08 03:00:00
4282,1997307N08082,1997-11-06 06:00:00,1997-11-07 06:00:00,1997-11-07 12:00:00,1997-11-07 18:00:00,1997-11-08 06:00:00
4283,1997307N08082,1997-11-06 09:00:00,1997-11-07 09:00:00,1997-11-07 15:00:00,1997-11-07 21:00:00,1997-11-08 09:00:00
4284,1997307N08082,1997-11-06 12:00:00,1997-11-07 12:00:00,1997-11-07 18:00:00,1997-11-08 00:00:00,1997-11-08 12:00:00
4285,1997307N08082,1997-11-06 15:00:00,1997-11-07 15:00:00,1997-11-07 21:00:00,1997-11-08 03:00:00,1997-11-08 15:00:00
4286,1997307N08082,1997-11-06 18:00:00,1997-11-07 18:00:00,1997-11-08 00:00:00,1997-11-08 06:00:00,1997-11-08 18:00:00
4287,1997307N08082,1997-11-06 21:00:00,1997-11-07 21:00:00,1997-11-08 03:00:00,1997-11-08 09:00:00,1997-11-08 21:00:00
4288,1997307N08082,1997-11-07 00:00:00,1997-11-08 00:00:00,1997-11-08 06:00:00,1997-11-08 12:00:00,1997-11-09 00:00:00
4289,1997307N08082,1997-11-07 03:00:00,1997-11-08 03:00:00,1997-11-08 09:00:00,1997-11-08 15:00:00,1997-11-09 03:00:00
4290,1997307N08082,1997-11-07 06:00:00,1997-11-08 06:00:00,1997-11-08 12:00:00,1997-11-08 18:00:00,1997-11-09 06:00:00
4291,1997307N08082,1997-11-07 09:00:00,1997-11-08 09:00:00,1997-11-08 15:00:00,1997-11-08 21:00:00,1997-11-09 09:00:00
4292,1997307N08082,1997-11-07 12:00:00,1997-11-08 12:00:00,1997-11-08 18:00:00,1997-11-09 00:00:00,1997-11-09 12:00:00
4293,1997307N08082,1997-11-07 15:00:00,1997-11-08 15:00:00,1997-11-08 21:00:00,1997-11-09 03:00:00,1997-11-09 15:00:00
4294,1997307N08082,1997-11-07 18:00:00,1997-11-08 18:00:00,1997-11-09 00:00:00,1997-11-09 06:00:00,1997-11-09 18:00:00
4295,1997307N08082,1997-11-07 21:00:00,1997-11-08 21:00:00,1997-11-09 03:00:00,1997-11-09 09:00:00,1997-11-09 21:00:00
4296,1997307N08082,1997-11-08 00:00:00,1997-11-09 00:00:00,1997-11-09 06:00:00,1997-11-09 12:00:00,1997-11-10 00:00:00
4297,1997307N08082,1997-11-08 03:00:00,1997-11-09 03:00:00,1997-11-09 09:00:00,1997-11-09 15:00:00,1997-11-10 03:00:00
4298,1997307N08082,1997-11-08 06:00:00,1997-11-09 06:00:00,1997-11-09 12:00:00,1997-11-09 18:00:00,1997-11-10 06:00:00
4299,1997307N08082,1997-11-08 09:00:00,1997-11-09 09:00:00,1997-11-09 15:00:00,1997-11-09 21:00:00,1997-11-10 09:00:00
4300,1997307N08082,1997-11-08 12:00:00,1997-11-09 12:00:00,1997-11-09 18:00:00,1997-11-10 00:00:00,1997-11-10 12:00:00
4301,1997307N08082,1997-11-08 15:00:00,1997-11-09 15:00:00,1997-11-09 21:00:00,1997-11-10 03:00:00,1997-11-10 15:00:00
4302,1997307N08082,1997-11-08 18:00:00,1997-11-09 18:00:00,1997-11-10 00:00:00,1997-11-10 06:00:00,1997-11-10 18:00:00
4303,1997307N08082,1997-11-08 21:00:00,1997-11-09 21:00:00,1997-11-10 03:00:00,1997-11-10 09:00:00,1997-11-10 21:00:00
4304,1997307N08082,1997-11-09 00:00:00,1997-11-10 00:00:00,1997-11-10 06:00:00,1997-11-10 12:00:00,1997-11-11 00:00:00
4305,1997307N08082,1997-11-09 03:00:00,1997-11-10 03:00:00,1997-11-10 09:00:00,1997-11-10 15:00:00,1997-11-11 03:00:00
4306,1997307N08082,1997-11-09 06:00:00,1997-11-10 06:00:00,1997-11-10 12:00:00,1997-11-10 18:00:00,1997-11-11 06:00:00
4307,1997307N08082,1997-11-09 09:00:00,1997-11-10 09:00:00,1997-11-10 15:00:00,1997-11-10 21:00:00,1997-11-11 09:00:00
4308,1997307N08082,1997-11-09 12:00:00,1997-11-10 12:00:00,1997-11-10 18:00:00,1997-11-11 00:00:00,1997-11-11 12:00:00
4309,1997307N08082,1997-11-09 15:00:00,1997-11-10 15:00:00,1997-11-10 21:00:00,1997-11-11 03:00:00,1997-11-11 15:00:00
4310,1997307N08082,1997-11-09 18:00:00,1997-11-10 18:00:00,1997-11-11 00:00:00,1997-11-11 06:00:00,1997-11-11 18:00:00
4311,1997307N08082,1997-11-09 21:00:00,1997-11-10 21:00:00,1997-11-11 03:00:00,1997-11-11 09:00:00,1997-11-11 21:00:00
4312,1997307N08082,1997-11-10 00:00:00,1997-11-11 00:00:00,1997-11-11 06:00:00,1997-11-11 12:00:00,1997-11-12 00:00:00
4313,1997307N08082,1997-11-10 03:00:00,1997-11-11 03:00:00,1997-11-11 09:00:00,1997-11-11 15:00:00,1997-11-12 03:00:00
4314,1997307N08082,1997-11-10 06:00:00,1997-11-11 06:00:00,1997-11-11 12:00:00,1997-11-11 18:00:00,1997-11-12 06:00:00
4315,1997307N08082,1997-11-10 09:00:00,1997-11-11 09:00:00,1997-11-11 15:00:00,1997-11-11 21:00:00,1997-11-12 09:00:00
4316,1997307N08082,1997-11-10 12:00:00,1997-11-11 12:00:00,1997-11-11 18:00:00,1997-11-12 00:00:00,1997-11-12 12:00:00
4317,1997307N08082,1997-11-10 15:00:00,1997-11-11 15:00:00,1997-11-11 21:00:00,1997-11-12 03:00:00,1997-11-12 15:00:00
4318,1997307N08082,1997-11-10 18:00:00,1997-11-11 18:00:00,1997-11-12 00:00:00,1997-11-12 06:00:00,1997-11-12 18:00:00
4319,1997307N08082,1997-11-10 21:00:00,1997-11-11 21:00:00,1997-11-12 03:00:00,1997-11-12 09:00:00,1997-11-12 21:00:00
4320,1997307N08082,1997-11-11 00:00:00,1997-11-12 00:00:00,1997-11-12 06:00:00,1997-11-12 12:00:00,1997-11-13 00:00:00
4321,1997307N08082,1997-11-11 03:00:00,1997-11-12 03:00:00,1997-11-12 09:00:00,1997-11-12 15:00:00,1997-11-13 03:00:00
4322,1997307N08082,1997-11-11 06:00:00,1997-11-12 06:00:00,1997-11-12 12:00:00,1997-11-12 18:00:00,1997-11-13 06:00:00
4323,1997307N08082,1997-11-11 09:00:00,1997-11-12 09:00:00,1997-11-12 15:00:00,1997-11-12 21:00:00,1997-11-13 09:00:00
4324,1997307N08082,1997-11-11 12:00:00,1997-11-12 12:00:00,1997-11-12 18:00:00,1997-11-13 00:00:00,1997-11-13 12:00:00
4325,1997307N08082,1997-11-11 15:00:00,1997-11-12 15:00:00,1997-11-12 21:00:00,1997-11-13 03:00:00,1997-11-13 15:00:00
4326,1997307N08082,1997-11-11 18:00:00,1997-11-12 18:00:00,1997-11-13 00:00:00,1997-11-13 06:00:00,1997-11-13 18:00:00
4327,1997307N08082,1997-11-11 21:00:00,1997-11-12 21:00:00,1997-11-13 03:00:00,1997-11-13 09:00:00,1997-11-13 21:00:00
4328,1997307N08082,1997-11-12 00:00:00,1997-11-13 00:00:00,1997-11-13 06:00:00,1997-11-13 12:00:00,1997-11-14 00:00:00
4329,1997308N08069,1997-11-04 00:00:00,1997-11-05 00:00:00,1997-11-05 06:00:00,1997-11-05 12:00:00,1997-11-06 00:00:00
4330,1997308N08069,1997-11-04 03:00:00,1997-11-05 03:00:00,1997-11-05 09:00:00,1997-11-05 15:00:00,1997-11-06 03:00:00
4331,1997308N08069,1997-11-04 06:00:00,1997-11-05 06:00:00,1997-11-05 12:00:00,1997-11-05 18:00:00,1997-11-06 06:00:00
4332,1997308N08069,1997-11-04 09:00:00,1997-11-05 09:00:00,1997-11-05 15:00:00,1997-11-05 21:00:00,1997-11-06 09:00:00
4333,1997308N08069,1997-11-04 12:00:00,1997-11-05 12:00:00,1997-11-05 18:00:00,1997-11-06 00:00:00,1997-11-06 12:00:00
4334,1997308N08069,1997-11-04 15:00:00,1997-11-05 15:00:00,1997-11-05 21:00:00,1997-11-06 03:00:00,1997-11-06 15:00:00
4335,1997308N08069,1997-11-04 18:00:00,1997-11-05 18:00:00,1997-11-06 00:00:00,1997-11-06 06:00:00,1997-11-06 18:00:00
4336,1997308N08069,1997-11-04 21:00:00,1997-11-05 21:00:00,1997-11-06 03:00:00,1997-11-06 09:00:00,1997-11-06 21:00:00
4337,1997308N08069,1997-11-05 00:00:00,1997-11-06 00:00:00,1997-11-06 06:00:00,1997-11-06 12:00:00,1997-11-07 00:00:00
4338,1997308N08069,1997-11-05 03:00:00,1997-11-06 03:00:00,1997-11-06 09:00:00,1997-11-06 15:00:00,1997-11-07 03:00:00
4339,1997308N08069,1997-11-05 06:00:00,1997-11-06 06:00:00,1997-11-06 12:00:00,1997-11-06 18:00:00,1997-11-07 06:00:00
4340,1997308N08069,1997-11-05 09:00:00,1997-11-06 09:00:00,1997-11-06 15:00:00,1997-11-06 21:00:00,1997-11-07 09:00:00
4341,1997308N08069,1997-11-05 12:00:00,1997-11-06 12:00:00,1997-11-06 18:00:00,1997-11-07 00:00:00,1997-11-07 12:00:00
4342,1997308N08069,1997-11-05 15:00:00,1997-11-06 15:00:00,1997-11-06 21:00:00,1997-11-07 03:00:00,1997-11-07 15:00:00
4343,1997308N08069,1997-11-05 18:00:00,1997-11-06 18:00:00,1997-11-07 00:00:00,1997-11-07 06:00:00,1997-11-07 18:00:00
4344,1997308N08069,1997-11-05 21:00:00,1997-11-06 21:00:00,1997-11-07 03:00:00,1997-11-07 09:00:00,1997-11-07 21:00:00
4345,1997308N08069,1997-11-06 00:00:00,1997-11-07 00:00:00,1997-11-07 06:00:00,1997-11-07 12:00:00,1997-11-08 00:00:00
4346,1997308N08069,1997-11-06 03:00:00,1997-11-07 03:00:00,1997-11-07 09:00:00,1997-11-07 15:00:00,1997-11-08 03:00:00
4347,1997308N08069,1997-11-06 06:00:00,1997-11-07 06:00:00,1997-11-07 12:00:00,1997-11-07 18:00:00,1997-11-08 06:00:00
4348,1997308N08069,1997-11-06 09:00:00,1997-11-07 09:00:00,1997-11-07 15:00:00,1997-11-07 21:00:00,1997-11-08 09:00:00
4349,1997308N08069,1997-11-06 12:00:00,1997-11-07 12:00:00,1997-11-07 18:00:00,1997-11-08 00:00:00,1997-11-08 12:00:00
4350,1997308N08069,1997-11-06 15:00:00,1997-11-07 15:00:00,1997-11-07 21:00:00,1997-11-08 03:00:00,1997-11-08 15:00:00
4351,1997308N08069,1997-11-06 18:00:00,1997-11-07 18:00:00,1997-11-08 00:00:00,1997-11-08 06:00:00,1997-11-08 18:00:00
4352,1997308N08069,1997-11-06 21:00:00,1997-11-07 21:00:00,1997-11-08 03:00:00,1997-11-08 09:00:00,1997-11-08 21:00:00
4353,1997308N08069,1997-11-07 00:00:00,1997-11-08 00:00:00,1997-11-08 06:00:00,1997-11-08 12:00:00,1997-11-09 00:00:00
4354,1997308N08069,1997-11-07 03:00:00,1997-11-08 03:00:00,1997-11-08 09:00:00,1997-11-08 15:00:00,1997-11-09 03:00:00
4355,1997308N08069,1997-11-07 06:00:00,1997-11-08 06:00:00,1997-11-08 12:00:00,1997-11-08 18:00:00,1997-11-09 06:00:00
4356,1997308N08069,1997-11-07 09:00:00,1997-11-08 09:00:00,1997-11-08 15:00:00,1997-11-08 21:00:00,1997-11-09 09:00:00
4357,1997308N08069,1997-11-07 12:00:00,1997-11-08 12:00:00,1997-11-08 18:00:00,1997-11-09 00:00:00,1997-11-09 12:00:00
4358,1997308N08069,1997-11-07 15:00:00,1997-11-08 15:00:00,1997-11-08 21:00:00,1997-11-09 03:00:00,1997-11-09 15:00:00
4359,1997308N08069,1997-11-07 18:00:00,1997-11-08 18:00:00,1997-11-09 00:00:00,1997-11-09 06:00:00,1997-11-09 18:00:00
4360,1997308N08069,1997-11-07 21:00:00,1997-11-08 21:00:00,1997-11-09 03:00:00,1997-11-09 09:00:00,1997-11-09 21:00:00
4361,1997308N08069,1997-11-08 00:00:00,1997-11-09 00:00:00,1997-11-09 06:00:00,1997-11-09 12:00:00,1997-11-10 00:00:00
4362,1997308N08069,1997-11-08 03:00:00,1997-11-09 03:00:00,1997-11-09 09:00:00,1997-11-09 15:00:00,1997-11-10 03:00:00
4363,1997308N08069,1997-11-08 06:00:00,1997-11-09 06:00:00,1997-11-09 12:00:00,1997-11-09 18:00:00,1997-11-10 06:00:00
4364,1998133N04086,1998-05-13 00:00:00,1998-05-14 00:00:00,1998-05-14 06:00:00,1998-05-14 12:00:00,1998-05-15 00:00:00
4365,1998133N04086,1998-05-13 03:00:00,1998-05-14 03:00:00,1998-05-14 09:00:00,1998-05-14 15:00:00,1998-05-15 03:00:00
4366,1998133N04086,1998-05-13 06:00:00,1998-05-14 06:00:00,1998-05-14 12:00:00,1998-05-14 18:00:00,1998-05-15 06:00:00
4367,1998133N04086,1998-05-13 09:00:00,1998-05-14 09:00:00,1998-05-14 15:00:00,1998-05-14 21:00:00,1998-05-15 09:00:00
4368,1998133N04086,1998-05-13 12:00:00,1998-05-14 12:00:00,1998-05-14 18:00:00,1998-05-15 00:00:00,1998-05-15 12:00:00
4369,1998133N04086,1998-05-13 15:00:00,1998-05-14 15:00:00,1998-05-14 21:00:00,1998-05-15 03:00:00,1998-05-15 15:00:00
4370,1998133N04086,1998-05-13 18:00:00,1998-05-14 18:00:00,1998-05-15 00:00:00,1998-05-15 06:00:00,1998-05-15 18:00:00
4371,1998133N04086,1998-05-13 21:00:00,1998-05-14 21:00:00,1998-05-15 03:00:00,1998-05-15 09:00:00,1998-05-15 21:00:00
4372,1998133N04086,1998-05-14 00:00:00,1998-05-15 00:00:00,1998-05-15 06:00:00,1998-05-15 12:00:00,1998-05-16 00:00:00
4373,1998133N04086,1998-05-14 03:00:00,1998-05-15 03:00:00,1998-05-15 09:00:00,1998-05-15 15:00:00,1998-05-16 03:00:00
4374,1998133N04086,1998-05-14 06:00:00,1998-05-15 06:00:00,1998-05-15 12:00:00,1998-05-15 18:00:00,1998-05-16 06:00:00
4375,1998133N04086,1998-05-14 09:00:00,1998-05-15 09:00:00,1998-05-15 15:00:00,1998-05-15 21:00:00,1998-05-16 09:00:00
4376,1998133N04086,1998-05-14 12:00:00,1998-05-15 12:00:00,1998-05-15 18:00:00,1998-05-16 00:00:00,1998-05-16 12:00:00
4377,1998133N04086,1998-05-14 15:00:00,1998-05-15 15:00:00,1998-05-15 21:00:00,1998-05-16 03:00:00,1998-05-16 15:00:00
4378,1998133N04086,1998-05-14 18:00:00,1998-05-15 18:00:00,1998-05-16 00:00:00,1998-05-16 06:00:00,1998-05-16 18:00:00
4379,1998133N04086,1998-05-14 21:00:00,1998-05-15 21:00:00,1998-05-16 03:00:00,1998-05-16 09:00:00,1998-05-16 21:00:00
4380,1998133N04086,1998-05-15 00:00:00,1998-05-16 00:00:00,1998-05-16 06:00:00,1998-05-16 12:00:00,1998-05-17 00:00:00
4381,1998133N04086,1998-05-15 03:00:00,1998-05-16 03:00:00,1998-05-16 09:00:00,1998-05-16 15:00:00,1998-05-17 03:00:00
4382,1998133N04086,1998-05-15 06:00:00,1998-05-16 06:00:00,1998-05-16 12:00:00,1998-05-16 18:00:00,1998-05-17 06:00:00
4383,1998133N04086,1998-05-15 09:00:00,1998-05-16 09:00:00,1998-05-16 15:00:00,1998-05-16 21:00:00,1998-05-17 09:00:00
4384,1998133N04086,1998-05-15 12:00:00,1998-05-16 12:00:00,1998-05-16 18:00:00,1998-05-17 00:00:00,1998-05-17 12:00:00
4385,1998133N04086,1998-05-15 15:00:00,1998-05-16 15:00:00,1998-05-16 21:00:00,1998-05-17 03:00:00,1998-05-17 15:00:00
4386,1998133N04086,1998-05-15 18:00:00,1998-05-16 18:00:00,1998-05-17 00:00:00,1998-05-17 06:00:00,1998-05-17 18:00:00
4387,1998133N04086,1998-05-15 21:00:00,1998-05-16 21:00:00,1998-05-17 03:00:00,1998-05-17 09:00:00,1998-05-17 21:00:00
4388,1998133N04086,1998-05-16 00:00:00,1998-05-17 00:00:00,1998-05-17 06:00:00,1998-05-17 12:00:00,1998-05-18 00:00:00
4389,1998133N04086,1998-05-16 03:00:00,1998-05-17 03:00:00,1998-05-17 09:00:00,1998-05-17 15:00:00,1998-05-18 03:00:00
4390,1998133N04086,1998-05-16 06:00:00,1998-05-17 06:00:00,1998-05-17 12:00:00,1998-05-17 18:00:00,1998-05-18 06:00:00
4391,1998133N04086,1998-05-16 09:00:00,1998-05-17 09:00:00,1998-05-17 15:00:00,1998-05-17 21:00:00,1998-05-18 09:00:00
4392,1998133N04086,1998-05-16 12:00:00,1998-05-17 12:00:00,1998-05-17 18:00:00,1998-05-18 00:00:00,1998-05-18 12:00:00
4393,1998133N04086,1998-05-16 15:00:00,1998-05-17 15:00:00,1998-05-17 21:00:00,1998-05-18 03:00:00,1998-05-18 15:00:00
4394,1998133N04086,1998-05-16 18:00:00,1998-05-17 18:00:00,1998-05-18 00:00:00,1998-05-18 06:00:00,1998-05-18 18:00:00
4395,1998133N04086,1998-05-16 21:00:00,1998-05-17 21:00:00,1998-05-18 03:00:00,1998-05-18 09:00:00,1998-05-18 21:00:00
4396,1998133N04086,1998-05-17 00:00:00,1998-05-18 00:00:00,1998-05-18 06:00:00,1998-05-18 12:00:00,1998-05-19 00:00:00
4397,1998133N04086,1998-05-17 03:00:00,1998-05-18 03:00:00,1998-05-18 09:00:00,1998-05-18 15:00:00,1998-05-19 03:00:00
4398,1998133N04086,1998-05-17 06:00:00,1998-05-18 06:00:00,1998-05-18 12:00:00,1998-05-18 18:00:00,1998-05-19 06:00:00
4399,1998133N04086,1998-05-17 09:00:00,1998-05-18 09:00:00,1998-05-18 15:00:00,1998-05-18 21:00:00,1998-05-19 09:00:00
4400,1998133N04086,1998-05-17 12:00:00,1998-05-18 12:00:00,1998-05-18 18:00:00,1998-05-19 00:00:00,1998-05-19 12:00:00
4401,1998133N04086,1998-05-17 15:00:00,1998-05-18 15:00:00,1998-05-18 21:00:00,1998-05-19 03:00:00,1998-05-19 15:00:00
4402,1998133N04086,1998-05-17 18:00:00,1998-05-18 18:00:00,1998-05-19 00:00:00,1998-05-19 06:00:00,1998-05-19 18:00:00
4403,1998133N04086,1998-05-17 21:00:00,1998-05-18 21:00:00,1998-05-19 03:00:00,1998-05-19 09:00:00,1998-05-19 21:00:00
4404,1998133N04086,1998-05-18 00:00:00,1998-05-19 00:00:00,1998-05-19 06:00:00,1998-05-19 12:00:00,1998-05-20 00:00:00
4405,1998133N04086,1998-05-18 03:00:00,1998-05-19 03:00:00,1998-05-19 09:00:00,1998-05-19 15:00:00,1998-05-20 03:00:00
4406,1998133N04086,1998-05-18 06:00:00,1998-05-19 06:00:00,1998-05-19 12:00:00,1998-05-19 18:00:00,1998-05-20 06:00:00
4407,1998133N04086,1998-05-18 09:00:00,1998-05-19 09:00:00,1998-05-19 15:00:00,1998-05-19 21:00:00,1998-05-20 09:00:00
4408,1998133N04086,1998-05-18 12:00:00,1998-05-19 12:00:00,1998-05-19 18:00:00,1998-05-20 00:00:00,1998-05-20 12:00:00
4409,1998133N04086,1998-05-18 15:00:00,1998-05-19 15:00:00,1998-05-19 21:00:00,1998-05-20 03:00:00,1998-05-20 15:00:00
4410,1998133N04086,1998-05-18 18:00:00,1998-05-19 18:00:00,1998-05-20 00:00:00,1998-05-20 06:00:00,1998-05-20 18:00:00
4411,1998152N11075,1998-06-01 06:00:00,1998-06-02 06:00:00,1998-06-02 12:00:00,1998-06-02 18:00:00,1998-06-03 06:00:00
4412,1998152N11075,1998-06-01 09:00:00,1998-06-02 09:00:00,1998-06-02 15:00:00,1998-06-02 21:00:00,1998-06-03 09:00:00
4413,1998152N11075,1998-06-01 12:00:00,1998-06-02 12:00:00,1998-06-02 18:00:00,1998-06-03 00:00:00,1998-06-03 12:00:00
4414,1998152N11075,1998-06-01 15:00:00,1998-06-02 15:00:00,1998-06-02 21:00:00,1998-06-03 03:00:00,1998-06-03 15:00:00
4415,1998152N11075,1998-06-01 18:00:00,1998-06-02 18:00:00,1998-06-03 00:00:00,1998-06-03 06:00:00,1998-06-03 18:00:00
4416,1998152N11075,1998-06-01 21:00:00,1998-06-02 21:00:00,1998-06-03 03:00:00,1998-06-03 09:00:00,1998-06-03 21:00:00
4417,1998152N11075,1998-06-02 00:00:00,1998-06-03 00:00:00,1998-06-03 06:00:00,1998-06-03 12:00:00,1998-06-04 00:00:00
4418,1998152N11075,1998-06-02 03:00:00,1998-06-03 03:00:00,1998-06-03 09:00:00,1998-06-03 15:00:00,1998-06-04 03:00:00
4419,1998152N11075,1998-06-02 06:00:00,1998-06-03 06:00:00,1998-06-03 12:00:00,1998-06-03 18:00:00,1998-06-04 06:00:00
4420,1998152N11075,1998-06-02 09:00:00,1998-06-03 09:00:00,1998-06-03 15:00:00,1998-06-03 21:00:00,1998-06-04 09:00:00
4421,1998152N11075,1998-06-02 12:00:00,1998-06-03 12:00:00,1998-06-03 18:00:00,1998-06-04 00:00:00,1998-06-04 12:00:00
4422,1998152N11075,1998-06-02 15:00:00,1998-06-03 15:00:00,1998-06-03 21:00:00,1998-06-04 03:00:00,1998-06-04 15:00:00
4423,1998152N11075,1998-06-02 18:00:00,1998-06-03 18:00:00,1998-06-04 00:00:00,1998-06-04 06:00:00,1998-06-04 18:00:00
4424,1998152N11075,1998-06-02 21:00:00,1998-06-03 21:00:00,1998-06-04 03:00:00,1998-06-04 09:00:00,1998-06-04 21:00:00
4425,1998152N11075,1998-06-03 00:00:00,1998-06-04 00:00:00,1998-06-04 06:00:00,1998-06-04 12:00:00,1998-06-05 00:00:00
4426,1998152N11075,1998-06-03 03:00:00,1998-06-04 03:00:00,1998-06-04 09:00:00,1998-06-04 15:00:00,1998-06-05 03:00:00
4427,1998152N11075,1998-06-03 06:00:00,1998-06-04 06:00:00,1998-06-04 12:00:00,1998-06-04 18:00:00,1998-06-05 06:00:00
4428,1998152N11075,1998-06-03 09:00:00,1998-06-04 09:00:00,1998-06-04 15:00:00,1998-06-04 21:00:00,1998-06-05 09:00:00
4429,1998152N11075,1998-06-03 12:00:00,1998-06-04 12:00:00,1998-06-04 18:00:00,1998-06-05 00:00:00,1998-06-05 12:00:00
4430,1998152N11075,1998-06-03 15:00:00,1998-06-04 15:00:00,1998-06-04 21:00:00,1998-06-05 03:00:00,1998-06-05 15:00:00
4431,1998152N11075,1998-06-03 18:00:00,1998-06-04 18:00:00,1998-06-05 00:00:00,1998-06-05 06:00:00,1998-06-05 18:00:00
4432,1998152N11075,1998-06-03 21:00:00,1998-06-04 21:00:00,1998-06-05 03:00:00,1998-06-05 09:00:00,1998-06-05 21:00:00
4433,1998152N11075,1998-06-04 00:00:00,1998-06-05 00:00:00,1998-06-05 06:00:00,1998-06-05 12:00:00,1998-06-06 00:00:00
4434,1998152N11075,1998-06-04 03:00:00,1998-06-05 03:00:00,1998-06-05 09:00:00,1998-06-05 15:00:00,1998-06-06 03:00:00
4435,1998152N11075,1998-06-04 06:00:00,1998-06-05 06:00:00,1998-06-05 12:00:00,1998-06-05 18:00:00,1998-06-06 06:00:00
4436,1998152N11075,1998-06-04 09:00:00,1998-06-05 09:00:00,1998-06-05 15:00:00,1998-06-05 21:00:00,1998-06-06 09:00:00
4437,1998152N11075,1998-06-04 12:00:00,1998-06-05 12:00:00,1998-06-05 18:00:00,1998-06-06 00:00:00,1998-06-06 12:00:00
4438,1998152N11075,1998-06-04 15:00:00,1998-06-05 15:00:00,1998-06-05 21:00:00,1998-06-06 03:00:00,1998-06-06 15:00:00
4439,1998152N11075,1998-06-04 18:00:00,1998-06-05 18:00:00,1998-06-06 00:00:00,1998-06-06 06:00:00,1998-06-06 18:00:00
4440,1998152N11075,1998-06-04 21:00:00,1998-06-05 21:00:00,1998-06-06 03:00:00,1998-06-06 09:00:00,1998-06-06 21:00:00
4441,1998152N11075,1998-06-05 00:00:00,1998-06-06 00:00:00,1998-06-06 06:00:00,1998-06-06 12:00:00,1998-06-07 00:00:00
4442,1998152N11075,1998-06-05 03:00:00,1998-06-06 03:00:00,1998-06-06 09:00:00,1998-06-06 15:00:00,1998-06-07 03:00:00
4443,1998152N11075,1998-06-05 06:00:00,1998-06-06 06:00:00,1998-06-06 12:00:00,1998-06-06 18:00:00,1998-06-07 06:00:00
4444,1998152N11075,1998-06-05 09:00:00,1998-06-06 09:00:00,1998-06-06 15:00:00,1998-06-06 21:00:00,1998-06-07 09:00:00
4445,1998152N11075,1998-06-05 12:00:00,1998-06-06 12:00:00,1998-06-06 18:00:00,1998-06-07 00:00:00,1998-06-07 12:00:00
4446,1998152N11075,1998-06-05 15:00:00,1998-06-06 15:00:00,1998-06-06 21:00:00,1998-06-07 03:00:00,1998-06-07 15:00:00
4447,1998152N11075,1998-06-05 18:00:00,1998-06-06 18:00:00,1998-06-07 00:00:00,1998-06-07 06:00:00,1998-06-07 18:00:00
4448,1998152N11075,1998-06-05 21:00:00,1998-06-06 21:00:00,1998-06-07 03:00:00,1998-06-07 09:00:00,1998-06-07 21:00:00
4449,1998152N11075,1998-06-06 00:00:00,1998-06-07 00:00:00,1998-06-07 06:00:00,1998-06-07 12:00:00,1998-06-08 00:00:00
4450,1998152N11075,1998-06-06 03:00:00,1998-06-07 03:00:00,1998-06-07 09:00:00,1998-06-07 15:00:00,1998-06-08 03:00:00
4451,1998152N11075,1998-06-06 06:00:00,1998-06-07 06:00:00,1998-06-07 12:00:00,1998-06-07 18:00:00,1998-06-08 06:00:00
4452,1998152N11075,1998-06-06 09:00:00,1998-06-07 09:00:00,1998-06-07 15:00:00,1998-06-07 21:00:00,1998-06-08 09:00:00
4453,1998152N11075,1998-06-06 12:00:00,1998-06-07 12:00:00,1998-06-07 18:00:00,1998-06-08 00:00:00,1998-06-08 12:00:00
4454,1998152N11075,1998-06-06 15:00:00,1998-06-07 15:00:00,1998-06-07 21:00:00,1998-06-08 03:00:00,1998-06-08 15:00:00
4455,1998152N11075,1998-06-06 18:00:00,1998-06-07 18:00:00,1998-06-08 00:00:00,1998-06-08 06:00:00,1998-06-08 18:00:00
4456,1998152N11075,1998-06-06 21:00:00,1998-06-07 21:00:00,1998-06-08 03:00:00,1998-06-08 09:00:00,1998-06-08 21:00:00
4457,1998152N11075,1998-06-07 00:00:00,1998-06-08 00:00:00,1998-06-08 06:00:00,1998-06-08 12:00:00,1998-06-09 00:00:00
4458,1998152N11075,1998-06-07 03:00:00,1998-06-08 03:00:00,1998-06-08 09:00:00,1998-06-08 15:00:00,1998-06-09 03:00:00
4459,1998152N11075,1998-06-07 06:00:00,1998-06-08 06:00:00,1998-06-08 12:00:00,1998-06-08 18:00:00,1998-06-09 06:00:00
4460,1998152N11075,1998-06-07 09:00:00,1998-06-08 09:00:00,1998-06-08 15:00:00,1998-06-08 21:00:00,1998-06-09 09:00:00
4461,1998152N11075,1998-06-07 12:00:00,1998-06-08 12:00:00,1998-06-08 18:00:00,1998-06-09 00:00:00,1998-06-09 12:00:00
4462,1998152N11075,1998-06-07 15:00:00,1998-06-08 15:00:00,1998-06-08 21:00:00,1998-06-09 03:00:00,1998-06-09 15:00:00
4463,1998152N11075,1998-06-07 18:00:00,1998-06-08 18:00:00,1998-06-09 00:00:00,1998-06-09 06:00:00,1998-06-09 18:00:00
4464,1998152N11075,1998-06-07 21:00:00,1998-06-08 21:00:00,1998-06-09 03:00:00,1998-06-09 09:00:00,1998-06-09 21:00:00
4465,1998152N11075,1998-06-08 00:00:00,1998-06-09 00:00:00,1998-06-09 06:00:00,1998-06-09 12:00:00,1998-06-10 00:00:00
4466,1998152N11075,1998-06-08 03:00:00,1998-06-09 03:00:00,1998-06-09 09:00:00,1998-06-09 15:00:00,1998-06-10 03:00:00
4467,1998152N11075,1998-06-08 06:00:00,1998-06-09 06:00:00,1998-06-09 12:00:00,1998-06-09 18:00:00,1998-06-10 06:00:00
4468,1998152N11075,1998-06-08 09:00:00,1998-06-09 09:00:00,1998-06-09 15:00:00,1998-06-09 21:00:00,1998-06-10 09:00:00
4469,1998272N18068,1998-09-28 18:00:00,1998-09-29 18:00:00,1998-09-30 00:00:00,1998-09-30 06:00:00,1998-09-30 18:00:00
4470,1998272N18068,1998-09-28 21:00:00,1998-09-29 21:00:00,1998-09-30 03:00:00,1998-09-30 09:00:00,1998-09-30 21:00:00
4471,1998272N18068,1998-09-29 00:00:00,1998-09-30 00:00:00,1998-09-30 06:00:00,1998-09-30 12:00:00,1998-10-01 00:00:00
4472,1998280N14069,1998-10-06 12:00:00,1998-10-07 12:00:00,1998-10-07 18:00:00,1998-10-08 00:00:00,1998-10-08 12:00:00
4473,1998280N14069,1998-10-06 15:00:00,1998-10-07 15:00:00,1998-10-07 21:00:00,1998-10-08 03:00:00,1998-10-08 15:00:00
4474,1998280N14069,1998-10-06 18:00:00,1998-10-07 18:00:00,1998-10-08 00:00:00,1998-10-08 06:00:00,1998-10-08 18:00:00
4475,1998280N14069,1998-10-06 21:00:00,1998-10-07 21:00:00,1998-10-08 03:00:00,1998-10-08 09:00:00,1998-10-08 21:00:00
4476,1998280N14069,1998-10-07 00:00:00,1998-10-08 00:00:00,1998-10-08 06:00:00,1998-10-08 12:00:00,1998-10-09 00:00:00
4477,1998280N14069,1998-10-07 03:00:00,1998-10-08 03:00:00,1998-10-08 09:00:00,1998-10-08 15:00:00,1998-10-09 03:00:00
4478,1998280N14069,1998-10-07 06:00:00,1998-10-08 06:00:00,1998-10-08 12:00:00,1998-10-08 18:00:00,1998-10-09 06:00:00
4479,1998280N14069,1998-10-07 09:00:00,1998-10-08 09:00:00,1998-10-08 15:00:00,1998-10-08 21:00:00,1998-10-09 09:00:00
4480,1998280N14069,1998-10-07 12:00:00,1998-10-08 12:00:00,1998-10-08 18:00:00,1998-10-09 00:00:00,1998-10-09 12:00:00
4481,1998285N14068,1998-10-11 12:00:00,1998-10-12 12:00:00,1998-10-12 18:00:00,1998-10-13 00:00:00,1998-10-13 12:00:00
4482,1998285N14068,1998-10-11 15:00:00,1998-10-12 15:00:00,1998-10-12 21:00:00,1998-10-13 03:00:00,1998-10-13 15:00:00
4483,1998285N14068,1998-10-11 18:00:00,1998-10-12 18:00:00,1998-10-13 00:00:00,1998-10-13 06:00:00,1998-10-13 18:00:00
4484,1998285N14068,1998-10-11 21:00:00,1998-10-12 21:00:00,1998-10-13 03:00:00,1998-10-13 09:00:00,1998-10-13 21:00:00
4485,1998285N14068,1998-10-12 00:00:00,1998-10-13 00:00:00,1998-10-13 06:00:00,1998-10-13 12:00:00,1998-10-14 00:00:00
4486,1998285N14068,1998-10-12 03:00:00,1998-10-13 03:00:00,1998-10-13 09:00:00,1998-10-13 15:00:00,1998-10-14 03:00:00
4487,1998285N14068,1998-10-12 06:00:00,1998-10-13 06:00:00,1998-10-13 12:00:00,1998-10-13 18:00:00,1998-10-14 06:00:00
4488,1998285N14068,1998-10-12 09:00:00,1998-10-13 09:00:00,1998-10-13 15:00:00,1998-10-13 21:00:00,1998-10-14 09:00:00
4489,1998285N14068,1998-10-12 12:00:00,1998-10-13 12:00:00,1998-10-13 18:00:00,1998-10-14 00:00:00,1998-10-14 12:00:00
4490,1998285N14068,1998-10-12 15:00:00,1998-10-13 15:00:00,1998-10-13 21:00:00,1998-10-14 03:00:00,1998-10-14 15:00:00
4491,1998285N14068,1998-10-12 18:00:00,1998-10-13 18:00:00,1998-10-14 00:00:00,1998-10-14 06:00:00,1998-10-14 18:00:00
4492,1998285N14068,1998-10-12 21:00:00,1998-10-13 21:00:00,1998-10-14 03:00:00,1998-10-14 09:00:00,1998-10-14 21:00:00
4493,1998285N14068,1998-10-13 00:00:00,1998-10-14 00:00:00,1998-10-14 06:00:00,1998-10-14 12:00:00,1998-10-15 00:00:00
4494,1998285N14068,1998-10-13 03:00:00,1998-10-14 03:00:00,1998-10-14 09:00:00,1998-10-14 15:00:00,1998-10-15 03:00:00
4495,1998285N14068,1998-10-13 06:00:00,1998-10-14 06:00:00,1998-10-14 12:00:00,1998-10-14 18:00:00,1998-10-15 06:00:00
4496,1998285N14068,1998-10-13 09:00:00,1998-10-14 09:00:00,1998-10-14 15:00:00,1998-10-14 21:00:00,1998-10-15 09:00:00
4497,1998285N14068,1998-10-13 12:00:00,1998-10-14 12:00:00,1998-10-14 18:00:00,1998-10-15 00:00:00,1998-10-15 12:00:00
4498,1998285N14068,1998-10-13 15:00:00,1998-10-14 15:00:00,1998-10-14 21:00:00,1998-10-15 03:00:00,1998-10-15 15:00:00
4499,1998285N14068,1998-10-13 18:00:00,1998-10-14 18:00:00,1998-10-15 00:00:00,1998-10-15 06:00:00,1998-10-15 18:00:00
4500,1998285N14068,1998-10-13 21:00:00,1998-10-14 21:00:00,1998-10-15 03:00:00,1998-10-15 09:00:00,1998-10-15 21:00:00
4501,1998285N14068,1998-10-14 00:00:00,1998-10-15 00:00:00,1998-10-15 06:00:00,1998-10-15 12:00:00,1998-10-16 00:00:00
4502,1998285N14068,1998-10-14 03:00:00,1998-10-15 03:00:00,1998-10-15 09:00:00,1998-10-15 15:00:00,1998-10-16 03:00:00
4503,1998285N14068,1998-10-14 06:00:00,1998-10-15 06:00:00,1998-10-15 12:00:00,1998-10-15 18:00:00,1998-10-16 06:00:00
4504,1998285N14068,1998-10-14 09:00:00,1998-10-15 09:00:00,1998-10-15 15:00:00,1998-10-15 21:00:00,1998-10-16 09:00:00
4505,1998285N14068,1998-10-14 12:00:00,1998-10-15 12:00:00,1998-10-15 18:00:00,1998-10-16 00:00:00,1998-10-16 12:00:00
4506,1998285N14068,1998-10-14 15:00:00,1998-10-15 15:00:00,1998-10-15 21:00:00,1998-10-16 03:00:00,1998-10-16 15:00:00
4507,1998285N14068,1998-10-14 18:00:00,1998-10-15 18:00:00,1998-10-16 00:00:00,1998-10-16 06:00:00,1998-10-16 18:00:00
4508,1998285N14068,1998-10-14 21:00:00,1998-10-15 21:00:00,1998-10-16 03:00:00,1998-10-16 09:00:00,1998-10-16 21:00:00
4509,1998285N14068,1998-10-15 00:00:00,1998-10-16 00:00:00,1998-10-16 06:00:00,1998-10-16 12:00:00,1998-10-17 00:00:00
4510,1998285N14068,1998-10-15 03:00:00,1998-10-16 03:00:00,1998-10-16 09:00:00,1998-10-16 15:00:00,1998-10-17 03:00:00
4511,1998285N14068,1998-10-15 06:00:00,1998-10-16 06:00:00,1998-10-16 12:00:00,1998-10-16 18:00:00,1998-10-17 06:00:00
4512,1998285N14068,1998-10-15 09:00:00,1998-10-16 09:00:00,1998-10-16 15:00:00,1998-10-16 21:00:00,1998-10-17 09:00:00
4513,1998285N14068,1998-10-15 12:00:00,1998-10-16 12:00:00,1998-10-16 18:00:00,1998-10-17 00:00:00,1998-10-17 12:00:00
4514,1998285N14068,1998-10-15 15:00:00,1998-10-16 15:00:00,1998-10-16 21:00:00,1998-10-17 03:00:00,1998-10-17 15:00:00
4515,1998285N14068,1998-10-15 18:00:00,1998-10-16 18:00:00,1998-10-17 00:00:00,1998-10-17 06:00:00,1998-10-17 18:00:00
4516,1998285N14068,1998-10-15 21:00:00,1998-10-16 21:00:00,1998-10-17 03:00:00,1998-10-17 09:00:00,1998-10-17 21:00:00
4517,1998285N14068,1998-10-16 00:00:00,1998-10-17 00:00:00,1998-10-17 06:00:00,1998-10-17 12:00:00,1998-10-18 00:00:00
4518,1998299N11090,1998-10-26 09:00:00,1998-10-27 09:00:00,1998-10-27 15:00:00,1998-10-27 21:00:00,1998-10-28 09:00:00
4519,1998299N11090,1998-10-26 12:00:00,1998-10-27 12:00:00,1998-10-27 18:00:00,1998-10-28 00:00:00,1998-10-28 12:00:00
4520,1998299N11090,1998-10-26 15:00:00,1998-10-27 15:00:00,1998-10-27 21:00:00,1998-10-28 03:00:00,1998-10-28 15:00:00
4521,1998299N11090,1998-10-26 18:00:00,1998-10-27 18:00:00,1998-10-28 00:00:00,1998-10-28 06:00:00,1998-10-28 18:00:00
4522,1998299N11090,1998-10-26 21:00:00,1998-10-27 21:00:00,1998-10-28 03:00:00,1998-10-28 09:00:00,1998-10-28 21:00:00
4523,1998299N11090,1998-10-27 00:00:00,1998-10-28 00:00:00,1998-10-28 06:00:00,1998-10-28 12:00:00,1998-10-29 00:00:00
4524,1998299N11090,1998-10-27 03:00:00,1998-10-28 03:00:00,1998-10-28 09:00:00,1998-10-28 15:00:00,1998-10-29 03:00:00
4525,1998299N11090,1998-10-27 06:00:00,1998-10-28 06:00:00,1998-10-28 12:00:00,1998-10-28 18:00:00,1998-10-29 06:00:00
4526,1998299N11090,1998-10-27 09:00:00,1998-10-28 09:00:00,1998-10-28 15:00:00,1998-10-28 21:00:00,1998-10-29 09:00:00
4527,1998317N11087,1998-11-13 00:00:00,1998-11-14 00:00:00,1998-11-14 06:00:00,1998-11-14 12:00:00,1998-11-15 00:00:00
4528,1998317N11087,1998-11-13 03:00:00,1998-11-14 03:00:00,1998-11-14 09:00:00,1998-11-14 15:00:00,1998-11-15 03:00:00
4529,1998317N11087,1998-11-13 06:00:00,1998-11-14 06:00:00,1998-11-14 12:00:00,1998-11-14 18:00:00,1998-11-15 06:00:00
4530,1998317N11087,1998-11-13 09:00:00,1998-11-14 09:00:00,1998-11-14 15:00:00,1998-11-14 21:00:00,1998-11-15 09:00:00
4531,1998317N11087,1998-11-13 12:00:00,1998-11-14 12:00:00,1998-11-14 18:00:00,1998-11-15 00:00:00,1998-11-15 12:00:00
4532,1998317N11087,1998-11-13 15:00:00,1998-11-14 15:00:00,1998-11-14 21:00:00,1998-11-15 03:00:00,1998-11-15 15:00:00
4533,1998317N11087,1998-11-13 18:00:00,1998-11-14 18:00:00,1998-11-15 00:00:00,1998-11-15 06:00:00,1998-11-15 18:00:00
4534,1998317N11087,1998-11-13 21:00:00,1998-11-14 21:00:00,1998-11-15 03:00:00,1998-11-15 09:00:00,1998-11-15 21:00:00
4535,1998317N11087,1998-11-14 00:00:00,1998-11-15 00:00:00,1998-11-15 06:00:00,1998-11-15 12:00:00,1998-11-16 00:00:00
4536,1998317N11087,1998-11-14 03:00:00,1998-11-15 03:00:00,1998-11-15 09:00:00,1998-11-15 15:00:00,1998-11-16 03:00:00
4537,1998317N11087,1998-11-14 06:00:00,1998-11-15 06:00:00,1998-11-15 12:00:00,1998-11-15 18:00:00,1998-11-16 06:00:00
4538,1998320N10102,1998-11-16 00:00:00,1998-11-17 00:00:00,1998-11-17 06:00:00,1998-11-17 12:00:00,1998-11-18 00:00:00
4539,1998320N10102,1998-11-16 03:00:00,1998-11-17 03:00:00,1998-11-17 09:00:00,1998-11-17 15:00:00,1998-11-18 03:00:00
4540,1998320N10102,1998-11-16 06:00:00,1998-11-17 06:00:00,1998-11-17 12:00:00,1998-11-17 18:00:00,1998-11-18 06:00:00
4541,1998320N10102,1998-11-16 09:00:00,1998-11-17 09:00:00,1998-11-17 15:00:00,1998-11-17 21:00:00,1998-11-18 09:00:00
4542,1998320N10102,1998-11-16 12:00:00,1998-11-17 12:00:00,1998-11-17 18:00:00,1998-11-18 00:00:00,1998-11-18 12:00:00
4543,1998320N10102,1998-11-16 15:00:00,1998-11-17 15:00:00,1998-11-17 21:00:00,1998-11-18 03:00:00,1998-11-18 15:00:00
4544,1998320N10102,1998-11-16 18:00:00,1998-11-17 18:00:00,1998-11-18 00:00:00,1998-11-18 06:00:00,1998-11-18 18:00:00
4545,1998320N10102,1998-11-16 21:00:00,1998-11-17 21:00:00,1998-11-18 03:00:00,1998-11-18 09:00:00,1998-11-18 21:00:00
4546,1998320N10102,1998-11-17 00:00:00,1998-11-18 00:00:00,1998-11-18 06:00:00,1998-11-18 12:00:00,1998-11-19 00:00:00
4547,1998320N10102,1998-11-17 03:00:00,1998-11-18 03:00:00,1998-11-18 09:00:00,1998-11-18 15:00:00,1998-11-19 03:00:00
4548,1998320N10102,1998-11-17 06:00:00,1998-11-18 06:00:00,1998-11-18 12:00:00,1998-11-18 18:00:00,1998-11-19 06:00:00
4549,1998320N10102,1998-11-17 09:00:00,1998-11-18 09:00:00,1998-11-18 15:00:00,1998-11-18 21:00:00,1998-11-19 09:00:00
4550,1998320N10102,1998-11-17 12:00:00,1998-11-18 12:00:00,1998-11-18 18:00:00,1998-11-19 00:00:00,1998-11-19 12:00:00
4551,1998320N10102,1998-11-17 15:00:00,1998-11-18 15:00:00,1998-11-18 21:00:00,1998-11-19 03:00:00,1998-11-19 15:00:00
4552,1998320N10102,1998-11-17 18:00:00,1998-11-18 18:00:00,1998-11-19 00:00:00,1998-11-19 06:00:00,1998-11-19 18:00:00
4553,1998320N10102,1998-11-17 21:00:00,1998-11-18 21:00:00,1998-11-19 03:00:00,1998-11-19 09:00:00,1998-11-19 21:00:00
4554,1998320N10102,1998-11-18 00:00:00,1998-11-19 00:00:00,1998-11-19 06:00:00,1998-11-19 12:00:00,1998-11-20 00:00:00
4555,1998320N10102,1998-11-18 03:00:00,1998-11-19 03:00:00,1998-11-19 09:00:00,1998-11-19 15:00:00,1998-11-20 03:00:00
4556,1998320N10102,1998-11-18 06:00:00,1998-11-19 06:00:00,1998-11-19 12:00:00,1998-11-19 18:00:00,1998-11-20 06:00:00
4557,1998320N10102,1998-11-18 09:00:00,1998-11-19 09:00:00,1998-11-19 15:00:00,1998-11-19 21:00:00,1998-11-20 09:00:00
4558,1998320N10102,1998-11-18 12:00:00,1998-11-19 12:00:00,1998-11-19 18:00:00,1998-11-20 00:00:00,1998-11-20 12:00:00
4559,1998320N10102,1998-11-18 15:00:00,1998-11-19 15:00:00,1998-11-19 21:00:00,1998-11-20 03:00:00,1998-11-20 15:00:00
4560,1998320N10102,1998-11-18 18:00:00,1998-11-19 18:00:00,1998-11-20 00:00:00,1998-11-20 06:00:00,1998-11-20 18:00:00
4561,1998320N10102,1998-11-18 21:00:00,1998-11-19 21:00:00,1998-11-20 03:00:00,1998-11-20 09:00:00,1998-11-20 21:00:00
4562,1998320N10102,1998-11-19 00:00:00,1998-11-20 00:00:00,1998-11-20 06:00:00,1998-11-20 12:00:00,1998-11-21 00:00:00
4563,1998320N10102,1998-11-19 03:00:00,1998-11-20 03:00:00,1998-11-20 09:00:00,1998-11-20 15:00:00,1998-11-21 03:00:00
4564,1998320N10102,1998-11-19 06:00:00,1998-11-20 06:00:00,1998-11-20 12:00:00,1998-11-20 18:00:00,1998-11-21 06:00:00
4565,1998320N10102,1998-11-19 09:00:00,1998-11-20 09:00:00,1998-11-20 15:00:00,1998-11-20 21:00:00,1998-11-21 09:00:00
4566,1998320N10102,1998-11-19 12:00:00,1998-11-20 12:00:00,1998-11-20 18:00:00,1998-11-21 00:00:00,1998-11-21 12:00:00
4567,1998320N10102,1998-11-19 15:00:00,1998-11-20 15:00:00,1998-11-20 21:00:00,1998-11-21 03:00:00,1998-11-21 15:00:00
4568,1998320N10102,1998-11-19 18:00:00,1998-11-20 18:00:00,1998-11-21 00:00:00,1998-11-21 06:00:00,1998-11-21 18:00:00
4569,1998320N10102,1998-11-19 21:00:00,1998-11-20 21:00:00,1998-11-21 03:00:00,1998-11-21 09:00:00,1998-11-21 21:00:00
4570,1998320N10102,1998-11-20 00:00:00,1998-11-21 00:00:00,1998-11-21 06:00:00,1998-11-21 12:00:00,1998-11-22 00:00:00
4571,1998320N10102,1998-11-20 03:00:00,1998-11-21 03:00:00,1998-11-21 09:00:00,1998-11-21 15:00:00,1998-11-22 03:00:00
4572,1998320N10102,1998-11-20 06:00:00,1998-11-21 06:00:00,1998-11-21 12:00:00,1998-11-21 18:00:00,1998-11-22 06:00:00
4573,1998320N10102,1998-11-20 09:00:00,1998-11-21 09:00:00,1998-11-21 15:00:00,1998-11-21 21:00:00,1998-11-22 09:00:00
4574,1998320N10102,1998-11-20 12:00:00,1998-11-21 12:00:00,1998-11-21 18:00:00,1998-11-22 00:00:00,1998-11-22 12:00:00
4575,1998320N10102,1998-11-20 15:00:00,1998-11-21 15:00:00,1998-11-21 21:00:00,1998-11-22 03:00:00,1998-11-22 15:00:00
4576,1998320N10102,1998-11-20 18:00:00,1998-11-21 18:00:00,1998-11-22 00:00:00,1998-11-22 06:00:00,1998-11-22 18:00:00
4577,1998320N10102,1998-11-20 21:00:00,1998-11-21 21:00:00,1998-11-22 03:00:00,1998-11-22 09:00:00,1998-11-22 21:00:00
4578,1998320N10102,1998-11-21 00:00:00,1998-11-22 00:00:00,1998-11-22 06:00:00,1998-11-22 12:00:00,1998-11-23 00:00:00
4579,1998320N10102,1998-11-21 03:00:00,1998-11-22 03:00:00,1998-11-22 09:00:00,1998-11-22 15:00:00,1998-11-23 03:00:00
4580,1998343N08114,1998-12-08 12:00:00,1998-12-09 12:00:00,1998-12-09 18:00:00,1998-12-10 00:00:00,1998-12-10 12:00:00
4581,1998343N08114,1998-12-08 15:00:00,1998-12-09 15:00:00,1998-12-09 21:00:00,1998-12-10 03:00:00,1998-12-10 15:00:00
4582,1998343N08114,1998-12-08 18:00:00,1998-12-09 18:00:00,1998-12-10 00:00:00,1998-12-10 06:00:00,1998-12-10 18:00:00
4583,1998343N08114,1998-12-08 21:00:00,1998-12-09 21:00:00,1998-12-10 03:00:00,1998-12-10 09:00:00,1998-12-10 21:00:00
4584,1998343N08114,1998-12-09 00:00:00,1998-12-10 00:00:00,1998-12-10 06:00:00,1998-12-10 12:00:00,1998-12-11 00:00:00
4585,1998343N08114,1998-12-09 03:00:00,1998-12-10 03:00:00,1998-12-10 09:00:00,1998-12-10 15:00:00,1998-12-11 03:00:00
4586,1998343N08114,1998-12-09 06:00:00,1998-12-10 06:00:00,1998-12-10 12:00:00,1998-12-10 18:00:00,1998-12-11 06:00:00
4587,1998343N08114,1998-12-09 09:00:00,1998-12-10 09:00:00,1998-12-10 15:00:00,1998-12-10 21:00:00,1998-12-11 09:00:00
4588,1998343N08114,1998-12-09 12:00:00,1998-12-10 12:00:00,1998-12-10 18:00:00,1998-12-11 00:00:00,1998-12-11 12:00:00
4589,1998343N08114,1998-12-09 15:00:00,1998-12-10 15:00:00,1998-12-10 21:00:00,1998-12-11 03:00:00,1998-12-11 15:00:00
4590,1998343N08114,1998-12-09 18:00:00,1998-12-10 18:00:00,1998-12-11 00:00:00,1998-12-11 06:00:00,1998-12-11 18:00:00
4591,1998343N08114,1998-12-09 21:00:00,1998-12-10 21:00:00,1998-12-11 03:00:00,1998-12-11 09:00:00,1998-12-11 21:00:00
4592,1998343N08114,1998-12-10 00:00:00,1998-12-11 00:00:00,1998-12-11 06:00:00,1998-12-11 12:00:00,1998-12-12 00:00:00
4593,1998343N08114,1998-12-10 03:00:00,1998-12-11 03:00:00,1998-12-11 09:00:00,1998-12-11 15:00:00,1998-12-12 03:00:00
4594,1998343N08114,1998-12-10 06:00:00,1998-12-11 06:00:00,1998-12-11 12:00:00,1998-12-11 18:00:00,1998-12-12 06:00:00
4595,1998343N08114,1998-12-10 09:00:00,1998-12-11 09:00:00,1998-12-11 15:00:00,1998-12-11 21:00:00,1998-12-12 09:00:00
4596,1998343N08114,1998-12-10 12:00:00,1998-12-11 12:00:00,1998-12-11 18:00:00,1998-12-12 00:00:00,1998-12-12 12:00:00
4597,1998343N08114,1998-12-10 15:00:00,1998-12-11 15:00:00,1998-12-11 21:00:00,1998-12-12 03:00:00,1998-12-12 15:00:00
4598,1998343N08114,1998-12-10 18:00:00,1998-12-11 18:00:00,1998-12-12 00:00:00,1998-12-12 06:00:00,1998-12-12 18:00:00
4599,1998343N08114,1998-12-10 21:00:00,1998-12-11 21:00:00,1998-12-12 03:00:00,1998-12-12 09:00:00,1998-12-12 21:00:00
4600,1998343N08114,1998-12-11 00:00:00,1998-12-12 00:00:00,1998-12-12 06:00:00,1998-12-12 12:00:00,1998-12-13 00:00:00
4601,1998346N10072,1998-12-11 18:00:00,1998-12-12 18:00:00,1998-12-13 00:00:00,1998-12-13 06:00:00,1998-12-13 18:00:00
4602,1998346N10072,1998-12-11 21:00:00,1998-12-12 21:00:00,1998-12-13 03:00:00,1998-12-13 09:00:00,1998-12-13 21:00:00
4603,1998346N10072,1998-12-12 00:00:00,1998-12-13 00:00:00,1998-12-13 06:00:00,1998-12-13 12:00:00,1998-12-14 00:00:00
4604,1998346N10072,1998-12-12 03:00:00,1998-12-13 03:00:00,1998-12-13 09:00:00,1998-12-13 15:00:00,1998-12-14 03:00:00
4605,1998346N10072,1998-12-12 06:00:00,1998-12-13 06:00:00,1998-12-13 12:00:00,1998-12-13 18:00:00,1998-12-14 06:00:00
4606,1998346N10072,1998-12-12 09:00:00,1998-12-13 09:00:00,1998-12-13 15:00:00,1998-12-13 21:00:00,1998-12-14 09:00:00
4607,1998346N10072,1998-12-12 12:00:00,1998-12-13 12:00:00,1998-12-13 18:00:00,1998-12-14 00:00:00,1998-12-14 12:00:00
4608,1998346N10072,1998-12-12 15:00:00,1998-12-13 15:00:00,1998-12-13 21:00:00,1998-12-14 03:00:00,1998-12-14 15:00:00
4609,1998346N10072,1998-12-12 18:00:00,1998-12-13 18:00:00,1998-12-14 00:00:00,1998-12-14 06:00:00,1998-12-14 18:00:00
4610,1998346N10072,1998-12-12 21:00:00,1998-12-13 21:00:00,1998-12-14 03:00:00,1998-12-14 09:00:00,1998-12-14 21:00:00
4611,1998346N10072,1998-12-13 00:00:00,1998-12-14 00:00:00,1998-12-14 06:00:00,1998-12-14 12:00:00,1998-12-15 00:00:00
4612,1998346N10072,1998-12-13 03:00:00,1998-12-14 03:00:00,1998-12-14 09:00:00,1998-12-14 15:00:00,1998-12-15 03:00:00
4613,1998346N10072,1998-12-13 06:00:00,1998-12-14 06:00:00,1998-12-14 12:00:00,1998-12-14 18:00:00,1998-12-15 06:00:00
4614,1998346N10072,1998-12-13 09:00:00,1998-12-14 09:00:00,1998-12-14 15:00:00,1998-12-14 21:00:00,1998-12-15 09:00:00
4615,1998346N10072,1998-12-13 12:00:00,1998-12-14 12:00:00,1998-12-14 18:00:00,1998-12-15 00:00:00,1998-12-15 12:00:00
4616,1998346N10072,1998-12-13 15:00:00,1998-12-14 15:00:00,1998-12-14 21:00:00,1998-12-15 03:00:00,1998-12-15 15:00:00
4617,1998346N10072,1998-12-13 18:00:00,1998-12-14 18:00:00,1998-12-15 00:00:00,1998-12-15 06:00:00,1998-12-15 18:00:00
4618,1998346N10072,1998-12-13 21:00:00,1998-12-14 21:00:00,1998-12-15 03:00:00,1998-12-15 09:00:00,1998-12-15 21:00:00
4619,1998346N10072,1998-12-14 00:00:00,1998-12-15 00:00:00,1998-12-15 06:00:00,1998-12-15 12:00:00,1998-12-16 00:00:00
4620,1998346N10072,1998-12-14 03:00:00,1998-12-15 03:00:00,1998-12-15 09:00:00,1998-12-15 15:00:00,1998-12-16 03:00:00
4621,1998346N10072,1998-12-14 06:00:00,1998-12-15 06:00:00,1998-12-15 12:00:00,1998-12-15 18:00:00,1998-12-16 06:00:00
4622,1998346N10072,1998-12-14 09:00:00,1998-12-15 09:00:00,1998-12-15 15:00:00,1998-12-15 21:00:00,1998-12-16 09:00:00
4623,1998346N10072,1998-12-14 12:00:00,1998-12-15 12:00:00,1998-12-15 18:00:00,1998-12-16 00:00:00,1998-12-16 12:00:00
4624,1998346N10072,1998-12-14 15:00:00,1998-12-15 15:00:00,1998-12-15 21:00:00,1998-12-16 03:00:00,1998-12-16 15:00:00
4625,1998346N10072,1998-12-14 18:00:00,1998-12-15 18:00:00,1998-12-16 00:00:00,1998-12-16 06:00:00,1998-12-16 18:00:00
4626,1998346N10072,1998-12-14 21:00:00,1998-12-15 21:00:00,1998-12-16 03:00:00,1998-12-16 09:00:00,1998-12-16 21:00:00
4627,1998346N10072,1998-12-15 00:00:00,1998-12-16 00:00:00,1998-12-16 06:00:00,1998-12-16 12:00:00,1998-12-17 00:00:00
4628,1998346N10072,1998-12-15 03:00:00,1998-12-16 03:00:00,1998-12-16 09:00:00,1998-12-16 15:00:00,1998-12-17 03:00:00
4629,1998346N10072,1998-12-15 06:00:00,1998-12-16 06:00:00,1998-12-16 12:00:00,1998-12-16 18:00:00,1998-12-17 06:00:00
4630,1998346N10072,1998-12-15 09:00:00,1998-12-16 09:00:00,1998-12-16 15:00:00,1998-12-16 21:00:00,1998-12-17 09:00:00
4631,1998346N10072,1998-12-15 12:00:00,1998-12-16 12:00:00,1998-12-16 18:00:00,1998-12-17 00:00:00,1998-12-17 12:00:00
4632,1998346N10072,1998-12-15 15:00:00,1998-12-16 15:00:00,1998-12-16 21:00:00,1998-12-17 03:00:00,1998-12-17 15:00:00
4633,1998346N10072,1998-12-15 18:00:00,1998-12-16 18:00:00,1998-12-17 00:00:00,1998-12-17 06:00:00,1998-12-17 18:00:00
4634,1999031N08092,1999-01-30 12:00:00,1999-01-31 12:00:00,1999-01-31 18:00:00,1999-02-01 00:00:00,1999-02-01 12:00:00
4635,1999031N08092,1999-01-30 15:00:00,1999-01-31 15:00:00,1999-01-31 21:00:00,1999-02-01 03:00:00,1999-02-01 15:00:00
4636,1999031N08092,1999-01-30 18:00:00,1999-01-31 18:00:00,1999-02-01 00:00:00,1999-02-01 06:00:00,1999-02-01 18:00:00
4637,1999031N08092,1999-01-30 21:00:00,1999-01-31 21:00:00,1999-02-01 03:00:00,1999-02-01 09:00:00,1999-02-01 21:00:00
4638,1999031N08092,1999-01-31 00:00:00,1999-02-01 00:00:00,1999-02-01 06:00:00,1999-02-01 12:00:00,1999-02-02 00:00:00
4639,1999031N08092,1999-01-31 03:00:00,1999-02-01 03:00:00,1999-02-01 09:00:00,1999-02-01 15:00:00,1999-02-02 03:00:00
4640,1999031N08092,1999-01-31 06:00:00,1999-02-01 06:00:00,1999-02-01 12:00:00,1999-02-01 18:00:00,1999-02-02 06:00:00
4641,1999031N08092,1999-01-31 09:00:00,1999-02-01 09:00:00,1999-02-01 15:00:00,1999-02-01 21:00:00,1999-02-02 09:00:00
4642,1999031N08092,1999-01-31 12:00:00,1999-02-01 12:00:00,1999-02-01 18:00:00,1999-02-02 00:00:00,1999-02-02 12:00:00
4643,1999031N08092,1999-01-31 15:00:00,1999-02-01 15:00:00,1999-02-01 21:00:00,1999-02-02 03:00:00,1999-02-02 15:00:00
4644,1999031N08092,1999-01-31 18:00:00,1999-02-01 18:00:00,1999-02-02 00:00:00,1999-02-02 06:00:00,1999-02-02 18:00:00
4645,1999031N08092,1999-01-31 21:00:00,1999-02-01 21:00:00,1999-02-02 03:00:00,1999-02-02 09:00:00,1999-02-02 21:00:00
4646,1999031N08092,1999-02-01 00:00:00,1999-02-02 00:00:00,1999-02-02 06:00:00,1999-02-02 12:00:00,1999-02-03 00:00:00
4647,1999031N08092,1999-02-01 03:00:00,1999-02-02 03:00:00,1999-02-02 09:00:00,1999-02-02 15:00:00,1999-02-03 03:00:00
4648,1999031N08092,1999-02-01 06:00:00,1999-02-02 06:00:00,1999-02-02 12:00:00,1999-02-02 18:00:00,1999-02-03 06:00:00
4649,1999031N08092,1999-02-01 09:00:00,1999-02-02 09:00:00,1999-02-02 15:00:00,1999-02-02 21:00:00,1999-02-03 09:00:00
4650,1999031N08092,1999-02-01 12:00:00,1999-02-02 12:00:00,1999-02-02 18:00:00,1999-02-03 00:00:00,1999-02-03 12:00:00
4651,1999031N08092,1999-02-01 15:00:00,1999-02-02 15:00:00,1999-02-02 21:00:00,1999-02-03 03:00:00,1999-02-03 15:00:00
4652,1999031N08092,1999-02-01 18:00:00,1999-02-02 18:00:00,1999-02-03 00:00:00,1999-02-03 06:00:00,1999-02-03 18:00:00
4653,1999031N08092,1999-02-01 21:00:00,1999-02-02 21:00:00,1999-02-03 03:00:00,1999-02-03 09:00:00,1999-02-03 21:00:00
4654,1999031N08092,1999-02-02 00:00:00,1999-02-03 00:00:00,1999-02-03 06:00:00,1999-02-03 12:00:00,1999-02-04 00:00:00
4655,1999031N08092,1999-02-02 03:00:00,1999-02-03 03:00:00,1999-02-03 09:00:00,1999-02-03 15:00:00,1999-02-04 03:00:00
4656,1999031N08092,1999-02-02 06:00:00,1999-02-03 06:00:00,1999-02-03 12:00:00,1999-02-03 18:00:00,1999-02-04 06:00:00
4657,1999031N08092,1999-02-02 09:00:00,1999-02-03 09:00:00,1999-02-03 15:00:00,1999-02-03 21:00:00,1999-02-04 09:00:00
4658,1999031N08092,1999-02-02 12:00:00,1999-02-03 12:00:00,1999-02-03 18:00:00,1999-02-04 00:00:00,1999-02-04 12:00:00
4659,1999031N08092,1999-02-02 15:00:00,1999-02-03 15:00:00,1999-02-03 21:00:00,1999-02-04 03:00:00,1999-02-04 15:00:00
4660,1999031N08092,1999-02-02 18:00:00,1999-02-03 18:00:00,1999-02-04 00:00:00,1999-02-04 06:00:00,1999-02-04 18:00:00
4661,1999135N12073,1999-05-15 00:00:00,1999-05-16 00:00:00,1999-05-16 06:00:00,1999-05-16 12:00:00,1999-05-17 00:00:00
4662,1999135N12073,1999-05-15 03:00:00,1999-05-16 03:00:00,1999-05-16 09:00:00,1999-05-16 15:00:00,1999-05-17 03:00:00
4663,1999135N12073,1999-05-15 06:00:00,1999-05-16 06:00:00,1999-05-16 12:00:00,1999-05-16 18:00:00,1999-05-17 06:00:00
4664,1999135N12073,1999-05-15 09:00:00,1999-05-16 09:00:00,1999-05-16 15:00:00,1999-05-16 21:00:00,1999-05-17 09:00:00
4665,1999135N12073,1999-05-15 12:00:00,1999-05-16 12:00:00,1999-05-16 18:00:00,1999-05-17 00:00:00,1999-05-17 12:00:00
4666,1999135N12073,1999-05-15 15:00:00,1999-05-16 15:00:00,1999-05-16 21:00:00,1999-05-17 03:00:00,1999-05-17 15:00:00
4667,1999135N12073,1999-05-15 18:00:00,1999-05-16 18:00:00,1999-05-17 00:00:00,1999-05-17 06:00:00,1999-05-17 18:00:00
4668,1999135N12073,1999-05-15 21:00:00,1999-05-16 21:00:00,1999-05-17 03:00:00,1999-05-17 09:00:00,1999-05-17 21:00:00
4669,1999135N12073,1999-05-16 00:00:00,1999-05-17 00:00:00,1999-05-17 06:00:00,1999-05-17 12:00:00,1999-05-18 00:00:00
4670,1999135N12073,1999-05-16 03:00:00,1999-05-17 03:00:00,1999-05-17 09:00:00,1999-05-17 15:00:00,1999-05-18 03:00:00
4671,1999135N12073,1999-05-16 06:00:00,1999-05-17 06:00:00,1999-05-17 12:00:00,1999-05-17 18:00:00,1999-05-18 06:00:00
4672,1999135N12073,1999-05-16 09:00:00,1999-05-17 09:00:00,1999-05-17 15:00:00,1999-05-17 21:00:00,1999-05-18 09:00:00
4673,1999135N12073,1999-05-16 12:00:00,1999-05-17 12:00:00,1999-05-17 18:00:00,1999-05-18 00:00:00,1999-05-18 12:00:00
4674,1999135N12073,1999-05-16 15:00:00,1999-05-17 15:00:00,1999-05-17 21:00:00,1999-05-18 03:00:00,1999-05-18 15:00:00
4675,1999135N12073,1999-05-16 18:00:00,1999-05-17 18:00:00,1999-05-18 00:00:00,1999-05-18 06:00:00,1999-05-18 18:00:00
4676,1999135N12073,1999-05-16 21:00:00,1999-05-17 21:00:00,1999-05-18 03:00:00,1999-05-18 09:00:00,1999-05-18 21:00:00
4677,1999135N12073,1999-05-17 00:00:00,1999-05-18 00:00:00,1999-05-18 06:00:00,1999-05-18 12:00:00,1999-05-19 00:00:00
4678,1999135N12073,1999-05-17 03:00:00,1999-05-18 03:00:00,1999-05-18 09:00:00,1999-05-18 15:00:00,1999-05-19 03:00:00
4679,1999135N12073,1999-05-17 06:00:00,1999-05-18 06:00:00,1999-05-18 12:00:00,1999-05-18 18:00:00,1999-05-19 06:00:00
4680,1999135N12073,1999-05-17 09:00:00,1999-05-18 09:00:00,1999-05-18 15:00:00,1999-05-18 21:00:00,1999-05-19 09:00:00
4681,1999135N12073,1999-05-17 12:00:00,1999-05-18 12:00:00,1999-05-18 18:00:00,1999-05-19 00:00:00,1999-05-19 12:00:00
4682,1999135N12073,1999-05-17 15:00:00,1999-05-18 15:00:00,1999-05-18 21:00:00,1999-05-19 03:00:00,1999-05-19 15:00:00
4683,1999135N12073,1999-05-17 18:00:00,1999-05-18 18:00:00,1999-05-19 00:00:00,1999-05-19 06:00:00,1999-05-19 18:00:00
4684,1999135N12073,1999-05-17 21:00:00,1999-05-18 21:00:00,1999-05-19 03:00:00,1999-05-19 09:00:00,1999-05-19 21:00:00
4685,1999135N12073,1999-05-18 00:00:00,1999-05-19 00:00:00,1999-05-19 06:00:00,1999-05-19 12:00:00,1999-05-20 00:00:00
4686,1999135N12073,1999-05-18 03:00:00,1999-05-19 03:00:00,1999-05-19 09:00:00,1999-05-19 15:00:00,1999-05-20 03:00:00
4687,1999135N12073,1999-05-18 06:00:00,1999-05-19 06:00:00,1999-05-19 12:00:00,1999-05-19 18:00:00,1999-05-20 06:00:00
4688,1999135N12073,1999-05-18 09:00:00,1999-05-19 09:00:00,1999-05-19 15:00:00,1999-05-19 21:00:00,1999-05-20 09:00:00
4689,1999135N12073,1999-05-18 12:00:00,1999-05-19 12:00:00,1999-05-19 18:00:00,1999-05-20 00:00:00,1999-05-20 12:00:00
4690,1999135N12073,1999-05-18 15:00:00,1999-05-19 15:00:00,1999-05-19 21:00:00,1999-05-20 03:00:00,1999-05-20 15:00:00
4691,1999135N12073,1999-05-18 18:00:00,1999-05-19 18:00:00,1999-05-20 00:00:00,1999-05-20 06:00:00,1999-05-20 18:00:00
4692,1999135N12073,1999-05-18 21:00:00,1999-05-19 21:00:00,1999-05-20 03:00:00,1999-05-20 09:00:00,1999-05-20 21:00:00
4693,1999135N12073,1999-05-19 00:00:00,1999-05-20 00:00:00,1999-05-20 06:00:00,1999-05-20 12:00:00,1999-05-21 00:00:00
4694,1999135N12073,1999-05-19 03:00:00,1999-05-20 03:00:00,1999-05-20 09:00:00,1999-05-20 15:00:00,1999-05-21 03:00:00
4695,1999135N12073,1999-05-19 06:00:00,1999-05-20 06:00:00,1999-05-20 12:00:00,1999-05-20 18:00:00,1999-05-21 06:00:00
4696,1999135N12073,1999-05-19 09:00:00,1999-05-20 09:00:00,1999-05-20 15:00:00,1999-05-20 21:00:00,1999-05-21 09:00:00
4697,1999135N12073,1999-05-19 12:00:00,1999-05-20 12:00:00,1999-05-20 18:00:00,1999-05-21 00:00:00,1999-05-21 12:00:00
4698,1999135N12073,1999-05-19 15:00:00,1999-05-20 15:00:00,1999-05-20 21:00:00,1999-05-21 03:00:00,1999-05-21 15:00:00
4699,1999135N12073,1999-05-19 18:00:00,1999-05-20 18:00:00,1999-05-21 00:00:00,1999-05-21 06:00:00,1999-05-21 18:00:00
4700,1999135N12073,1999-05-19 21:00:00,1999-05-20 21:00:00,1999-05-21 03:00:00,1999-05-21 09:00:00,1999-05-21 21:00:00
4701,1999135N12073,1999-05-20 00:00:00,1999-05-21 00:00:00,1999-05-21 06:00:00,1999-05-21 12:00:00,1999-05-22 00:00:00
4702,1999135N12073,1999-05-20 03:00:00,1999-05-21 03:00:00,1999-05-21 09:00:00,1999-05-21 15:00:00,1999-05-22 03:00:00
4703,1999135N12073,1999-05-20 06:00:00,1999-05-21 06:00:00,1999-05-21 12:00:00,1999-05-21 18:00:00,1999-05-22 06:00:00
4704,1999135N12073,1999-05-20 09:00:00,1999-05-21 09:00:00,1999-05-21 15:00:00,1999-05-21 21:00:00,1999-05-22 09:00:00
4705,1999135N12073,1999-05-20 12:00:00,1999-05-21 12:00:00,1999-05-21 18:00:00,1999-05-22 00:00:00,1999-05-22 12:00:00
4706,1999159N18091,1999-06-08 06:00:00,1999-06-09 06:00:00,1999-06-09 12:00:00,1999-06-09 18:00:00,1999-06-10 06:00:00
4707,1999159N18091,1999-06-08 09:00:00,1999-06-09 09:00:00,1999-06-09 15:00:00,1999-06-09 21:00:00,1999-06-10 09:00:00
4708,1999159N18091,1999-06-08 12:00:00,1999-06-09 12:00:00,1999-06-09 18:00:00,1999-06-10 00:00:00,1999-06-10 12:00:00
4709,1999159N18091,1999-06-08 15:00:00,1999-06-09 15:00:00,1999-06-09 21:00:00,1999-06-10 03:00:00,1999-06-10 15:00:00
4710,1999159N18091,1999-06-08 18:00:00,1999-06-09 18:00:00,1999-06-10 00:00:00,1999-06-10 06:00:00,1999-06-10 18:00:00
4711,1999159N18091,1999-06-08 21:00:00,1999-06-09 21:00:00,1999-06-10 03:00:00,1999-06-10 09:00:00,1999-06-10 21:00:00
4712,1999159N18091,1999-06-09 00:00:00,1999-06-10 00:00:00,1999-06-10 06:00:00,1999-06-10 12:00:00,1999-06-11 00:00:00
4713,1999159N18091,1999-06-09 03:00:00,1999-06-10 03:00:00,1999-06-10 09:00:00,1999-06-10 15:00:00,1999-06-11 03:00:00
4714,1999159N18091,1999-06-09 06:00:00,1999-06-10 06:00:00,1999-06-10 12:00:00,1999-06-10 18:00:00,1999-06-11 06:00:00
4715,1999159N18091,1999-06-09 09:00:00,1999-06-10 09:00:00,1999-06-10 15:00:00,1999-06-10 21:00:00,1999-06-11 09:00:00
4716,1999159N18091,1999-06-09 12:00:00,1999-06-10 12:00:00,1999-06-10 18:00:00,1999-06-11 00:00:00,1999-06-11 12:00:00
4717,1999159N18091,1999-06-09 15:00:00,1999-06-10 15:00:00,1999-06-10 21:00:00,1999-06-11 03:00:00,1999-06-11 15:00:00
4718,1999159N18091,1999-06-09 18:00:00,1999-06-10 18:00:00,1999-06-11 00:00:00,1999-06-11 06:00:00,1999-06-11 18:00:00
4719,1999208N21089,1999-07-27 03:00:00,1999-07-28 03:00:00,1999-07-28 09:00:00,1999-07-28 15:00:00,1999-07-29 03:00:00
4720,1999208N21089,1999-07-27 06:00:00,1999-07-28 06:00:00,1999-07-28 12:00:00,1999-07-28 18:00:00,1999-07-29 06:00:00
4721,1999219N21089,1999-08-06 12:00:00,1999-08-07 12:00:00,1999-08-07 18:00:00,1999-08-08 00:00:00,1999-08-08 12:00:00
4722,1999219N21089,1999-08-06 15:00:00,1999-08-07 15:00:00,1999-08-07 21:00:00,1999-08-08 03:00:00,1999-08-08 15:00:00
4723,1999219N21089,1999-08-06 18:00:00,1999-08-07 18:00:00,1999-08-08 00:00:00,1999-08-08 06:00:00,1999-08-08 18:00:00
4724,1999219N21089,1999-08-06 21:00:00,1999-08-07 21:00:00,1999-08-08 03:00:00,1999-08-08 09:00:00,1999-08-08 21:00:00
4725,1999219N21089,1999-08-07 00:00:00,1999-08-08 00:00:00,1999-08-08 06:00:00,1999-08-08 12:00:00,1999-08-09 00:00:00
4726,1999288N15093,1999-10-15 00:00:00,1999-10-16 00:00:00,1999-10-16 06:00:00,1999-10-16 12:00:00,1999-10-17 00:00:00
4727,1999288N15093,1999-10-15 03:00:00,1999-10-16 03:00:00,1999-10-16 09:00:00,1999-10-16 15:00:00,1999-10-17 03:00:00
4728,1999288N15093,1999-10-15 06:00:00,1999-10-16 06:00:00,1999-10-16 12:00:00,1999-10-16 18:00:00,1999-10-17 06:00:00
4729,1999288N15093,1999-10-15 09:00:00,1999-10-16 09:00:00,1999-10-16 15:00:00,1999-10-16 21:00:00,1999-10-17 09:00:00
4730,1999288N15093,1999-10-15 12:00:00,1999-10-16 12:00:00,1999-10-16 18:00:00,1999-10-17 00:00:00,1999-10-17 12:00:00
4731,1999288N15093,1999-10-15 15:00:00,1999-10-16 15:00:00,1999-10-16 21:00:00,1999-10-17 03:00:00,1999-10-17 15:00:00
4732,1999288N15093,1999-10-15 18:00:00,1999-10-16 18:00:00,1999-10-17 00:00:00,1999-10-17 06:00:00,1999-10-17 18:00:00
4733,1999288N15093,1999-10-15 21:00:00,1999-10-16 21:00:00,1999-10-17 03:00:00,1999-10-17 09:00:00,1999-10-17 21:00:00
4734,1999288N15093,1999-10-16 00:00:00,1999-10-17 00:00:00,1999-10-17 06:00:00,1999-10-17 12:00:00,1999-10-18 00:00:00
4735,1999288N15093,1999-10-16 03:00:00,1999-10-17 03:00:00,1999-10-17 09:00:00,1999-10-17 15:00:00,1999-10-18 03:00:00
4736,1999288N15093,1999-10-16 06:00:00,1999-10-17 06:00:00,1999-10-17 12:00:00,1999-10-17 18:00:00,1999-10-18 06:00:00
4737,1999288N15093,1999-10-16 09:00:00,1999-10-17 09:00:00,1999-10-17 15:00:00,1999-10-17 21:00:00,1999-10-18 09:00:00
4738,1999288N15093,1999-10-16 12:00:00,1999-10-17 12:00:00,1999-10-17 18:00:00,1999-10-18 00:00:00,1999-10-18 12:00:00
4739,1999288N15093,1999-10-16 15:00:00,1999-10-17 15:00:00,1999-10-17 21:00:00,1999-10-18 03:00:00,1999-10-18 15:00:00
4740,1999288N15093,1999-10-16 18:00:00,1999-10-17 18:00:00,1999-10-18 00:00:00,1999-10-18 06:00:00,1999-10-18 18:00:00
4741,1999288N15093,1999-10-16 21:00:00,1999-10-17 21:00:00,1999-10-18 03:00:00,1999-10-18 09:00:00,1999-10-18 21:00:00
4742,1999288N15093,1999-10-17 00:00:00,1999-10-18 00:00:00,1999-10-18 06:00:00,1999-10-18 12:00:00,1999-10-19 00:00:00
4743,1999288N15093,1999-10-17 03:00:00,1999-10-18 03:00:00,1999-10-18 09:00:00,1999-10-18 15:00:00,1999-10-19 03:00:00
4744,1999298N12099,1999-10-25 00:00:00,1999-10-26 00:00:00,1999-10-26 06:00:00,1999-10-26 12:00:00,1999-10-27 00:00:00
4745,1999298N12099,1999-10-25 03:00:00,1999-10-26 03:00:00,1999-10-26 09:00:00,1999-10-26 15:00:00,1999-10-27 03:00:00
4746,1999298N12099,1999-10-25 06:00:00,1999-10-26 06:00:00,1999-10-26 12:00:00,1999-10-26 18:00:00,1999-10-27 06:00:00
4747,1999298N12099,1999-10-25 09:00:00,1999-10-26 09:00:00,1999-10-26 15:00:00,1999-10-26 21:00:00,1999-10-27 09:00:00
4748,1999298N12099,1999-10-25 12:00:00,1999-10-26 12:00:00,1999-10-26 18:00:00,1999-10-27 00:00:00,1999-10-27 12:00:00
4749,1999298N12099,1999-10-25 15:00:00,1999-10-26 15:00:00,1999-10-26 21:00:00,1999-10-27 03:00:00,1999-10-27 15:00:00
4750,1999298N12099,1999-10-25 18:00:00,1999-10-26 18:00:00,1999-10-27 00:00:00,1999-10-27 06:00:00,1999-10-27 18:00:00
4751,1999298N12099,1999-10-25 21:00:00,1999-10-26 21:00:00,1999-10-27 03:00:00,1999-10-27 09:00:00,1999-10-27 21:00:00
4752,1999298N12099,1999-10-26 00:00:00,1999-10-27 00:00:00,1999-10-27 06:00:00,1999-10-27 12:00:00,1999-10-28 00:00:00
4753,1999298N12099,1999-10-26 03:00:00,1999-10-27 03:00:00,1999-10-27 09:00:00,1999-10-27 15:00:00,1999-10-28 03:00:00
4754,1999298N12099,1999-10-26 06:00:00,1999-10-27 06:00:00,1999-10-27 12:00:00,1999-10-27 18:00:00,1999-10-28 06:00:00
4755,1999298N12099,1999-10-26 09:00:00,1999-10-27 09:00:00,1999-10-27 15:00:00,1999-10-27 21:00:00,1999-10-28 09:00:00
4756,1999298N12099,1999-10-26 12:00:00,1999-10-27 12:00:00,1999-10-27 18:00:00,1999-10-28 00:00:00,1999-10-28 12:00:00
4757,1999298N12099,1999-10-26 15:00:00,1999-10-27 15:00:00,1999-10-27 21:00:00,1999-10-28 03:00:00,1999-10-28 15:00:00
4758,1999298N12099,1999-10-26 18:00:00,1999-10-27 18:00:00,1999-10-28 00:00:00,1999-10-28 06:00:00,1999-10-28 18:00:00
4759,1999298N12099,1999-10-26 21:00:00,1999-10-27 21:00:00,1999-10-28 03:00:00,1999-10-28 09:00:00,1999-10-28 21:00:00
4760,1999298N12099,1999-10-27 00:00:00,1999-10-28 00:00:00,1999-10-28 06:00:00,1999-10-28 12:00:00,1999-10-29 00:00:00
4761,1999298N12099,1999-10-27 03:00:00,1999-10-28 03:00:00,1999-10-28 09:00:00,1999-10-28 15:00:00,1999-10-29 03:00:00
4762,1999298N12099,1999-10-27 06:00:00,1999-10-28 06:00:00,1999-10-28 12:00:00,1999-10-28 18:00:00,1999-10-29 06:00:00
4763,1999298N12099,1999-10-27 09:00:00,1999-10-28 09:00:00,1999-10-28 15:00:00,1999-10-28 21:00:00,1999-10-29 09:00:00
4764,1999298N12099,1999-10-27 12:00:00,1999-10-28 12:00:00,1999-10-28 18:00:00,1999-10-29 00:00:00,1999-10-29 12:00:00
4765,1999298N12099,1999-10-27 15:00:00,1999-10-28 15:00:00,1999-10-28 21:00:00,1999-10-29 03:00:00,1999-10-29 15:00:00
4766,1999298N12099,1999-10-27 18:00:00,1999-10-28 18:00:00,1999-10-29 00:00:00,1999-10-29 06:00:00,1999-10-29 18:00:00
4767,1999298N12099,1999-10-27 21:00:00,1999-10-28 21:00:00,1999-10-29 03:00:00,1999-10-29 09:00:00,1999-10-29 21:00:00
4768,1999298N12099,1999-10-28 00:00:00,1999-10-29 00:00:00,1999-10-29 06:00:00,1999-10-29 12:00:00,1999-10-30 00:00:00
4769,1999298N12099,1999-10-28 03:00:00,1999-10-29 03:00:00,1999-10-29 09:00:00,1999-10-29 15:00:00,1999-10-30 03:00:00
4770,1999298N12099,1999-10-28 06:00:00,1999-10-29 06:00:00,1999-10-29 12:00:00,1999-10-29 18:00:00,1999-10-30 06:00:00
4771,1999298N12099,1999-10-28 09:00:00,1999-10-29 09:00:00,1999-10-29 15:00:00,1999-10-29 21:00:00,1999-10-30 09:00:00
4772,1999298N12099,1999-10-28 12:00:00,1999-10-29 12:00:00,1999-10-29 18:00:00,1999-10-30 00:00:00,1999-10-30 12:00:00
4773,1999298N12099,1999-10-28 15:00:00,1999-10-29 15:00:00,1999-10-29 21:00:00,1999-10-30 03:00:00,1999-10-30 15:00:00
4774,1999298N12099,1999-10-28 18:00:00,1999-10-29 18:00:00,1999-10-30 00:00:00,1999-10-30 06:00:00,1999-10-30 18:00:00
4775,1999298N12099,1999-10-28 21:00:00,1999-10-29 21:00:00,1999-10-30 03:00:00,1999-10-30 09:00:00,1999-10-30 21:00:00
4776,1999298N12099,1999-10-29 00:00:00,1999-10-30 00:00:00,1999-10-30 06:00:00,1999-10-30 12:00:00,1999-10-31 00:00:00
4777,1999298N12099,1999-10-29 03:00:00,1999-10-30 03:00:00,1999-10-30 09:00:00,1999-10-30 15:00:00,1999-10-31 03:00:00
4778,1999298N12099,1999-10-29 06:00:00,1999-10-30 06:00:00,1999-10-30 12:00:00,1999-10-30 18:00:00,1999-10-31 06:00:00
4779,1999298N12099,1999-10-29 09:00:00,1999-10-30 09:00:00,1999-10-30 15:00:00,1999-10-30 21:00:00,1999-10-31 09:00:00
4780,1999298N12099,1999-10-29 12:00:00,1999-10-30 12:00:00,1999-10-30 18:00:00,1999-10-31 00:00:00,1999-10-31 12:00:00
4781,1999298N12099,1999-10-29 15:00:00,1999-10-30 15:00:00,1999-10-30 21:00:00,1999-10-31 03:00:00,1999-10-31 15:00:00
4782,1999298N12099,1999-10-29 18:00:00,1999-10-30 18:00:00,1999-10-31 00:00:00,1999-10-31 06:00:00,1999-10-31 18:00:00
4783,1999298N12099,1999-10-29 21:00:00,1999-10-30 21:00:00,1999-10-31 03:00:00,1999-10-31 09:00:00,1999-10-31 21:00:00
4784,1999298N12099,1999-10-30 00:00:00,1999-10-31 00:00:00,1999-10-31 06:00:00,1999-10-31 12:00:00,1999-11-01 00:00:00
4785,1999298N12099,1999-10-30 03:00:00,1999-10-31 03:00:00,1999-10-31 09:00:00,1999-10-31 15:00:00,1999-11-01 03:00:00
4786,1999298N12099,1999-10-30 06:00:00,1999-10-31 06:00:00,1999-10-31 12:00:00,1999-10-31 18:00:00,1999-11-01 06:00:00
4787,1999298N12099,1999-10-30 09:00:00,1999-10-31 09:00:00,1999-10-31 15:00:00,1999-10-31 21:00:00,1999-11-01 09:00:00
4788,1999298N12099,1999-10-30 12:00:00,1999-10-31 12:00:00,1999-10-31 18:00:00,1999-11-01 00:00:00,1999-11-01 12:00:00
4789,1999298N12099,1999-10-30 15:00:00,1999-10-31 15:00:00,1999-10-31 21:00:00,1999-11-01 03:00:00,1999-11-01 15:00:00
4790,1999298N12099,1999-10-30 18:00:00,1999-10-31 18:00:00,1999-11-01 00:00:00,1999-11-01 06:00:00,1999-11-01 18:00:00
4791,1999298N12099,1999-10-30 21:00:00,1999-10-31 21:00:00,1999-11-01 03:00:00,1999-11-01 09:00:00,1999-11-01 21:00:00
4792,1999298N12099,1999-10-31 00:00:00,1999-11-01 00:00:00,1999-11-01 06:00:00,1999-11-01 12:00:00,1999-11-02 00:00:00
4793,1999298N12099,1999-10-31 03:00:00,1999-11-01 03:00:00,1999-11-01 09:00:00,1999-11-01 15:00:00,1999-11-02 03:00:00
4794,1999298N12099,1999-10-31 06:00:00,1999-11-01 06:00:00,1999-11-01 12:00:00,1999-11-01 18:00:00,1999-11-02 06:00:00
4795,1999298N12099,1999-10-31 09:00:00,1999-11-01 09:00:00,1999-11-01 15:00:00,1999-11-01 21:00:00,1999-11-02 09:00:00
4796,1999298N12099,1999-10-31 12:00:00,1999-11-01 12:00:00,1999-11-01 18:00:00,1999-11-02 00:00:00,1999-11-02 12:00:00
4797,1999298N12099,1999-10-31 15:00:00,1999-11-01 15:00:00,1999-11-01 21:00:00,1999-11-02 03:00:00,1999-11-02 15:00:00
4798,1999298N12099,1999-10-31 18:00:00,1999-11-01 18:00:00,1999-11-02 00:00:00,1999-11-02 06:00:00,1999-11-02 18:00:00
4799,1999298N12099,1999-10-31 21:00:00,1999-11-01 21:00:00,1999-11-02 03:00:00,1999-11-02 09:00:00,1999-11-02 21:00:00
4800,1999298N12099,1999-11-01 00:00:00,1999-11-02 00:00:00,1999-11-02 06:00:00,1999-11-02 12:00:00,1999-11-03 00:00:00
4801,1999298N12099,1999-11-01 03:00:00,1999-11-02 03:00:00,1999-11-02 09:00:00,1999-11-02 15:00:00,1999-11-03 03:00:00
4802,1999298N12099,1999-11-01 06:00:00,1999-11-02 06:00:00,1999-11-02 12:00:00,1999-11-02 18:00:00,1999-11-03 06:00:00
4803,1999334N11118,1999-11-29 12:00:00,1999-11-30 12:00:00,1999-11-30 18:00:00,1999-12-01 00:00:00,1999-12-01 12:00:00
4804,1999334N11118,1999-11-29 15:00:00,1999-11-30 15:00:00,1999-11-30 21:00:00,1999-12-01 03:00:00,1999-12-01 15:00:00
4805,1999334N11118,1999-11-29 18:00:00,1999-11-30 18:00:00,1999-12-01 00:00:00,1999-12-01 06:00:00,1999-12-01 18:00:00
4806,1999334N11118,1999-11-29 21:00:00,1999-11-30 21:00:00,1999-12-01 03:00:00,1999-12-01 09:00:00,1999-12-01 21:00:00
4807,1999334N11118,1999-11-30 00:00:00,1999-12-01 00:00:00,1999-12-01 06:00:00,1999-12-01 12:00:00,1999-12-02 00:00:00
4808,1999334N11118,1999-11-30 03:00:00,1999-12-01 03:00:00,1999-12-01 09:00:00,1999-12-01 15:00:00,1999-12-02 03:00:00
4809,1999334N11118,1999-11-30 06:00:00,1999-12-01 06:00:00,1999-12-01 12:00:00,1999-12-01 18:00:00,1999-12-02 06:00:00
4810,1999334N11118,1999-11-30 09:00:00,1999-12-01 09:00:00,1999-12-01 15:00:00,1999-12-01 21:00:00,1999-12-02 09:00:00
4811,1999334N11118,1999-11-30 12:00:00,1999-12-01 12:00:00,1999-12-01 18:00:00,1999-12-02 00:00:00,1999-12-02 12:00:00
4812,1999334N11118,1999-11-30 15:00:00,1999-12-01 15:00:00,1999-12-01 21:00:00,1999-12-02 03:00:00,1999-12-02 15:00:00
4813,1999334N11118,1999-11-30 18:00:00,1999-12-01 18:00:00,1999-12-02 00:00:00,1999-12-02 06:00:00,1999-12-02 18:00:00
4814,1999334N11118,1999-11-30 21:00:00,1999-12-01 21:00:00,1999-12-02 03:00:00,1999-12-02 09:00:00,1999-12-02 21:00:00
4815,1999334N11118,1999-12-01 00:00:00,1999-12-02 00:00:00,1999-12-02 06:00:00,1999-12-02 12:00:00,1999-12-03 00:00:00
4816,1999334N11118,1999-12-01 03:00:00,1999-12-02 03:00:00,1999-12-02 09:00:00,1999-12-02 15:00:00,1999-12-03 03:00:00
4817,1999334N11118,1999-12-01 06:00:00,1999-12-02 06:00:00,1999-12-02 12:00:00,1999-12-02 18:00:00,1999-12-03 06:00:00
4818,1999334N11118,1999-12-01 09:00:00,1999-12-02 09:00:00,1999-12-02 15:00:00,1999-12-02 21:00:00,1999-12-03 09:00:00
4819,1999334N11118,1999-12-01 12:00:00,1999-12-02 12:00:00,1999-12-02 18:00:00,1999-12-03 00:00:00,1999-12-03 12:00:00
4820,1999334N11118,1999-12-01 15:00:00,1999-12-02 15:00:00,1999-12-02 21:00:00,1999-12-03 03:00:00,1999-12-03 15:00:00
4821,1999334N11118,1999-12-01 18:00:00,1999-12-02 18:00:00,1999-12-03 00:00:00,1999-12-03 06:00:00,1999-12-03 18:00:00
4822,1999334N11118,1999-12-01 21:00:00,1999-12-02 21:00:00,1999-12-03 03:00:00,1999-12-03 09:00:00,1999-12-03 21:00:00
4823,1999334N11118,1999-12-02 00:00:00,1999-12-03 00:00:00,1999-12-03 06:00:00,1999-12-03 12:00:00,1999-12-04 00:00:00
4824,1999334N11118,1999-12-02 03:00:00,1999-12-03 03:00:00,1999-12-03 09:00:00,1999-12-03 15:00:00,1999-12-04 03:00:00
4825,1999334N11118,1999-12-02 06:00:00,1999-12-03 06:00:00,1999-12-03 12:00:00,1999-12-03 18:00:00,1999-12-04 06:00:00
4826,1999334N11118,1999-12-02 09:00:00,1999-12-03 09:00:00,1999-12-03 15:00:00,1999-12-03 21:00:00,1999-12-04 09:00:00
4827,1999334N11118,1999-12-02 12:00:00,1999-12-03 12:00:00,1999-12-03 18:00:00,1999-12-04 00:00:00,1999-12-04 12:00:00
4828,1999334N11118,1999-12-02 15:00:00,1999-12-03 15:00:00,1999-12-03 21:00:00,1999-12-04 03:00:00,1999-12-04 15:00:00
4829,1999334N11118,1999-12-02 18:00:00,1999-12-03 18:00:00,1999-12-04 00:00:00,1999-12-04 06:00:00,1999-12-04 18:00:00
4830,1999334N11118,1999-12-02 21:00:00,1999-12-03 21:00:00,1999-12-04 03:00:00,1999-12-04 09:00:00,1999-12-04 21:00:00
4831,1999334N11118,1999-12-03 00:00:00,1999-12-04 00:00:00,1999-12-04 06:00:00,1999-12-04 12:00:00,1999-12-05 00:00:00
4832,1999334N11118,1999-12-03 03:00:00,1999-12-04 03:00:00,1999-12-04 09:00:00,1999-12-04 15:00:00,1999-12-05 03:00:00
4833,1999334N11118,1999-12-03 06:00:00,1999-12-04 06:00:00,1999-12-04 12:00:00,1999-12-04 18:00:00,1999-12-05 06:00:00
4834,2000088N08090,2000-03-27 12:00:00,2000-03-28 12:00:00,2000-03-28 18:00:00,2000-03-29 00:00:00,2000-03-29 12:00:00
4835,2000088N08090,2000-03-27 15:00:00,2000-03-28 15:00:00,2000-03-28 21:00:00,2000-03-29 03:00:00,2000-03-29 15:00:00
4836,2000088N08090,2000-03-27 18:00:00,2000-03-28 18:00:00,2000-03-29 00:00:00,2000-03-29 06:00:00,2000-03-29 18:00:00
4837,2000088N08090,2000-03-27 21:00:00,2000-03-28 21:00:00,2000-03-29 03:00:00,2000-03-29 09:00:00,2000-03-29 21:00:00
4838,2000088N08090,2000-03-28 00:00:00,2000-03-29 00:00:00,2000-03-29 06:00:00,2000-03-29 12:00:00,2000-03-30 00:00:00
4839,2000088N08090,2000-03-28 03:00:00,2000-03-29 03:00:00,2000-03-29 09:00:00,2000-03-29 15:00:00,2000-03-30 03:00:00
4840,2000088N08090,2000-03-28 06:00:00,2000-03-29 06:00:00,2000-03-29 12:00:00,2000-03-29 18:00:00,2000-03-30 06:00:00
4841,2000088N08090,2000-03-28 09:00:00,2000-03-29 09:00:00,2000-03-29 15:00:00,2000-03-29 21:00:00,2000-03-30 09:00:00
4842,2000088N08090,2000-03-28 12:00:00,2000-03-29 12:00:00,2000-03-29 18:00:00,2000-03-30 00:00:00,2000-03-30 12:00:00
4843,2000289N15089,2000-10-14 18:00:00,2000-10-15 18:00:00,2000-10-16 00:00:00,2000-10-16 06:00:00,2000-10-16 18:00:00
4844,2000289N15089,2000-10-14 21:00:00,2000-10-15 21:00:00,2000-10-16 03:00:00,2000-10-16 09:00:00,2000-10-16 21:00:00
4845,2000289N15089,2000-10-15 00:00:00,2000-10-16 00:00:00,2000-10-16 06:00:00,2000-10-16 12:00:00,2000-10-17 00:00:00
4846,2000289N15089,2000-10-15 03:00:00,2000-10-16 03:00:00,2000-10-16 09:00:00,2000-10-16 15:00:00,2000-10-17 03:00:00
4847,2000289N15089,2000-10-15 06:00:00,2000-10-16 06:00:00,2000-10-16 12:00:00,2000-10-16 18:00:00,2000-10-17 06:00:00
4848,2000289N15089,2000-10-15 09:00:00,2000-10-16 09:00:00,2000-10-16 15:00:00,2000-10-16 21:00:00,2000-10-17 09:00:00
4849,2000289N15089,2000-10-15 12:00:00,2000-10-16 12:00:00,2000-10-16 18:00:00,2000-10-17 00:00:00,2000-10-17 12:00:00
4850,2000289N15089,2000-10-15 15:00:00,2000-10-16 15:00:00,2000-10-16 21:00:00,2000-10-17 03:00:00,2000-10-17 15:00:00
4851,2000289N15089,2000-10-15 18:00:00,2000-10-16 18:00:00,2000-10-17 00:00:00,2000-10-17 06:00:00,2000-10-17 18:00:00
4852,2000289N15089,2000-10-15 21:00:00,2000-10-16 21:00:00,2000-10-17 03:00:00,2000-10-17 09:00:00,2000-10-17 21:00:00
4853,2000289N15089,2000-10-16 00:00:00,2000-10-17 00:00:00,2000-10-17 06:00:00,2000-10-17 12:00:00,2000-10-18 00:00:00
4854,2000289N15089,2000-10-16 03:00:00,2000-10-17 03:00:00,2000-10-17 09:00:00,2000-10-17 15:00:00,2000-10-18 03:00:00
4855,2000289N15089,2000-10-16 06:00:00,2000-10-17 06:00:00,2000-10-17 12:00:00,2000-10-17 18:00:00,2000-10-18 06:00:00
4856,2000289N15089,2000-10-16 09:00:00,2000-10-17 09:00:00,2000-10-17 15:00:00,2000-10-17 21:00:00,2000-10-18 09:00:00
4857,2000289N15089,2000-10-16 12:00:00,2000-10-17 12:00:00,2000-10-17 18:00:00,2000-10-18 00:00:00,2000-10-18 12:00:00
4858,2000289N15089,2000-10-16 15:00:00,2000-10-17 15:00:00,2000-10-17 21:00:00,2000-10-18 03:00:00,2000-10-18 15:00:00
4859,2000289N15089,2000-10-16 18:00:00,2000-10-17 18:00:00,2000-10-18 00:00:00,2000-10-18 06:00:00,2000-10-18 18:00:00
4860,2000289N15089,2000-10-16 21:00:00,2000-10-17 21:00:00,2000-10-18 03:00:00,2000-10-18 09:00:00,2000-10-18 21:00:00
4861,2000289N15089,2000-10-17 00:00:00,2000-10-18 00:00:00,2000-10-18 06:00:00,2000-10-18 12:00:00,2000-10-19 00:00:00
4862,2000289N15089,2000-10-17 03:00:00,2000-10-18 03:00:00,2000-10-18 09:00:00,2000-10-18 15:00:00,2000-10-19 03:00:00
4863,2000289N15089,2000-10-17 06:00:00,2000-10-18 06:00:00,2000-10-18 12:00:00,2000-10-18 18:00:00,2000-10-19 06:00:00
4864,2000299N13093,2000-10-25 09:00:00,2000-10-26 09:00:00,2000-10-26 15:00:00,2000-10-26 21:00:00,2000-10-27 09:00:00
4865,2000299N13093,2000-10-25 12:00:00,2000-10-26 12:00:00,2000-10-26 18:00:00,2000-10-27 00:00:00,2000-10-27 12:00:00
4866,2000299N13093,2000-10-25 15:00:00,2000-10-26 15:00:00,2000-10-26 21:00:00,2000-10-27 03:00:00,2000-10-27 15:00:00
4867,2000299N13093,2000-10-25 18:00:00,2000-10-26 18:00:00,2000-10-27 00:00:00,2000-10-27 06:00:00,2000-10-27 18:00:00
4868,2000299N13093,2000-10-25 21:00:00,2000-10-26 21:00:00,2000-10-27 03:00:00,2000-10-27 09:00:00,2000-10-27 21:00:00
4869,2000299N13093,2000-10-26 00:00:00,2000-10-27 00:00:00,2000-10-27 06:00:00,2000-10-27 12:00:00,2000-10-28 00:00:00
4870,2000299N13093,2000-10-26 03:00:00,2000-10-27 03:00:00,2000-10-27 09:00:00,2000-10-27 15:00:00,2000-10-28 03:00:00
4871,2000299N13093,2000-10-26 06:00:00,2000-10-27 06:00:00,2000-10-27 12:00:00,2000-10-27 18:00:00,2000-10-28 06:00:00
4872,2000299N13093,2000-10-26 09:00:00,2000-10-27 09:00:00,2000-10-27 15:00:00,2000-10-27 21:00:00,2000-10-28 09:00:00
4873,2000299N13093,2000-10-26 12:00:00,2000-10-27 12:00:00,2000-10-27 18:00:00,2000-10-28 00:00:00,2000-10-28 12:00:00
4874,2000299N13093,2000-10-26 15:00:00,2000-10-27 15:00:00,2000-10-27 21:00:00,2000-10-28 03:00:00,2000-10-28 15:00:00
4875,2000299N13093,2000-10-26 18:00:00,2000-10-27 18:00:00,2000-10-28 00:00:00,2000-10-28 06:00:00,2000-10-28 18:00:00
4876,2000299N13093,2000-10-26 21:00:00,2000-10-27 21:00:00,2000-10-28 03:00:00,2000-10-28 09:00:00,2000-10-28 21:00:00
4877,2000299N13093,2000-10-27 00:00:00,2000-10-28 00:00:00,2000-10-28 06:00:00,2000-10-28 12:00:00,2000-10-29 00:00:00
4878,2000331N09092,2000-11-26 03:00:00,2000-11-27 03:00:00,2000-11-27 09:00:00,2000-11-27 15:00:00,2000-11-28 03:00:00
4879,2000331N09092,2000-11-26 06:00:00,2000-11-27 06:00:00,2000-11-27 12:00:00,2000-11-27 18:00:00,2000-11-28 06:00:00
4880,2000331N09092,2000-11-26 09:00:00,2000-11-27 09:00:00,2000-11-27 15:00:00,2000-11-27 21:00:00,2000-11-28 09:00:00
4881,2000331N09092,2000-11-26 12:00:00,2000-11-27 12:00:00,2000-11-27 18:00:00,2000-11-28 00:00:00,2000-11-28 12:00:00
4882,2000331N09092,2000-11-26 15:00:00,2000-11-27 15:00:00,2000-11-27 21:00:00,2000-11-28 03:00:00,2000-11-28 15:00:00
4883,2000331N09092,2000-11-26 18:00:00,2000-11-27 18:00:00,2000-11-28 00:00:00,2000-11-28 06:00:00,2000-11-28 18:00:00
4884,2000331N09092,2000-11-26 21:00:00,2000-11-27 21:00:00,2000-11-28 03:00:00,2000-11-28 09:00:00,2000-11-28 21:00:00
4885,2000331N09092,2000-11-27 00:00:00,2000-11-28 00:00:00,2000-11-28 06:00:00,2000-11-28 12:00:00,2000-11-29 00:00:00
4886,2000331N09092,2000-11-27 03:00:00,2000-11-28 03:00:00,2000-11-28 09:00:00,2000-11-28 15:00:00,2000-11-29 03:00:00
4887,2000331N09092,2000-11-27 06:00:00,2000-11-28 06:00:00,2000-11-28 12:00:00,2000-11-28 18:00:00,2000-11-29 06:00:00
4888,2000331N09092,2000-11-27 09:00:00,2000-11-28 09:00:00,2000-11-28 15:00:00,2000-11-28 21:00:00,2000-11-29 09:00:00
4889,2000331N09092,2000-11-27 12:00:00,2000-11-28 12:00:00,2000-11-28 18:00:00,2000-11-29 00:00:00,2000-11-29 12:00:00
4890,2000331N09092,2000-11-27 15:00:00,2000-11-28 15:00:00,2000-11-28 21:00:00,2000-11-29 03:00:00,2000-11-29 15:00:00
4891,2000331N09092,2000-11-27 18:00:00,2000-11-28 18:00:00,2000-11-29 00:00:00,2000-11-29 06:00:00,2000-11-29 18:00:00
4892,2000331N09092,2000-11-27 21:00:00,2000-11-28 21:00:00,2000-11-29 03:00:00,2000-11-29 09:00:00,2000-11-29 21:00:00
4893,2000331N09092,2000-11-28 00:00:00,2000-11-29 00:00:00,2000-11-29 06:00:00,2000-11-29 12:00:00,2000-11-30 00:00:00
4894,2000331N09092,2000-11-28 03:00:00,2000-11-29 03:00:00,2000-11-29 09:00:00,2000-11-29 15:00:00,2000-11-30 03:00:00
4895,2000331N09092,2000-11-28 06:00:00,2000-11-29 06:00:00,2000-11-29 12:00:00,2000-11-29 18:00:00,2000-11-30 06:00:00
4896,2000331N09092,2000-11-28 09:00:00,2000-11-29 09:00:00,2000-11-29 15:00:00,2000-11-29 21:00:00,2000-11-30 09:00:00
4897,2000331N09092,2000-11-28 12:00:00,2000-11-29 12:00:00,2000-11-29 18:00:00,2000-11-30 00:00:00,2000-11-30 12:00:00
4898,2000331N09092,2000-11-28 15:00:00,2000-11-29 15:00:00,2000-11-29 21:00:00,2000-11-30 03:00:00,2000-11-30 15:00:00
4899,2000331N09092,2000-11-28 18:00:00,2000-11-29 18:00:00,2000-11-30 00:00:00,2000-11-30 06:00:00,2000-11-30 18:00:00
4900,2000331N09092,2000-11-28 21:00:00,2000-11-29 21:00:00,2000-11-30 03:00:00,2000-11-30 09:00:00,2000-11-30 21:00:00
4901,2000331N09092,2000-11-29 00:00:00,2000-11-30 00:00:00,2000-11-30 06:00:00,2000-11-30 12:00:00,2000-12-01 00:00:00
4902,2000331N09092,2000-11-29 03:00:00,2000-11-30 03:00:00,2000-11-30 09:00:00,2000-11-30 15:00:00,2000-12-01 03:00:00
4903,2000331N09092,2000-11-29 06:00:00,2000-11-30 06:00:00,2000-11-30 12:00:00,2000-11-30 18:00:00,2000-12-01 06:00:00
4904,2000331N09092,2000-11-29 09:00:00,2000-11-30 09:00:00,2000-11-30 15:00:00,2000-11-30 21:00:00,2000-12-01 09:00:00
4905,2000331N09092,2000-11-29 12:00:00,2000-11-30 12:00:00,2000-11-30 18:00:00,2000-12-01 00:00:00,2000-12-01 12:00:00
4906,2000331N09092,2000-11-29 15:00:00,2000-11-30 15:00:00,2000-11-30 21:00:00,2000-12-01 03:00:00,2000-12-01 15:00:00
4907,2000331N09092,2000-11-29 18:00:00,2000-11-30 18:00:00,2000-12-01 00:00:00,2000-12-01 06:00:00,2000-12-01 18:00:00
4908,2000331N09092,2000-11-29 21:00:00,2000-11-30 21:00:00,2000-12-01 03:00:00,2000-12-01 09:00:00,2000-12-01 21:00:00
4909,2000331N09092,2000-11-30 00:00:00,2000-12-01 00:00:00,2000-12-01 06:00:00,2000-12-01 12:00:00,2000-12-02 00:00:00
4910,2000331N09092,2000-11-30 03:00:00,2000-12-01 03:00:00,2000-12-01 09:00:00,2000-12-01 15:00:00,2000-12-02 03:00:00
4911,2000331N09092,2000-11-30 06:00:00,2000-12-01 06:00:00,2000-12-01 12:00:00,2000-12-01 18:00:00,2000-12-02 06:00:00
4912,2000331N09092,2000-11-30 09:00:00,2000-12-01 09:00:00,2000-12-01 15:00:00,2000-12-01 21:00:00,2000-12-02 09:00:00
4913,2000331N09092,2000-11-30 12:00:00,2000-12-01 12:00:00,2000-12-01 18:00:00,2000-12-02 00:00:00,2000-12-02 12:00:00
4914,2000331N09092,2000-11-30 15:00:00,2000-12-01 15:00:00,2000-12-01 21:00:00,2000-12-02 03:00:00,2000-12-02 15:00:00
4915,2000331N09092,2000-11-30 18:00:00,2000-12-01 18:00:00,2000-12-02 00:00:00,2000-12-02 06:00:00,2000-12-02 18:00:00
4916,2000331N09092,2000-11-30 21:00:00,2000-12-01 21:00:00,2000-12-02 03:00:00,2000-12-02 09:00:00,2000-12-02 21:00:00
4917,2000331N09092,2000-12-01 00:00:00,2000-12-02 00:00:00,2000-12-02 06:00:00,2000-12-02 12:00:00,2000-12-03 00:00:00
4918,2000331N09092,2000-12-01 03:00:00,2000-12-02 03:00:00,2000-12-02 09:00:00,2000-12-02 15:00:00,2000-12-03 03:00:00
4919,2000331N09092,2000-12-01 06:00:00,2000-12-02 06:00:00,2000-12-02 12:00:00,2000-12-02 18:00:00,2000-12-03 06:00:00
4920,2000331N09092,2000-12-01 09:00:00,2000-12-02 09:00:00,2000-12-02 15:00:00,2000-12-02 21:00:00,2000-12-03 09:00:00
4921,2000331N09092,2000-12-01 12:00:00,2000-12-02 12:00:00,2000-12-02 18:00:00,2000-12-03 00:00:00,2000-12-03 12:00:00
4922,2000331N09092,2000-12-01 15:00:00,2000-12-02 15:00:00,2000-12-02 21:00:00,2000-12-03 03:00:00,2000-12-03 15:00:00
4923,2000331N09092,2000-12-01 18:00:00,2000-12-02 18:00:00,2000-12-03 00:00:00,2000-12-03 06:00:00,2000-12-03 18:00:00
4924,2000331N09092,2000-12-01 21:00:00,2000-12-02 21:00:00,2000-12-03 03:00:00,2000-12-03 09:00:00,2000-12-03 21:00:00
4925,2000331N09092,2000-12-02 00:00:00,2000-12-03 00:00:00,2000-12-03 06:00:00,2000-12-03 12:00:00,2000-12-04 00:00:00
4926,2000331N09092,2000-12-02 03:00:00,2000-12-03 03:00:00,2000-12-03 09:00:00,2000-12-03 15:00:00,2000-12-04 03:00:00
4927,2000331N09092,2000-12-02 06:00:00,2000-12-03 06:00:00,2000-12-03 12:00:00,2000-12-03 18:00:00,2000-12-04 06:00:00
4928,2000331N09092,2000-12-02 09:00:00,2000-12-03 09:00:00,2000-12-03 15:00:00,2000-12-03 21:00:00,2000-12-04 09:00:00
4929,2000331N09092,2000-12-02 12:00:00,2000-12-03 12:00:00,2000-12-03 18:00:00,2000-12-04 00:00:00,2000-12-04 12:00:00
4930,2000331N09092,2000-12-02 15:00:00,2000-12-03 15:00:00,2000-12-03 21:00:00,2000-12-04 03:00:00,2000-12-04 15:00:00
4931,2000331N09092,2000-12-02 18:00:00,2000-12-03 18:00:00,2000-12-04 00:00:00,2000-12-04 06:00:00,2000-12-04 18:00:00
4932,2000331N09092,2000-12-02 21:00:00,2000-12-03 21:00:00,2000-12-04 03:00:00,2000-12-04 09:00:00,2000-12-04 21:00:00
4933,2000331N09092,2000-12-03 00:00:00,2000-12-04 00:00:00,2000-12-04 06:00:00,2000-12-04 12:00:00,2000-12-05 00:00:00
4934,2000331N09092,2000-12-03 03:00:00,2000-12-04 03:00:00,2000-12-04 09:00:00,2000-12-04 15:00:00,2000-12-05 03:00:00
4935,2000331N09092,2000-12-03 06:00:00,2000-12-04 06:00:00,2000-12-04 12:00:00,2000-12-04 18:00:00,2000-12-05 06:00:00
4936,2000331N09092,2000-12-03 09:00:00,2000-12-04 09:00:00,2000-12-04 15:00:00,2000-12-04 21:00:00,2000-12-05 09:00:00
4937,2000331N09092,2000-12-03 12:00:00,2000-12-04 12:00:00,2000-12-04 18:00:00,2000-12-05 00:00:00,2000-12-05 12:00:00
4938,2000331N09092,2000-12-03 15:00:00,2000-12-04 15:00:00,2000-12-04 21:00:00,2000-12-05 03:00:00,2000-12-05 15:00:00
4939,2000331N09092,2000-12-03 18:00:00,2000-12-04 18:00:00,2000-12-05 00:00:00,2000-12-05 06:00:00,2000-12-05 18:00:00
4940,2000331N09092,2000-12-03 21:00:00,2000-12-04 21:00:00,2000-12-05 03:00:00,2000-12-05 09:00:00,2000-12-05 21:00:00
4941,2000331N09092,2000-12-04 00:00:00,2000-12-05 00:00:00,2000-12-05 06:00:00,2000-12-05 12:00:00,2000-12-06 00:00:00
4942,2000358N08086,2000-12-23 03:00:00,2000-12-24 03:00:00,2000-12-24 09:00:00,2000-12-24 15:00:00,2000-12-25 03:00:00
4943,2000358N08086,2000-12-23 06:00:00,2000-12-24 06:00:00,2000-12-24 12:00:00,2000-12-24 18:00:00,2000-12-25 06:00:00
4944,2000358N08086,2000-12-23 09:00:00,2000-12-24 09:00:00,2000-12-24 15:00:00,2000-12-24 21:00:00,2000-12-25 09:00:00
4945,2000358N08086,2000-12-23 12:00:00,2000-12-24 12:00:00,2000-12-24 18:00:00,2000-12-25 00:00:00,2000-12-25 12:00:00
4946,2000358N08086,2000-12-23 15:00:00,2000-12-24 15:00:00,2000-12-24 21:00:00,2000-12-25 03:00:00,2000-12-25 15:00:00
4947,2000358N08086,2000-12-23 18:00:00,2000-12-24 18:00:00,2000-12-25 00:00:00,2000-12-25 06:00:00,2000-12-25 18:00:00
4948,2000358N08086,2000-12-23 21:00:00,2000-12-24 21:00:00,2000-12-25 03:00:00,2000-12-25 09:00:00,2000-12-25 21:00:00
4949,2000358N08086,2000-12-24 00:00:00,2000-12-25 00:00:00,2000-12-25 06:00:00,2000-12-25 12:00:00,2000-12-26 00:00:00
4950,2000358N08086,2000-12-24 03:00:00,2000-12-25 03:00:00,2000-12-25 09:00:00,2000-12-25 15:00:00,2000-12-26 03:00:00
4951,2000358N08086,2000-12-24 06:00:00,2000-12-25 06:00:00,2000-12-25 12:00:00,2000-12-25 18:00:00,2000-12-26 06:00:00
4952,2000358N08086,2000-12-24 09:00:00,2000-12-25 09:00:00,2000-12-25 15:00:00,2000-12-25 21:00:00,2000-12-26 09:00:00
4953,2000358N08086,2000-12-24 12:00:00,2000-12-25 12:00:00,2000-12-25 18:00:00,2000-12-26 00:00:00,2000-12-26 12:00:00
4954,2000358N08086,2000-12-24 15:00:00,2000-12-25 15:00:00,2000-12-25 21:00:00,2000-12-26 03:00:00,2000-12-26 15:00:00
4955,2000358N08086,2000-12-24 18:00:00,2000-12-25 18:00:00,2000-12-26 00:00:00,2000-12-26 06:00:00,2000-12-26 18:00:00
4956,2000358N08086,2000-12-24 21:00:00,2000-12-25 21:00:00,2000-12-26 03:00:00,2000-12-26 09:00:00,2000-12-26 21:00:00
4957,2000358N08086,2000-12-25 00:00:00,2000-12-26 00:00:00,2000-12-26 06:00:00,2000-12-26 12:00:00,2000-12-27 00:00:00
4958,2000358N08086,2000-12-25 03:00:00,2000-12-26 03:00:00,2000-12-26 09:00:00,2000-12-26 15:00:00,2000-12-27 03:00:00
4959,2000358N08086,2000-12-25 06:00:00,2000-12-26 06:00:00,2000-12-26 12:00:00,2000-12-26 18:00:00,2000-12-27 06:00:00
4960,2000358N08086,2000-12-25 09:00:00,2000-12-26 09:00:00,2000-12-26 15:00:00,2000-12-26 21:00:00,2000-12-27 09:00:00
4961,2000358N08086,2000-12-25 12:00:00,2000-12-26 12:00:00,2000-12-26 18:00:00,2000-12-27 00:00:00,2000-12-27 12:00:00
4962,2000358N08086,2000-12-25 15:00:00,2000-12-26 15:00:00,2000-12-26 21:00:00,2000-12-27 03:00:00,2000-12-27 15:00:00
4963,2000358N08086,2000-12-25 18:00:00,2000-12-26 18:00:00,2000-12-27 00:00:00,2000-12-27 06:00:00,2000-12-27 18:00:00
4964,2000358N08086,2000-12-25 21:00:00,2000-12-26 21:00:00,2000-12-27 03:00:00,2000-12-27 09:00:00,2000-12-27 21:00:00
4965,2000358N08086,2000-12-26 00:00:00,2000-12-27 00:00:00,2000-12-27 06:00:00,2000-12-27 12:00:00,2000-12-28 00:00:00
4966,2000358N08086,2000-12-26 03:00:00,2000-12-27 03:00:00,2000-12-27 09:00:00,2000-12-27 15:00:00,2000-12-28 03:00:00
4967,2000358N08086,2000-12-26 06:00:00,2000-12-27 06:00:00,2000-12-27 12:00:00,2000-12-27 18:00:00,2000-12-28 06:00:00
4968,2000358N08086,2000-12-26 09:00:00,2000-12-27 09:00:00,2000-12-27 15:00:00,2000-12-27 21:00:00,2000-12-28 09:00:00
4969,2000358N08086,2000-12-26 12:00:00,2000-12-27 12:00:00,2000-12-27 18:00:00,2000-12-28 00:00:00,2000-12-28 12:00:00
4970,2000358N08086,2000-12-26 15:00:00,2000-12-27 15:00:00,2000-12-27 21:00:00,2000-12-28 03:00:00,2000-12-28 15:00:00
4971,2000358N08086,2000-12-26 18:00:00,2000-12-27 18:00:00,2000-12-28 00:00:00,2000-12-28 06:00:00,2000-12-28 18:00:00
4972,2000358N08086,2000-12-26 21:00:00,2000-12-27 21:00:00,2000-12-28 03:00:00,2000-12-28 09:00:00,2000-12-28 21:00:00
4973,2000358N08086,2000-12-27 00:00:00,2000-12-28 00:00:00,2000-12-28 06:00:00,2000-12-28 12:00:00,2000-12-29 00:00:00
4974,2001141N14068,2001-05-21 06:00:00,2001-05-22 06:00:00,2001-05-22 12:00:00,2001-05-22 18:00:00,2001-05-23 06:00:00
4975,2001141N14068,2001-05-21 09:00:00,2001-05-22 09:00:00,2001-05-22 15:00:00,2001-05-22 21:00:00,2001-05-23 09:00:00
4976,2001141N14068,2001-05-21 12:00:00,2001-05-22 12:00:00,2001-05-22 18:00:00,2001-05-23 00:00:00,2001-05-23 12:00:00
4977,2001141N14068,2001-05-21 15:00:00,2001-05-22 15:00:00,2001-05-22 21:00:00,2001-05-23 03:00:00,2001-05-23 15:00:00
4978,2001141N14068,2001-05-21 18:00:00,2001-05-22 18:00:00,2001-05-23 00:00:00,2001-05-23 06:00:00,2001-05-23 18:00:00
4979,2001141N14068,2001-05-21 21:00:00,2001-05-22 21:00:00,2001-05-23 03:00:00,2001-05-23 09:00:00,2001-05-23 21:00:00
4980,2001141N14068,2001-05-22 00:00:00,2001-05-23 00:00:00,2001-05-23 06:00:00,2001-05-23 12:00:00,2001-05-24 00:00:00
4981,2001141N14068,2001-05-22 03:00:00,2001-05-23 03:00:00,2001-05-23 09:00:00,2001-05-23 15:00:00,2001-05-24 03:00:00
4982,2001141N14068,2001-05-22 06:00:00,2001-05-23 06:00:00,2001-05-23 12:00:00,2001-05-23 18:00:00,2001-05-24 06:00:00
4983,2001141N14068,2001-05-22 09:00:00,2001-05-23 09:00:00,2001-05-23 15:00:00,2001-05-23 21:00:00,2001-05-24 09:00:00
4984,2001141N14068,2001-05-22 12:00:00,2001-05-23 12:00:00,2001-05-23 18:00:00,2001-05-24 00:00:00,2001-05-24 12:00:00
4985,2001141N14068,2001-05-22 15:00:00,2001-05-23 15:00:00,2001-05-23 21:00:00,2001-05-24 03:00:00,2001-05-24 15:00:00
4986,2001141N14068,2001-05-22 18:00:00,2001-05-23 18:00:00,2001-05-24 00:00:00,2001-05-24 06:00:00,2001-05-24 18:00:00
4987,2001141N14068,2001-05-22 21:00:00,2001-05-23 21:00:00,2001-05-24 03:00:00,2001-05-24 09:00:00,2001-05-24 21:00:00
4988,2001141N14068,2001-05-23 00:00:00,2001-05-24 00:00:00,2001-05-24 06:00:00,2001-05-24 12:00:00,2001-05-25 00:00:00
4989,2001141N14068,2001-05-23 03:00:00,2001-05-24 03:00:00,2001-05-24 09:00:00,2001-05-24 15:00:00,2001-05-25 03:00:00
4990,2001141N14068,2001-05-23 06:00:00,2001-05-24 06:00:00,2001-05-24 12:00:00,2001-05-24 18:00:00,2001-05-25 06:00:00
4991,2001141N14068,2001-05-23 09:00:00,2001-05-24 09:00:00,2001-05-24 15:00:00,2001-05-24 21:00:00,2001-05-25 09:00:00
4992,2001141N14068,2001-05-23 12:00:00,2001-05-24 12:00:00,2001-05-24 18:00:00,2001-05-25 00:00:00,2001-05-25 12:00:00
4993,2001141N14068,2001-05-23 15:00:00,2001-05-24 15:00:00,2001-05-24 21:00:00,2001-05-25 03:00:00,2001-05-25 15:00:00
4994,2001141N14068,2001-05-23 18:00:00,2001-05-24 18:00:00,2001-05-25 00:00:00,2001-05-25 06:00:00,2001-05-25 18:00:00
4995,2001141N14068,2001-05-23 21:00:00,2001-05-24 21:00:00,2001-05-25 03:00:00,2001-05-25 09:00:00,2001-05-25 21:00:00
4996,2001141N14068,2001-05-24 00:00:00,2001-05-25 00:00:00,2001-05-25 06:00:00,2001-05-25 12:00:00,2001-05-26 00:00:00
4997,2001141N14068,2001-05-24 03:00:00,2001-05-25 03:00:00,2001-05-25 09:00:00,2001-05-25 15:00:00,2001-05-26 03:00:00
4998,2001141N14068,2001-05-24 06:00:00,2001-05-25 06:00:00,2001-05-25 12:00:00,2001-05-25 18:00:00,2001-05-26 06:00:00
4999,2001141N14068,2001-05-24 09:00:00,2001-05-25 09:00:00,2001-05-25 15:00:00,2001-05-25 21:00:00,2001-05-26 09:00:00
5000,2001141N14068,2001-05-24 12:00:00,2001-05-25 12:00:00,2001-05-25 18:00:00,2001-05-26 00:00:00,2001-05-26 12:00:00
5001,2001141N14068,2001-05-24 15:00:00,2001-05-25 15:00:00,2001-05-25 21:00:00,2001-05-26 03:00:00,2001-05-26 15:00:00
5002,2001141N14068,2001-05-24 18:00:00,2001-05-25 18:00:00,2001-05-26 00:00:00,2001-05-26 06:00:00,2001-05-26 18:00:00
5003,2001141N14068,2001-05-24 21:00:00,2001-05-25 21:00:00,2001-05-26 03:00:00,2001-05-26 09:00:00,2001-05-26 21:00:00
5004,2001141N14068,2001-05-25 00:00:00,2001-05-26 00:00:00,2001-05-26 06:00:00,2001-05-26 12:00:00,2001-05-27 00:00:00
5005,2001141N14068,2001-05-25 03:00:00,2001-05-26 03:00:00,2001-05-26 09:00:00,2001-05-26 15:00:00,2001-05-27 03:00:00
5006,2001141N14068,2001-05-25 06:00:00,2001-05-26 06:00:00,2001-05-26 12:00:00,2001-05-26 18:00:00,2001-05-27 06:00:00
5007,2001141N14068,2001-05-25 09:00:00,2001-05-26 09:00:00,2001-05-26 15:00:00,2001-05-26 21:00:00,2001-05-27 09:00:00
5008,2001141N14068,2001-05-25 12:00:00,2001-05-26 12:00:00,2001-05-26 18:00:00,2001-05-27 00:00:00,2001-05-27 12:00:00
5009,2001141N14068,2001-05-25 15:00:00,2001-05-26 15:00:00,2001-05-26 21:00:00,2001-05-27 03:00:00,2001-05-27 15:00:00
5010,2001141N14068,2001-05-25 18:00:00,2001-05-26 18:00:00,2001-05-27 00:00:00,2001-05-27 06:00:00,2001-05-27 18:00:00
5011,2001141N14068,2001-05-25 21:00:00,2001-05-26 21:00:00,2001-05-27 03:00:00,2001-05-27 09:00:00,2001-05-27 21:00:00
5012,2001141N14068,2001-05-26 00:00:00,2001-05-27 00:00:00,2001-05-27 06:00:00,2001-05-27 12:00:00,2001-05-28 00:00:00
5013,2001141N14068,2001-05-26 03:00:00,2001-05-27 03:00:00,2001-05-27 09:00:00,2001-05-27 15:00:00,2001-05-28 03:00:00
5014,2001141N14068,2001-05-26 06:00:00,2001-05-27 06:00:00,2001-05-27 12:00:00,2001-05-27 18:00:00,2001-05-28 06:00:00
5015,2001141N14068,2001-05-26 09:00:00,2001-05-27 09:00:00,2001-05-27 15:00:00,2001-05-27 21:00:00,2001-05-28 09:00:00
5016,2001141N14068,2001-05-26 12:00:00,2001-05-27 12:00:00,2001-05-27 18:00:00,2001-05-28 00:00:00,2001-05-28 12:00:00
5017,2001141N14068,2001-05-26 15:00:00,2001-05-27 15:00:00,2001-05-27 21:00:00,2001-05-28 03:00:00,2001-05-28 15:00:00
5018,2001141N14068,2001-05-26 18:00:00,2001-05-27 18:00:00,2001-05-28 00:00:00,2001-05-28 06:00:00,2001-05-28 18:00:00
5019,2001141N14068,2001-05-26 21:00:00,2001-05-27 21:00:00,2001-05-28 03:00:00,2001-05-28 09:00:00,2001-05-28 21:00:00
5020,2001141N14068,2001-05-27 00:00:00,2001-05-28 00:00:00,2001-05-28 06:00:00,2001-05-28 12:00:00,2001-05-29 00:00:00
5021,2001141N14068,2001-05-27 03:00:00,2001-05-28 03:00:00,2001-05-28 09:00:00,2001-05-28 15:00:00,2001-05-29 03:00:00
5022,2001141N14068,2001-05-27 06:00:00,2001-05-28 06:00:00,2001-05-28 12:00:00,2001-05-28 18:00:00,2001-05-29 06:00:00
5023,2001141N14068,2001-05-27 09:00:00,2001-05-28 09:00:00,2001-05-28 15:00:00,2001-05-28 21:00:00,2001-05-29 09:00:00
5024,2001141N14068,2001-05-27 12:00:00,2001-05-28 12:00:00,2001-05-28 18:00:00,2001-05-29 00:00:00,2001-05-29 12:00:00
5025,2001267N17070,2001-09-24 00:00:00,2001-09-25 00:00:00,2001-09-25 06:00:00,2001-09-25 12:00:00,2001-09-26 00:00:00
5026,2001267N17070,2001-09-24 03:00:00,2001-09-25 03:00:00,2001-09-25 09:00:00,2001-09-25 15:00:00,2001-09-26 03:00:00
5027,2001267N17070,2001-09-24 06:00:00,2001-09-25 06:00:00,2001-09-25 12:00:00,2001-09-25 18:00:00,2001-09-26 06:00:00
5028,2001267N17070,2001-09-24 09:00:00,2001-09-25 09:00:00,2001-09-25 15:00:00,2001-09-25 21:00:00,2001-09-26 09:00:00
5029,2001267N17070,2001-09-24 12:00:00,2001-09-25 12:00:00,2001-09-25 18:00:00,2001-09-26 00:00:00,2001-09-26 12:00:00
5030,2001267N17070,2001-09-24 15:00:00,2001-09-25 15:00:00,2001-09-25 21:00:00,2001-09-26 03:00:00,2001-09-26 15:00:00
5031,2001267N17070,2001-09-24 18:00:00,2001-09-25 18:00:00,2001-09-26 00:00:00,2001-09-26 06:00:00,2001-09-26 18:00:00
5032,2001267N17070,2001-09-24 21:00:00,2001-09-25 21:00:00,2001-09-26 03:00:00,2001-09-26 09:00:00,2001-09-26 21:00:00
5033,2001267N17070,2001-09-25 00:00:00,2001-09-26 00:00:00,2001-09-26 06:00:00,2001-09-26 12:00:00,2001-09-27 00:00:00
5034,2001267N17070,2001-09-25 03:00:00,2001-09-26 03:00:00,2001-09-26 09:00:00,2001-09-26 15:00:00,2001-09-27 03:00:00
5035,2001267N17070,2001-09-25 06:00:00,2001-09-26 06:00:00,2001-09-26 12:00:00,2001-09-26 18:00:00,2001-09-27 06:00:00
5036,2001267N17070,2001-09-25 09:00:00,2001-09-26 09:00:00,2001-09-26 15:00:00,2001-09-26 21:00:00,2001-09-27 09:00:00
5037,2001267N17070,2001-09-25 12:00:00,2001-09-26 12:00:00,2001-09-26 18:00:00,2001-09-27 00:00:00,2001-09-27 12:00:00
5038,2001267N17070,2001-09-25 15:00:00,2001-09-26 15:00:00,2001-09-26 21:00:00,2001-09-27 03:00:00,2001-09-27 15:00:00
5039,2001267N17070,2001-09-25 18:00:00,2001-09-26 18:00:00,2001-09-27 00:00:00,2001-09-27 06:00:00,2001-09-27 18:00:00
5040,2001267N17070,2001-09-25 21:00:00,2001-09-26 21:00:00,2001-09-27 03:00:00,2001-09-27 09:00:00,2001-09-27 21:00:00
5041,2001267N17070,2001-09-26 00:00:00,2001-09-27 00:00:00,2001-09-27 06:00:00,2001-09-27 12:00:00,2001-09-28 00:00:00
5042,2001267N17070,2001-09-26 03:00:00,2001-09-27 03:00:00,2001-09-27 09:00:00,2001-09-27 15:00:00,2001-09-28 03:00:00
5043,2001267N17070,2001-09-26 06:00:00,2001-09-27 06:00:00,2001-09-27 12:00:00,2001-09-27 18:00:00,2001-09-28 06:00:00
5044,2001267N17070,2001-09-26 09:00:00,2001-09-27 09:00:00,2001-09-27 15:00:00,2001-09-27 21:00:00,2001-09-28 09:00:00
5045,2001267N17070,2001-09-26 12:00:00,2001-09-27 12:00:00,2001-09-27 18:00:00,2001-09-28 00:00:00,2001-09-28 12:00:00
5046,2001281N18071,2001-10-08 06:00:00,2001-10-09 06:00:00,2001-10-09 12:00:00,2001-10-09 18:00:00,2001-10-10 06:00:00
5047,2001281N18071,2001-10-08 09:00:00,2001-10-09 09:00:00,2001-10-09 15:00:00,2001-10-09 21:00:00,2001-10-10 09:00:00
5048,2001281N18071,2001-10-08 12:00:00,2001-10-09 12:00:00,2001-10-09 18:00:00,2001-10-10 00:00:00,2001-10-10 12:00:00
5049,2001281N18071,2001-10-08 15:00:00,2001-10-09 15:00:00,2001-10-09 21:00:00,2001-10-10 03:00:00,2001-10-10 15:00:00
5050,2001281N18071,2001-10-08 18:00:00,2001-10-09 18:00:00,2001-10-10 00:00:00,2001-10-10 06:00:00,2001-10-10 18:00:00
5051,2001281N18071,2001-10-08 21:00:00,2001-10-09 21:00:00,2001-10-10 03:00:00,2001-10-10 09:00:00,2001-10-10 21:00:00
5052,2001281N18071,2001-10-09 00:00:00,2001-10-10 00:00:00,2001-10-10 06:00:00,2001-10-10 12:00:00,2001-10-11 00:00:00
5053,2001281N18071,2001-10-09 03:00:00,2001-10-10 03:00:00,2001-10-10 09:00:00,2001-10-10 15:00:00,2001-10-11 03:00:00
5054,2001281N18071,2001-10-09 06:00:00,2001-10-10 06:00:00,2001-10-10 12:00:00,2001-10-10 18:00:00,2001-10-11 06:00:00
5055,2001281N18071,2001-10-09 09:00:00,2001-10-10 09:00:00,2001-10-10 15:00:00,2001-10-10 21:00:00,2001-10-11 09:00:00
5056,2001281N18071,2001-10-09 12:00:00,2001-10-10 12:00:00,2001-10-10 18:00:00,2001-10-11 00:00:00,2001-10-11 12:00:00
5057,2001281N18071,2001-10-09 15:00:00,2001-10-10 15:00:00,2001-10-10 21:00:00,2001-10-11 03:00:00,2001-10-11 15:00:00
5058,2001281N18071,2001-10-09 18:00:00,2001-10-10 18:00:00,2001-10-11 00:00:00,2001-10-11 06:00:00,2001-10-11 18:00:00
5059,2001281N18071,2001-10-09 21:00:00,2001-10-10 21:00:00,2001-10-11 03:00:00,2001-10-11 09:00:00,2001-10-11 21:00:00
5060,2001281N18071,2001-10-10 00:00:00,2001-10-11 00:00:00,2001-10-11 06:00:00,2001-10-11 12:00:00,2001-10-12 00:00:00
5061,2001281N18071,2001-10-10 03:00:00,2001-10-11 03:00:00,2001-10-11 09:00:00,2001-10-11 15:00:00,2001-10-12 03:00:00
5062,2001281N18071,2001-10-10 06:00:00,2001-10-11 06:00:00,2001-10-11 12:00:00,2001-10-11 18:00:00,2001-10-12 06:00:00
5063,2001281N18071,2001-10-10 09:00:00,2001-10-11 09:00:00,2001-10-11 15:00:00,2001-10-11 21:00:00,2001-10-12 09:00:00
5064,2001281N18071,2001-10-10 12:00:00,2001-10-11 12:00:00,2001-10-11 18:00:00,2001-10-12 00:00:00,2001-10-12 12:00:00
5065,2001281N18071,2001-10-10 15:00:00,2001-10-11 15:00:00,2001-10-11 21:00:00,2001-10-12 03:00:00,2001-10-12 15:00:00
5066,2001281N18071,2001-10-10 18:00:00,2001-10-11 18:00:00,2001-10-12 00:00:00,2001-10-12 06:00:00,2001-10-12 18:00:00
5067,2001281N18071,2001-10-10 21:00:00,2001-10-11 21:00:00,2001-10-12 03:00:00,2001-10-12 09:00:00,2001-10-12 21:00:00
5068,2001281N18071,2001-10-11 00:00:00,2001-10-12 00:00:00,2001-10-12 06:00:00,2001-10-12 12:00:00,2001-10-13 00:00:00
5069,2001281N18071,2001-10-11 03:00:00,2001-10-12 03:00:00,2001-10-12 09:00:00,2001-10-12 15:00:00,2001-10-13 03:00:00
5070,2001281N18071,2001-10-11 06:00:00,2001-10-12 06:00:00,2001-10-12 12:00:00,2001-10-12 18:00:00,2001-10-13 06:00:00
5071,2001288N13084,2001-10-14 12:00:00,2001-10-15 12:00:00,2001-10-15 18:00:00,2001-10-16 00:00:00,2001-10-16 12:00:00
5072,2001288N13084,2001-10-14 15:00:00,2001-10-15 15:00:00,2001-10-15 21:00:00,2001-10-16 03:00:00,2001-10-16 15:00:00
5073,2001288N13084,2001-10-14 18:00:00,2001-10-15 18:00:00,2001-10-16 00:00:00,2001-10-16 06:00:00,2001-10-16 18:00:00
5074,2001313N12084,2001-11-09 00:00:00,2001-11-10 00:00:00,2001-11-10 06:00:00,2001-11-10 12:00:00,2001-11-11 00:00:00
5075,2001313N12084,2001-11-09 03:00:00,2001-11-10 03:00:00,2001-11-10 09:00:00,2001-11-10 15:00:00,2001-11-11 03:00:00
5076,2001313N12084,2001-11-09 06:00:00,2001-11-10 06:00:00,2001-11-10 12:00:00,2001-11-10 18:00:00,2001-11-11 06:00:00
5077,2001313N12084,2001-11-09 09:00:00,2001-11-10 09:00:00,2001-11-10 15:00:00,2001-11-10 21:00:00,2001-11-11 09:00:00
5078,2001313N12084,2001-11-09 12:00:00,2001-11-10 12:00:00,2001-11-10 18:00:00,2001-11-11 00:00:00,2001-11-11 12:00:00
5079,2001313N12084,2001-11-09 15:00:00,2001-11-10 15:00:00,2001-11-10 21:00:00,2001-11-11 03:00:00,2001-11-11 15:00:00
5080,2001313N12084,2001-11-09 18:00:00,2001-11-10 18:00:00,2001-11-11 00:00:00,2001-11-11 06:00:00,2001-11-11 18:00:00
5081,2001313N12084,2001-11-09 21:00:00,2001-11-10 21:00:00,2001-11-11 03:00:00,2001-11-11 09:00:00,2001-11-11 21:00:00
5082,2001313N12084,2001-11-10 00:00:00,2001-11-11 00:00:00,2001-11-11 06:00:00,2001-11-11 12:00:00,2001-11-12 00:00:00
5083,2001313N12084,2001-11-10 03:00:00,2001-11-11 03:00:00,2001-11-11 09:00:00,2001-11-11 15:00:00,2001-11-12 03:00:00
5084,2001313N12084,2001-11-10 06:00:00,2001-11-11 06:00:00,2001-11-11 12:00:00,2001-11-11 18:00:00,2001-11-12 06:00:00
5085,2001361N01106,2001-12-26 12:00:00,2001-12-27 12:00:00,2001-12-27 18:00:00,2001-12-28 00:00:00,2001-12-28 12:00:00
5086,2001361N01106,2001-12-26 15:00:00,2001-12-27 15:00:00,2001-12-27 21:00:00,2001-12-28 03:00:00,2001-12-28 15:00:00
5087,2001361N01106,2001-12-26 18:00:00,2001-12-27 18:00:00,2001-12-28 00:00:00,2001-12-28 06:00:00,2001-12-28 18:00:00
5088,2001361N01106,2001-12-26 21:00:00,2001-12-27 21:00:00,2001-12-28 03:00:00,2001-12-28 09:00:00,2001-12-28 21:00:00
5089,2001361N01106,2001-12-27 00:00:00,2001-12-28 00:00:00,2001-12-28 06:00:00,2001-12-28 12:00:00,2001-12-29 00:00:00
5090,2001361N01106,2001-12-27 03:00:00,2001-12-28 03:00:00,2001-12-28 09:00:00,2001-12-28 15:00:00,2001-12-29 03:00:00
5091,2001361N01106,2001-12-27 06:00:00,2001-12-28 06:00:00,2001-12-28 12:00:00,2001-12-28 18:00:00,2001-12-29 06:00:00
5092,2001361N01106,2001-12-27 09:00:00,2001-12-28 09:00:00,2001-12-28 15:00:00,2001-12-28 21:00:00,2001-12-29 09:00:00
5093,2001361N01106,2001-12-27 12:00:00,2001-12-28 12:00:00,2001-12-28 18:00:00,2001-12-29 00:00:00,2001-12-29 12:00:00
5094,2001361N01106,2001-12-27 15:00:00,2001-12-28 15:00:00,2001-12-28 21:00:00,2001-12-29 03:00:00,2001-12-29 15:00:00
5095,2001361N01106,2001-12-27 18:00:00,2001-12-28 18:00:00,2001-12-29 00:00:00,2001-12-29 06:00:00,2001-12-29 18:00:00
5096,2001361N01106,2001-12-27 21:00:00,2001-12-28 21:00:00,2001-12-29 03:00:00,2001-12-29 09:00:00,2001-12-29 21:00:00
5097,2001361N01106,2001-12-28 00:00:00,2001-12-29 00:00:00,2001-12-29 06:00:00,2001-12-29 12:00:00,2001-12-30 00:00:00
5098,2001361N01106,2001-12-28 03:00:00,2001-12-29 03:00:00,2001-12-29 09:00:00,2001-12-29 15:00:00,2001-12-30 03:00:00
5099,2001361N01106,2001-12-28 06:00:00,2001-12-29 06:00:00,2001-12-29 12:00:00,2001-12-29 18:00:00,2001-12-30 06:00:00
5100,2001361N01106,2001-12-28 09:00:00,2001-12-29 09:00:00,2001-12-29 15:00:00,2001-12-29 21:00:00,2001-12-30 09:00:00
5101,2001361N01106,2001-12-28 12:00:00,2001-12-29 12:00:00,2001-12-29 18:00:00,2001-12-30 00:00:00,2001-12-30 12:00:00
5102,2001361N01106,2001-12-28 15:00:00,2001-12-29 15:00:00,2001-12-29 21:00:00,2001-12-30 03:00:00,2001-12-30 15:00:00
5103,2001361N01106,2001-12-28 18:00:00,2001-12-29 18:00:00,2001-12-30 00:00:00,2001-12-30 06:00:00,2001-12-30 18:00:00
5104,2001361N01106,2001-12-28 21:00:00,2001-12-29 21:00:00,2001-12-30 03:00:00,2001-12-30 09:00:00,2001-12-30 21:00:00
5105,2001361N01106,2001-12-29 00:00:00,2001-12-30 00:00:00,2001-12-30 06:00:00,2001-12-30 12:00:00,2001-12-31 00:00:00
5106,2001361N01106,2001-12-29 03:00:00,2001-12-30 03:00:00,2001-12-30 09:00:00,2001-12-30 15:00:00,2001-12-31 03:00:00
5107,2001361N01106,2001-12-29 06:00:00,2001-12-30 06:00:00,2001-12-30 12:00:00,2001-12-30 18:00:00,2001-12-31 06:00:00
5108,2001361N01106,2001-12-29 09:00:00,2001-12-30 09:00:00,2001-12-30 15:00:00,2001-12-30 21:00:00,2001-12-31 09:00:00
5109,2001361N01106,2001-12-29 12:00:00,2001-12-30 12:00:00,2001-12-30 18:00:00,2001-12-31 00:00:00,2001-12-31 12:00:00
5110,2001361N01106,2001-12-29 15:00:00,2001-12-30 15:00:00,2001-12-30 21:00:00,2001-12-31 03:00:00,2001-12-31 15:00:00
5111,2001361N01106,2001-12-29 18:00:00,2001-12-30 18:00:00,2001-12-31 00:00:00,2001-12-31 06:00:00,2001-12-31 18:00:00
5112,2001361N01106,2001-12-29 21:00:00,2001-12-30 21:00:00,2001-12-31 03:00:00,2001-12-31 09:00:00,2001-12-31 21:00:00
5113,2001361N01106,2001-12-30 00:00:00,2001-12-31 00:00:00,2001-12-31 06:00:00,2001-12-31 12:00:00,2002-01-01 00:00:00
5114,2001361N01106,2001-12-30 03:00:00,2001-12-31 03:00:00,2001-12-31 09:00:00,2001-12-31 15:00:00,2002-01-01 03:00:00
5115,2001361N01106,2001-12-30 06:00:00,2001-12-31 06:00:00,2001-12-31 12:00:00,2001-12-31 18:00:00,2002-01-01 06:00:00
5116,2002126N09068,2002-05-05 18:00:00,2002-05-06 18:00:00,2002-05-07 00:00:00,2002-05-07 06:00:00,2002-05-07 18:00:00
5117,2002126N09068,2002-05-05 21:00:00,2002-05-06 21:00:00,2002-05-07 03:00:00,2002-05-07 09:00:00,2002-05-07 21:00:00
5118,2002126N09068,2002-05-06 00:00:00,2002-05-07 00:00:00,2002-05-07 06:00:00,2002-05-07 12:00:00,2002-05-08 00:00:00
5119,2002126N09068,2002-05-06 03:00:00,2002-05-07 03:00:00,2002-05-07 09:00:00,2002-05-07 15:00:00,2002-05-08 03:00:00
5120,2002126N09068,2002-05-06 06:00:00,2002-05-07 06:00:00,2002-05-07 12:00:00,2002-05-07 18:00:00,2002-05-08 06:00:00
5121,2002126N09068,2002-05-06 09:00:00,2002-05-07 09:00:00,2002-05-07 15:00:00,2002-05-07 21:00:00,2002-05-08 09:00:00
5122,2002126N09068,2002-05-06 12:00:00,2002-05-07 12:00:00,2002-05-07 18:00:00,2002-05-08 00:00:00,2002-05-08 12:00:00
5123,2002126N09068,2002-05-06 15:00:00,2002-05-07 15:00:00,2002-05-07 21:00:00,2002-05-08 03:00:00,2002-05-08 15:00:00
5124,2002126N09068,2002-05-06 18:00:00,2002-05-07 18:00:00,2002-05-08 00:00:00,2002-05-08 06:00:00,2002-05-08 18:00:00
5125,2002126N09068,2002-05-06 21:00:00,2002-05-07 21:00:00,2002-05-08 03:00:00,2002-05-08 09:00:00,2002-05-08 21:00:00
5126,2002126N09068,2002-05-07 00:00:00,2002-05-08 00:00:00,2002-05-08 06:00:00,2002-05-08 12:00:00,2002-05-09 00:00:00
5127,2002126N09068,2002-05-07 03:00:00,2002-05-08 03:00:00,2002-05-08 09:00:00,2002-05-08 15:00:00,2002-05-09 03:00:00
5128,2002126N09068,2002-05-07 06:00:00,2002-05-08 06:00:00,2002-05-08 12:00:00,2002-05-08 18:00:00,2002-05-09 06:00:00
5129,2002126N09068,2002-05-07 09:00:00,2002-05-08 09:00:00,2002-05-08 15:00:00,2002-05-08 21:00:00,2002-05-09 09:00:00
5130,2002126N09068,2002-05-07 12:00:00,2002-05-08 12:00:00,2002-05-08 18:00:00,2002-05-09 00:00:00,2002-05-09 12:00:00
5131,2002126N09068,2002-05-07 15:00:00,2002-05-08 15:00:00,2002-05-08 21:00:00,2002-05-09 03:00:00,2002-05-09 15:00:00
5132,2002126N09068,2002-05-07 18:00:00,2002-05-08 18:00:00,2002-05-09 00:00:00,2002-05-09 06:00:00,2002-05-09 18:00:00
5133,2002126N09068,2002-05-07 21:00:00,2002-05-08 21:00:00,2002-05-09 03:00:00,2002-05-09 09:00:00,2002-05-09 21:00:00
5134,2002126N09068,2002-05-08 00:00:00,2002-05-09 00:00:00,2002-05-09 06:00:00,2002-05-09 12:00:00,2002-05-10 00:00:00
5135,2002126N09068,2002-05-08 03:00:00,2002-05-09 03:00:00,2002-05-09 09:00:00,2002-05-09 15:00:00,2002-05-10 03:00:00
5136,2002126N09068,2002-05-08 06:00:00,2002-05-09 06:00:00,2002-05-09 12:00:00,2002-05-09 18:00:00,2002-05-10 06:00:00
5137,2002126N09068,2002-05-08 09:00:00,2002-05-09 09:00:00,2002-05-09 15:00:00,2002-05-09 21:00:00,2002-05-10 09:00:00
5138,2002126N09068,2002-05-08 12:00:00,2002-05-09 12:00:00,2002-05-09 18:00:00,2002-05-10 00:00:00,2002-05-10 12:00:00
5139,2002126N09068,2002-05-08 15:00:00,2002-05-09 15:00:00,2002-05-09 21:00:00,2002-05-10 03:00:00,2002-05-10 15:00:00
5140,2002126N09068,2002-05-08 18:00:00,2002-05-09 18:00:00,2002-05-10 00:00:00,2002-05-10 06:00:00,2002-05-10 18:00:00
5141,2002129N08096,2002-05-09 06:00:00,2002-05-10 06:00:00,2002-05-10 12:00:00,2002-05-10 18:00:00,2002-05-11 06:00:00
5142,2002129N08096,2002-05-09 09:00:00,2002-05-10 09:00:00,2002-05-10 15:00:00,2002-05-10 21:00:00,2002-05-11 09:00:00
5143,2002129N08096,2002-05-09 12:00:00,2002-05-10 12:00:00,2002-05-10 18:00:00,2002-05-11 00:00:00,2002-05-11 12:00:00
5144,2002129N08096,2002-05-09 15:00:00,2002-05-10 15:00:00,2002-05-10 21:00:00,2002-05-11 03:00:00,2002-05-11 15:00:00
5145,2002129N08096,2002-05-09 18:00:00,2002-05-10 18:00:00,2002-05-11 00:00:00,2002-05-11 06:00:00,2002-05-11 18:00:00
5146,2002129N08096,2002-05-09 21:00:00,2002-05-10 21:00:00,2002-05-11 03:00:00,2002-05-11 09:00:00,2002-05-11 21:00:00
5147,2002129N08096,2002-05-10 00:00:00,2002-05-11 00:00:00,2002-05-11 06:00:00,2002-05-11 12:00:00,2002-05-12 00:00:00
5148,2002129N08096,2002-05-10 03:00:00,2002-05-11 03:00:00,2002-05-11 09:00:00,2002-05-11 15:00:00,2002-05-12 03:00:00
5149,2002129N08096,2002-05-10 06:00:00,2002-05-11 06:00:00,2002-05-11 12:00:00,2002-05-11 18:00:00,2002-05-12 06:00:00
5150,2002129N08096,2002-05-10 09:00:00,2002-05-11 09:00:00,2002-05-11 15:00:00,2002-05-11 21:00:00,2002-05-12 09:00:00
5151,2002129N08096,2002-05-10 12:00:00,2002-05-11 12:00:00,2002-05-11 18:00:00,2002-05-12 00:00:00,2002-05-12 12:00:00
5152,2002314N12083,2002-11-09 18:00:00,2002-11-10 18:00:00,2002-11-11 00:00:00,2002-11-11 06:00:00,2002-11-11 18:00:00
5153,2002314N12083,2002-11-09 21:00:00,2002-11-10 21:00:00,2002-11-11 03:00:00,2002-11-11 09:00:00,2002-11-11 21:00:00
5154,2002314N12083,2002-11-10 00:00:00,2002-11-11 00:00:00,2002-11-11 06:00:00,2002-11-11 12:00:00,2002-11-12 00:00:00
5155,2002314N12083,2002-11-10 03:00:00,2002-11-11 03:00:00,2002-11-11 09:00:00,2002-11-11 15:00:00,2002-11-12 03:00:00
5156,2002314N12083,2002-11-10 06:00:00,2002-11-11 06:00:00,2002-11-11 12:00:00,2002-11-11 18:00:00,2002-11-12 06:00:00
5157,2002314N12083,2002-11-10 09:00:00,2002-11-11 09:00:00,2002-11-11 15:00:00,2002-11-11 21:00:00,2002-11-12 09:00:00
5158,2002314N12083,2002-11-10 12:00:00,2002-11-11 12:00:00,2002-11-11 18:00:00,2002-11-12 00:00:00,2002-11-12 12:00:00
5159,2002314N12083,2002-11-10 15:00:00,2002-11-11 15:00:00,2002-11-11 21:00:00,2002-11-12 03:00:00,2002-11-12 15:00:00
5160,2002327N10089,2002-11-22 18:00:00,2002-11-23 18:00:00,2002-11-24 00:00:00,2002-11-24 06:00:00,2002-11-24 18:00:00
5161,2002327N10089,2002-11-22 21:00:00,2002-11-23 21:00:00,2002-11-24 03:00:00,2002-11-24 09:00:00,2002-11-24 21:00:00
5162,2002327N10089,2002-11-23 00:00:00,2002-11-24 00:00:00,2002-11-24 06:00:00,2002-11-24 12:00:00,2002-11-25 00:00:00
5163,2002327N10089,2002-11-23 03:00:00,2002-11-24 03:00:00,2002-11-24 09:00:00,2002-11-24 15:00:00,2002-11-25 03:00:00
5164,2002327N10089,2002-11-23 06:00:00,2002-11-24 06:00:00,2002-11-24 12:00:00,2002-11-24 18:00:00,2002-11-25 06:00:00
5165,2002327N10089,2002-11-23 09:00:00,2002-11-24 09:00:00,2002-11-24 15:00:00,2002-11-24 21:00:00,2002-11-25 09:00:00
5166,2002327N10089,2002-11-23 12:00:00,2002-11-24 12:00:00,2002-11-24 18:00:00,2002-11-25 00:00:00,2002-11-25 12:00:00
5167,2002327N10089,2002-11-23 15:00:00,2002-11-24 15:00:00,2002-11-24 21:00:00,2002-11-25 03:00:00,2002-11-25 15:00:00
5168,2002327N10089,2002-11-23 18:00:00,2002-11-24 18:00:00,2002-11-25 00:00:00,2002-11-25 06:00:00,2002-11-25 18:00:00
5169,2002327N10089,2002-11-23 21:00:00,2002-11-24 21:00:00,2002-11-25 03:00:00,2002-11-25 09:00:00,2002-11-25 21:00:00
5170,2002327N10089,2002-11-24 00:00:00,2002-11-25 00:00:00,2002-11-25 06:00:00,2002-11-25 12:00:00,2002-11-26 00:00:00
5171,2002327N10089,2002-11-24 03:00:00,2002-11-25 03:00:00,2002-11-25 09:00:00,2002-11-25 15:00:00,2002-11-26 03:00:00
5172,2002327N10089,2002-11-24 06:00:00,2002-11-25 06:00:00,2002-11-25 12:00:00,2002-11-25 18:00:00,2002-11-26 06:00:00
5173,2002327N10089,2002-11-24 09:00:00,2002-11-25 09:00:00,2002-11-25 15:00:00,2002-11-25 21:00:00,2002-11-26 09:00:00
5174,2002327N10089,2002-11-24 12:00:00,2002-11-25 12:00:00,2002-11-25 18:00:00,2002-11-26 00:00:00,2002-11-26 12:00:00
5175,2002327N10089,2002-11-24 15:00:00,2002-11-25 15:00:00,2002-11-25 21:00:00,2002-11-26 03:00:00,2002-11-26 15:00:00
5176,2002327N10089,2002-11-24 18:00:00,2002-11-25 18:00:00,2002-11-26 00:00:00,2002-11-26 06:00:00,2002-11-26 18:00:00
5177,2002327N10089,2002-11-24 21:00:00,2002-11-25 21:00:00,2002-11-26 03:00:00,2002-11-26 09:00:00,2002-11-26 21:00:00
5178,2002327N10089,2002-11-25 00:00:00,2002-11-26 00:00:00,2002-11-26 06:00:00,2002-11-26 12:00:00,2002-11-27 00:00:00
5179,2002327N10089,2002-11-25 03:00:00,2002-11-26 03:00:00,2002-11-26 09:00:00,2002-11-26 15:00:00,2002-11-27 03:00:00
5180,2002327N10089,2002-11-25 06:00:00,2002-11-26 06:00:00,2002-11-26 12:00:00,2002-11-26 18:00:00,2002-11-27 06:00:00
5181,2002327N10089,2002-11-25 09:00:00,2002-11-26 09:00:00,2002-11-26 15:00:00,2002-11-26 21:00:00,2002-11-27 09:00:00
5182,2002327N10089,2002-11-25 12:00:00,2002-11-26 12:00:00,2002-11-26 18:00:00,2002-11-27 00:00:00,2002-11-27 12:00:00
5183,2002327N10089,2002-11-25 15:00:00,2002-11-26 15:00:00,2002-11-26 21:00:00,2002-11-27 03:00:00,2002-11-27 15:00:00
5184,2002327N10089,2002-11-25 18:00:00,2002-11-26 18:00:00,2002-11-27 00:00:00,2002-11-27 06:00:00,2002-11-27 18:00:00
5185,2002327N10089,2002-11-25 21:00:00,2002-11-26 21:00:00,2002-11-27 03:00:00,2002-11-27 09:00:00,2002-11-27 21:00:00
5186,2002327N10089,2002-11-26 00:00:00,2002-11-27 00:00:00,2002-11-27 06:00:00,2002-11-27 12:00:00,2002-11-28 00:00:00
5187,2002327N10089,2002-11-26 03:00:00,2002-11-27 03:00:00,2002-11-27 09:00:00,2002-11-27 15:00:00,2002-11-28 03:00:00
5188,2002327N10089,2002-11-26 06:00:00,2002-11-27 06:00:00,2002-11-27 12:00:00,2002-11-27 18:00:00,2002-11-28 06:00:00
5189,2002327N10089,2002-11-26 09:00:00,2002-11-27 09:00:00,2002-11-27 15:00:00,2002-11-27 21:00:00,2002-11-28 09:00:00
5190,2002327N10089,2002-11-26 12:00:00,2002-11-27 12:00:00,2002-11-27 18:00:00,2002-11-28 00:00:00,2002-11-28 12:00:00
5191,2002355N04077,2002-12-21 03:00:00,2002-12-22 03:00:00,2002-12-22 09:00:00,2002-12-22 15:00:00,2002-12-23 03:00:00
5192,2002355N04077,2002-12-21 06:00:00,2002-12-22 06:00:00,2002-12-22 12:00:00,2002-12-22 18:00:00,2002-12-23 06:00:00
5193,2002355N04077,2002-12-21 09:00:00,2002-12-22 09:00:00,2002-12-22 15:00:00,2002-12-22 21:00:00,2002-12-23 09:00:00
5194,2002355N04077,2002-12-21 12:00:00,2002-12-22 12:00:00,2002-12-22 18:00:00,2002-12-23 00:00:00,2002-12-23 12:00:00
5195,2002355N04077,2002-12-21 15:00:00,2002-12-22 15:00:00,2002-12-22 21:00:00,2002-12-23 03:00:00,2002-12-23 15:00:00
5196,2002355N04077,2002-12-21 18:00:00,2002-12-22 18:00:00,2002-12-23 00:00:00,2002-12-23 06:00:00,2002-12-23 18:00:00
5197,2002355N04077,2002-12-21 21:00:00,2002-12-22 21:00:00,2002-12-23 03:00:00,2002-12-23 09:00:00,2002-12-23 21:00:00
5198,2002355N04077,2002-12-22 00:00:00,2002-12-23 00:00:00,2002-12-23 06:00:00,2002-12-23 12:00:00,2002-12-24 00:00:00
5199,2002355N04077,2002-12-22 03:00:00,2002-12-23 03:00:00,2002-12-23 09:00:00,2002-12-23 15:00:00,2002-12-24 03:00:00
5200,2002355N04077,2002-12-22 06:00:00,2002-12-23 06:00:00,2002-12-23 12:00:00,2002-12-23 18:00:00,2002-12-24 06:00:00
5201,2002355N04077,2002-12-22 09:00:00,2002-12-23 09:00:00,2002-12-23 15:00:00,2002-12-23 21:00:00,2002-12-24 09:00:00
5202,2002355N04077,2002-12-22 12:00:00,2002-12-23 12:00:00,2002-12-23 18:00:00,2002-12-24 00:00:00,2002-12-24 12:00:00
5203,2002355N04077,2002-12-22 15:00:00,2002-12-23 15:00:00,2002-12-23 21:00:00,2002-12-24 03:00:00,2002-12-24 15:00:00
5204,2002355N04077,2002-12-22 18:00:00,2002-12-23 18:00:00,2002-12-24 00:00:00,2002-12-24 06:00:00,2002-12-24 18:00:00
5205,2002355N04077,2002-12-22 21:00:00,2002-12-23 21:00:00,2002-12-24 03:00:00,2002-12-24 09:00:00,2002-12-24 21:00:00
5206,2002355N04077,2002-12-23 00:00:00,2002-12-24 00:00:00,2002-12-24 06:00:00,2002-12-24 12:00:00,2002-12-25 00:00:00
5207,2002355N04077,2002-12-23 03:00:00,2002-12-24 03:00:00,2002-12-24 09:00:00,2002-12-24 15:00:00,2002-12-25 03:00:00
5208,2002355N04077,2002-12-23 06:00:00,2002-12-24 06:00:00,2002-12-24 12:00:00,2002-12-24 18:00:00,2002-12-25 06:00:00
5209,2002355N04077,2002-12-23 09:00:00,2002-12-24 09:00:00,2002-12-24 15:00:00,2002-12-24 21:00:00,2002-12-25 09:00:00
5210,2002355N04077,2002-12-23 12:00:00,2002-12-24 12:00:00,2002-12-24 18:00:00,2002-12-25 00:00:00,2002-12-25 12:00:00
5211,2002355N04077,2002-12-23 15:00:00,2002-12-24 15:00:00,2002-12-24 21:00:00,2002-12-25 03:00:00,2002-12-25 15:00:00
5212,2002355N04077,2002-12-23 18:00:00,2002-12-24 18:00:00,2002-12-25 00:00:00,2002-12-25 06:00:00,2002-12-25 18:00:00
5213,2003129N05091,2003-05-08 12:00:00,2003-05-09 12:00:00,2003-05-09 18:00:00,2003-05-10 00:00:00,2003-05-10 12:00:00
5214,2003129N05091,2003-05-08 15:00:00,2003-05-09 15:00:00,2003-05-09 21:00:00,2003-05-10 03:00:00,2003-05-10 15:00:00
5215,2003129N05091,2003-05-08 18:00:00,2003-05-09 18:00:00,2003-05-10 00:00:00,2003-05-10 06:00:00,2003-05-10 18:00:00
5216,2003129N05091,2003-05-08 21:00:00,2003-05-09 21:00:00,2003-05-10 03:00:00,2003-05-10 09:00:00,2003-05-10 21:00:00
5217,2003129N05091,2003-05-09 00:00:00,2003-05-10 00:00:00,2003-05-10 06:00:00,2003-05-10 12:00:00,2003-05-11 00:00:00
5218,2003129N05091,2003-05-09 03:00:00,2003-05-10 03:00:00,2003-05-10 09:00:00,2003-05-10 15:00:00,2003-05-11 03:00:00
5219,2003129N05091,2003-05-09 06:00:00,2003-05-10 06:00:00,2003-05-10 12:00:00,2003-05-10 18:00:00,2003-05-11 06:00:00
5220,2003129N05091,2003-05-09 09:00:00,2003-05-10 09:00:00,2003-05-10 15:00:00,2003-05-10 21:00:00,2003-05-11 09:00:00
5221,2003129N05091,2003-05-09 12:00:00,2003-05-10 12:00:00,2003-05-10 18:00:00,2003-05-11 00:00:00,2003-05-11 12:00:00
5222,2003129N05091,2003-05-09 15:00:00,2003-05-10 15:00:00,2003-05-10 21:00:00,2003-05-11 03:00:00,2003-05-11 15:00:00
5223,2003129N05091,2003-05-09 18:00:00,2003-05-10 18:00:00,2003-05-11 00:00:00,2003-05-11 06:00:00,2003-05-11 18:00:00
5224,2003129N05091,2003-05-09 21:00:00,2003-05-10 21:00:00,2003-05-11 03:00:00,2003-05-11 09:00:00,2003-05-11 21:00:00
5225,2003129N05091,2003-05-10 00:00:00,2003-05-11 00:00:00,2003-05-11 06:00:00,2003-05-11 12:00:00,2003-05-12 00:00:00
5226,2003129N05091,2003-05-10 03:00:00,2003-05-11 03:00:00,2003-05-11 09:00:00,2003-05-11 15:00:00,2003-05-12 03:00:00
5227,2003129N05091,2003-05-10 06:00:00,2003-05-11 06:00:00,2003-05-11 12:00:00,2003-05-11 18:00:00,2003-05-12 06:00:00
5228,2003129N05091,2003-05-10 09:00:00,2003-05-11 09:00:00,2003-05-11 15:00:00,2003-05-11 21:00:00,2003-05-12 09:00:00
5229,2003129N05091,2003-05-10 12:00:00,2003-05-11 12:00:00,2003-05-11 18:00:00,2003-05-12 00:00:00,2003-05-12 12:00:00
5230,2003129N05091,2003-05-10 15:00:00,2003-05-11 15:00:00,2003-05-11 21:00:00,2003-05-12 03:00:00,2003-05-12 15:00:00
5231,2003129N05091,2003-05-10 18:00:00,2003-05-11 18:00:00,2003-05-12 00:00:00,2003-05-12 06:00:00,2003-05-12 18:00:00
5232,2003129N05091,2003-05-10 21:00:00,2003-05-11 21:00:00,2003-05-12 03:00:00,2003-05-12 09:00:00,2003-05-12 21:00:00
5233,2003129N05091,2003-05-11 00:00:00,2003-05-12 00:00:00,2003-05-12 06:00:00,2003-05-12 12:00:00,2003-05-13 00:00:00
5234,2003129N05091,2003-05-11 03:00:00,2003-05-12 03:00:00,2003-05-12 09:00:00,2003-05-12 15:00:00,2003-05-13 03:00:00
5235,2003129N05091,2003-05-11 06:00:00,2003-05-12 06:00:00,2003-05-12 12:00:00,2003-05-12 18:00:00,2003-05-13 06:00:00
5236,2003129N05091,2003-05-11 09:00:00,2003-05-12 09:00:00,2003-05-12 15:00:00,2003-05-12 21:00:00,2003-05-13 09:00:00
5237,2003129N05091,2003-05-11 12:00:00,2003-05-12 12:00:00,2003-05-12 18:00:00,2003-05-13 00:00:00,2003-05-13 12:00:00
5238,2003129N05091,2003-05-11 15:00:00,2003-05-12 15:00:00,2003-05-12 21:00:00,2003-05-13 03:00:00,2003-05-13 15:00:00
5239,2003129N05091,2003-05-11 18:00:00,2003-05-12 18:00:00,2003-05-13 00:00:00,2003-05-13 06:00:00,2003-05-13 18:00:00
5240,2003129N05091,2003-05-11 21:00:00,2003-05-12 21:00:00,2003-05-13 03:00:00,2003-05-13 09:00:00,2003-05-13 21:00:00
5241,2003129N05091,2003-05-12 00:00:00,2003-05-13 00:00:00,2003-05-13 06:00:00,2003-05-13 12:00:00,2003-05-14 00:00:00
5242,2003129N05091,2003-05-12 03:00:00,2003-05-13 03:00:00,2003-05-13 09:00:00,2003-05-13 15:00:00,2003-05-14 03:00:00
5243,2003129N05091,2003-05-12 06:00:00,2003-05-13 06:00:00,2003-05-13 12:00:00,2003-05-13 18:00:00,2003-05-14 06:00:00
5244,2003129N05091,2003-05-12 09:00:00,2003-05-13 09:00:00,2003-05-13 15:00:00,2003-05-13 21:00:00,2003-05-14 09:00:00
5245,2003129N05091,2003-05-12 12:00:00,2003-05-13 12:00:00,2003-05-13 18:00:00,2003-05-14 00:00:00,2003-05-14 12:00:00
5246,2003129N05091,2003-05-12 15:00:00,2003-05-13 15:00:00,2003-05-13 21:00:00,2003-05-14 03:00:00,2003-05-14 15:00:00
5247,2003129N05091,2003-05-12 18:00:00,2003-05-13 18:00:00,2003-05-14 00:00:00,2003-05-14 06:00:00,2003-05-14 18:00:00
5248,2003129N05091,2003-05-12 21:00:00,2003-05-13 21:00:00,2003-05-14 03:00:00,2003-05-14 09:00:00,2003-05-14 21:00:00
5249,2003129N05091,2003-05-13 00:00:00,2003-05-14 00:00:00,2003-05-14 06:00:00,2003-05-14 12:00:00,2003-05-15 00:00:00
5250,2003129N05091,2003-05-13 03:00:00,2003-05-14 03:00:00,2003-05-14 09:00:00,2003-05-14 15:00:00,2003-05-15 03:00:00
5251,2003129N05091,2003-05-13 06:00:00,2003-05-14 06:00:00,2003-05-14 12:00:00,2003-05-14 18:00:00,2003-05-15 06:00:00
5252,2003129N05091,2003-05-13 09:00:00,2003-05-14 09:00:00,2003-05-14 15:00:00,2003-05-14 21:00:00,2003-05-15 09:00:00
5253,2003129N05091,2003-05-13 12:00:00,2003-05-14 12:00:00,2003-05-14 18:00:00,2003-05-15 00:00:00,2003-05-15 12:00:00
5254,2003129N05091,2003-05-13 15:00:00,2003-05-14 15:00:00,2003-05-14 21:00:00,2003-05-15 03:00:00,2003-05-15 15:00:00
5255,2003129N05091,2003-05-13 18:00:00,2003-05-14 18:00:00,2003-05-15 00:00:00,2003-05-15 06:00:00,2003-05-15 18:00:00
5256,2003129N05091,2003-05-13 21:00:00,2003-05-14 21:00:00,2003-05-15 03:00:00,2003-05-15 09:00:00,2003-05-15 21:00:00
5257,2003129N05091,2003-05-14 00:00:00,2003-05-15 00:00:00,2003-05-15 06:00:00,2003-05-15 12:00:00,2003-05-16 00:00:00
5258,2003129N05091,2003-05-14 03:00:00,2003-05-15 03:00:00,2003-05-15 09:00:00,2003-05-15 15:00:00,2003-05-16 03:00:00
5259,2003129N05091,2003-05-14 06:00:00,2003-05-15 06:00:00,2003-05-15 12:00:00,2003-05-15 18:00:00,2003-05-16 06:00:00
5260,2003129N05091,2003-05-14 09:00:00,2003-05-15 09:00:00,2003-05-15 15:00:00,2003-05-15 21:00:00,2003-05-16 09:00:00
5261,2003129N05091,2003-05-14 12:00:00,2003-05-15 12:00:00,2003-05-15 18:00:00,2003-05-16 00:00:00,2003-05-16 12:00:00
5262,2003129N05091,2003-05-14 15:00:00,2003-05-15 15:00:00,2003-05-15 21:00:00,2003-05-16 03:00:00,2003-05-16 15:00:00
5263,2003129N05091,2003-05-14 18:00:00,2003-05-15 18:00:00,2003-05-16 00:00:00,2003-05-16 06:00:00,2003-05-16 18:00:00
5264,2003129N05091,2003-05-14 21:00:00,2003-05-15 21:00:00,2003-05-16 03:00:00,2003-05-16 09:00:00,2003-05-16 21:00:00
5265,2003129N05091,2003-05-15 00:00:00,2003-05-16 00:00:00,2003-05-16 06:00:00,2003-05-16 12:00:00,2003-05-17 00:00:00
5266,2003129N05091,2003-05-15 03:00:00,2003-05-16 03:00:00,2003-05-16 09:00:00,2003-05-16 15:00:00,2003-05-17 03:00:00
5267,2003129N05091,2003-05-15 06:00:00,2003-05-16 06:00:00,2003-05-16 12:00:00,2003-05-16 18:00:00,2003-05-17 06:00:00
5268,2003129N05091,2003-05-15 09:00:00,2003-05-16 09:00:00,2003-05-16 15:00:00,2003-05-16 21:00:00,2003-05-17 09:00:00
5269,2003129N05091,2003-05-15 12:00:00,2003-05-16 12:00:00,2003-05-16 18:00:00,2003-05-17 00:00:00,2003-05-17 12:00:00
5270,2003129N05091,2003-05-15 15:00:00,2003-05-16 15:00:00,2003-05-16 21:00:00,2003-05-17 03:00:00,2003-05-17 15:00:00
5271,2003129N05091,2003-05-15 18:00:00,2003-05-16 18:00:00,2003-05-17 00:00:00,2003-05-17 06:00:00,2003-05-17 18:00:00
5272,2003129N05091,2003-05-15 21:00:00,2003-05-16 21:00:00,2003-05-17 03:00:00,2003-05-17 09:00:00,2003-05-17 21:00:00
5273,2003129N05091,2003-05-16 00:00:00,2003-05-17 00:00:00,2003-05-17 06:00:00,2003-05-17 12:00:00,2003-05-18 00:00:00
5274,2003129N05091,2003-05-16 03:00:00,2003-05-17 03:00:00,2003-05-17 09:00:00,2003-05-17 15:00:00,2003-05-18 03:00:00
5275,2003129N05091,2003-05-16 06:00:00,2003-05-17 06:00:00,2003-05-17 12:00:00,2003-05-17 18:00:00,2003-05-18 06:00:00
5276,2003129N05091,2003-05-16 09:00:00,2003-05-17 09:00:00,2003-05-17 15:00:00,2003-05-17 21:00:00,2003-05-18 09:00:00
5277,2003129N05091,2003-05-16 12:00:00,2003-05-17 12:00:00,2003-05-17 18:00:00,2003-05-18 00:00:00,2003-05-18 12:00:00
5278,2003129N05091,2003-05-16 15:00:00,2003-05-17 15:00:00,2003-05-17 21:00:00,2003-05-18 03:00:00,2003-05-18 15:00:00
5279,2003129N05091,2003-05-16 18:00:00,2003-05-17 18:00:00,2003-05-18 00:00:00,2003-05-18 06:00:00,2003-05-18 18:00:00
5280,2003129N05091,2003-05-16 21:00:00,2003-05-17 21:00:00,2003-05-18 03:00:00,2003-05-18 09:00:00,2003-05-18 21:00:00
5281,2003129N05091,2003-05-17 00:00:00,2003-05-18 00:00:00,2003-05-18 06:00:00,2003-05-18 12:00:00,2003-05-19 00:00:00
5282,2003129N05091,2003-05-17 03:00:00,2003-05-18 03:00:00,2003-05-18 09:00:00,2003-05-18 15:00:00,2003-05-19 03:00:00
5283,2003129N05091,2003-05-17 06:00:00,2003-05-18 06:00:00,2003-05-18 12:00:00,2003-05-18 18:00:00,2003-05-19 06:00:00
5284,2003129N05091,2003-05-17 09:00:00,2003-05-18 09:00:00,2003-05-18 15:00:00,2003-05-18 21:00:00,2003-05-19 09:00:00
5285,2003129N05091,2003-05-17 12:00:00,2003-05-18 12:00:00,2003-05-18 18:00:00,2003-05-19 00:00:00,2003-05-19 12:00:00
5286,2003129N05091,2003-05-17 15:00:00,2003-05-18 15:00:00,2003-05-18 21:00:00,2003-05-19 03:00:00,2003-05-19 15:00:00
5287,2003129N05091,2003-05-17 18:00:00,2003-05-18 18:00:00,2003-05-19 00:00:00,2003-05-19 06:00:00,2003-05-19 18:00:00
5288,2003129N05091,2003-05-17 21:00:00,2003-05-18 21:00:00,2003-05-19 03:00:00,2003-05-19 09:00:00,2003-05-19 21:00:00
5289,2003206N21089,2003-07-25 03:00:00,2003-07-26 03:00:00,2003-07-26 09:00:00,2003-07-26 15:00:00,2003-07-27 03:00:00
5290,2003206N21089,2003-07-25 06:00:00,2003-07-26 06:00:00,2003-07-26 12:00:00,2003-07-26 18:00:00,2003-07-27 06:00:00
5291,2003206N21089,2003-07-25 09:00:00,2003-07-26 09:00:00,2003-07-26 15:00:00,2003-07-26 21:00:00,2003-07-27 09:00:00
5292,2003206N21089,2003-07-25 12:00:00,2003-07-26 12:00:00,2003-07-26 18:00:00,2003-07-27 00:00:00,2003-07-27 12:00:00
5293,2003206N21089,2003-07-25 15:00:00,2003-07-26 15:00:00,2003-07-26 21:00:00,2003-07-27 03:00:00,2003-07-27 15:00:00
5294,2003206N21089,2003-07-25 18:00:00,2003-07-26 18:00:00,2003-07-27 00:00:00,2003-07-27 06:00:00,2003-07-27 18:00:00
5295,2003206N21089,2003-07-25 21:00:00,2003-07-26 21:00:00,2003-07-27 03:00:00,2003-07-27 09:00:00,2003-07-27 21:00:00
5296,2003206N21089,2003-07-26 00:00:00,2003-07-27 00:00:00,2003-07-27 06:00:00,2003-07-27 12:00:00,2003-07-28 00:00:00
5297,2003206N21089,2003-07-26 03:00:00,2003-07-27 03:00:00,2003-07-27 09:00:00,2003-07-27 15:00:00,2003-07-28 03:00:00
5298,2003279N17084,2003-10-06 03:00:00,2003-10-07 03:00:00,2003-10-07 09:00:00,2003-10-07 15:00:00,2003-10-08 03:00:00
5299,2003279N17084,2003-10-06 06:00:00,2003-10-07 06:00:00,2003-10-07 12:00:00,2003-10-07 18:00:00,2003-10-08 06:00:00
5300,2003279N17084,2003-10-06 09:00:00,2003-10-07 09:00:00,2003-10-07 15:00:00,2003-10-07 21:00:00,2003-10-08 09:00:00
5301,2003279N17084,2003-10-06 12:00:00,2003-10-07 12:00:00,2003-10-07 18:00:00,2003-10-08 00:00:00,2003-10-08 12:00:00
5302,2003279N17084,2003-10-06 15:00:00,2003-10-07 15:00:00,2003-10-07 21:00:00,2003-10-08 03:00:00,2003-10-08 15:00:00
5303,2003279N17084,2003-10-06 18:00:00,2003-10-07 18:00:00,2003-10-08 00:00:00,2003-10-08 06:00:00,2003-10-08 18:00:00
5304,2003279N17084,2003-10-06 21:00:00,2003-10-07 21:00:00,2003-10-08 03:00:00,2003-10-08 09:00:00,2003-10-08 21:00:00
5305,2003279N17084,2003-10-07 00:00:00,2003-10-08 00:00:00,2003-10-08 06:00:00,2003-10-08 12:00:00,2003-10-09 00:00:00
5306,2003279N17084,2003-10-07 03:00:00,2003-10-08 03:00:00,2003-10-08 09:00:00,2003-10-08 15:00:00,2003-10-09 03:00:00
5307,2003279N17084,2003-10-07 06:00:00,2003-10-08 06:00:00,2003-10-08 12:00:00,2003-10-08 18:00:00,2003-10-09 06:00:00
5308,2003279N17084,2003-10-07 09:00:00,2003-10-08 09:00:00,2003-10-08 15:00:00,2003-10-08 21:00:00,2003-10-09 09:00:00
5309,2003279N17084,2003-10-07 12:00:00,2003-10-08 12:00:00,2003-10-08 18:00:00,2003-10-09 00:00:00,2003-10-09 12:00:00
5310,2003295N09101,2003-10-21 12:00:00,2003-10-22 12:00:00,2003-10-22 18:00:00,2003-10-23 00:00:00,2003-10-23 12:00:00
5311,2003295N09101,2003-10-21 15:00:00,2003-10-22 15:00:00,2003-10-22 21:00:00,2003-10-23 03:00:00,2003-10-23 15:00:00
5312,2003295N09101,2003-10-21 18:00:00,2003-10-22 18:00:00,2003-10-23 00:00:00,2003-10-23 06:00:00,2003-10-23 18:00:00
5313,2003295N09101,2003-10-21 21:00:00,2003-10-22 21:00:00,2003-10-23 03:00:00,2003-10-23 09:00:00,2003-10-23 21:00:00
5314,2003295N09101,2003-10-22 00:00:00,2003-10-23 00:00:00,2003-10-23 06:00:00,2003-10-23 12:00:00,2003-10-24 00:00:00
5315,2003295N09101,2003-10-22 03:00:00,2003-10-23 03:00:00,2003-10-23 09:00:00,2003-10-23 15:00:00,2003-10-24 03:00:00
5316,2003295N09101,2003-10-22 06:00:00,2003-10-23 06:00:00,2003-10-23 12:00:00,2003-10-23 18:00:00,2003-10-24 06:00:00
5317,2003295N09101,2003-10-22 09:00:00,2003-10-23 09:00:00,2003-10-23 15:00:00,2003-10-23 21:00:00,2003-10-24 09:00:00
5318,2003295N09101,2003-10-22 12:00:00,2003-10-23 12:00:00,2003-10-23 18:00:00,2003-10-24 00:00:00,2003-10-24 12:00:00
5319,2003295N09101,2003-10-22 15:00:00,2003-10-23 15:00:00,2003-10-23 21:00:00,2003-10-24 03:00:00,2003-10-24 15:00:00
5320,2003295N09101,2003-10-22 18:00:00,2003-10-23 18:00:00,2003-10-24 00:00:00,2003-10-24 06:00:00,2003-10-24 18:00:00
5321,2003295N09101,2003-10-22 21:00:00,2003-10-23 21:00:00,2003-10-24 03:00:00,2003-10-24 09:00:00,2003-10-24 21:00:00
5322,2003295N09101,2003-10-23 00:00:00,2003-10-24 00:00:00,2003-10-24 06:00:00,2003-10-24 12:00:00,2003-10-25 00:00:00
5323,2003295N09101,2003-10-23 03:00:00,2003-10-24 03:00:00,2003-10-24 09:00:00,2003-10-24 15:00:00,2003-10-25 03:00:00
5324,2003295N09101,2003-10-23 06:00:00,2003-10-24 06:00:00,2003-10-24 12:00:00,2003-10-24 18:00:00,2003-10-25 06:00:00
5325,2003295N09101,2003-10-23 09:00:00,2003-10-24 09:00:00,2003-10-24 15:00:00,2003-10-24 21:00:00,2003-10-25 09:00:00
5326,2003295N09101,2003-10-23 12:00:00,2003-10-24 12:00:00,2003-10-24 18:00:00,2003-10-25 00:00:00,2003-10-25 12:00:00
5327,2003295N09101,2003-10-23 15:00:00,2003-10-24 15:00:00,2003-10-24 21:00:00,2003-10-25 03:00:00,2003-10-25 15:00:00
5328,2003295N09101,2003-10-23 18:00:00,2003-10-24 18:00:00,2003-10-25 00:00:00,2003-10-25 06:00:00,2003-10-25 18:00:00
5329,2003295N09101,2003-10-23 21:00:00,2003-10-24 21:00:00,2003-10-25 03:00:00,2003-10-25 09:00:00,2003-10-25 21:00:00
5330,2003295N09101,2003-10-24 00:00:00,2003-10-25 00:00:00,2003-10-25 06:00:00,2003-10-25 12:00:00,2003-10-26 00:00:00
5331,2003295N09101,2003-10-24 03:00:00,2003-10-25 03:00:00,2003-10-25 09:00:00,2003-10-25 15:00:00,2003-10-26 03:00:00
5332,2003295N09101,2003-10-24 06:00:00,2003-10-25 06:00:00,2003-10-25 12:00:00,2003-10-25 18:00:00,2003-10-26 06:00:00
5333,2003295N09101,2003-10-24 09:00:00,2003-10-25 09:00:00,2003-10-25 15:00:00,2003-10-25 21:00:00,2003-10-26 09:00:00
5334,2003295N09101,2003-10-24 12:00:00,2003-10-25 12:00:00,2003-10-25 18:00:00,2003-10-26 00:00:00,2003-10-26 12:00:00
5335,2003295N09101,2003-10-24 15:00:00,2003-10-25 15:00:00,2003-10-25 21:00:00,2003-10-26 03:00:00,2003-10-26 15:00:00
5336,2003295N09101,2003-10-24 18:00:00,2003-10-25 18:00:00,2003-10-26 00:00:00,2003-10-26 06:00:00,2003-10-26 18:00:00
5337,2003295N09101,2003-10-24 21:00:00,2003-10-25 21:00:00,2003-10-26 03:00:00,2003-10-26 09:00:00,2003-10-26 21:00:00
5338,2003295N09101,2003-10-25 00:00:00,2003-10-26 00:00:00,2003-10-26 06:00:00,2003-10-26 12:00:00,2003-10-27 00:00:00
5339,2003295N09101,2003-10-25 03:00:00,2003-10-26 03:00:00,2003-10-26 09:00:00,2003-10-26 15:00:00,2003-10-27 03:00:00
5340,2003295N09101,2003-10-25 06:00:00,2003-10-26 06:00:00,2003-10-26 12:00:00,2003-10-26 18:00:00,2003-10-27 06:00:00
5341,2003295N09101,2003-10-25 09:00:00,2003-10-26 09:00:00,2003-10-26 15:00:00,2003-10-26 21:00:00,2003-10-27 09:00:00
5342,2003295N09101,2003-10-25 12:00:00,2003-10-26 12:00:00,2003-10-26 18:00:00,2003-10-27 00:00:00,2003-10-27 12:00:00
5343,2003295N09101,2003-10-25 15:00:00,2003-10-26 15:00:00,2003-10-26 21:00:00,2003-10-27 03:00:00,2003-10-27 15:00:00
5344,2003295N09101,2003-10-25 18:00:00,2003-10-26 18:00:00,2003-10-27 00:00:00,2003-10-27 06:00:00,2003-10-27 18:00:00
5345,2003295N09101,2003-10-25 21:00:00,2003-10-26 21:00:00,2003-10-27 03:00:00,2003-10-27 09:00:00,2003-10-27 21:00:00
5346,2003295N09101,2003-10-26 00:00:00,2003-10-27 00:00:00,2003-10-27 06:00:00,2003-10-27 12:00:00,2003-10-28 00:00:00
5347,2003295N09101,2003-10-26 03:00:00,2003-10-27 03:00:00,2003-10-27 09:00:00,2003-10-27 15:00:00,2003-10-28 03:00:00
5348,2003295N09101,2003-10-26 06:00:00,2003-10-27 06:00:00,2003-10-27 12:00:00,2003-10-27 18:00:00,2003-10-28 06:00:00
5349,2003295N09101,2003-10-26 09:00:00,2003-10-27 09:00:00,2003-10-27 15:00:00,2003-10-27 21:00:00,2003-10-28 09:00:00
5350,2003295N09101,2003-10-26 12:00:00,2003-10-27 12:00:00,2003-10-27 18:00:00,2003-10-28 00:00:00,2003-10-28 12:00:00
5351,2003315N09067,2003-11-10 12:00:00,2003-11-11 12:00:00,2003-11-11 18:00:00,2003-11-12 00:00:00,2003-11-12 12:00:00
5352,2003315N09067,2003-11-10 15:00:00,2003-11-11 15:00:00,2003-11-11 21:00:00,2003-11-12 03:00:00,2003-11-12 15:00:00
5353,2003315N09067,2003-11-10 18:00:00,2003-11-11 18:00:00,2003-11-12 00:00:00,2003-11-12 06:00:00,2003-11-12 18:00:00
5354,2003315N09067,2003-11-10 21:00:00,2003-11-11 21:00:00,2003-11-12 03:00:00,2003-11-12 09:00:00,2003-11-12 21:00:00
5355,2003315N09067,2003-11-11 00:00:00,2003-11-12 00:00:00,2003-11-12 06:00:00,2003-11-12 12:00:00,2003-11-13 00:00:00
5356,2003315N09067,2003-11-11 03:00:00,2003-11-12 03:00:00,2003-11-12 09:00:00,2003-11-12 15:00:00,2003-11-13 03:00:00
5357,2003315N09067,2003-11-11 06:00:00,2003-11-12 06:00:00,2003-11-12 12:00:00,2003-11-12 18:00:00,2003-11-13 06:00:00
5358,2003315N09067,2003-11-11 09:00:00,2003-11-12 09:00:00,2003-11-12 15:00:00,2003-11-12 21:00:00,2003-11-13 09:00:00
5359,2003315N09067,2003-11-11 12:00:00,2003-11-12 12:00:00,2003-11-12 18:00:00,2003-11-13 00:00:00,2003-11-13 12:00:00
5360,2003315N09067,2003-11-11 15:00:00,2003-11-12 15:00:00,2003-11-12 21:00:00,2003-11-13 03:00:00,2003-11-13 15:00:00
5361,2003315N09067,2003-11-11 18:00:00,2003-11-12 18:00:00,2003-11-13 00:00:00,2003-11-13 06:00:00,2003-11-13 18:00:00
5362,2003315N09067,2003-11-11 21:00:00,2003-11-12 21:00:00,2003-11-13 03:00:00,2003-11-13 09:00:00,2003-11-13 21:00:00
5363,2003315N09067,2003-11-12 00:00:00,2003-11-13 00:00:00,2003-11-13 06:00:00,2003-11-13 12:00:00,2003-11-14 00:00:00
5364,2003315N09067,2003-11-12 03:00:00,2003-11-13 03:00:00,2003-11-13 09:00:00,2003-11-13 15:00:00,2003-11-14 03:00:00
5365,2003315N09067,2003-11-12 06:00:00,2003-11-13 06:00:00,2003-11-13 12:00:00,2003-11-13 18:00:00,2003-11-14 06:00:00
5366,2003315N09067,2003-11-12 09:00:00,2003-11-13 09:00:00,2003-11-13 15:00:00,2003-11-13 21:00:00,2003-11-14 09:00:00
5367,2003315N09067,2003-11-12 12:00:00,2003-11-13 12:00:00,2003-11-13 18:00:00,2003-11-14 00:00:00,2003-11-14 12:00:00
5368,2003315N09067,2003-11-12 15:00:00,2003-11-13 15:00:00,2003-11-13 21:00:00,2003-11-14 03:00:00,2003-11-14 15:00:00
5369,2003315N09067,2003-11-12 18:00:00,2003-11-13 18:00:00,2003-11-14 00:00:00,2003-11-14 06:00:00,2003-11-14 18:00:00
5370,2003315N09067,2003-11-12 21:00:00,2003-11-13 21:00:00,2003-11-14 03:00:00,2003-11-14 09:00:00,2003-11-14 21:00:00
5371,2003315N09067,2003-11-13 00:00:00,2003-11-14 00:00:00,2003-11-14 06:00:00,2003-11-14 12:00:00,2003-11-15 00:00:00
5372,2003315N09067,2003-11-13 03:00:00,2003-11-14 03:00:00,2003-11-14 09:00:00,2003-11-14 15:00:00,2003-11-15 03:00:00
5373,2003315N09067,2003-11-13 06:00:00,2003-11-14 06:00:00,2003-11-14 12:00:00,2003-11-14 18:00:00,2003-11-15 06:00:00
5374,2003315N09067,2003-11-13 09:00:00,2003-11-14 09:00:00,2003-11-14 15:00:00,2003-11-14 21:00:00,2003-11-15 09:00:00
5375,2003315N09067,2003-11-13 12:00:00,2003-11-14 12:00:00,2003-11-14 18:00:00,2003-11-15 00:00:00,2003-11-15 12:00:00
5376,2003315N09067,2003-11-13 15:00:00,2003-11-14 15:00:00,2003-11-14 21:00:00,2003-11-15 03:00:00,2003-11-15 15:00:00
5377,2003315N09067,2003-11-13 18:00:00,2003-11-14 18:00:00,2003-11-15 00:00:00,2003-11-15 06:00:00,2003-11-15 18:00:00
5378,2003315N09067,2003-11-13 21:00:00,2003-11-14 21:00:00,2003-11-15 03:00:00,2003-11-15 09:00:00,2003-11-15 21:00:00
5379,2003315N09067,2003-11-14 00:00:00,2003-11-15 00:00:00,2003-11-15 06:00:00,2003-11-15 12:00:00,2003-11-16 00:00:00
5380,2003315N09067,2003-11-14 03:00:00,2003-11-15 03:00:00,2003-11-15 09:00:00,2003-11-15 15:00:00,2003-11-16 03:00:00
5381,2003315N09067,2003-11-14 06:00:00,2003-11-15 06:00:00,2003-11-15 12:00:00,2003-11-15 18:00:00,2003-11-16 06:00:00
5382,2003315N09067,2003-11-14 09:00:00,2003-11-15 09:00:00,2003-11-15 15:00:00,2003-11-15 21:00:00,2003-11-16 09:00:00
5383,2003315N09067,2003-11-14 12:00:00,2003-11-15 12:00:00,2003-11-15 18:00:00,2003-11-16 00:00:00,2003-11-16 12:00:00
5384,2003315N09067,2003-11-14 15:00:00,2003-11-15 15:00:00,2003-11-15 21:00:00,2003-11-16 03:00:00,2003-11-16 15:00:00
5385,2003315N09067,2003-11-14 18:00:00,2003-11-15 18:00:00,2003-11-16 00:00:00,2003-11-16 06:00:00,2003-11-16 18:00:00
5386,2003315N09067,2003-11-14 21:00:00,2003-11-15 21:00:00,2003-11-16 03:00:00,2003-11-16 09:00:00,2003-11-16 21:00:00
5387,2003315N09067,2003-11-15 00:00:00,2003-11-16 00:00:00,2003-11-16 06:00:00,2003-11-16 12:00:00,2003-11-17 00:00:00
5388,2003315N09067,2003-11-15 03:00:00,2003-11-16 03:00:00,2003-11-16 09:00:00,2003-11-16 15:00:00,2003-11-17 03:00:00
5389,2003315N09067,2003-11-15 06:00:00,2003-11-16 06:00:00,2003-11-16 12:00:00,2003-11-16 18:00:00,2003-11-17 06:00:00
5390,2003315N09067,2003-11-15 09:00:00,2003-11-16 09:00:00,2003-11-16 15:00:00,2003-11-16 21:00:00,2003-11-17 09:00:00
5391,2003315N09067,2003-11-15 12:00:00,2003-11-16 12:00:00,2003-11-16 18:00:00,2003-11-17 00:00:00,2003-11-17 12:00:00
5392,2003315N09067,2003-11-15 15:00:00,2003-11-16 15:00:00,2003-11-16 21:00:00,2003-11-17 03:00:00,2003-11-17 15:00:00
5393,2003315N09067,2003-11-15 18:00:00,2003-11-16 18:00:00,2003-11-17 00:00:00,2003-11-17 06:00:00,2003-11-17 18:00:00
5394,2003315N09067,2003-11-15 21:00:00,2003-11-16 21:00:00,2003-11-17 03:00:00,2003-11-17 09:00:00,2003-11-17 21:00:00
5395,2003315N09067,2003-11-16 00:00:00,2003-11-17 00:00:00,2003-11-17 06:00:00,2003-11-17 12:00:00,2003-11-18 00:00:00
5396,2003315N09067,2003-11-16 03:00:00,2003-11-17 03:00:00,2003-11-17 09:00:00,2003-11-17 15:00:00,2003-11-18 03:00:00
5397,2003315N09067,2003-11-16 06:00:00,2003-11-17 06:00:00,2003-11-17 12:00:00,2003-11-17 18:00:00,2003-11-18 06:00:00
5398,2003345N05092,2003-12-11 06:00:00,2003-12-12 06:00:00,2003-12-12 12:00:00,2003-12-12 18:00:00,2003-12-13 06:00:00
5399,2003345N05092,2003-12-11 09:00:00,2003-12-12 09:00:00,2003-12-12 15:00:00,2003-12-12 21:00:00,2003-12-13 09:00:00
5400,2003345N05092,2003-12-11 12:00:00,2003-12-12 12:00:00,2003-12-12 18:00:00,2003-12-13 00:00:00,2003-12-13 12:00:00
5401,2003345N05092,2003-12-11 15:00:00,2003-12-12 15:00:00,2003-12-12 21:00:00,2003-12-13 03:00:00,2003-12-13 15:00:00
5402,2003345N05092,2003-12-11 18:00:00,2003-12-12 18:00:00,2003-12-13 00:00:00,2003-12-13 06:00:00,2003-12-13 18:00:00
5403,2003345N05092,2003-12-11 21:00:00,2003-12-12 21:00:00,2003-12-13 03:00:00,2003-12-13 09:00:00,2003-12-13 21:00:00
5404,2003345N05092,2003-12-12 00:00:00,2003-12-13 00:00:00,2003-12-13 06:00:00,2003-12-13 12:00:00,2003-12-14 00:00:00
5405,2003345N05092,2003-12-12 03:00:00,2003-12-13 03:00:00,2003-12-13 09:00:00,2003-12-13 15:00:00,2003-12-14 03:00:00
5406,2003345N05092,2003-12-12 06:00:00,2003-12-13 06:00:00,2003-12-13 12:00:00,2003-12-13 18:00:00,2003-12-14 06:00:00
5407,2003345N05092,2003-12-12 09:00:00,2003-12-13 09:00:00,2003-12-13 15:00:00,2003-12-13 21:00:00,2003-12-14 09:00:00
5408,2003345N05092,2003-12-12 12:00:00,2003-12-13 12:00:00,2003-12-13 18:00:00,2003-12-14 00:00:00,2003-12-14 12:00:00
5409,2003345N05092,2003-12-12 15:00:00,2003-12-13 15:00:00,2003-12-13 21:00:00,2003-12-14 03:00:00,2003-12-14 15:00:00
5410,2003345N05092,2003-12-12 18:00:00,2003-12-13 18:00:00,2003-12-14 00:00:00,2003-12-14 06:00:00,2003-12-14 18:00:00
5411,2003345N05092,2003-12-12 21:00:00,2003-12-13 21:00:00,2003-12-14 03:00:00,2003-12-14 09:00:00,2003-12-14 21:00:00
5412,2003345N05092,2003-12-13 00:00:00,2003-12-14 00:00:00,2003-12-14 06:00:00,2003-12-14 12:00:00,2003-12-15 00:00:00
5413,2003345N05092,2003-12-13 03:00:00,2003-12-14 03:00:00,2003-12-14 09:00:00,2003-12-14 15:00:00,2003-12-15 03:00:00
5414,2003345N05092,2003-12-13 06:00:00,2003-12-14 06:00:00,2003-12-14 12:00:00,2003-12-14 18:00:00,2003-12-15 06:00:00
5415,2003345N05092,2003-12-13 09:00:00,2003-12-14 09:00:00,2003-12-14 15:00:00,2003-12-14 21:00:00,2003-12-15 09:00:00
5416,2003345N05092,2003-12-13 12:00:00,2003-12-14 12:00:00,2003-12-14 18:00:00,2003-12-15 00:00:00,2003-12-15 12:00:00
5417,2003345N05092,2003-12-13 15:00:00,2003-12-14 15:00:00,2003-12-14 21:00:00,2003-12-15 03:00:00,2003-12-15 15:00:00
5418,2003345N05092,2003-12-13 18:00:00,2003-12-14 18:00:00,2003-12-15 00:00:00,2003-12-15 06:00:00,2003-12-15 18:00:00
5419,2003345N05092,2003-12-13 21:00:00,2003-12-14 21:00:00,2003-12-15 03:00:00,2003-12-15 09:00:00,2003-12-15 21:00:00
5420,2003345N05092,2003-12-14 00:00:00,2003-12-15 00:00:00,2003-12-15 06:00:00,2003-12-15 12:00:00,2003-12-16 00:00:00
5421,2003345N05092,2003-12-14 03:00:00,2003-12-15 03:00:00,2003-12-15 09:00:00,2003-12-15 15:00:00,2003-12-16 03:00:00
5422,2003345N05092,2003-12-14 06:00:00,2003-12-15 06:00:00,2003-12-15 12:00:00,2003-12-15 18:00:00,2003-12-16 06:00:00
5423,2003345N05092,2003-12-14 09:00:00,2003-12-15 09:00:00,2003-12-15 15:00:00,2003-12-15 21:00:00,2003-12-16 09:00:00
5424,2003345N05092,2003-12-14 12:00:00,2003-12-15 12:00:00,2003-12-15 18:00:00,2003-12-16 00:00:00,2003-12-16 12:00:00
5425,2004125N11074,2004-05-04 00:00:00,2004-05-05 00:00:00,2004-05-05 06:00:00,2004-05-05 12:00:00,2004-05-06 00:00:00
5426,2004125N11074,2004-05-04 03:00:00,2004-05-05 03:00:00,2004-05-05 09:00:00,2004-05-05 15:00:00,2004-05-06 03:00:00
5427,2004125N11074,2004-05-04 06:00:00,2004-05-05 06:00:00,2004-05-05 12:00:00,2004-05-05 18:00:00,2004-05-06 06:00:00
5428,2004125N11074,2004-05-04 09:00:00,2004-05-05 09:00:00,2004-05-05 15:00:00,2004-05-05 21:00:00,2004-05-06 09:00:00
5429,2004125N11074,2004-05-04 12:00:00,2004-05-05 12:00:00,2004-05-05 18:00:00,2004-05-06 00:00:00,2004-05-06 12:00:00
5430,2004125N11074,2004-05-04 15:00:00,2004-05-05 15:00:00,2004-05-05 21:00:00,2004-05-06 03:00:00,2004-05-06 15:00:00
5431,2004125N11074,2004-05-04 18:00:00,2004-05-05 18:00:00,2004-05-06 00:00:00,2004-05-06 06:00:00,2004-05-06 18:00:00
5432,2004125N11074,2004-05-04 21:00:00,2004-05-05 21:00:00,2004-05-06 03:00:00,2004-05-06 09:00:00,2004-05-06 21:00:00
5433,2004125N11074,2004-05-05 00:00:00,2004-05-06 00:00:00,2004-05-06 06:00:00,2004-05-06 12:00:00,2004-05-07 00:00:00
5434,2004125N11074,2004-05-05 03:00:00,2004-05-06 03:00:00,2004-05-06 09:00:00,2004-05-06 15:00:00,2004-05-07 03:00:00
5435,2004125N11074,2004-05-05 06:00:00,2004-05-06 06:00:00,2004-05-06 12:00:00,2004-05-06 18:00:00,2004-05-07 06:00:00
5436,2004125N11074,2004-05-05 09:00:00,2004-05-06 09:00:00,2004-05-06 15:00:00,2004-05-06 21:00:00,2004-05-07 09:00:00
5437,2004125N11074,2004-05-05 12:00:00,2004-05-06 12:00:00,2004-05-06 18:00:00,2004-05-07 00:00:00,2004-05-07 12:00:00
5438,2004125N11074,2004-05-05 15:00:00,2004-05-06 15:00:00,2004-05-06 21:00:00,2004-05-07 03:00:00,2004-05-07 15:00:00
5439,2004125N11074,2004-05-05 18:00:00,2004-05-06 18:00:00,2004-05-07 00:00:00,2004-05-07 06:00:00,2004-05-07 18:00:00
5440,2004125N11074,2004-05-05 21:00:00,2004-05-06 21:00:00,2004-05-07 03:00:00,2004-05-07 09:00:00,2004-05-07 21:00:00
5441,2004125N11074,2004-05-06 00:00:00,2004-05-07 00:00:00,2004-05-07 06:00:00,2004-05-07 12:00:00,2004-05-08 00:00:00
5442,2004125N11074,2004-05-06 03:00:00,2004-05-07 03:00:00,2004-05-07 09:00:00,2004-05-07 15:00:00,2004-05-08 03:00:00
5443,2004125N11074,2004-05-06 06:00:00,2004-05-07 06:00:00,2004-05-07 12:00:00,2004-05-07 18:00:00,2004-05-08 06:00:00
5444,2004125N11074,2004-05-06 09:00:00,2004-05-07 09:00:00,2004-05-07 15:00:00,2004-05-07 21:00:00,2004-05-08 09:00:00
5445,2004125N11074,2004-05-06 12:00:00,2004-05-07 12:00:00,2004-05-07 18:00:00,2004-05-08 00:00:00,2004-05-08 12:00:00
5446,2004125N11074,2004-05-06 15:00:00,2004-05-07 15:00:00,2004-05-07 21:00:00,2004-05-08 03:00:00,2004-05-08 15:00:00
5447,2004125N11074,2004-05-06 18:00:00,2004-05-07 18:00:00,2004-05-08 00:00:00,2004-05-08 06:00:00,2004-05-08 18:00:00
5448,2004125N11074,2004-05-06 21:00:00,2004-05-07 21:00:00,2004-05-08 03:00:00,2004-05-08 09:00:00,2004-05-08 21:00:00
5449,2004125N11074,2004-05-07 00:00:00,2004-05-08 00:00:00,2004-05-08 06:00:00,2004-05-08 12:00:00,2004-05-09 00:00:00
5450,2004125N11074,2004-05-07 03:00:00,2004-05-08 03:00:00,2004-05-08 09:00:00,2004-05-08 15:00:00,2004-05-09 03:00:00
5451,2004125N11074,2004-05-07 06:00:00,2004-05-08 06:00:00,2004-05-08 12:00:00,2004-05-08 18:00:00,2004-05-09 06:00:00
5452,2004125N11074,2004-05-07 09:00:00,2004-05-08 09:00:00,2004-05-08 15:00:00,2004-05-08 21:00:00,2004-05-09 09:00:00
5453,2004125N11074,2004-05-07 12:00:00,2004-05-08 12:00:00,2004-05-08 18:00:00,2004-05-09 00:00:00,2004-05-09 12:00:00
5454,2004125N11074,2004-05-07 15:00:00,2004-05-08 15:00:00,2004-05-08 21:00:00,2004-05-09 03:00:00,2004-05-09 15:00:00
5455,2004125N11074,2004-05-07 18:00:00,2004-05-08 18:00:00,2004-05-09 00:00:00,2004-05-09 06:00:00,2004-05-09 18:00:00
5456,2004125N11074,2004-05-07 21:00:00,2004-05-08 21:00:00,2004-05-09 03:00:00,2004-05-09 09:00:00,2004-05-09 21:00:00
5457,2004125N11074,2004-05-08 00:00:00,2004-05-09 00:00:00,2004-05-09 06:00:00,2004-05-09 12:00:00,2004-05-10 00:00:00
5458,2004125N11074,2004-05-08 03:00:00,2004-05-09 03:00:00,2004-05-09 09:00:00,2004-05-09 15:00:00,2004-05-10 03:00:00
5459,2004125N11074,2004-05-08 06:00:00,2004-05-09 06:00:00,2004-05-09 12:00:00,2004-05-09 18:00:00,2004-05-10 06:00:00
5460,2004125N11074,2004-05-08 09:00:00,2004-05-09 09:00:00,2004-05-09 15:00:00,2004-05-09 21:00:00,2004-05-10 09:00:00
5461,2004136N15090,2004-05-16 18:00:00,2004-05-17 18:00:00,2004-05-18 00:00:00,2004-05-18 06:00:00,2004-05-18 18:00:00
5462,2004136N15090,2004-05-16 21:00:00,2004-05-17 21:00:00,2004-05-18 03:00:00,2004-05-18 09:00:00,2004-05-18 21:00:00
5463,2004136N15090,2004-05-17 00:00:00,2004-05-18 00:00:00,2004-05-18 06:00:00,2004-05-18 12:00:00,2004-05-19 00:00:00
5464,2004136N15090,2004-05-17 03:00:00,2004-05-18 03:00:00,2004-05-18 09:00:00,2004-05-18 15:00:00,2004-05-19 03:00:00
5465,2004136N15090,2004-05-17 06:00:00,2004-05-18 06:00:00,2004-05-18 12:00:00,2004-05-18 18:00:00,2004-05-19 06:00:00
5466,2004136N15090,2004-05-17 09:00:00,2004-05-18 09:00:00,2004-05-18 15:00:00,2004-05-18 21:00:00,2004-05-19 09:00:00
5467,2004136N15090,2004-05-17 12:00:00,2004-05-18 12:00:00,2004-05-18 18:00:00,2004-05-19 00:00:00,2004-05-19 12:00:00
5468,2004136N15090,2004-05-17 15:00:00,2004-05-18 15:00:00,2004-05-18 21:00:00,2004-05-19 03:00:00,2004-05-19 15:00:00
5469,2004136N15090,2004-05-17 18:00:00,2004-05-18 18:00:00,2004-05-19 00:00:00,2004-05-19 06:00:00,2004-05-19 18:00:00
5470,2004162N18068,2004-06-10 03:00:00,2004-06-11 03:00:00,2004-06-11 09:00:00,2004-06-11 15:00:00,2004-06-12 03:00:00
5471,2004162N18068,2004-06-10 06:00:00,2004-06-11 06:00:00,2004-06-11 12:00:00,2004-06-11 18:00:00,2004-06-12 06:00:00
5472,2004162N18068,2004-06-10 09:00:00,2004-06-11 09:00:00,2004-06-11 15:00:00,2004-06-11 21:00:00,2004-06-12 09:00:00
5473,2004162N18068,2004-06-10 12:00:00,2004-06-11 12:00:00,2004-06-11 18:00:00,2004-06-12 00:00:00,2004-06-12 12:00:00
5474,2004162N18068,2004-06-10 15:00:00,2004-06-11 15:00:00,2004-06-11 21:00:00,2004-06-12 03:00:00,2004-06-12 15:00:00
5475,2004162N18068,2004-06-10 18:00:00,2004-06-11 18:00:00,2004-06-12 00:00:00,2004-06-12 06:00:00,2004-06-12 18:00:00
5476,2004162N18068,2004-06-10 21:00:00,2004-06-11 21:00:00,2004-06-12 03:00:00,2004-06-12 09:00:00,2004-06-12 21:00:00
5477,2004162N18068,2004-06-11 00:00:00,2004-06-12 00:00:00,2004-06-12 06:00:00,2004-06-12 12:00:00,2004-06-13 00:00:00
5478,2004162N18068,2004-06-11 03:00:00,2004-06-12 03:00:00,2004-06-12 09:00:00,2004-06-12 15:00:00,2004-06-13 03:00:00
5479,2004163N15090,2004-06-11 03:00:00,2004-06-12 03:00:00,2004-06-12 09:00:00,2004-06-12 15:00:00,2004-06-13 03:00:00
5480,2004163N15090,2004-06-11 06:00:00,2004-06-12 06:00:00,2004-06-12 12:00:00,2004-06-12 18:00:00,2004-06-13 06:00:00
5481,2004163N15090,2004-06-11 09:00:00,2004-06-12 09:00:00,2004-06-12 15:00:00,2004-06-12 21:00:00,2004-06-13 09:00:00
5482,2004163N15090,2004-06-11 12:00:00,2004-06-12 12:00:00,2004-06-12 18:00:00,2004-06-13 00:00:00,2004-06-13 12:00:00
5483,2004163N15090,2004-06-11 15:00:00,2004-06-12 15:00:00,2004-06-12 21:00:00,2004-06-13 03:00:00,2004-06-13 15:00:00
5484,2004163N15090,2004-06-11 18:00:00,2004-06-12 18:00:00,2004-06-13 00:00:00,2004-06-13 06:00:00,2004-06-13 18:00:00
5485,2004163N15090,2004-06-11 21:00:00,2004-06-12 21:00:00,2004-06-13 03:00:00,2004-06-13 09:00:00,2004-06-13 21:00:00
5486,2004163N15090,2004-06-12 00:00:00,2004-06-13 00:00:00,2004-06-13 06:00:00,2004-06-13 12:00:00,2004-06-14 00:00:00
5487,2004163N15090,2004-06-12 03:00:00,2004-06-13 03:00:00,2004-06-13 09:00:00,2004-06-13 15:00:00,2004-06-14 03:00:00
5488,2004163N15090,2004-06-12 06:00:00,2004-06-13 06:00:00,2004-06-13 12:00:00,2004-06-13 18:00:00,2004-06-14 06:00:00
5489,2004163N15090,2004-06-12 09:00:00,2004-06-13 09:00:00,2004-06-13 15:00:00,2004-06-13 21:00:00,2004-06-14 09:00:00
5490,2004256N23089,2004-09-12 03:00:00,2004-09-13 03:00:00,2004-09-13 09:00:00,2004-09-13 15:00:00,2004-09-14 03:00:00
5491,2004256N23089,2004-09-12 06:00:00,2004-09-13 06:00:00,2004-09-13 12:00:00,2004-09-13 18:00:00,2004-09-14 06:00:00
5492,2004256N23089,2004-09-12 09:00:00,2004-09-13 09:00:00,2004-09-13 15:00:00,2004-09-13 21:00:00,2004-09-14 09:00:00
5493,2004256N23089,2004-09-12 12:00:00,2004-09-13 12:00:00,2004-09-13 18:00:00,2004-09-14 00:00:00,2004-09-14 12:00:00
5494,2004256N23089,2004-09-12 15:00:00,2004-09-13 15:00:00,2004-09-13 21:00:00,2004-09-14 03:00:00,2004-09-14 15:00:00
5495,2004256N23089,2004-09-12 18:00:00,2004-09-13 18:00:00,2004-09-14 00:00:00,2004-09-14 06:00:00,2004-09-14 18:00:00
5496,2004256N23089,2004-09-12 21:00:00,2004-09-13 21:00:00,2004-09-14 03:00:00,2004-09-14 09:00:00,2004-09-14 21:00:00
5497,2004256N23089,2004-09-13 00:00:00,2004-09-14 00:00:00,2004-09-14 06:00:00,2004-09-14 12:00:00,2004-09-15 00:00:00
5498,2004256N23089,2004-09-13 03:00:00,2004-09-14 03:00:00,2004-09-14 09:00:00,2004-09-14 15:00:00,2004-09-15 03:00:00
5499,2004256N23089,2004-09-13 06:00:00,2004-09-14 06:00:00,2004-09-14 12:00:00,2004-09-14 18:00:00,2004-09-15 06:00:00
5500,2004256N23089,2004-09-13 09:00:00,2004-09-14 09:00:00,2004-09-14 15:00:00,2004-09-14 21:00:00,2004-09-15 09:00:00
5501,2004256N23089,2004-09-13 12:00:00,2004-09-14 12:00:00,2004-09-14 18:00:00,2004-09-15 00:00:00,2004-09-15 12:00:00
5502,2004274N16069,2004-09-30 18:00:00,2004-10-01 18:00:00,2004-10-02 00:00:00,2004-10-02 06:00:00,2004-10-02 18:00:00
5503,2004274N16069,2004-09-30 21:00:00,2004-10-01 21:00:00,2004-10-02 03:00:00,2004-10-02 09:00:00,2004-10-02 21:00:00
5504,2004274N16069,2004-10-01 00:00:00,2004-10-02 00:00:00,2004-10-02 06:00:00,2004-10-02 12:00:00,2004-10-03 00:00:00
5505,2004274N16069,2004-10-01 03:00:00,2004-10-02 03:00:00,2004-10-02 09:00:00,2004-10-02 15:00:00,2004-10-03 03:00:00
5506,2004274N16069,2004-10-01 06:00:00,2004-10-02 06:00:00,2004-10-02 12:00:00,2004-10-02 18:00:00,2004-10-03 06:00:00
5507,2004274N16069,2004-10-01 09:00:00,2004-10-02 09:00:00,2004-10-02 15:00:00,2004-10-02 21:00:00,2004-10-03 09:00:00
5508,2004274N16069,2004-10-01 12:00:00,2004-10-02 12:00:00,2004-10-02 18:00:00,2004-10-03 00:00:00,2004-10-03 12:00:00
5509,2004274N16069,2004-10-01 15:00:00,2004-10-02 15:00:00,2004-10-02 21:00:00,2004-10-03 03:00:00,2004-10-03 15:00:00
5510,2004274N16069,2004-10-01 18:00:00,2004-10-02 18:00:00,2004-10-03 00:00:00,2004-10-03 06:00:00,2004-10-03 18:00:00
5511,2004274N16069,2004-10-01 21:00:00,2004-10-02 21:00:00,2004-10-03 03:00:00,2004-10-03 09:00:00,2004-10-03 21:00:00
5512,2004274N16069,2004-10-02 00:00:00,2004-10-03 00:00:00,2004-10-03 06:00:00,2004-10-03 12:00:00,2004-10-04 00:00:00
5513,2004274N16069,2004-10-02 03:00:00,2004-10-03 03:00:00,2004-10-03 09:00:00,2004-10-03 15:00:00,2004-10-04 03:00:00
5514,2004274N16069,2004-10-02 06:00:00,2004-10-03 06:00:00,2004-10-03 12:00:00,2004-10-03 18:00:00,2004-10-04 06:00:00
5515,2004274N16069,2004-10-02 09:00:00,2004-10-03 09:00:00,2004-10-03 15:00:00,2004-10-03 21:00:00,2004-10-04 09:00:00
5516,2004274N16069,2004-10-02 12:00:00,2004-10-03 12:00:00,2004-10-03 18:00:00,2004-10-04 00:00:00,2004-10-04 12:00:00
5517,2004274N16069,2004-10-02 15:00:00,2004-10-03 15:00:00,2004-10-03 21:00:00,2004-10-04 03:00:00,2004-10-04 15:00:00
5518,2004274N16069,2004-10-02 18:00:00,2004-10-03 18:00:00,2004-10-04 00:00:00,2004-10-04 06:00:00,2004-10-04 18:00:00
5519,2004274N16069,2004-10-02 21:00:00,2004-10-03 21:00:00,2004-10-04 03:00:00,2004-10-04 09:00:00,2004-10-04 21:00:00
5520,2004274N16069,2004-10-03 00:00:00,2004-10-04 00:00:00,2004-10-04 06:00:00,2004-10-04 12:00:00,2004-10-05 00:00:00
5521,2004274N16069,2004-10-03 03:00:00,2004-10-04 03:00:00,2004-10-04 09:00:00,2004-10-04 15:00:00,2004-10-05 03:00:00
5522,2004274N16069,2004-10-03 06:00:00,2004-10-04 06:00:00,2004-10-04 12:00:00,2004-10-04 18:00:00,2004-10-05 06:00:00
5523,2004274N16069,2004-10-03 09:00:00,2004-10-04 09:00:00,2004-10-04 15:00:00,2004-10-04 21:00:00,2004-10-05 09:00:00
5524,2004274N16069,2004-10-03 12:00:00,2004-10-04 12:00:00,2004-10-04 18:00:00,2004-10-05 00:00:00,2004-10-05 12:00:00
5525,2004274N16069,2004-10-03 15:00:00,2004-10-04 15:00:00,2004-10-04 21:00:00,2004-10-05 03:00:00,2004-10-05 15:00:00
5526,2004274N16069,2004-10-03 18:00:00,2004-10-04 18:00:00,2004-10-05 00:00:00,2004-10-05 06:00:00,2004-10-05 18:00:00
5527,2004274N16069,2004-10-03 21:00:00,2004-10-04 21:00:00,2004-10-05 03:00:00,2004-10-05 09:00:00,2004-10-05 21:00:00
5528,2004274N16069,2004-10-04 00:00:00,2004-10-05 00:00:00,2004-10-05 06:00:00,2004-10-05 12:00:00,2004-10-06 00:00:00
5529,2004274N16069,2004-10-04 03:00:00,2004-10-05 03:00:00,2004-10-05 09:00:00,2004-10-05 15:00:00,2004-10-06 03:00:00
5530,2004274N16069,2004-10-04 06:00:00,2004-10-05 06:00:00,2004-10-05 12:00:00,2004-10-05 18:00:00,2004-10-06 06:00:00
5531,2004274N16069,2004-10-04 09:00:00,2004-10-05 09:00:00,2004-10-05 15:00:00,2004-10-05 21:00:00,2004-10-06 09:00:00
5532,2004274N16069,2004-10-04 12:00:00,2004-10-05 12:00:00,2004-10-05 18:00:00,2004-10-06 00:00:00,2004-10-06 12:00:00
5533,2004274N16069,2004-10-04 15:00:00,2004-10-05 15:00:00,2004-10-05 21:00:00,2004-10-06 03:00:00,2004-10-06 15:00:00
5534,2004274N16069,2004-10-04 18:00:00,2004-10-05 18:00:00,2004-10-06 00:00:00,2004-10-06 06:00:00,2004-10-06 18:00:00
5535,2004274N16069,2004-10-04 21:00:00,2004-10-05 21:00:00,2004-10-06 03:00:00,2004-10-06 09:00:00,2004-10-06 21:00:00
5536,2004274N16069,2004-10-05 00:00:00,2004-10-06 00:00:00,2004-10-06 06:00:00,2004-10-06 12:00:00,2004-10-07 00:00:00
5537,2004274N16069,2004-10-05 03:00:00,2004-10-06 03:00:00,2004-10-06 09:00:00,2004-10-06 15:00:00,2004-10-07 03:00:00
5538,2004274N16069,2004-10-05 06:00:00,2004-10-06 06:00:00,2004-10-06 12:00:00,2004-10-06 18:00:00,2004-10-07 06:00:00
5539,2004274N16069,2004-10-05 09:00:00,2004-10-06 09:00:00,2004-10-06 15:00:00,2004-10-06 21:00:00,2004-10-07 09:00:00
5540,2004274N16069,2004-10-05 12:00:00,2004-10-06 12:00:00,2004-10-06 18:00:00,2004-10-07 00:00:00,2004-10-07 12:00:00
5541,2004274N16069,2004-10-05 15:00:00,2004-10-06 15:00:00,2004-10-06 21:00:00,2004-10-07 03:00:00,2004-10-07 15:00:00
5542,2004274N16069,2004-10-05 18:00:00,2004-10-06 18:00:00,2004-10-07 00:00:00,2004-10-07 06:00:00,2004-10-07 18:00:00
5543,2004274N16069,2004-10-05 21:00:00,2004-10-06 21:00:00,2004-10-07 03:00:00,2004-10-07 09:00:00,2004-10-07 21:00:00
5544,2004274N16069,2004-10-06 00:00:00,2004-10-07 00:00:00,2004-10-07 06:00:00,2004-10-07 12:00:00,2004-10-08 00:00:00
5545,2004274N16069,2004-10-06 03:00:00,2004-10-07 03:00:00,2004-10-07 09:00:00,2004-10-07 15:00:00,2004-10-08 03:00:00
5546,2004274N16069,2004-10-06 06:00:00,2004-10-07 06:00:00,2004-10-07 12:00:00,2004-10-07 18:00:00,2004-10-08 06:00:00
5547,2004274N16069,2004-10-06 09:00:00,2004-10-07 09:00:00,2004-10-07 15:00:00,2004-10-07 21:00:00,2004-10-08 09:00:00
5548,2004274N16069,2004-10-06 12:00:00,2004-10-07 12:00:00,2004-10-07 18:00:00,2004-10-08 00:00:00,2004-10-08 12:00:00
5549,2004274N16069,2004-10-06 15:00:00,2004-10-07 15:00:00,2004-10-07 21:00:00,2004-10-08 03:00:00,2004-10-08 15:00:00
5550,2004274N16069,2004-10-06 18:00:00,2004-10-07 18:00:00,2004-10-08 00:00:00,2004-10-08 06:00:00,2004-10-08 18:00:00
5551,2004274N16069,2004-10-06 21:00:00,2004-10-07 21:00:00,2004-10-08 03:00:00,2004-10-08 09:00:00,2004-10-08 21:00:00
5552,2004274N16069,2004-10-07 00:00:00,2004-10-08 00:00:00,2004-10-08 06:00:00,2004-10-08 12:00:00,2004-10-09 00:00:00
5553,2004274N16069,2004-10-07 03:00:00,2004-10-08 03:00:00,2004-10-08 09:00:00,2004-10-08 15:00:00,2004-10-09 03:00:00
5554,2004274N16069,2004-10-07 06:00:00,2004-10-08 06:00:00,2004-10-08 12:00:00,2004-10-08 18:00:00,2004-10-09 06:00:00
5555,2004274N16069,2004-10-07 09:00:00,2004-10-08 09:00:00,2004-10-08 15:00:00,2004-10-08 21:00:00,2004-10-09 09:00:00
5556,2004274N16069,2004-10-07 12:00:00,2004-10-08 12:00:00,2004-10-08 18:00:00,2004-10-09 00:00:00,2004-10-09 12:00:00
5557,2004274N16069,2004-10-07 15:00:00,2004-10-08 15:00:00,2004-10-08 21:00:00,2004-10-09 03:00:00,2004-10-09 15:00:00
5558,2004274N16069,2004-10-07 18:00:00,2004-10-08 18:00:00,2004-10-09 00:00:00,2004-10-09 06:00:00,2004-10-09 18:00:00
5559,2004274N16069,2004-10-07 21:00:00,2004-10-08 21:00:00,2004-10-09 03:00:00,2004-10-09 09:00:00,2004-10-09 21:00:00
5560,2004274N16069,2004-10-08 00:00:00,2004-10-09 00:00:00,2004-10-09 06:00:00,2004-10-09 12:00:00,2004-10-10 00:00:00
5561,2004276N12087,2004-10-02 03:00:00,2004-10-03 03:00:00,2004-10-03 09:00:00,2004-10-03 15:00:00,2004-10-04 03:00:00
5562,2004307N09068,2004-11-01 12:00:00,2004-11-02 12:00:00,2004-11-02 18:00:00,2004-11-03 00:00:00,2004-11-03 12:00:00
5563,2004307N09068,2004-11-01 15:00:00,2004-11-02 15:00:00,2004-11-02 21:00:00,2004-11-03 03:00:00,2004-11-03 15:00:00
5564,2004307N09068,2004-11-01 18:00:00,2004-11-02 18:00:00,2004-11-03 00:00:00,2004-11-03 06:00:00,2004-11-03 18:00:00
5565,2004307N09068,2004-11-01 21:00:00,2004-11-02 21:00:00,2004-11-03 03:00:00,2004-11-03 09:00:00,2004-11-03 21:00:00
5566,2004307N09068,2004-11-02 00:00:00,2004-11-03 00:00:00,2004-11-03 06:00:00,2004-11-03 12:00:00,2004-11-04 00:00:00
5567,2004307N09068,2004-11-02 03:00:00,2004-11-03 03:00:00,2004-11-03 09:00:00,2004-11-03 15:00:00,2004-11-04 03:00:00
5568,2004307N09068,2004-11-02 06:00:00,2004-11-03 06:00:00,2004-11-03 12:00:00,2004-11-03 18:00:00,2004-11-04 06:00:00
5569,2004307N09068,2004-11-02 09:00:00,2004-11-03 09:00:00,2004-11-03 15:00:00,2004-11-03 21:00:00,2004-11-04 09:00:00
5570,2004307N09068,2004-11-02 12:00:00,2004-11-03 12:00:00,2004-11-03 18:00:00,2004-11-04 00:00:00,2004-11-04 12:00:00
5571,2004307N09068,2004-11-02 15:00:00,2004-11-03 15:00:00,2004-11-03 21:00:00,2004-11-04 03:00:00,2004-11-04 15:00:00
5572,2004307N09068,2004-11-02 18:00:00,2004-11-03 18:00:00,2004-11-04 00:00:00,2004-11-04 06:00:00,2004-11-04 18:00:00
5573,2004307N09068,2004-11-02 21:00:00,2004-11-03 21:00:00,2004-11-04 03:00:00,2004-11-04 09:00:00,2004-11-04 21:00:00
5574,2004307N09068,2004-11-03 00:00:00,2004-11-04 00:00:00,2004-11-04 06:00:00,2004-11-04 12:00:00,2004-11-05 00:00:00
5575,2004307N09068,2004-11-03 03:00:00,2004-11-04 03:00:00,2004-11-04 09:00:00,2004-11-04 15:00:00,2004-11-05 03:00:00
5576,2004307N09068,2004-11-03 06:00:00,2004-11-04 06:00:00,2004-11-04 12:00:00,2004-11-04 18:00:00,2004-11-05 06:00:00
5577,2004307N09068,2004-11-03 09:00:00,2004-11-04 09:00:00,2004-11-04 15:00:00,2004-11-04 21:00:00,2004-11-05 09:00:00
5578,2004307N09068,2004-11-03 12:00:00,2004-11-04 12:00:00,2004-11-04 18:00:00,2004-11-05 00:00:00,2004-11-05 12:00:00
5579,2004307N09068,2004-11-03 15:00:00,2004-11-04 15:00:00,2004-11-04 21:00:00,2004-11-05 03:00:00,2004-11-05 15:00:00
5580,2004307N09068,2004-11-03 18:00:00,2004-11-04 18:00:00,2004-11-05 00:00:00,2004-11-05 06:00:00,2004-11-05 18:00:00
5581,2004307N09068,2004-11-03 21:00:00,2004-11-04 21:00:00,2004-11-05 03:00:00,2004-11-05 09:00:00,2004-11-05 21:00:00
5582,2004307N09068,2004-11-04 00:00:00,2004-11-05 00:00:00,2004-11-05 06:00:00,2004-11-05 12:00:00,2004-11-06 00:00:00
5583,2004307N09068,2004-11-04 03:00:00,2004-11-05 03:00:00,2004-11-05 09:00:00,2004-11-05 15:00:00,2004-11-06 03:00:00
5584,2004307N09068,2004-11-04 06:00:00,2004-11-05 06:00:00,2004-11-05 12:00:00,2004-11-05 18:00:00,2004-11-06 06:00:00
5585,2004307N09068,2004-11-04 09:00:00,2004-11-05 09:00:00,2004-11-05 15:00:00,2004-11-05 21:00:00,2004-11-06 09:00:00
5586,2004307N09068,2004-11-04 12:00:00,2004-11-05 12:00:00,2004-11-05 18:00:00,2004-11-06 00:00:00,2004-11-06 12:00:00
5587,2004307N09068,2004-11-04 15:00:00,2004-11-05 15:00:00,2004-11-05 21:00:00,2004-11-06 03:00:00,2004-11-06 15:00:00
5588,2004307N09068,2004-11-04 18:00:00,2004-11-05 18:00:00,2004-11-06 00:00:00,2004-11-06 06:00:00,2004-11-06 18:00:00
5589,2004307N09068,2004-11-04 21:00:00,2004-11-05 21:00:00,2004-11-06 03:00:00,2004-11-06 09:00:00,2004-11-06 21:00:00
5590,2004307N09068,2004-11-05 00:00:00,2004-11-06 00:00:00,2004-11-06 06:00:00,2004-11-06 12:00:00,2004-11-07 00:00:00
5591,2004307N09068,2004-11-05 03:00:00,2004-11-06 03:00:00,2004-11-06 09:00:00,2004-11-06 15:00:00,2004-11-07 03:00:00
5592,2004307N09068,2004-11-05 06:00:00,2004-11-06 06:00:00,2004-11-06 12:00:00,2004-11-06 18:00:00,2004-11-07 06:00:00
5593,2004307N09068,2004-11-05 09:00:00,2004-11-06 09:00:00,2004-11-06 15:00:00,2004-11-06 21:00:00,2004-11-07 09:00:00
5594,2004307N09068,2004-11-05 12:00:00,2004-11-06 12:00:00,2004-11-06 18:00:00,2004-11-07 00:00:00,2004-11-07 12:00:00
5595,2004307N09068,2004-11-05 15:00:00,2004-11-06 15:00:00,2004-11-06 21:00:00,2004-11-07 03:00:00,2004-11-07 15:00:00
5596,2004307N09068,2004-11-05 18:00:00,2004-11-06 18:00:00,2004-11-07 00:00:00,2004-11-07 06:00:00,2004-11-07 18:00:00
5597,2004307N09068,2004-11-05 21:00:00,2004-11-06 21:00:00,2004-11-07 03:00:00,2004-11-07 09:00:00,2004-11-07 21:00:00
5598,2004307N09068,2004-11-06 00:00:00,2004-11-07 00:00:00,2004-11-07 06:00:00,2004-11-07 12:00:00,2004-11-08 00:00:00
5599,2004307N09068,2004-11-06 03:00:00,2004-11-07 03:00:00,2004-11-07 09:00:00,2004-11-07 15:00:00,2004-11-08 03:00:00
5600,2004307N09068,2004-11-06 06:00:00,2004-11-07 06:00:00,2004-11-07 12:00:00,2004-11-07 18:00:00,2004-11-08 06:00:00
5601,2004307N09068,2004-11-06 09:00:00,2004-11-07 09:00:00,2004-11-07 15:00:00,2004-11-07 21:00:00,2004-11-08 09:00:00
5602,2004307N09068,2004-11-06 12:00:00,2004-11-07 12:00:00,2004-11-07 18:00:00,2004-11-08 00:00:00,2004-11-08 12:00:00
5603,2004319N10134,2004-11-14 00:00:00,2004-11-15 00:00:00,2004-11-15 06:00:00,2004-11-15 12:00:00,2004-11-16 00:00:00
5604,2004319N10134,2004-11-14 03:00:00,2004-11-15 03:00:00,2004-11-15 09:00:00,2004-11-15 15:00:00,2004-11-16 03:00:00
5605,2004319N10134,2004-11-14 06:00:00,2004-11-15 06:00:00,2004-11-15 12:00:00,2004-11-15 18:00:00,2004-11-16 06:00:00
5606,2004319N10134,2004-11-14 09:00:00,2004-11-15 09:00:00,2004-11-15 15:00:00,2004-11-15 21:00:00,2004-11-16 09:00:00
5607,2004319N10134,2004-11-14 12:00:00,2004-11-15 12:00:00,2004-11-15 18:00:00,2004-11-16 00:00:00,2004-11-16 12:00:00
5608,2004319N10134,2004-11-14 15:00:00,2004-11-15 15:00:00,2004-11-15 21:00:00,2004-11-16 03:00:00,2004-11-16 15:00:00
5609,2004319N10134,2004-11-14 18:00:00,2004-11-15 18:00:00,2004-11-16 00:00:00,2004-11-16 06:00:00,2004-11-16 18:00:00
5610,2004319N10134,2004-11-14 21:00:00,2004-11-15 21:00:00,2004-11-16 03:00:00,2004-11-16 09:00:00,2004-11-16 21:00:00
5611,2004319N10134,2004-11-15 00:00:00,2004-11-16 00:00:00,2004-11-16 06:00:00,2004-11-16 12:00:00,2004-11-17 00:00:00
5612,2004319N10134,2004-11-15 03:00:00,2004-11-16 03:00:00,2004-11-16 09:00:00,2004-11-16 15:00:00,2004-11-17 03:00:00
5613,2004319N10134,2004-11-15 06:00:00,2004-11-16 06:00:00,2004-11-16 12:00:00,2004-11-16 18:00:00,2004-11-17 06:00:00
5614,2004319N10134,2004-11-15 09:00:00,2004-11-16 09:00:00,2004-11-16 15:00:00,2004-11-16 21:00:00,2004-11-17 09:00:00
5615,2004319N10134,2004-11-15 12:00:00,2004-11-16 12:00:00,2004-11-16 18:00:00,2004-11-17 00:00:00,2004-11-17 12:00:00
5616,2004319N10134,2004-11-15 15:00:00,2004-11-16 15:00:00,2004-11-16 21:00:00,2004-11-17 03:00:00,2004-11-17 15:00:00
5617,2004319N10134,2004-11-15 18:00:00,2004-11-16 18:00:00,2004-11-17 00:00:00,2004-11-17 06:00:00,2004-11-17 18:00:00
5618,2004319N10134,2004-11-15 21:00:00,2004-11-16 21:00:00,2004-11-17 03:00:00,2004-11-17 09:00:00,2004-11-17 21:00:00
5619,2004319N10134,2004-11-16 00:00:00,2004-11-17 00:00:00,2004-11-17 06:00:00,2004-11-17 12:00:00,2004-11-18 00:00:00
5620,2004319N10134,2004-11-16 03:00:00,2004-11-17 03:00:00,2004-11-17 09:00:00,2004-11-17 15:00:00,2004-11-18 03:00:00
5621,2004319N10134,2004-11-16 06:00:00,2004-11-17 06:00:00,2004-11-17 12:00:00,2004-11-17 18:00:00,2004-11-18 06:00:00
5622,2004319N10134,2004-11-16 09:00:00,2004-11-17 09:00:00,2004-11-17 15:00:00,2004-11-17 21:00:00,2004-11-18 09:00:00
5623,2004319N10134,2004-11-16 12:00:00,2004-11-17 12:00:00,2004-11-17 18:00:00,2004-11-18 00:00:00,2004-11-18 12:00:00
5624,2004319N10134,2004-11-16 15:00:00,2004-11-17 15:00:00,2004-11-17 21:00:00,2004-11-18 03:00:00,2004-11-18 15:00:00
5625,2004319N10134,2004-11-16 18:00:00,2004-11-17 18:00:00,2004-11-18 00:00:00,2004-11-18 06:00:00,2004-11-18 18:00:00
5626,2004319N10134,2004-11-16 21:00:00,2004-11-17 21:00:00,2004-11-18 03:00:00,2004-11-18 09:00:00,2004-11-18 21:00:00
5627,2004319N10134,2004-11-17 00:00:00,2004-11-18 00:00:00,2004-11-18 06:00:00,2004-11-18 12:00:00,2004-11-19 00:00:00
5628,2004319N10134,2004-11-17 03:00:00,2004-11-18 03:00:00,2004-11-18 09:00:00,2004-11-18 15:00:00,2004-11-19 03:00:00
5629,2004319N10134,2004-11-17 06:00:00,2004-11-18 06:00:00,2004-11-18 12:00:00,2004-11-18 18:00:00,2004-11-19 06:00:00
5630,2004319N10134,2004-11-17 09:00:00,2004-11-18 09:00:00,2004-11-18 15:00:00,2004-11-18 21:00:00,2004-11-19 09:00:00
5631,2004319N10134,2004-11-17 12:00:00,2004-11-18 12:00:00,2004-11-18 18:00:00,2004-11-19 00:00:00,2004-11-19 12:00:00
5632,2004319N10134,2004-11-17 15:00:00,2004-11-18 15:00:00,2004-11-18 21:00:00,2004-11-19 03:00:00,2004-11-19 15:00:00
5633,2004319N10134,2004-11-17 18:00:00,2004-11-18 18:00:00,2004-11-19 00:00:00,2004-11-19 06:00:00,2004-11-19 18:00:00
5634,2004319N10134,2004-11-17 21:00:00,2004-11-18 21:00:00,2004-11-19 03:00:00,2004-11-19 09:00:00,2004-11-19 21:00:00
5635,2004319N10134,2004-11-18 00:00:00,2004-11-19 00:00:00,2004-11-19 06:00:00,2004-11-19 12:00:00,2004-11-20 00:00:00
5636,2004319N10134,2004-11-18 03:00:00,2004-11-19 03:00:00,2004-11-19 09:00:00,2004-11-19 15:00:00,2004-11-20 03:00:00
5637,2004319N10134,2004-11-18 06:00:00,2004-11-19 06:00:00,2004-11-19 12:00:00,2004-11-19 18:00:00,2004-11-20 06:00:00
5638,2004319N10134,2004-11-18 09:00:00,2004-11-19 09:00:00,2004-11-19 15:00:00,2004-11-19 21:00:00,2004-11-20 09:00:00
5639,2004319N10134,2004-11-18 12:00:00,2004-11-19 12:00:00,2004-11-19 18:00:00,2004-11-20 00:00:00,2004-11-20 12:00:00
5640,2004319N10134,2004-11-18 15:00:00,2004-11-19 15:00:00,2004-11-19 21:00:00,2004-11-20 03:00:00,2004-11-20 15:00:00
5641,2004319N10134,2004-11-18 18:00:00,2004-11-19 18:00:00,2004-11-20 00:00:00,2004-11-20 06:00:00,2004-11-20 18:00:00
5642,2004319N10134,2004-11-18 21:00:00,2004-11-19 21:00:00,2004-11-20 03:00:00,2004-11-20 09:00:00,2004-11-20 21:00:00
5643,2004319N10134,2004-11-19 00:00:00,2004-11-20 00:00:00,2004-11-20 06:00:00,2004-11-20 12:00:00,2004-11-21 00:00:00
5644,2004319N10134,2004-11-19 03:00:00,2004-11-20 03:00:00,2004-11-20 09:00:00,2004-11-20 15:00:00,2004-11-21 03:00:00
5645,2004319N10134,2004-11-19 06:00:00,2004-11-20 06:00:00,2004-11-20 12:00:00,2004-11-20 18:00:00,2004-11-21 06:00:00
5646,2004319N10134,2004-11-19 09:00:00,2004-11-20 09:00:00,2004-11-20 15:00:00,2004-11-20 21:00:00,2004-11-21 09:00:00
5647,2004319N10134,2004-11-19 12:00:00,2004-11-20 12:00:00,2004-11-20 18:00:00,2004-11-21 00:00:00,2004-11-21 12:00:00
5648,2004319N10134,2004-11-19 15:00:00,2004-11-20 15:00:00,2004-11-20 21:00:00,2004-11-21 03:00:00,2004-11-21 15:00:00
5649,2004319N10134,2004-11-19 18:00:00,2004-11-20 18:00:00,2004-11-21 00:00:00,2004-11-21 06:00:00,2004-11-21 18:00:00
5650,2004319N10134,2004-11-19 21:00:00,2004-11-20 21:00:00,2004-11-21 03:00:00,2004-11-21 09:00:00,2004-11-21 21:00:00
5651,2004319N10134,2004-11-20 00:00:00,2004-11-21 00:00:00,2004-11-21 06:00:00,2004-11-21 12:00:00,2004-11-22 00:00:00
5652,2004319N10134,2004-11-20 03:00:00,2004-11-21 03:00:00,2004-11-21 09:00:00,2004-11-21 15:00:00,2004-11-22 03:00:00
5653,2004319N10134,2004-11-20 06:00:00,2004-11-21 06:00:00,2004-11-21 12:00:00,2004-11-21 18:00:00,2004-11-22 06:00:00
5654,2004319N10134,2004-11-20 09:00:00,2004-11-21 09:00:00,2004-11-21 15:00:00,2004-11-21 21:00:00,2004-11-22 09:00:00
5655,2004319N10134,2004-11-20 12:00:00,2004-11-21 12:00:00,2004-11-21 18:00:00,2004-11-22 00:00:00,2004-11-22 12:00:00
5656,2004319N10134,2004-11-20 15:00:00,2004-11-21 15:00:00,2004-11-21 21:00:00,2004-11-22 03:00:00,2004-11-22 15:00:00
5657,2004319N10134,2004-11-20 18:00:00,2004-11-21 18:00:00,2004-11-22 00:00:00,2004-11-22 06:00:00,2004-11-22 18:00:00
5658,2004319N10134,2004-11-20 21:00:00,2004-11-21 21:00:00,2004-11-22 03:00:00,2004-11-22 09:00:00,2004-11-22 21:00:00
5659,2004319N10134,2004-11-21 00:00:00,2004-11-22 00:00:00,2004-11-22 06:00:00,2004-11-22 12:00:00,2004-11-23 00:00:00
5660,2004319N10134,2004-11-21 03:00:00,2004-11-22 03:00:00,2004-11-22 09:00:00,2004-11-22 15:00:00,2004-11-23 03:00:00
5661,2004319N10134,2004-11-21 06:00:00,2004-11-22 06:00:00,2004-11-22 12:00:00,2004-11-22 18:00:00,2004-11-23 06:00:00
5662,2004319N10134,2004-11-21 09:00:00,2004-11-22 09:00:00,2004-11-22 15:00:00,2004-11-22 21:00:00,2004-11-23 09:00:00
5663,2004319N10134,2004-11-21 12:00:00,2004-11-22 12:00:00,2004-11-22 18:00:00,2004-11-23 00:00:00,2004-11-23 12:00:00
5664,2004319N10134,2004-11-21 15:00:00,2004-11-22 15:00:00,2004-11-22 21:00:00,2004-11-23 03:00:00,2004-11-23 15:00:00
5665,2004319N10134,2004-11-21 18:00:00,2004-11-22 18:00:00,2004-11-23 00:00:00,2004-11-23 06:00:00,2004-11-23 18:00:00
5666,2004319N10134,2004-11-21 21:00:00,2004-11-22 21:00:00,2004-11-23 03:00:00,2004-11-23 09:00:00,2004-11-23 21:00:00
5667,2004319N10134,2004-11-22 00:00:00,2004-11-23 00:00:00,2004-11-23 06:00:00,2004-11-23 12:00:00,2004-11-24 00:00:00
5668,2004319N10134,2004-11-22 03:00:00,2004-11-23 03:00:00,2004-11-23 09:00:00,2004-11-23 15:00:00,2004-11-24 03:00:00
5669,2004319N10134,2004-11-22 06:00:00,2004-11-23 06:00:00,2004-11-23 12:00:00,2004-11-23 18:00:00,2004-11-24 06:00:00
5670,2004319N10134,2004-11-22 09:00:00,2004-11-23 09:00:00,2004-11-23 15:00:00,2004-11-23 21:00:00,2004-11-24 09:00:00
5671,2004319N10134,2004-11-22 12:00:00,2004-11-23 12:00:00,2004-11-23 18:00:00,2004-11-24 00:00:00,2004-11-24 12:00:00
5672,2004319N10134,2004-11-22 15:00:00,2004-11-23 15:00:00,2004-11-23 21:00:00,2004-11-24 03:00:00,2004-11-24 15:00:00
5673,2004319N10134,2004-11-22 18:00:00,2004-11-23 18:00:00,2004-11-24 00:00:00,2004-11-24 06:00:00,2004-11-24 18:00:00
5674,2004319N10134,2004-11-22 21:00:00,2004-11-23 21:00:00,2004-11-24 03:00:00,2004-11-24 09:00:00,2004-11-24 21:00:00
5675,2004319N10134,2004-11-23 00:00:00,2004-11-24 00:00:00,2004-11-24 06:00:00,2004-11-24 12:00:00,2004-11-25 00:00:00
5676,2004319N10134,2004-11-23 03:00:00,2004-11-24 03:00:00,2004-11-24 09:00:00,2004-11-24 15:00:00,2004-11-25 03:00:00
5677,2004319N10134,2004-11-23 06:00:00,2004-11-24 06:00:00,2004-11-24 12:00:00,2004-11-24 18:00:00,2004-11-25 06:00:00
5678,2004319N10134,2004-11-23 09:00:00,2004-11-24 09:00:00,2004-11-24 15:00:00,2004-11-24 21:00:00,2004-11-25 09:00:00
5679,2004319N10134,2004-11-23 12:00:00,2004-11-24 12:00:00,2004-11-24 18:00:00,2004-11-25 00:00:00,2004-11-25 12:00:00
5680,2004319N10134,2004-11-23 15:00:00,2004-11-24 15:00:00,2004-11-24 21:00:00,2004-11-25 03:00:00,2004-11-25 15:00:00
5681,2004319N10134,2004-11-23 18:00:00,2004-11-24 18:00:00,2004-11-25 00:00:00,2004-11-25 06:00:00,2004-11-25 18:00:00
5682,2004319N10134,2004-11-23 21:00:00,2004-11-24 21:00:00,2004-11-25 03:00:00,2004-11-25 09:00:00,2004-11-25 21:00:00
5683,2004319N10134,2004-11-24 00:00:00,2004-11-25 00:00:00,2004-11-25 06:00:00,2004-11-25 12:00:00,2004-11-26 00:00:00
5684,2004332N02072,2004-11-27 00:00:00,2004-11-28 00:00:00,2004-11-28 06:00:00,2004-11-28 12:00:00,2004-11-29 00:00:00
5685,2004332N02072,2004-11-27 03:00:00,2004-11-28 03:00:00,2004-11-28 09:00:00,2004-11-28 15:00:00,2004-11-29 03:00:00
5686,2004332N02072,2004-11-27 06:00:00,2004-11-28 06:00:00,2004-11-28 12:00:00,2004-11-28 18:00:00,2004-11-29 06:00:00
5687,2004332N02072,2004-11-27 09:00:00,2004-11-28 09:00:00,2004-11-28 15:00:00,2004-11-28 21:00:00,2004-11-29 09:00:00
5688,2004332N02072,2004-11-27 12:00:00,2004-11-28 12:00:00,2004-11-28 18:00:00,2004-11-29 00:00:00,2004-11-29 12:00:00
5689,2004332N02072,2004-11-27 15:00:00,2004-11-28 15:00:00,2004-11-28 21:00:00,2004-11-29 03:00:00,2004-11-29 15:00:00
5690,2004332N02072,2004-11-27 18:00:00,2004-11-28 18:00:00,2004-11-29 00:00:00,2004-11-29 06:00:00,2004-11-29 18:00:00
5691,2004332N02072,2004-11-27 21:00:00,2004-11-28 21:00:00,2004-11-29 03:00:00,2004-11-29 09:00:00,2004-11-29 21:00:00
5692,2004332N02072,2004-11-28 00:00:00,2004-11-29 00:00:00,2004-11-29 06:00:00,2004-11-29 12:00:00,2004-11-30 00:00:00
5693,2004332N02072,2004-11-28 03:00:00,2004-11-29 03:00:00,2004-11-29 09:00:00,2004-11-29 15:00:00,2004-11-30 03:00:00
5694,2004332N02072,2004-11-28 06:00:00,2004-11-29 06:00:00,2004-11-29 12:00:00,2004-11-29 18:00:00,2004-11-30 06:00:00
5695,2004332N02072,2004-11-28 09:00:00,2004-11-29 09:00:00,2004-11-29 15:00:00,2004-11-29 21:00:00,2004-11-30 09:00:00
5696,2004332N02072,2004-11-28 12:00:00,2004-11-29 12:00:00,2004-11-29 18:00:00,2004-11-30 00:00:00,2004-11-30 12:00:00
5697,2004332N02072,2004-11-28 15:00:00,2004-11-29 15:00:00,2004-11-29 21:00:00,2004-11-30 03:00:00,2004-11-30 15:00:00
5698,2004332N02072,2004-11-28 18:00:00,2004-11-29 18:00:00,2004-11-30 00:00:00,2004-11-30 06:00:00,2004-11-30 18:00:00
5699,2004332N02072,2004-11-28 21:00:00,2004-11-29 21:00:00,2004-11-30 03:00:00,2004-11-30 09:00:00,2004-11-30 21:00:00
5700,2004332N02072,2004-11-29 00:00:00,2004-11-30 00:00:00,2004-11-30 06:00:00,2004-11-30 12:00:00,2004-12-01 00:00:00
5701,2004332N02072,2004-11-29 03:00:00,2004-11-30 03:00:00,2004-11-30 09:00:00,2004-11-30 15:00:00,2004-12-01 03:00:00
5702,2004332N02072,2004-11-29 06:00:00,2004-11-30 06:00:00,2004-11-30 12:00:00,2004-11-30 18:00:00,2004-12-01 06:00:00
5703,2004332N02072,2004-11-29 09:00:00,2004-11-30 09:00:00,2004-11-30 15:00:00,2004-11-30 21:00:00,2004-12-01 09:00:00
5704,2004332N02072,2004-11-29 12:00:00,2004-11-30 12:00:00,2004-11-30 18:00:00,2004-12-01 00:00:00,2004-12-01 12:00:00
5705,2004332N02072,2004-11-29 15:00:00,2004-11-30 15:00:00,2004-11-30 21:00:00,2004-12-01 03:00:00,2004-12-01 15:00:00
5706,2004332N02072,2004-11-29 18:00:00,2004-11-30 18:00:00,2004-12-01 00:00:00,2004-12-01 06:00:00,2004-12-01 18:00:00
5707,2004332N02072,2004-11-29 21:00:00,2004-11-30 21:00:00,2004-12-01 03:00:00,2004-12-01 09:00:00,2004-12-01 21:00:00
5708,2004332N02072,2004-11-30 00:00:00,2004-12-01 00:00:00,2004-12-01 06:00:00,2004-12-01 12:00:00,2004-12-02 00:00:00
5709,2004332N02072,2004-11-30 03:00:00,2004-12-01 03:00:00,2004-12-01 09:00:00,2004-12-01 15:00:00,2004-12-02 03:00:00
5710,2004332N02072,2004-11-30 06:00:00,2004-12-01 06:00:00,2004-12-01 12:00:00,2004-12-01 18:00:00,2004-12-02 06:00:00
5711,2004332N02072,2004-11-30 09:00:00,2004-12-01 09:00:00,2004-12-01 15:00:00,2004-12-01 21:00:00,2004-12-02 09:00:00
5712,2004332N02072,2004-11-30 12:00:00,2004-12-01 12:00:00,2004-12-01 18:00:00,2004-12-02 00:00:00,2004-12-02 12:00:00
5713,2004332N02072,2004-11-30 15:00:00,2004-12-01 15:00:00,2004-12-01 21:00:00,2004-12-02 03:00:00,2004-12-02 15:00:00
5714,2004332N02072,2004-11-30 18:00:00,2004-12-01 18:00:00,2004-12-02 00:00:00,2004-12-02 06:00:00,2004-12-02 18:00:00
5715,2004332N02072,2004-11-30 21:00:00,2004-12-01 21:00:00,2004-12-02 03:00:00,2004-12-02 09:00:00,2004-12-02 21:00:00
5716,2004332N02072,2004-12-01 00:00:00,2004-12-02 00:00:00,2004-12-02 06:00:00,2004-12-02 12:00:00,2004-12-03 00:00:00
5717,2004332N02072,2004-12-01 03:00:00,2004-12-02 03:00:00,2004-12-02 09:00:00,2004-12-02 15:00:00,2004-12-03 03:00:00
5718,2004332N02072,2004-12-01 06:00:00,2004-12-02 06:00:00,2004-12-02 12:00:00,2004-12-02 18:00:00,2004-12-03 06:00:00
5719,2004332N02072,2004-12-01 09:00:00,2004-12-02 09:00:00,2004-12-02 15:00:00,2004-12-02 21:00:00,2004-12-03 09:00:00
5720,2004332N02072,2004-12-01 12:00:00,2004-12-02 12:00:00,2004-12-02 18:00:00,2004-12-03 00:00:00,2004-12-03 12:00:00
5721,2004332N02072,2004-12-01 15:00:00,2004-12-02 15:00:00,2004-12-02 21:00:00,2004-12-03 03:00:00,2004-12-03 15:00:00
5722,2004332N02072,2004-12-01 18:00:00,2004-12-02 18:00:00,2004-12-03 00:00:00,2004-12-03 06:00:00,2004-12-03 18:00:00
5723,2004332N02072,2004-12-01 21:00:00,2004-12-02 21:00:00,2004-12-03 03:00:00,2004-12-03 09:00:00,2004-12-03 21:00:00
5724,2004332N02072,2004-12-02 00:00:00,2004-12-03 00:00:00,2004-12-03 06:00:00,2004-12-03 12:00:00,2004-12-04 00:00:00
5725,2004332N02072,2004-12-02 03:00:00,2004-12-03 03:00:00,2004-12-03 09:00:00,2004-12-03 15:00:00,2004-12-04 03:00:00
5726,2004332N02072,2004-12-02 06:00:00,2004-12-03 06:00:00,2004-12-03 12:00:00,2004-12-03 18:00:00,2004-12-04 06:00:00
5727,2004332N02072,2004-12-02 09:00:00,2004-12-03 09:00:00,2004-12-03 15:00:00,2004-12-03 21:00:00,2004-12-04 09:00:00
5728,2004332N02072,2004-12-02 12:00:00,2004-12-03 12:00:00,2004-12-03 18:00:00,2004-12-04 00:00:00,2004-12-04 12:00:00
5729,2004332N02072,2004-12-02 15:00:00,2004-12-03 15:00:00,2004-12-03 21:00:00,2004-12-04 03:00:00,2004-12-04 15:00:00
5730,2004332N02072,2004-12-02 18:00:00,2004-12-03 18:00:00,2004-12-04 00:00:00,2004-12-04 06:00:00,2004-12-04 18:00:00
5731,2004332N02072,2004-12-02 21:00:00,2004-12-03 21:00:00,2004-12-04 03:00:00,2004-12-04 09:00:00,2004-12-04 21:00:00
5732,2004332N02072,2004-12-03 00:00:00,2004-12-04 00:00:00,2004-12-04 06:00:00,2004-12-04 12:00:00,2004-12-05 00:00:00
5733,2004332N02072,2004-12-03 03:00:00,2004-12-04 03:00:00,2004-12-04 09:00:00,2004-12-04 15:00:00,2004-12-05 03:00:00
5734,2004332N02072,2004-12-03 06:00:00,2004-12-04 06:00:00,2004-12-04 12:00:00,2004-12-04 18:00:00,2004-12-05 06:00:00
5735,2005007N04085,2005-01-07 00:00:00,2005-01-08 00:00:00,2005-01-08 06:00:00,2005-01-08 12:00:00,2005-01-09 00:00:00
5736,2005007N04085,2005-01-07 03:00:00,2005-01-08 03:00:00,2005-01-08 09:00:00,2005-01-08 15:00:00,2005-01-09 03:00:00
5737,2005007N04085,2005-01-07 06:00:00,2005-01-08 06:00:00,2005-01-08 12:00:00,2005-01-08 18:00:00,2005-01-09 06:00:00
5738,2005007N04085,2005-01-07 09:00:00,2005-01-08 09:00:00,2005-01-08 15:00:00,2005-01-08 21:00:00,2005-01-09 09:00:00
5739,2005007N04085,2005-01-07 12:00:00,2005-01-08 12:00:00,2005-01-08 18:00:00,2005-01-09 00:00:00,2005-01-09 12:00:00
5740,2005007N04085,2005-01-07 15:00:00,2005-01-08 15:00:00,2005-01-08 21:00:00,2005-01-09 03:00:00,2005-01-09 15:00:00
5741,2005007N04085,2005-01-07 18:00:00,2005-01-08 18:00:00,2005-01-09 00:00:00,2005-01-09 06:00:00,2005-01-09 18:00:00
5742,2005007N04085,2005-01-07 21:00:00,2005-01-08 21:00:00,2005-01-09 03:00:00,2005-01-09 09:00:00,2005-01-09 21:00:00
5743,2005007N04085,2005-01-08 00:00:00,2005-01-09 00:00:00,2005-01-09 06:00:00,2005-01-09 12:00:00,2005-01-10 00:00:00
5744,2005007N04085,2005-01-08 03:00:00,2005-01-09 03:00:00,2005-01-09 09:00:00,2005-01-09 15:00:00,2005-01-10 03:00:00
5745,2005007N04085,2005-01-08 06:00:00,2005-01-09 06:00:00,2005-01-09 12:00:00,2005-01-09 18:00:00,2005-01-10 06:00:00
5746,2005007N04085,2005-01-08 09:00:00,2005-01-09 09:00:00,2005-01-09 15:00:00,2005-01-09 21:00:00,2005-01-10 09:00:00
5747,2005007N04085,2005-01-08 12:00:00,2005-01-09 12:00:00,2005-01-09 18:00:00,2005-01-10 00:00:00,2005-01-10 12:00:00
5748,2005012N04090,2005-01-11 18:00:00,2005-01-12 18:00:00,2005-01-13 00:00:00,2005-01-13 06:00:00,2005-01-13 18:00:00
5749,2005012N04090,2005-01-11 21:00:00,2005-01-12 21:00:00,2005-01-13 03:00:00,2005-01-13 09:00:00,2005-01-13 21:00:00
5750,2005012N04090,2005-01-12 00:00:00,2005-01-13 00:00:00,2005-01-13 06:00:00,2005-01-13 12:00:00,2005-01-14 00:00:00
5751,2005012N04090,2005-01-12 03:00:00,2005-01-13 03:00:00,2005-01-13 09:00:00,2005-01-13 15:00:00,2005-01-14 03:00:00
5752,2005012N04090,2005-01-12 06:00:00,2005-01-13 06:00:00,2005-01-13 12:00:00,2005-01-13 18:00:00,2005-01-14 06:00:00
5753,2005012N04090,2005-01-12 09:00:00,2005-01-13 09:00:00,2005-01-13 15:00:00,2005-01-13 21:00:00,2005-01-14 09:00:00
5754,2005012N04090,2005-01-12 12:00:00,2005-01-13 12:00:00,2005-01-13 18:00:00,2005-01-14 00:00:00,2005-01-14 12:00:00
5755,2005012N04090,2005-01-12 15:00:00,2005-01-13 15:00:00,2005-01-13 21:00:00,2005-01-14 03:00:00,2005-01-14 15:00:00
5756,2005012N04090,2005-01-12 18:00:00,2005-01-13 18:00:00,2005-01-14 00:00:00,2005-01-14 06:00:00,2005-01-14 18:00:00
5757,2005012N04090,2005-01-12 21:00:00,2005-01-13 21:00:00,2005-01-14 03:00:00,2005-01-14 09:00:00,2005-01-14 21:00:00
5758,2005012N04090,2005-01-13 00:00:00,2005-01-14 00:00:00,2005-01-14 06:00:00,2005-01-14 12:00:00,2005-01-15 00:00:00
5759,2005012N04090,2005-01-13 03:00:00,2005-01-14 03:00:00,2005-01-14 09:00:00,2005-01-14 15:00:00,2005-01-15 03:00:00
5760,2005012N04090,2005-01-13 06:00:00,2005-01-14 06:00:00,2005-01-14 12:00:00,2005-01-14 18:00:00,2005-01-15 06:00:00
5761,2005012N04090,2005-01-13 09:00:00,2005-01-14 09:00:00,2005-01-14 15:00:00,2005-01-14 21:00:00,2005-01-15 09:00:00
5762,2005012N04090,2005-01-13 12:00:00,2005-01-14 12:00:00,2005-01-14 18:00:00,2005-01-15 00:00:00,2005-01-15 12:00:00
5763,2005012N04090,2005-01-13 15:00:00,2005-01-14 15:00:00,2005-01-14 21:00:00,2005-01-15 03:00:00,2005-01-15 15:00:00
5764,2005012N04090,2005-01-13 18:00:00,2005-01-14 18:00:00,2005-01-15 00:00:00,2005-01-15 06:00:00,2005-01-15 18:00:00
5765,2005012N04090,2005-01-13 21:00:00,2005-01-14 21:00:00,2005-01-15 03:00:00,2005-01-15 09:00:00,2005-01-15 21:00:00
5766,2005012N04090,2005-01-14 00:00:00,2005-01-15 00:00:00,2005-01-15 06:00:00,2005-01-15 12:00:00,2005-01-16 00:00:00
5767,2005012N04090,2005-01-14 03:00:00,2005-01-15 03:00:00,2005-01-15 09:00:00,2005-01-15 15:00:00,2005-01-16 03:00:00
5768,2005012N04090,2005-01-14 06:00:00,2005-01-15 06:00:00,2005-01-15 12:00:00,2005-01-15 18:00:00,2005-01-16 06:00:00
5769,2005012N04090,2005-01-14 09:00:00,2005-01-15 09:00:00,2005-01-15 15:00:00,2005-01-15 21:00:00,2005-01-16 09:00:00
5770,2005012N04090,2005-01-14 12:00:00,2005-01-15 12:00:00,2005-01-15 18:00:00,2005-01-16 00:00:00,2005-01-16 12:00:00
5771,2005012N04090,2005-01-14 15:00:00,2005-01-15 15:00:00,2005-01-15 21:00:00,2005-01-16 03:00:00,2005-01-16 15:00:00
5772,2005012N04090,2005-01-14 18:00:00,2005-01-15 18:00:00,2005-01-16 00:00:00,2005-01-16 06:00:00,2005-01-16 18:00:00
5773,2005012N04090,2005-01-14 21:00:00,2005-01-15 21:00:00,2005-01-16 03:00:00,2005-01-16 09:00:00,2005-01-16 21:00:00
5774,2005012N04090,2005-01-15 00:00:00,2005-01-16 00:00:00,2005-01-16 06:00:00,2005-01-16 12:00:00,2005-01-17 00:00:00
5775,2005012N04090,2005-01-15 03:00:00,2005-01-16 03:00:00,2005-01-16 09:00:00,2005-01-16 15:00:00,2005-01-17 03:00:00
5776,2005012N04090,2005-01-15 06:00:00,2005-01-16 06:00:00,2005-01-16 12:00:00,2005-01-16 18:00:00,2005-01-17 06:00:00
5777,2005012N04090,2005-01-15 09:00:00,2005-01-16 09:00:00,2005-01-16 15:00:00,2005-01-16 21:00:00,2005-01-17 09:00:00
5778,2005012N04090,2005-01-15 12:00:00,2005-01-16 12:00:00,2005-01-16 18:00:00,2005-01-17 00:00:00,2005-01-17 12:00:00
5779,2005179N22088,2005-06-27 12:00:00,2005-06-28 12:00:00,2005-06-28 18:00:00,2005-06-29 00:00:00,2005-06-29 12:00:00
5780,2005179N22088,2005-06-27 15:00:00,2005-06-28 15:00:00,2005-06-28 21:00:00,2005-06-29 03:00:00,2005-06-29 15:00:00
5781,2005179N22088,2005-06-27 18:00:00,2005-06-28 18:00:00,2005-06-29 00:00:00,2005-06-29 06:00:00,2005-06-29 18:00:00
5782,2005179N22088,2005-06-27 21:00:00,2005-06-28 21:00:00,2005-06-29 03:00:00,2005-06-29 09:00:00,2005-06-29 21:00:00
5783,2005179N22088,2005-06-28 00:00:00,2005-06-29 00:00:00,2005-06-29 06:00:00,2005-06-29 12:00:00,2005-06-30 00:00:00
5784,2005179N22088,2005-06-28 03:00:00,2005-06-29 03:00:00,2005-06-29 09:00:00,2005-06-29 15:00:00,2005-06-30 03:00:00
5785,2005179N22088,2005-06-28 06:00:00,2005-06-29 06:00:00,2005-06-29 12:00:00,2005-06-29 18:00:00,2005-06-30 06:00:00
5786,2005179N22088,2005-06-28 09:00:00,2005-06-29 09:00:00,2005-06-29 15:00:00,2005-06-29 21:00:00,2005-06-30 09:00:00
5787,2005179N22088,2005-06-28 12:00:00,2005-06-29 12:00:00,2005-06-29 18:00:00,2005-06-30 00:00:00,2005-06-30 12:00:00
5788,2005179N22088,2005-06-28 15:00:00,2005-06-29 15:00:00,2005-06-29 21:00:00,2005-06-30 03:00:00,2005-06-30 15:00:00
5789,2005179N22088,2005-06-28 18:00:00,2005-06-29 18:00:00,2005-06-30 00:00:00,2005-06-30 06:00:00,2005-06-30 18:00:00
5790,2005179N22088,2005-06-28 21:00:00,2005-06-29 21:00:00,2005-06-30 03:00:00,2005-06-30 09:00:00,2005-06-30 21:00:00
5791,2005179N22088,2005-06-29 00:00:00,2005-06-30 00:00:00,2005-06-30 06:00:00,2005-06-30 12:00:00,2005-07-01 00:00:00
5792,2005179N22088,2005-06-29 03:00:00,2005-06-30 03:00:00,2005-06-30 09:00:00,2005-06-30 15:00:00,2005-07-01 03:00:00
5793,2005179N22088,2005-06-29 06:00:00,2005-06-30 06:00:00,2005-06-30 12:00:00,2005-06-30 18:00:00,2005-07-01 06:00:00
5794,2005179N22088,2005-06-29 09:00:00,2005-06-30 09:00:00,2005-06-30 15:00:00,2005-06-30 21:00:00,2005-07-01 09:00:00
5795,2005179N22088,2005-06-29 12:00:00,2005-06-30 12:00:00,2005-06-30 18:00:00,2005-07-01 00:00:00,2005-07-01 12:00:00
5796,2005179N22088,2005-06-29 15:00:00,2005-06-30 15:00:00,2005-06-30 21:00:00,2005-07-01 03:00:00,2005-07-01 15:00:00
5797,2005179N22088,2005-06-29 18:00:00,2005-06-30 18:00:00,2005-07-01 00:00:00,2005-07-01 06:00:00,2005-07-01 18:00:00
5798,2005179N22088,2005-06-29 21:00:00,2005-06-30 21:00:00,2005-07-01 03:00:00,2005-07-01 09:00:00,2005-07-01 21:00:00
5799,2005179N22088,2005-06-30 00:00:00,2005-07-01 00:00:00,2005-07-01 06:00:00,2005-07-01 12:00:00,2005-07-02 00:00:00
5800,2005179N22088,2005-06-30 03:00:00,2005-07-01 03:00:00,2005-07-01 09:00:00,2005-07-01 15:00:00,2005-07-02 03:00:00
5801,2005179N22088,2005-06-30 06:00:00,2005-07-01 06:00:00,2005-07-01 12:00:00,2005-07-01 18:00:00,2005-07-02 06:00:00
5802,2005179N22088,2005-06-30 09:00:00,2005-07-01 09:00:00,2005-07-01 15:00:00,2005-07-01 21:00:00,2005-07-02 09:00:00
5803,2005179N22088,2005-06-30 12:00:00,2005-07-01 12:00:00,2005-07-01 18:00:00,2005-07-02 00:00:00,2005-07-02 12:00:00
5804,2005179N22088,2005-06-30 15:00:00,2005-07-01 15:00:00,2005-07-01 21:00:00,2005-07-02 03:00:00,2005-07-02 15:00:00
5805,2005179N22088,2005-06-30 18:00:00,2005-07-01 18:00:00,2005-07-02 00:00:00,2005-07-02 06:00:00,2005-07-02 18:00:00
5806,2005179N22088,2005-06-30 21:00:00,2005-07-01 21:00:00,2005-07-02 03:00:00,2005-07-02 09:00:00,2005-07-02 21:00:00
5807,2005179N22088,2005-07-01 00:00:00,2005-07-02 00:00:00,2005-07-02 06:00:00,2005-07-02 12:00:00,2005-07-03 00:00:00
5808,2005179N22088,2005-07-01 03:00:00,2005-07-02 03:00:00,2005-07-02 09:00:00,2005-07-02 15:00:00,2005-07-03 03:00:00
5809,2005179N22088,2005-07-01 06:00:00,2005-07-02 06:00:00,2005-07-02 12:00:00,2005-07-02 18:00:00,2005-07-03 06:00:00
5810,2005179N22088,2005-07-01 09:00:00,2005-07-02 09:00:00,2005-07-02 15:00:00,2005-07-02 21:00:00,2005-07-03 09:00:00
5811,2005179N22088,2005-07-01 12:00:00,2005-07-02 12:00:00,2005-07-02 18:00:00,2005-07-03 00:00:00,2005-07-03 12:00:00
5812,2005179N22088,2005-07-01 15:00:00,2005-07-02 15:00:00,2005-07-02 21:00:00,2005-07-03 03:00:00,2005-07-03 15:00:00
5813,2005179N22088,2005-07-01 18:00:00,2005-07-02 18:00:00,2005-07-03 00:00:00,2005-07-03 06:00:00,2005-07-03 18:00:00
5814,2005179N22088,2005-07-01 21:00:00,2005-07-02 21:00:00,2005-07-03 03:00:00,2005-07-03 09:00:00,2005-07-03 21:00:00
5815,2005179N22088,2005-07-02 00:00:00,2005-07-03 00:00:00,2005-07-03 06:00:00,2005-07-03 12:00:00,2005-07-04 00:00:00
5816,2005179N22088,2005-07-02 03:00:00,2005-07-03 03:00:00,2005-07-03 09:00:00,2005-07-03 15:00:00,2005-07-04 03:00:00
5817,2005179N22088,2005-07-02 06:00:00,2005-07-03 06:00:00,2005-07-03 12:00:00,2005-07-03 18:00:00,2005-07-04 06:00:00
5818,2005179N22088,2005-07-02 09:00:00,2005-07-03 09:00:00,2005-07-03 15:00:00,2005-07-03 21:00:00,2005-07-04 09:00:00
5819,2005179N22088,2005-07-02 12:00:00,2005-07-03 12:00:00,2005-07-03 18:00:00,2005-07-04 00:00:00,2005-07-04 12:00:00
5820,2005179N22088,2005-07-02 15:00:00,2005-07-03 15:00:00,2005-07-03 21:00:00,2005-07-04 03:00:00,2005-07-04 15:00:00
5821,2005179N22088,2005-07-02 18:00:00,2005-07-03 18:00:00,2005-07-04 00:00:00,2005-07-04 06:00:00,2005-07-04 18:00:00
5822,2005179N22088,2005-07-02 21:00:00,2005-07-03 21:00:00,2005-07-04 03:00:00,2005-07-04 09:00:00,2005-07-04 21:00:00
5823,2005179N22088,2005-07-03 00:00:00,2005-07-04 00:00:00,2005-07-04 06:00:00,2005-07-04 12:00:00,2005-07-05 00:00:00
5824,2005179N22088,2005-07-03 03:00:00,2005-07-04 03:00:00,2005-07-04 09:00:00,2005-07-04 15:00:00,2005-07-05 03:00:00
5825,2005179N22088,2005-07-03 06:00:00,2005-07-04 06:00:00,2005-07-04 12:00:00,2005-07-04 18:00:00,2005-07-05 06:00:00
5826,2005179N22088,2005-07-03 09:00:00,2005-07-04 09:00:00,2005-07-04 15:00:00,2005-07-04 21:00:00,2005-07-05 09:00:00
5827,2005179N22088,2005-07-03 12:00:00,2005-07-04 12:00:00,2005-07-04 18:00:00,2005-07-05 00:00:00,2005-07-05 12:00:00
5828,2005210N21088,2005-07-29 03:00:00,2005-07-30 03:00:00,2005-07-30 09:00:00,2005-07-30 15:00:00,2005-07-31 03:00:00
5829,2005210N21088,2005-07-29 06:00:00,2005-07-30 06:00:00,2005-07-30 12:00:00,2005-07-30 18:00:00,2005-07-31 06:00:00
5830,2005210N21088,2005-07-29 09:00:00,2005-07-30 09:00:00,2005-07-30 15:00:00,2005-07-30 21:00:00,2005-07-31 09:00:00
5831,2005210N21088,2005-07-29 12:00:00,2005-07-30 12:00:00,2005-07-30 18:00:00,2005-07-31 00:00:00,2005-07-31 12:00:00
5832,2005255N20088,2005-09-12 03:00:00,2005-09-13 03:00:00,2005-09-13 09:00:00,2005-09-13 15:00:00,2005-09-14 03:00:00
5833,2005255N20088,2005-09-12 06:00:00,2005-09-13 06:00:00,2005-09-13 12:00:00,2005-09-13 18:00:00,2005-09-14 06:00:00
5834,2005255N20088,2005-09-12 09:00:00,2005-09-13 09:00:00,2005-09-13 15:00:00,2005-09-13 21:00:00,2005-09-14 09:00:00
5835,2005255N20088,2005-09-12 12:00:00,2005-09-13 12:00:00,2005-09-13 18:00:00,2005-09-14 00:00:00,2005-09-14 12:00:00
5836,2005255N20088,2005-09-12 15:00:00,2005-09-13 15:00:00,2005-09-13 21:00:00,2005-09-14 03:00:00,2005-09-14 15:00:00
5837,2005255N20088,2005-09-12 18:00:00,2005-09-13 18:00:00,2005-09-14 00:00:00,2005-09-14 06:00:00,2005-09-14 18:00:00
5838,2005255N20088,2005-09-12 21:00:00,2005-09-13 21:00:00,2005-09-14 03:00:00,2005-09-14 09:00:00,2005-09-14 21:00:00
5839,2005255N20088,2005-09-13 00:00:00,2005-09-14 00:00:00,2005-09-14 06:00:00,2005-09-14 12:00:00,2005-09-15 00:00:00
5840,2005255N20088,2005-09-13 03:00:00,2005-09-14 03:00:00,2005-09-14 09:00:00,2005-09-14 15:00:00,2005-09-15 03:00:00
5841,2005255N20088,2005-09-13 06:00:00,2005-09-14 06:00:00,2005-09-14 12:00:00,2005-09-14 18:00:00,2005-09-15 06:00:00
5842,2005255N20088,2005-09-13 09:00:00,2005-09-14 09:00:00,2005-09-14 15:00:00,2005-09-14 21:00:00,2005-09-15 09:00:00
5843,2005255N20088,2005-09-13 12:00:00,2005-09-14 12:00:00,2005-09-14 18:00:00,2005-09-15 00:00:00,2005-09-15 12:00:00
5844,2005255N20088,2005-09-13 15:00:00,2005-09-14 15:00:00,2005-09-14 21:00:00,2005-09-15 03:00:00,2005-09-15 15:00:00
5845,2005255N20088,2005-09-13 18:00:00,2005-09-14 18:00:00,2005-09-15 00:00:00,2005-09-15 06:00:00,2005-09-15 18:00:00
5846,2005255N20088,2005-09-13 21:00:00,2005-09-14 21:00:00,2005-09-15 03:00:00,2005-09-15 09:00:00,2005-09-15 21:00:00
5847,2005255N20088,2005-09-14 00:00:00,2005-09-15 00:00:00,2005-09-15 06:00:00,2005-09-15 12:00:00,2005-09-16 00:00:00
5848,2005255N20088,2005-09-14 03:00:00,2005-09-15 03:00:00,2005-09-15 09:00:00,2005-09-15 15:00:00,2005-09-16 03:00:00
5849,2005255N20088,2005-09-14 06:00:00,2005-09-15 06:00:00,2005-09-15 12:00:00,2005-09-15 18:00:00,2005-09-16 06:00:00
5850,2005255N20088,2005-09-14 09:00:00,2005-09-15 09:00:00,2005-09-15 15:00:00,2005-09-15 21:00:00,2005-09-16 09:00:00
5851,2005255N20088,2005-09-14 12:00:00,2005-09-15 12:00:00,2005-09-15 18:00:00,2005-09-16 00:00:00,2005-09-16 12:00:00
5852,2005257N15120,2005-09-16 06:00:00,2005-09-17 06:00:00,2005-09-17 12:00:00,2005-09-17 18:00:00,2005-09-18 06:00:00
5853,2005257N15120,2005-09-16 09:00:00,2005-09-17 09:00:00,2005-09-17 15:00:00,2005-09-17 21:00:00,2005-09-18 09:00:00
5854,2005257N15120,2005-09-16 12:00:00,2005-09-17 12:00:00,2005-09-17 18:00:00,2005-09-18 00:00:00,2005-09-18 12:00:00
5855,2005257N15120,2005-09-16 15:00:00,2005-09-17 15:00:00,2005-09-17 21:00:00,2005-09-18 03:00:00,2005-09-18 15:00:00
5856,2005257N15120,2005-09-16 18:00:00,2005-09-17 18:00:00,2005-09-18 00:00:00,2005-09-18 06:00:00,2005-09-18 18:00:00
5857,2005257N15120,2005-09-16 21:00:00,2005-09-17 21:00:00,2005-09-18 03:00:00,2005-09-18 09:00:00,2005-09-18 21:00:00
5858,2005257N15120,2005-09-17 00:00:00,2005-09-18 00:00:00,2005-09-18 06:00:00,2005-09-18 12:00:00,2005-09-19 00:00:00
5859,2005257N20069,2005-09-14 03:00:00,2005-09-15 03:00:00,2005-09-15 09:00:00,2005-09-15 15:00:00,2005-09-16 03:00:00
5860,2005257N20069,2005-09-14 06:00:00,2005-09-15 06:00:00,2005-09-15 12:00:00,2005-09-15 18:00:00,2005-09-16 06:00:00
5861,2005257N20069,2005-09-14 09:00:00,2005-09-15 09:00:00,2005-09-15 15:00:00,2005-09-15 21:00:00,2005-09-16 09:00:00
5862,2005257N20069,2005-09-14 12:00:00,2005-09-15 12:00:00,2005-09-15 18:00:00,2005-09-16 00:00:00,2005-09-16 12:00:00
5863,2005260N20091,2005-09-17 03:00:00,2005-09-18 03:00:00,2005-09-18 09:00:00,2005-09-18 15:00:00,2005-09-19 03:00:00
5864,2005260N20091,2005-09-17 06:00:00,2005-09-18 06:00:00,2005-09-18 12:00:00,2005-09-18 18:00:00,2005-09-19 06:00:00
5865,2005260N20091,2005-09-17 09:00:00,2005-09-18 09:00:00,2005-09-18 15:00:00,2005-09-18 21:00:00,2005-09-19 09:00:00
5866,2005260N20091,2005-09-17 12:00:00,2005-09-18 12:00:00,2005-09-18 18:00:00,2005-09-19 00:00:00,2005-09-19 12:00:00
5867,2005260N20091,2005-09-17 15:00:00,2005-09-18 15:00:00,2005-09-18 21:00:00,2005-09-19 03:00:00,2005-09-19 15:00:00
5868,2005260N20091,2005-09-17 18:00:00,2005-09-18 18:00:00,2005-09-19 00:00:00,2005-09-19 06:00:00,2005-09-19 18:00:00
5869,2005260N20091,2005-09-17 21:00:00,2005-09-18 21:00:00,2005-09-19 03:00:00,2005-09-19 09:00:00,2005-09-19 21:00:00
5870,2005260N20091,2005-09-18 00:00:00,2005-09-19 00:00:00,2005-09-19 06:00:00,2005-09-19 12:00:00,2005-09-20 00:00:00
5871,2005260N20091,2005-09-18 03:00:00,2005-09-19 03:00:00,2005-09-19 09:00:00,2005-09-19 15:00:00,2005-09-20 03:00:00
5872,2005260N20091,2005-09-18 06:00:00,2005-09-19 06:00:00,2005-09-19 12:00:00,2005-09-19 18:00:00,2005-09-20 06:00:00
5873,2005260N20091,2005-09-18 09:00:00,2005-09-19 09:00:00,2005-09-19 15:00:00,2005-09-19 21:00:00,2005-09-20 09:00:00
5874,2005260N20091,2005-09-18 12:00:00,2005-09-19 12:00:00,2005-09-19 18:00:00,2005-09-20 00:00:00,2005-09-20 12:00:00
5875,2005260N20091,2005-09-18 15:00:00,2005-09-19 15:00:00,2005-09-19 21:00:00,2005-09-20 03:00:00,2005-09-20 15:00:00
5876,2005260N20091,2005-09-18 18:00:00,2005-09-19 18:00:00,2005-09-20 00:00:00,2005-09-20 06:00:00,2005-09-20 18:00:00
5877,2005260N20091,2005-09-18 21:00:00,2005-09-19 21:00:00,2005-09-20 03:00:00,2005-09-20 09:00:00,2005-09-20 21:00:00
5878,2005260N20091,2005-09-19 00:00:00,2005-09-20 00:00:00,2005-09-20 06:00:00,2005-09-20 12:00:00,2005-09-21 00:00:00
5879,2005260N20091,2005-09-19 03:00:00,2005-09-20 03:00:00,2005-09-20 09:00:00,2005-09-20 15:00:00,2005-09-21 03:00:00
5880,2005260N20091,2005-09-19 06:00:00,2005-09-20 06:00:00,2005-09-20 12:00:00,2005-09-20 18:00:00,2005-09-21 06:00:00
5881,2005260N20091,2005-09-19 09:00:00,2005-09-20 09:00:00,2005-09-20 15:00:00,2005-09-20 21:00:00,2005-09-21 09:00:00
5882,2005260N20091,2005-09-19 12:00:00,2005-09-20 12:00:00,2005-09-20 18:00:00,2005-09-21 00:00:00,2005-09-21 12:00:00
5883,2005262N13127,2005-09-19 06:00:00,2005-09-20 06:00:00,2005-09-20 12:00:00,2005-09-20 18:00:00,2005-09-21 06:00:00
5884,2005262N13127,2005-09-19 09:00:00,2005-09-20 09:00:00,2005-09-20 15:00:00,2005-09-20 21:00:00,2005-09-21 09:00:00
5885,2005262N13127,2005-09-19 12:00:00,2005-09-20 12:00:00,2005-09-20 18:00:00,2005-09-21 00:00:00,2005-09-21 12:00:00
5886,2005262N13127,2005-09-19 15:00:00,2005-09-20 15:00:00,2005-09-20 21:00:00,2005-09-21 03:00:00,2005-09-21 15:00:00
5887,2005262N13127,2005-09-19 18:00:00,2005-09-20 18:00:00,2005-09-21 00:00:00,2005-09-21 06:00:00,2005-09-21 18:00:00
5888,2005262N13127,2005-09-19 21:00:00,2005-09-20 21:00:00,2005-09-21 03:00:00,2005-09-21 09:00:00,2005-09-21 21:00:00
5889,2005262N13127,2005-09-20 00:00:00,2005-09-21 00:00:00,2005-09-21 06:00:00,2005-09-21 12:00:00,2005-09-22 00:00:00
5890,2005262N13127,2005-09-20 03:00:00,2005-09-21 03:00:00,2005-09-21 09:00:00,2005-09-21 15:00:00,2005-09-22 03:00:00
5891,2005262N13127,2005-09-20 06:00:00,2005-09-21 06:00:00,2005-09-21 12:00:00,2005-09-21 18:00:00,2005-09-22 06:00:00
5892,2005262N13127,2005-09-20 09:00:00,2005-09-21 09:00:00,2005-09-21 15:00:00,2005-09-21 21:00:00,2005-09-22 09:00:00
5893,2005262N13127,2005-09-20 12:00:00,2005-09-21 12:00:00,2005-09-21 18:00:00,2005-09-22 00:00:00,2005-09-22 12:00:00
5894,2005262N13127,2005-09-20 15:00:00,2005-09-21 15:00:00,2005-09-21 21:00:00,2005-09-22 03:00:00,2005-09-22 15:00:00
5895,2005262N13127,2005-09-20 18:00:00,2005-09-21 18:00:00,2005-09-22 00:00:00,2005-09-22 06:00:00,2005-09-22 18:00:00
5896,2005262N13127,2005-09-20 21:00:00,2005-09-21 21:00:00,2005-09-22 03:00:00,2005-09-22 09:00:00,2005-09-22 21:00:00
5897,2005262N13127,2005-09-21 00:00:00,2005-09-22 00:00:00,2005-09-22 06:00:00,2005-09-22 12:00:00,2005-09-23 00:00:00
5898,2005262N13127,2005-09-21 03:00:00,2005-09-22 03:00:00,2005-09-22 09:00:00,2005-09-22 15:00:00,2005-09-23 03:00:00
5899,2005262N13127,2005-09-21 06:00:00,2005-09-22 06:00:00,2005-09-22 12:00:00,2005-09-22 18:00:00,2005-09-23 06:00:00
5900,2005262N13127,2005-09-21 09:00:00,2005-09-22 09:00:00,2005-09-22 15:00:00,2005-09-22 21:00:00,2005-09-23 09:00:00
5901,2005262N13127,2005-09-21 12:00:00,2005-09-22 12:00:00,2005-09-22 18:00:00,2005-09-23 00:00:00,2005-09-23 12:00:00
5902,2005262N13127,2005-09-21 15:00:00,2005-09-22 15:00:00,2005-09-22 21:00:00,2005-09-23 03:00:00,2005-09-23 15:00:00
5903,2005262N13127,2005-09-21 18:00:00,2005-09-22 18:00:00,2005-09-23 00:00:00,2005-09-23 06:00:00,2005-09-23 18:00:00
5904,2005262N13127,2005-09-21 21:00:00,2005-09-22 21:00:00,2005-09-23 03:00:00,2005-09-23 09:00:00,2005-09-23 21:00:00
5905,2005262N13127,2005-09-22 00:00:00,2005-09-23 00:00:00,2005-09-23 06:00:00,2005-09-23 12:00:00,2005-09-24 00:00:00
5906,2005262N13127,2005-09-22 03:00:00,2005-09-23 03:00:00,2005-09-23 09:00:00,2005-09-23 15:00:00,2005-09-24 03:00:00
5907,2005262N13127,2005-09-22 06:00:00,2005-09-23 06:00:00,2005-09-23 12:00:00,2005-09-23 18:00:00,2005-09-24 06:00:00
5908,2005262N13127,2005-09-22 09:00:00,2005-09-23 09:00:00,2005-09-23 15:00:00,2005-09-23 21:00:00,2005-09-24 09:00:00
5909,2005262N13127,2005-09-22 12:00:00,2005-09-23 12:00:00,2005-09-23 18:00:00,2005-09-24 00:00:00,2005-09-24 12:00:00
5910,2005262N13127,2005-09-22 15:00:00,2005-09-23 15:00:00,2005-09-23 21:00:00,2005-09-24 03:00:00,2005-09-24 15:00:00
5911,2005262N13127,2005-09-22 18:00:00,2005-09-23 18:00:00,2005-09-24 00:00:00,2005-09-24 06:00:00,2005-09-24 18:00:00
5912,2005262N13127,2005-09-22 21:00:00,2005-09-23 21:00:00,2005-09-24 03:00:00,2005-09-24 09:00:00,2005-09-24 21:00:00
5913,2005262N13127,2005-09-23 00:00:00,2005-09-24 00:00:00,2005-09-24 06:00:00,2005-09-24 12:00:00,2005-09-25 00:00:00
5914,2005262N13127,2005-09-23 03:00:00,2005-09-24 03:00:00,2005-09-24 09:00:00,2005-09-24 15:00:00,2005-09-25 03:00:00
5915,2005262N13127,2005-09-23 06:00:00,2005-09-24 06:00:00,2005-09-24 12:00:00,2005-09-24 18:00:00,2005-09-25 06:00:00
5916,2005262N13127,2005-09-23 09:00:00,2005-09-24 09:00:00,2005-09-24 15:00:00,2005-09-24 21:00:00,2005-09-25 09:00:00
5917,2005262N13127,2005-09-23 12:00:00,2005-09-24 12:00:00,2005-09-24 18:00:00,2005-09-25 00:00:00,2005-09-25 12:00:00
5918,2005262N13127,2005-09-23 15:00:00,2005-09-24 15:00:00,2005-09-24 21:00:00,2005-09-25 03:00:00,2005-09-25 15:00:00
5919,2005262N13127,2005-09-23 18:00:00,2005-09-24 18:00:00,2005-09-25 00:00:00,2005-09-25 06:00:00,2005-09-25 18:00:00
5920,2005262N13127,2005-09-23 21:00:00,2005-09-24 21:00:00,2005-09-25 03:00:00,2005-09-25 09:00:00,2005-09-25 21:00:00
5921,2005262N13127,2005-09-24 00:00:00,2005-09-25 00:00:00,2005-09-25 06:00:00,2005-09-25 12:00:00,2005-09-26 00:00:00
5922,2005262N13127,2005-09-24 03:00:00,2005-09-25 03:00:00,2005-09-25 09:00:00,2005-09-25 15:00:00,2005-09-26 03:00:00
5923,2005262N13127,2005-09-24 06:00:00,2005-09-25 06:00:00,2005-09-25 12:00:00,2005-09-25 18:00:00,2005-09-26 06:00:00
5924,2005262N13127,2005-09-24 09:00:00,2005-09-25 09:00:00,2005-09-25 15:00:00,2005-09-25 21:00:00,2005-09-26 09:00:00
5925,2005262N13127,2005-09-24 12:00:00,2005-09-25 12:00:00,2005-09-25 18:00:00,2005-09-26 00:00:00,2005-09-26 12:00:00
5926,2005262N13127,2005-09-24 15:00:00,2005-09-25 15:00:00,2005-09-25 21:00:00,2005-09-26 03:00:00,2005-09-26 15:00:00
5927,2005262N13127,2005-09-24 18:00:00,2005-09-25 18:00:00,2005-09-26 00:00:00,2005-09-26 06:00:00,2005-09-26 18:00:00
5928,2005262N13127,2005-09-24 21:00:00,2005-09-25 21:00:00,2005-09-26 03:00:00,2005-09-26 09:00:00,2005-09-26 21:00:00
5929,2005262N13127,2005-09-25 00:00:00,2005-09-26 00:00:00,2005-09-26 06:00:00,2005-09-26 12:00:00,2005-09-27 00:00:00
5930,2005262N13127,2005-09-25 03:00:00,2005-09-26 03:00:00,2005-09-26 09:00:00,2005-09-26 15:00:00,2005-09-27 03:00:00
5931,2005262N13127,2005-09-25 06:00:00,2005-09-26 06:00:00,2005-09-26 12:00:00,2005-09-26 18:00:00,2005-09-27 06:00:00
5932,2005262N13127,2005-09-25 09:00:00,2005-09-26 09:00:00,2005-09-26 15:00:00,2005-09-26 21:00:00,2005-09-27 09:00:00
5933,2005262N13127,2005-09-25 12:00:00,2005-09-26 12:00:00,2005-09-26 18:00:00,2005-09-27 00:00:00,2005-09-27 12:00:00
5934,2005262N13127,2005-09-25 15:00:00,2005-09-26 15:00:00,2005-09-26 21:00:00,2005-09-27 03:00:00,2005-09-27 15:00:00
5935,2005262N13127,2005-09-25 18:00:00,2005-09-26 18:00:00,2005-09-27 00:00:00,2005-09-27 06:00:00,2005-09-27 18:00:00
5936,2005262N13127,2005-09-25 21:00:00,2005-09-26 21:00:00,2005-09-27 03:00:00,2005-09-27 09:00:00,2005-09-27 21:00:00
5937,2005262N13127,2005-09-26 00:00:00,2005-09-27 00:00:00,2005-09-27 06:00:00,2005-09-27 12:00:00,2005-09-28 00:00:00
5938,2005262N13127,2005-09-26 03:00:00,2005-09-27 03:00:00,2005-09-27 09:00:00,2005-09-27 15:00:00,2005-09-28 03:00:00
5939,2005262N13127,2005-09-26 06:00:00,2005-09-27 06:00:00,2005-09-27 12:00:00,2005-09-27 18:00:00,2005-09-28 06:00:00
5940,2005274N17086,2005-10-01 06:00:00,2005-10-02 06:00:00,2005-10-02 12:00:00,2005-10-02 18:00:00,2005-10-03 06:00:00
5941,2005324N08085,2005-11-20 03:00:00,2005-11-21 03:00:00,2005-11-21 09:00:00,2005-11-21 15:00:00,2005-11-22 03:00:00
5942,2005324N08085,2005-11-20 06:00:00,2005-11-21 06:00:00,2005-11-21 12:00:00,2005-11-21 18:00:00,2005-11-22 06:00:00
5943,2005324N08085,2005-11-20 09:00:00,2005-11-21 09:00:00,2005-11-21 15:00:00,2005-11-21 21:00:00,2005-11-22 09:00:00
5944,2005330N09096,2005-11-26 06:00:00,2005-11-27 06:00:00,2005-11-27 12:00:00,2005-11-27 18:00:00,2005-11-28 06:00:00
5945,2005330N09096,2005-11-26 09:00:00,2005-11-27 09:00:00,2005-11-27 15:00:00,2005-11-27 21:00:00,2005-11-28 09:00:00
5946,2005330N09096,2005-11-26 12:00:00,2005-11-27 12:00:00,2005-11-27 18:00:00,2005-11-28 00:00:00,2005-11-28 12:00:00
5947,2005330N09096,2005-11-26 15:00:00,2005-11-27 15:00:00,2005-11-27 21:00:00,2005-11-28 03:00:00,2005-11-28 15:00:00
5948,2005330N09096,2005-11-26 18:00:00,2005-11-27 18:00:00,2005-11-28 00:00:00,2005-11-28 06:00:00,2005-11-28 18:00:00
5949,2005330N09096,2005-11-26 21:00:00,2005-11-27 21:00:00,2005-11-28 03:00:00,2005-11-28 09:00:00,2005-11-28 21:00:00
5950,2005330N09096,2005-11-27 00:00:00,2005-11-28 00:00:00,2005-11-28 06:00:00,2005-11-28 12:00:00,2005-11-29 00:00:00
5951,2005330N09096,2005-11-27 03:00:00,2005-11-28 03:00:00,2005-11-28 09:00:00,2005-11-28 15:00:00,2005-11-29 03:00:00
5952,2005330N09096,2005-11-27 06:00:00,2005-11-28 06:00:00,2005-11-28 12:00:00,2005-11-28 18:00:00,2005-11-29 06:00:00
5953,2005330N09096,2005-11-27 09:00:00,2005-11-28 09:00:00,2005-11-28 15:00:00,2005-11-28 21:00:00,2005-11-29 09:00:00
5954,2005330N09096,2005-11-27 12:00:00,2005-11-28 12:00:00,2005-11-28 18:00:00,2005-11-29 00:00:00,2005-11-29 12:00:00
5955,2005330N09096,2005-11-27 15:00:00,2005-11-28 15:00:00,2005-11-28 21:00:00,2005-11-29 03:00:00,2005-11-29 15:00:00
5956,2005330N09096,2005-11-27 18:00:00,2005-11-28 18:00:00,2005-11-29 00:00:00,2005-11-29 06:00:00,2005-11-29 18:00:00
5957,2005330N09096,2005-11-27 21:00:00,2005-11-28 21:00:00,2005-11-29 03:00:00,2005-11-29 09:00:00,2005-11-29 21:00:00
5958,2005330N09096,2005-11-28 00:00:00,2005-11-29 00:00:00,2005-11-29 06:00:00,2005-11-29 12:00:00,2005-11-30 00:00:00
5959,2005330N09096,2005-11-28 03:00:00,2005-11-29 03:00:00,2005-11-29 09:00:00,2005-11-29 15:00:00,2005-11-30 03:00:00
5960,2005330N09096,2005-11-28 06:00:00,2005-11-29 06:00:00,2005-11-29 12:00:00,2005-11-29 18:00:00,2005-11-30 06:00:00
5961,2005330N09096,2005-11-28 09:00:00,2005-11-29 09:00:00,2005-11-29 15:00:00,2005-11-29 21:00:00,2005-11-30 09:00:00
5962,2005330N09096,2005-11-28 12:00:00,2005-11-29 12:00:00,2005-11-29 18:00:00,2005-11-30 00:00:00,2005-11-30 12:00:00
5963,2005330N09096,2005-11-28 15:00:00,2005-11-29 15:00:00,2005-11-29 21:00:00,2005-11-30 03:00:00,2005-11-30 15:00:00
5964,2005330N09096,2005-11-28 18:00:00,2005-11-29 18:00:00,2005-11-30 00:00:00,2005-11-30 06:00:00,2005-11-30 18:00:00
5965,2005330N09096,2005-11-28 21:00:00,2005-11-29 21:00:00,2005-11-30 03:00:00,2005-11-30 09:00:00,2005-11-30 21:00:00
5966,2005330N09096,2005-11-29 00:00:00,2005-11-30 00:00:00,2005-11-30 06:00:00,2005-11-30 12:00:00,2005-12-01 00:00:00
5967,2005330N09096,2005-11-29 03:00:00,2005-11-30 03:00:00,2005-11-30 09:00:00,2005-11-30 15:00:00,2005-12-01 03:00:00
5968,2005330N09096,2005-11-29 06:00:00,2005-11-30 06:00:00,2005-11-30 12:00:00,2005-11-30 18:00:00,2005-12-01 06:00:00
5969,2005330N09096,2005-11-29 09:00:00,2005-11-30 09:00:00,2005-11-30 15:00:00,2005-11-30 21:00:00,2005-12-01 09:00:00
5970,2005330N09096,2005-11-29 12:00:00,2005-11-30 12:00:00,2005-11-30 18:00:00,2005-12-01 00:00:00,2005-12-01 12:00:00
5971,2005330N09096,2005-11-29 15:00:00,2005-11-30 15:00:00,2005-11-30 21:00:00,2005-12-01 03:00:00,2005-12-01 15:00:00
5972,2005330N09096,2005-11-29 18:00:00,2005-11-30 18:00:00,2005-12-01 00:00:00,2005-12-01 06:00:00,2005-12-01 18:00:00
5973,2005330N09096,2005-11-29 21:00:00,2005-11-30 21:00:00,2005-12-01 03:00:00,2005-12-01 09:00:00,2005-12-01 21:00:00
5974,2005330N09096,2005-11-30 00:00:00,2005-12-01 00:00:00,2005-12-01 06:00:00,2005-12-01 12:00:00,2005-12-02 00:00:00
5975,2005330N09096,2005-11-30 03:00:00,2005-12-01 03:00:00,2005-12-01 09:00:00,2005-12-01 15:00:00,2005-12-02 03:00:00
5976,2005330N09096,2005-11-30 06:00:00,2005-12-01 06:00:00,2005-12-01 12:00:00,2005-12-01 18:00:00,2005-12-02 06:00:00
5977,2005330N09096,2005-11-30 09:00:00,2005-12-01 09:00:00,2005-12-01 15:00:00,2005-12-01 21:00:00,2005-12-02 09:00:00
5978,2005330N09096,2005-11-30 12:00:00,2005-12-01 12:00:00,2005-12-01 18:00:00,2005-12-02 00:00:00,2005-12-02 12:00:00
5979,2005330N09096,2005-11-30 15:00:00,2005-12-01 15:00:00,2005-12-01 21:00:00,2005-12-02 03:00:00,2005-12-02 15:00:00
5980,2005330N09096,2005-11-30 18:00:00,2005-12-01 18:00:00,2005-12-02 00:00:00,2005-12-02 06:00:00,2005-12-02 18:00:00
5981,2005330N09096,2005-11-30 21:00:00,2005-12-01 21:00:00,2005-12-02 03:00:00,2005-12-02 09:00:00,2005-12-02 21:00:00
5982,2005330N09096,2005-12-01 00:00:00,2005-12-02 00:00:00,2005-12-02 06:00:00,2005-12-02 12:00:00,2005-12-03 00:00:00
5983,2005330N09096,2005-12-01 03:00:00,2005-12-02 03:00:00,2005-12-02 09:00:00,2005-12-02 15:00:00,2005-12-03 03:00:00
5984,2005330N09096,2005-12-01 06:00:00,2005-12-02 06:00:00,2005-12-02 12:00:00,2005-12-02 18:00:00,2005-12-03 06:00:00
5985,2005330N09096,2005-12-01 09:00:00,2005-12-02 09:00:00,2005-12-02 15:00:00,2005-12-02 21:00:00,2005-12-03 09:00:00
5986,2005330N09096,2005-12-01 12:00:00,2005-12-02 12:00:00,2005-12-02 18:00:00,2005-12-03 00:00:00,2005-12-03 12:00:00
5987,2005330N09096,2005-12-01 15:00:00,2005-12-02 15:00:00,2005-12-02 21:00:00,2005-12-03 03:00:00,2005-12-03 15:00:00
5988,2005330N09096,2005-12-01 18:00:00,2005-12-02 18:00:00,2005-12-03 00:00:00,2005-12-03 06:00:00,2005-12-03 18:00:00
5989,2005330N09096,2005-12-01 21:00:00,2005-12-02 21:00:00,2005-12-03 03:00:00,2005-12-03 09:00:00,2005-12-03 21:00:00
5990,2005330N09096,2005-12-02 00:00:00,2005-12-03 00:00:00,2005-12-03 06:00:00,2005-12-03 12:00:00,2005-12-04 00:00:00
5991,2005338N09093,2005-12-06 06:00:00,2005-12-07 06:00:00,2005-12-07 12:00:00,2005-12-07 18:00:00,2005-12-08 06:00:00
5992,2005338N09093,2005-12-06 09:00:00,2005-12-07 09:00:00,2005-12-07 15:00:00,2005-12-07 21:00:00,2005-12-08 09:00:00
5993,2005338N09093,2005-12-06 12:00:00,2005-12-07 12:00:00,2005-12-07 18:00:00,2005-12-08 00:00:00,2005-12-08 12:00:00
5994,2005338N09093,2005-12-06 15:00:00,2005-12-07 15:00:00,2005-12-07 21:00:00,2005-12-08 03:00:00,2005-12-08 15:00:00
5995,2005338N09093,2005-12-06 18:00:00,2005-12-07 18:00:00,2005-12-08 00:00:00,2005-12-08 06:00:00,2005-12-08 18:00:00
5996,2005338N09093,2005-12-06 21:00:00,2005-12-07 21:00:00,2005-12-08 03:00:00,2005-12-08 09:00:00,2005-12-08 21:00:00
5997,2005338N09093,2005-12-07 00:00:00,2005-12-08 00:00:00,2005-12-08 06:00:00,2005-12-08 12:00:00,2005-12-09 00:00:00
5998,2005338N09093,2005-12-07 03:00:00,2005-12-08 03:00:00,2005-12-08 09:00:00,2005-12-08 15:00:00,2005-12-09 03:00:00
5999,2005338N09093,2005-12-07 06:00:00,2005-12-08 06:00:00,2005-12-08 12:00:00,2005-12-08 18:00:00,2005-12-09 06:00:00
6000,2005338N09093,2005-12-07 09:00:00,2005-12-08 09:00:00,2005-12-08 15:00:00,2005-12-08 21:00:00,2005-12-09 09:00:00
6001,2005338N09093,2005-12-07 12:00:00,2005-12-08 12:00:00,2005-12-08 18:00:00,2005-12-09 00:00:00,2005-12-09 12:00:00
6002,2005338N09093,2005-12-07 15:00:00,2005-12-08 15:00:00,2005-12-08 21:00:00,2005-12-09 03:00:00,2005-12-09 15:00:00
6003,2005338N09093,2005-12-07 18:00:00,2005-12-08 18:00:00,2005-12-09 00:00:00,2005-12-09 06:00:00,2005-12-09 18:00:00
6004,2005338N09093,2005-12-07 21:00:00,2005-12-08 21:00:00,2005-12-09 03:00:00,2005-12-09 09:00:00,2005-12-09 21:00:00
6005,2005338N09093,2005-12-08 00:00:00,2005-12-09 00:00:00,2005-12-09 06:00:00,2005-12-09 12:00:00,2005-12-10 00:00:00
6006,2005338N09093,2005-12-08 03:00:00,2005-12-09 03:00:00,2005-12-09 09:00:00,2005-12-09 15:00:00,2005-12-10 03:00:00
6007,2005338N09093,2005-12-08 06:00:00,2005-12-09 06:00:00,2005-12-09 12:00:00,2005-12-09 18:00:00,2005-12-10 06:00:00
6008,2005338N09093,2005-12-08 09:00:00,2005-12-09 09:00:00,2005-12-09 15:00:00,2005-12-09 21:00:00,2005-12-10 09:00:00
6009,2005338N09093,2005-12-08 12:00:00,2005-12-09 12:00:00,2005-12-09 18:00:00,2005-12-10 00:00:00,2005-12-10 12:00:00
6010,2005338N09093,2005-12-08 15:00:00,2005-12-09 15:00:00,2005-12-09 21:00:00,2005-12-10 03:00:00,2005-12-10 15:00:00
6011,2005338N09093,2005-12-08 18:00:00,2005-12-09 18:00:00,2005-12-10 00:00:00,2005-12-10 06:00:00,2005-12-10 18:00:00
6012,2005338N09093,2005-12-08 21:00:00,2005-12-09 21:00:00,2005-12-10 03:00:00,2005-12-10 09:00:00,2005-12-10 21:00:00
6013,2005338N09093,2005-12-09 00:00:00,2005-12-10 00:00:00,2005-12-10 06:00:00,2005-12-10 12:00:00,2005-12-11 00:00:00
6014,2005338N09093,2005-12-09 03:00:00,2005-12-10 03:00:00,2005-12-10 09:00:00,2005-12-10 15:00:00,2005-12-11 03:00:00
6015,2005338N09093,2005-12-09 06:00:00,2005-12-10 06:00:00,2005-12-10 12:00:00,2005-12-10 18:00:00,2005-12-11 06:00:00
6016,2005338N09093,2005-12-09 09:00:00,2005-12-10 09:00:00,2005-12-10 15:00:00,2005-12-10 21:00:00,2005-12-11 09:00:00
6017,2005338N09093,2005-12-09 12:00:00,2005-12-10 12:00:00,2005-12-10 18:00:00,2005-12-11 00:00:00,2005-12-11 12:00:00
6018,2005338N09093,2005-12-09 15:00:00,2005-12-10 15:00:00,2005-12-10 21:00:00,2005-12-11 03:00:00,2005-12-11 15:00:00
6019,2005338N09093,2005-12-09 18:00:00,2005-12-10 18:00:00,2005-12-11 00:00:00,2005-12-11 06:00:00,2005-12-11 18:00:00
6020,2005338N09093,2005-12-09 21:00:00,2005-12-10 21:00:00,2005-12-11 03:00:00,2005-12-11 09:00:00,2005-12-11 21:00:00
6021,2005338N09093,2005-12-10 00:00:00,2005-12-11 00:00:00,2005-12-11 06:00:00,2005-12-11 12:00:00,2005-12-12 00:00:00
6022,2005338N09093,2005-12-10 03:00:00,2005-12-11 03:00:00,2005-12-11 09:00:00,2005-12-11 15:00:00,2005-12-12 03:00:00
6023,2005338N09093,2005-12-10 06:00:00,2005-12-11 06:00:00,2005-12-11 12:00:00,2005-12-11 18:00:00,2005-12-12 06:00:00
6024,2005338N09093,2005-12-10 09:00:00,2005-12-11 09:00:00,2005-12-11 15:00:00,2005-12-11 21:00:00,2005-12-12 09:00:00
6025,2005338N09093,2005-12-10 12:00:00,2005-12-11 12:00:00,2005-12-11 18:00:00,2005-12-12 00:00:00,2005-12-12 12:00:00
6026,2005338N09093,2005-12-10 15:00:00,2005-12-11 15:00:00,2005-12-11 21:00:00,2005-12-12 03:00:00,2005-12-12 15:00:00
6027,2005338N09093,2005-12-10 18:00:00,2005-12-11 18:00:00,2005-12-12 00:00:00,2005-12-12 06:00:00,2005-12-12 18:00:00
6028,2005349N06090,2005-12-14 18:00:00,2005-12-15 18:00:00,2005-12-16 00:00:00,2005-12-16 06:00:00,2005-12-16 18:00:00
6029,2005349N06090,2005-12-14 21:00:00,2005-12-15 21:00:00,2005-12-16 03:00:00,2005-12-16 09:00:00,2005-12-16 21:00:00
6030,2005349N06090,2005-12-15 00:00:00,2005-12-16 00:00:00,2005-12-16 06:00:00,2005-12-16 12:00:00,2005-12-17 00:00:00
6031,2005349N06090,2005-12-15 03:00:00,2005-12-16 03:00:00,2005-12-16 09:00:00,2005-12-16 15:00:00,2005-12-17 03:00:00
6032,2005349N06090,2005-12-15 06:00:00,2005-12-16 06:00:00,2005-12-16 12:00:00,2005-12-16 18:00:00,2005-12-17 06:00:00
6033,2005349N06090,2005-12-15 09:00:00,2005-12-16 09:00:00,2005-12-16 15:00:00,2005-12-16 21:00:00,2005-12-17 09:00:00
6034,2005349N06090,2005-12-15 12:00:00,2005-12-16 12:00:00,2005-12-16 18:00:00,2005-12-17 00:00:00,2005-12-17 12:00:00
6035,2005349N06090,2005-12-15 15:00:00,2005-12-16 15:00:00,2005-12-16 21:00:00,2005-12-17 03:00:00,2005-12-17 15:00:00
6036,2005349N06090,2005-12-15 18:00:00,2005-12-16 18:00:00,2005-12-17 00:00:00,2005-12-17 06:00:00,2005-12-17 18:00:00
6037,2005349N06090,2005-12-15 21:00:00,2005-12-16 21:00:00,2005-12-17 03:00:00,2005-12-17 09:00:00,2005-12-17 21:00:00
6038,2005349N06090,2005-12-16 00:00:00,2005-12-17 00:00:00,2005-12-17 06:00:00,2005-12-17 12:00:00,2005-12-18 00:00:00
6039,2005349N06090,2005-12-16 03:00:00,2005-12-17 03:00:00,2005-12-17 09:00:00,2005-12-17 15:00:00,2005-12-18 03:00:00
6040,2005349N06090,2005-12-16 06:00:00,2005-12-17 06:00:00,2005-12-17 12:00:00,2005-12-17 18:00:00,2005-12-18 06:00:00
6041,2005349N06090,2005-12-16 09:00:00,2005-12-17 09:00:00,2005-12-17 15:00:00,2005-12-17 21:00:00,2005-12-18 09:00:00
6042,2005349N06090,2005-12-16 12:00:00,2005-12-17 12:00:00,2005-12-17 18:00:00,2005-12-18 00:00:00,2005-12-18 12:00:00
6043,2005349N06090,2005-12-16 15:00:00,2005-12-17 15:00:00,2005-12-17 21:00:00,2005-12-18 03:00:00,2005-12-18 15:00:00
6044,2005349N06090,2005-12-16 18:00:00,2005-12-17 18:00:00,2005-12-18 00:00:00,2005-12-18 06:00:00,2005-12-18 18:00:00
6045,2005349N06090,2005-12-16 21:00:00,2005-12-17 21:00:00,2005-12-18 03:00:00,2005-12-18 09:00:00,2005-12-18 21:00:00
6046,2005349N06090,2005-12-17 00:00:00,2005-12-18 00:00:00,2005-12-18 06:00:00,2005-12-18 12:00:00,2005-12-19 00:00:00
6047,2005349N06090,2005-12-17 03:00:00,2005-12-18 03:00:00,2005-12-18 09:00:00,2005-12-18 15:00:00,2005-12-19 03:00:00
6048,2005349N06090,2005-12-17 06:00:00,2005-12-18 06:00:00,2005-12-18 12:00:00,2005-12-18 18:00:00,2005-12-19 06:00:00
6049,2005349N06090,2005-12-17 09:00:00,2005-12-18 09:00:00,2005-12-18 15:00:00,2005-12-18 21:00:00,2005-12-19 09:00:00
6050,2005349N06090,2005-12-17 12:00:00,2005-12-18 12:00:00,2005-12-18 18:00:00,2005-12-19 00:00:00,2005-12-19 12:00:00
6051,2005349N06090,2005-12-17 15:00:00,2005-12-18 15:00:00,2005-12-18 21:00:00,2005-12-19 03:00:00,2005-12-19 15:00:00
6052,2005349N06090,2005-12-17 18:00:00,2005-12-18 18:00:00,2005-12-19 00:00:00,2005-12-19 06:00:00,2005-12-19 18:00:00
6053,2005349N06090,2005-12-17 21:00:00,2005-12-18 21:00:00,2005-12-19 03:00:00,2005-12-19 09:00:00,2005-12-19 21:00:00
6054,2005349N06090,2005-12-18 00:00:00,2005-12-19 00:00:00,2005-12-19 06:00:00,2005-12-19 12:00:00,2005-12-20 00:00:00
6055,2005349N06090,2005-12-18 03:00:00,2005-12-19 03:00:00,2005-12-19 09:00:00,2005-12-19 15:00:00,2005-12-20 03:00:00
6056,2005349N06090,2005-12-18 06:00:00,2005-12-19 06:00:00,2005-12-19 12:00:00,2005-12-19 18:00:00,2005-12-20 06:00:00
6057,2005349N06090,2005-12-18 09:00:00,2005-12-19 09:00:00,2005-12-19 15:00:00,2005-12-19 21:00:00,2005-12-20 09:00:00
6058,2005349N06090,2005-12-18 12:00:00,2005-12-19 12:00:00,2005-12-19 18:00:00,2005-12-20 00:00:00,2005-12-20 12:00:00
6059,2005349N06090,2005-12-18 15:00:00,2005-12-19 15:00:00,2005-12-19 21:00:00,2005-12-20 03:00:00,2005-12-20 15:00:00
6060,2005349N06090,2005-12-18 18:00:00,2005-12-19 18:00:00,2005-12-20 00:00:00,2005-12-20 06:00:00,2005-12-20 18:00:00
6061,2005349N06090,2005-12-18 21:00:00,2005-12-19 21:00:00,2005-12-20 03:00:00,2005-12-20 09:00:00,2005-12-20 21:00:00
6062,2005349N06090,2005-12-19 00:00:00,2005-12-20 00:00:00,2005-12-20 06:00:00,2005-12-20 12:00:00,2005-12-21 00:00:00
6063,2005349N06090,2005-12-19 03:00:00,2005-12-20 03:00:00,2005-12-20 09:00:00,2005-12-20 15:00:00,2005-12-21 03:00:00
6064,2005349N06090,2005-12-19 06:00:00,2005-12-20 06:00:00,2005-12-20 12:00:00,2005-12-20 18:00:00,2005-12-21 06:00:00
6065,2005349N06090,2005-12-19 09:00:00,2005-12-20 09:00:00,2005-12-20 15:00:00,2005-12-20 21:00:00,2005-12-21 09:00:00
6066,2005349N06090,2005-12-19 12:00:00,2005-12-20 12:00:00,2005-12-20 18:00:00,2005-12-21 00:00:00,2005-12-21 12:00:00
6067,2005349N06090,2005-12-19 15:00:00,2005-12-20 15:00:00,2005-12-20 21:00:00,2005-12-21 03:00:00,2005-12-21 15:00:00
6068,2005349N06090,2005-12-19 18:00:00,2005-12-20 18:00:00,2005-12-21 00:00:00,2005-12-21 06:00:00,2005-12-21 18:00:00
6069,2005349N06090,2005-12-19 21:00:00,2005-12-20 21:00:00,2005-12-21 03:00:00,2005-12-21 09:00:00,2005-12-21 21:00:00
6070,2005349N06090,2005-12-20 00:00:00,2005-12-21 00:00:00,2005-12-21 06:00:00,2005-12-21 12:00:00,2005-12-22 00:00:00
6071,2005349N06090,2005-12-20 03:00:00,2005-12-21 03:00:00,2005-12-21 09:00:00,2005-12-21 15:00:00,2005-12-22 03:00:00
6072,2005349N06090,2005-12-20 06:00:00,2005-12-21 06:00:00,2005-12-21 12:00:00,2005-12-21 18:00:00,2005-12-22 06:00:00
6073,2005349N06090,2005-12-20 09:00:00,2005-12-21 09:00:00,2005-12-21 15:00:00,2005-12-21 21:00:00,2005-12-22 09:00:00
6074,2005349N06090,2005-12-20 12:00:00,2005-12-21 12:00:00,2005-12-21 18:00:00,2005-12-22 00:00:00,2005-12-22 12:00:00
6075,2005349N06090,2005-12-20 15:00:00,2005-12-21 15:00:00,2005-12-21 21:00:00,2005-12-22 03:00:00,2005-12-22 15:00:00
6076,2005349N06090,2005-12-20 18:00:00,2005-12-21 18:00:00,2005-12-22 00:00:00,2005-12-22 06:00:00,2005-12-22 18:00:00
6077,2005349N06090,2005-12-20 21:00:00,2005-12-21 21:00:00,2005-12-22 03:00:00,2005-12-22 09:00:00,2005-12-22 21:00:00
6078,2005349N06090,2005-12-21 00:00:00,2005-12-22 00:00:00,2005-12-22 06:00:00,2005-12-22 12:00:00,2005-12-23 00:00:00
6079,2005349N06090,2005-12-21 03:00:00,2005-12-22 03:00:00,2005-12-22 09:00:00,2005-12-22 15:00:00,2005-12-23 03:00:00
6080,2005349N06090,2005-12-21 06:00:00,2005-12-22 06:00:00,2005-12-22 12:00:00,2005-12-22 18:00:00,2005-12-23 06:00:00
6081,2005349N06090,2005-12-21 09:00:00,2005-12-22 09:00:00,2005-12-22 15:00:00,2005-12-22 21:00:00,2005-12-23 09:00:00
6082,2005349N06090,2005-12-21 12:00:00,2005-12-22 12:00:00,2005-12-22 18:00:00,2005-12-23 00:00:00,2005-12-23 12:00:00
6083,2005349N06090,2005-12-21 15:00:00,2005-12-22 15:00:00,2005-12-22 21:00:00,2005-12-23 03:00:00,2005-12-23 15:00:00
6084,2005349N06090,2005-12-21 18:00:00,2005-12-22 18:00:00,2005-12-23 00:00:00,2005-12-23 06:00:00,2005-12-23 18:00:00
6085,2005349N06090,2005-12-21 21:00:00,2005-12-22 21:00:00,2005-12-23 03:00:00,2005-12-23 09:00:00,2005-12-23 21:00:00
6086,2005349N06090,2005-12-22 00:00:00,2005-12-23 00:00:00,2005-12-23 06:00:00,2005-12-23 12:00:00,2005-12-24 00:00:00
6087,2006012N03081,2006-01-12 00:00:00,2006-01-13 00:00:00,2006-01-13 06:00:00,2006-01-13 12:00:00,2006-01-14 00:00:00
6088,2006012N03081,2006-01-12 03:00:00,2006-01-13 03:00:00,2006-01-13 09:00:00,2006-01-13 15:00:00,2006-01-14 03:00:00
6089,2006012N03081,2006-01-12 06:00:00,2006-01-13 06:00:00,2006-01-13 12:00:00,2006-01-13 18:00:00,2006-01-14 06:00:00
6090,2006012N03081,2006-01-12 09:00:00,2006-01-13 09:00:00,2006-01-13 15:00:00,2006-01-13 21:00:00,2006-01-14 09:00:00
6091,2006012N03081,2006-01-12 12:00:00,2006-01-13 12:00:00,2006-01-13 18:00:00,2006-01-14 00:00:00,2006-01-14 12:00:00
6092,2006012N03081,2006-01-12 15:00:00,2006-01-13 15:00:00,2006-01-13 21:00:00,2006-01-14 03:00:00,2006-01-14 15:00:00
6093,2006012N03081,2006-01-12 18:00:00,2006-01-13 18:00:00,2006-01-14 00:00:00,2006-01-14 06:00:00,2006-01-14 18:00:00
6094,2006012N03081,2006-01-12 21:00:00,2006-01-13 21:00:00,2006-01-14 03:00:00,2006-01-14 09:00:00,2006-01-14 21:00:00
6095,2006012N03081,2006-01-13 00:00:00,2006-01-14 00:00:00,2006-01-14 06:00:00,2006-01-14 12:00:00,2006-01-15 00:00:00
6096,2006012N03081,2006-01-13 03:00:00,2006-01-14 03:00:00,2006-01-14 09:00:00,2006-01-14 15:00:00,2006-01-15 03:00:00
6097,2006012N03081,2006-01-13 06:00:00,2006-01-14 06:00:00,2006-01-14 12:00:00,2006-01-14 18:00:00,2006-01-15 06:00:00
6098,2006012N03081,2006-01-13 09:00:00,2006-01-14 09:00:00,2006-01-14 15:00:00,2006-01-14 21:00:00,2006-01-15 09:00:00
6099,2006012N03081,2006-01-13 12:00:00,2006-01-14 12:00:00,2006-01-14 18:00:00,2006-01-15 00:00:00,2006-01-15 12:00:00
6100,2006012N03081,2006-01-13 15:00:00,2006-01-14 15:00:00,2006-01-14 21:00:00,2006-01-15 03:00:00,2006-01-15 15:00:00
6101,2006012N03081,2006-01-13 18:00:00,2006-01-14 18:00:00,2006-01-15 00:00:00,2006-01-15 06:00:00,2006-01-15 18:00:00
6102,2006012N03081,2006-01-13 21:00:00,2006-01-14 21:00:00,2006-01-15 03:00:00,2006-01-15 09:00:00,2006-01-15 21:00:00
6103,2006012N03081,2006-01-14 00:00:00,2006-01-15 00:00:00,2006-01-15 06:00:00,2006-01-15 12:00:00,2006-01-16 00:00:00
6104,2006012N03081,2006-01-14 03:00:00,2006-01-15 03:00:00,2006-01-15 09:00:00,2006-01-15 15:00:00,2006-01-16 03:00:00
6105,2006012N03081,2006-01-14 06:00:00,2006-01-15 06:00:00,2006-01-15 12:00:00,2006-01-15 18:00:00,2006-01-16 06:00:00
6106,2006012N03081,2006-01-14 09:00:00,2006-01-15 09:00:00,2006-01-15 15:00:00,2006-01-15 21:00:00,2006-01-16 09:00:00
6107,2006012N03081,2006-01-14 12:00:00,2006-01-15 12:00:00,2006-01-15 18:00:00,2006-01-16 00:00:00,2006-01-16 12:00:00
6108,2006012N03081,2006-01-14 15:00:00,2006-01-15 15:00:00,2006-01-15 21:00:00,2006-01-16 03:00:00,2006-01-16 15:00:00
6109,2006012N03081,2006-01-14 18:00:00,2006-01-15 18:00:00,2006-01-16 00:00:00,2006-01-16 06:00:00,2006-01-16 18:00:00
6110,2006012N03081,2006-01-14 21:00:00,2006-01-15 21:00:00,2006-01-16 03:00:00,2006-01-16 09:00:00,2006-01-16 21:00:00
6111,2006012N03081,2006-01-15 00:00:00,2006-01-16 00:00:00,2006-01-16 06:00:00,2006-01-16 12:00:00,2006-01-17 00:00:00
6112,2006012N03081,2006-01-15 03:00:00,2006-01-16 03:00:00,2006-01-16 09:00:00,2006-01-16 15:00:00,2006-01-17 03:00:00
6113,2006012N03081,2006-01-15 06:00:00,2006-01-16 06:00:00,2006-01-16 12:00:00,2006-01-16 18:00:00,2006-01-17 06:00:00
6114,2006012N03081,2006-01-15 09:00:00,2006-01-16 09:00:00,2006-01-16 15:00:00,2006-01-16 21:00:00,2006-01-17 09:00:00
6115,2006012N03081,2006-01-15 12:00:00,2006-01-16 12:00:00,2006-01-16 18:00:00,2006-01-17 00:00:00,2006-01-17 12:00:00
6116,2006012N03081,2006-01-15 15:00:00,2006-01-16 15:00:00,2006-01-16 21:00:00,2006-01-17 03:00:00,2006-01-17 15:00:00
6117,2006012N03081,2006-01-15 18:00:00,2006-01-16 18:00:00,2006-01-17 00:00:00,2006-01-17 06:00:00,2006-01-17 18:00:00
6118,2006012N03081,2006-01-15 21:00:00,2006-01-16 21:00:00,2006-01-17 03:00:00,2006-01-17 09:00:00,2006-01-17 21:00:00
6119,2006012N03081,2006-01-16 00:00:00,2006-01-17 00:00:00,2006-01-17 06:00:00,2006-01-17 12:00:00,2006-01-18 00:00:00
6120,2006012N03081,2006-01-16 03:00:00,2006-01-17 03:00:00,2006-01-17 09:00:00,2006-01-17 15:00:00,2006-01-18 03:00:00
6121,2006012N03081,2006-01-16 06:00:00,2006-01-17 06:00:00,2006-01-17 12:00:00,2006-01-17 18:00:00,2006-01-18 06:00:00
6122,2006012N03081,2006-01-16 09:00:00,2006-01-17 09:00:00,2006-01-17 15:00:00,2006-01-17 21:00:00,2006-01-18 09:00:00
6123,2006012N03081,2006-01-16 12:00:00,2006-01-17 12:00:00,2006-01-17 18:00:00,2006-01-18 00:00:00,2006-01-18 12:00:00
6124,2006012N03081,2006-01-16 15:00:00,2006-01-17 15:00:00,2006-01-17 21:00:00,2006-01-18 03:00:00,2006-01-18 15:00:00
6125,2006012N03081,2006-01-16 18:00:00,2006-01-17 18:00:00,2006-01-18 00:00:00,2006-01-18 06:00:00,2006-01-18 18:00:00
6126,2006012N03081,2006-01-16 21:00:00,2006-01-17 21:00:00,2006-01-18 03:00:00,2006-01-18 09:00:00,2006-01-18 21:00:00
6127,2006012N03081,2006-01-17 00:00:00,2006-01-18 00:00:00,2006-01-18 06:00:00,2006-01-18 12:00:00,2006-01-19 00:00:00
6128,2006012N03081,2006-01-17 03:00:00,2006-01-18 03:00:00,2006-01-18 09:00:00,2006-01-18 15:00:00,2006-01-19 03:00:00
6129,2006012N03081,2006-01-17 06:00:00,2006-01-18 06:00:00,2006-01-18 12:00:00,2006-01-18 18:00:00,2006-01-19 06:00:00
6130,2006114N08090,2006-04-24 06:00:00,2006-04-25 06:00:00,2006-04-25 12:00:00,2006-04-25 18:00:00,2006-04-26 06:00:00
6131,2006114N08090,2006-04-24 09:00:00,2006-04-25 09:00:00,2006-04-25 15:00:00,2006-04-25 21:00:00,2006-04-26 09:00:00
6132,2006114N08090,2006-04-24 12:00:00,2006-04-25 12:00:00,2006-04-25 18:00:00,2006-04-26 00:00:00,2006-04-26 12:00:00
6133,2006114N08090,2006-04-24 15:00:00,2006-04-25 15:00:00,2006-04-25 21:00:00,2006-04-26 03:00:00,2006-04-26 15:00:00
6134,2006114N08090,2006-04-24 18:00:00,2006-04-25 18:00:00,2006-04-26 00:00:00,2006-04-26 06:00:00,2006-04-26 18:00:00
6135,2006114N08090,2006-04-24 21:00:00,2006-04-25 21:00:00,2006-04-26 03:00:00,2006-04-26 09:00:00,2006-04-26 21:00:00
6136,2006114N08090,2006-04-25 00:00:00,2006-04-26 00:00:00,2006-04-26 06:00:00,2006-04-26 12:00:00,2006-04-27 00:00:00
6137,2006114N08090,2006-04-25 03:00:00,2006-04-26 03:00:00,2006-04-26 09:00:00,2006-04-26 15:00:00,2006-04-27 03:00:00
6138,2006114N08090,2006-04-25 06:00:00,2006-04-26 06:00:00,2006-04-26 12:00:00,2006-04-26 18:00:00,2006-04-27 06:00:00
6139,2006114N08090,2006-04-25 09:00:00,2006-04-26 09:00:00,2006-04-26 15:00:00,2006-04-26 21:00:00,2006-04-27 09:00:00
6140,2006114N08090,2006-04-25 12:00:00,2006-04-26 12:00:00,2006-04-26 18:00:00,2006-04-27 00:00:00,2006-04-27 12:00:00
6141,2006114N08090,2006-04-25 15:00:00,2006-04-26 15:00:00,2006-04-26 21:00:00,2006-04-27 03:00:00,2006-04-27 15:00:00
6142,2006114N08090,2006-04-25 18:00:00,2006-04-26 18:00:00,2006-04-27 00:00:00,2006-04-27 06:00:00,2006-04-27 18:00:00
6143,2006114N08090,2006-04-25 21:00:00,2006-04-26 21:00:00,2006-04-27 03:00:00,2006-04-27 09:00:00,2006-04-27 21:00:00
6144,2006114N08090,2006-04-26 00:00:00,2006-04-27 00:00:00,2006-04-27 06:00:00,2006-04-27 12:00:00,2006-04-28 00:00:00
6145,2006114N08090,2006-04-26 03:00:00,2006-04-27 03:00:00,2006-04-27 09:00:00,2006-04-27 15:00:00,2006-04-28 03:00:00
6146,2006114N08090,2006-04-26 06:00:00,2006-04-27 06:00:00,2006-04-27 12:00:00,2006-04-27 18:00:00,2006-04-28 06:00:00
6147,2006114N08090,2006-04-26 09:00:00,2006-04-27 09:00:00,2006-04-27 15:00:00,2006-04-27 21:00:00,2006-04-28 09:00:00
6148,2006114N08090,2006-04-26 12:00:00,2006-04-27 12:00:00,2006-04-27 18:00:00,2006-04-28 00:00:00,2006-04-28 12:00:00
6149,2006114N08090,2006-04-26 15:00:00,2006-04-27 15:00:00,2006-04-27 21:00:00,2006-04-28 03:00:00,2006-04-28 15:00:00
6150,2006114N08090,2006-04-26 18:00:00,2006-04-27 18:00:00,2006-04-28 00:00:00,2006-04-28 06:00:00,2006-04-28 18:00:00
6151,2006114N08090,2006-04-26 21:00:00,2006-04-27 21:00:00,2006-04-28 03:00:00,2006-04-28 09:00:00,2006-04-28 21:00:00
6152,2006114N08090,2006-04-27 00:00:00,2006-04-28 00:00:00,2006-04-28 06:00:00,2006-04-28 12:00:00,2006-04-29 00:00:00
6153,2006114N08090,2006-04-27 03:00:00,2006-04-28 03:00:00,2006-04-28 09:00:00,2006-04-28 15:00:00,2006-04-29 03:00:00
6154,2006114N08090,2006-04-27 06:00:00,2006-04-28 06:00:00,2006-04-28 12:00:00,2006-04-28 18:00:00,2006-04-29 06:00:00
6155,2006114N08090,2006-04-27 09:00:00,2006-04-28 09:00:00,2006-04-28 15:00:00,2006-04-28 21:00:00,2006-04-29 09:00:00
6156,2006114N08090,2006-04-27 12:00:00,2006-04-28 12:00:00,2006-04-28 18:00:00,2006-04-29 00:00:00,2006-04-29 12:00:00
6157,2006114N08090,2006-04-27 15:00:00,2006-04-28 15:00:00,2006-04-28 21:00:00,2006-04-29 03:00:00,2006-04-29 15:00:00
6158,2006114N08090,2006-04-27 18:00:00,2006-04-28 18:00:00,2006-04-29 00:00:00,2006-04-29 06:00:00,2006-04-29 18:00:00
6159,2006214N20088,2006-08-02 03:00:00,2006-08-03 03:00:00,2006-08-03 09:00:00,2006-08-03 15:00:00,2006-08-04 03:00:00
6160,2006214N20088,2006-08-02 06:00:00,2006-08-03 06:00:00,2006-08-03 12:00:00,2006-08-03 18:00:00,2006-08-04 06:00:00
6161,2006214N20088,2006-08-02 09:00:00,2006-08-03 09:00:00,2006-08-03 15:00:00,2006-08-03 21:00:00,2006-08-04 09:00:00
6162,2006214N20088,2006-08-02 12:00:00,2006-08-03 12:00:00,2006-08-03 18:00:00,2006-08-04 00:00:00,2006-08-04 12:00:00
6163,2006214N20088,2006-08-02 15:00:00,2006-08-03 15:00:00,2006-08-03 21:00:00,2006-08-04 03:00:00,2006-08-04 15:00:00
6164,2006214N20088,2006-08-02 18:00:00,2006-08-03 18:00:00,2006-08-04 00:00:00,2006-08-04 06:00:00,2006-08-04 18:00:00
6165,2006214N20088,2006-08-02 21:00:00,2006-08-03 21:00:00,2006-08-04 03:00:00,2006-08-04 09:00:00,2006-08-04 21:00:00
6166,2006214N20088,2006-08-03 00:00:00,2006-08-04 00:00:00,2006-08-04 06:00:00,2006-08-04 12:00:00,2006-08-05 00:00:00
6167,2006214N20088,2006-08-03 03:00:00,2006-08-04 03:00:00,2006-08-04 09:00:00,2006-08-04 15:00:00,2006-08-05 03:00:00
6168,2006214N20088,2006-08-03 06:00:00,2006-08-04 06:00:00,2006-08-04 12:00:00,2006-08-04 18:00:00,2006-08-05 06:00:00
6169,2006214N20088,2006-08-03 09:00:00,2006-08-04 09:00:00,2006-08-04 15:00:00,2006-08-04 21:00:00,2006-08-05 09:00:00
6170,2006228N21088,2006-08-16 03:00:00,2006-08-17 03:00:00,2006-08-17 09:00:00,2006-08-17 15:00:00,2006-08-18 03:00:00
6171,2006228N21088,2006-08-16 06:00:00,2006-08-17 06:00:00,2006-08-17 12:00:00,2006-08-17 18:00:00,2006-08-18 06:00:00
6172,2006228N21088,2006-08-16 09:00:00,2006-08-17 09:00:00,2006-08-17 15:00:00,2006-08-17 21:00:00,2006-08-18 09:00:00
6173,2006241N20088,2006-08-29 03:00:00,2006-08-30 03:00:00,2006-08-30 09:00:00,2006-08-30 15:00:00,2006-08-31 03:00:00
6174,2006241N20088,2006-08-29 06:00:00,2006-08-30 06:00:00,2006-08-30 12:00:00,2006-08-30 18:00:00,2006-08-31 06:00:00
6175,2006241N20088,2006-08-29 09:00:00,2006-08-30 09:00:00,2006-08-30 15:00:00,2006-08-30 21:00:00,2006-08-31 09:00:00
6176,2006241N20088,2006-08-29 12:00:00,2006-08-30 12:00:00,2006-08-30 18:00:00,2006-08-31 00:00:00,2006-08-31 12:00:00
6177,2006241N20088,2006-08-29 15:00:00,2006-08-30 15:00:00,2006-08-30 21:00:00,2006-08-31 03:00:00,2006-08-31 15:00:00
6178,2006241N20088,2006-08-29 18:00:00,2006-08-30 18:00:00,2006-08-31 00:00:00,2006-08-31 06:00:00,2006-08-31 18:00:00
6179,2006241N20088,2006-08-29 21:00:00,2006-08-30 21:00:00,2006-08-31 03:00:00,2006-08-31 09:00:00,2006-08-31 21:00:00
6180,2006241N20088,2006-08-30 00:00:00,2006-08-31 00:00:00,2006-08-31 06:00:00,2006-08-31 12:00:00,2006-09-01 00:00:00
6181,2006241N20088,2006-08-30 03:00:00,2006-08-31 03:00:00,2006-08-31 09:00:00,2006-08-31 15:00:00,2006-09-01 03:00:00
6182,2006241N20088,2006-08-30 06:00:00,2006-08-31 06:00:00,2006-08-31 12:00:00,2006-08-31 18:00:00,2006-09-01 06:00:00
6183,2006262N19069,2006-09-19 06:00:00,2006-09-20 06:00:00,2006-09-20 12:00:00,2006-09-20 18:00:00,2006-09-21 06:00:00
6184,2006262N19069,2006-09-19 09:00:00,2006-09-20 09:00:00,2006-09-20 15:00:00,2006-09-20 21:00:00,2006-09-21 09:00:00
6185,2006262N19069,2006-09-19 12:00:00,2006-09-20 12:00:00,2006-09-20 18:00:00,2006-09-21 00:00:00,2006-09-21 12:00:00
6186,2006262N19069,2006-09-19 15:00:00,2006-09-20 15:00:00,2006-09-20 21:00:00,2006-09-21 03:00:00,2006-09-21 15:00:00
6187,2006262N19069,2006-09-19 18:00:00,2006-09-20 18:00:00,2006-09-21 00:00:00,2006-09-21 06:00:00,2006-09-21 18:00:00
6188,2006262N19069,2006-09-19 21:00:00,2006-09-20 21:00:00,2006-09-21 03:00:00,2006-09-21 09:00:00,2006-09-21 21:00:00
6189,2006262N19069,2006-09-20 00:00:00,2006-09-21 00:00:00,2006-09-21 06:00:00,2006-09-21 12:00:00,2006-09-22 00:00:00
6190,2006262N19069,2006-09-20 03:00:00,2006-09-21 03:00:00,2006-09-21 09:00:00,2006-09-21 15:00:00,2006-09-22 03:00:00
6191,2006262N19069,2006-09-20 06:00:00,2006-09-21 06:00:00,2006-09-21 12:00:00,2006-09-21 18:00:00,2006-09-22 06:00:00
6192,2006262N19069,2006-09-20 09:00:00,2006-09-21 09:00:00,2006-09-21 15:00:00,2006-09-21 21:00:00,2006-09-22 09:00:00
6193,2006262N19069,2006-09-20 12:00:00,2006-09-21 12:00:00,2006-09-21 18:00:00,2006-09-22 00:00:00,2006-09-22 12:00:00
6194,2006262N19069,2006-09-20 15:00:00,2006-09-21 15:00:00,2006-09-21 21:00:00,2006-09-22 03:00:00,2006-09-22 15:00:00
6195,2006262N19069,2006-09-20 18:00:00,2006-09-21 18:00:00,2006-09-22 00:00:00,2006-09-22 06:00:00,2006-09-22 18:00:00
6196,2006262N19069,2006-09-20 21:00:00,2006-09-21 21:00:00,2006-09-22 03:00:00,2006-09-22 09:00:00,2006-09-22 21:00:00
6197,2006262N19069,2006-09-21 00:00:00,2006-09-22 00:00:00,2006-09-22 06:00:00,2006-09-22 12:00:00,2006-09-23 00:00:00
6198,2006262N19069,2006-09-21 03:00:00,2006-09-22 03:00:00,2006-09-22 09:00:00,2006-09-22 15:00:00,2006-09-23 03:00:00
6199,2006262N19069,2006-09-21 06:00:00,2006-09-22 06:00:00,2006-09-22 12:00:00,2006-09-22 18:00:00,2006-09-23 06:00:00
6200,2006262N19069,2006-09-21 09:00:00,2006-09-22 09:00:00,2006-09-22 15:00:00,2006-09-22 21:00:00,2006-09-23 09:00:00
6201,2006262N19069,2006-09-21 12:00:00,2006-09-22 12:00:00,2006-09-22 18:00:00,2006-09-23 00:00:00,2006-09-23 12:00:00
6202,2006262N19069,2006-09-21 15:00:00,2006-09-22 15:00:00,2006-09-22 21:00:00,2006-09-23 03:00:00,2006-09-23 15:00:00
6203,2006262N19069,2006-09-21 18:00:00,2006-09-22 18:00:00,2006-09-23 00:00:00,2006-09-23 06:00:00,2006-09-23 18:00:00
6204,2006262N19069,2006-09-21 21:00:00,2006-09-22 21:00:00,2006-09-23 03:00:00,2006-09-23 09:00:00,2006-09-23 21:00:00
6205,2006262N19069,2006-09-22 00:00:00,2006-09-23 00:00:00,2006-09-23 06:00:00,2006-09-23 12:00:00,2006-09-24 00:00:00
6206,2006262N19069,2006-09-22 03:00:00,2006-09-23 03:00:00,2006-09-23 09:00:00,2006-09-23 15:00:00,2006-09-24 03:00:00
6207,2006262N19069,2006-09-22 06:00:00,2006-09-23 06:00:00,2006-09-23 12:00:00,2006-09-23 18:00:00,2006-09-24 06:00:00
6208,2006262N19069,2006-09-22 09:00:00,2006-09-23 09:00:00,2006-09-23 15:00:00,2006-09-23 21:00:00,2006-09-24 09:00:00
6209,2006262N19069,2006-09-22 12:00:00,2006-09-23 12:00:00,2006-09-23 18:00:00,2006-09-24 00:00:00,2006-09-24 12:00:00
6210,2006262N19069,2006-09-22 15:00:00,2006-09-23 15:00:00,2006-09-23 21:00:00,2006-09-24 03:00:00,2006-09-24 15:00:00
6211,2006262N19069,2006-09-22 18:00:00,2006-09-23 18:00:00,2006-09-24 00:00:00,2006-09-24 06:00:00,2006-09-24 18:00:00
6212,2006262N19069,2006-09-22 21:00:00,2006-09-23 21:00:00,2006-09-24 03:00:00,2006-09-24 09:00:00,2006-09-24 21:00:00
6213,2006262N19069,2006-09-23 00:00:00,2006-09-24 00:00:00,2006-09-24 06:00:00,2006-09-24 12:00:00,2006-09-25 00:00:00
6214,2006262N19069,2006-09-23 03:00:00,2006-09-24 03:00:00,2006-09-24 09:00:00,2006-09-24 15:00:00,2006-09-25 03:00:00
6215,2006262N19069,2006-09-23 06:00:00,2006-09-24 06:00:00,2006-09-24 12:00:00,2006-09-24 18:00:00,2006-09-25 06:00:00
6216,2006262N19069,2006-09-23 09:00:00,2006-09-24 09:00:00,2006-09-24 15:00:00,2006-09-24 21:00:00,2006-09-25 09:00:00
6217,2006262N19069,2006-09-23 12:00:00,2006-09-24 12:00:00,2006-09-24 18:00:00,2006-09-25 00:00:00,2006-09-25 12:00:00
6218,2006262N19069,2006-09-23 15:00:00,2006-09-24 15:00:00,2006-09-24 21:00:00,2006-09-25 03:00:00,2006-09-25 15:00:00
6219,2006262N19069,2006-09-23 18:00:00,2006-09-24 18:00:00,2006-09-25 00:00:00,2006-09-25 06:00:00,2006-09-25 18:00:00
6220,2006262N19069,2006-09-23 21:00:00,2006-09-24 21:00:00,2006-09-25 03:00:00,2006-09-25 09:00:00,2006-09-25 21:00:00
6221,2006262N19069,2006-09-24 00:00:00,2006-09-25 00:00:00,2006-09-25 06:00:00,2006-09-25 12:00:00,2006-09-26 00:00:00
6222,2006262N19069,2006-09-24 03:00:00,2006-09-25 03:00:00,2006-09-25 09:00:00,2006-09-25 15:00:00,2006-09-26 03:00:00
6223,2006262N19069,2006-09-24 06:00:00,2006-09-25 06:00:00,2006-09-25 12:00:00,2006-09-25 18:00:00,2006-09-26 06:00:00
6224,2006262N19069,2006-09-24 09:00:00,2006-09-25 09:00:00,2006-09-25 15:00:00,2006-09-25 21:00:00,2006-09-26 09:00:00
6225,2006262N19069,2006-09-24 12:00:00,2006-09-25 12:00:00,2006-09-25 18:00:00,2006-09-26 00:00:00,2006-09-26 12:00:00
6226,2006264N23087,2006-09-21 03:00:00,2006-09-22 03:00:00,2006-09-22 09:00:00,2006-09-22 15:00:00,2006-09-23 03:00:00
6227,2006264N23087,2006-09-21 06:00:00,2006-09-22 06:00:00,2006-09-22 12:00:00,2006-09-22 18:00:00,2006-09-23 06:00:00
6228,2006264N23087,2006-09-21 09:00:00,2006-09-22 09:00:00,2006-09-22 15:00:00,2006-09-22 21:00:00,2006-09-23 09:00:00
6229,2006264N23087,2006-09-21 12:00:00,2006-09-22 12:00:00,2006-09-22 18:00:00,2006-09-23 00:00:00,2006-09-23 12:00:00
6230,2006264N23087,2006-09-21 15:00:00,2006-09-22 15:00:00,2006-09-22 21:00:00,2006-09-23 03:00:00,2006-09-23 15:00:00
6231,2006264N23087,2006-09-21 18:00:00,2006-09-22 18:00:00,2006-09-23 00:00:00,2006-09-23 06:00:00,2006-09-23 18:00:00
6232,2006264N23087,2006-09-21 21:00:00,2006-09-22 21:00:00,2006-09-23 03:00:00,2006-09-23 09:00:00,2006-09-23 21:00:00
6233,2006264N23087,2006-09-22 00:00:00,2006-09-23 00:00:00,2006-09-23 06:00:00,2006-09-23 12:00:00,2006-09-24 00:00:00
6234,2006329N06150,2006-11-25 12:00:00,2006-11-26 12:00:00,2006-11-26 18:00:00,2006-11-27 00:00:00,2006-11-27 12:00:00
6235,2006329N06150,2006-11-25 15:00:00,2006-11-26 15:00:00,2006-11-26 21:00:00,2006-11-27 03:00:00,2006-11-27 15:00:00
6236,2006329N06150,2006-11-25 18:00:00,2006-11-26 18:00:00,2006-11-27 00:00:00,2006-11-27 06:00:00,2006-11-27 18:00:00
6237,2006329N06150,2006-11-25 21:00:00,2006-11-26 21:00:00,2006-11-27 03:00:00,2006-11-27 09:00:00,2006-11-27 21:00:00
6238,2006329N06150,2006-11-26 00:00:00,2006-11-27 00:00:00,2006-11-27 06:00:00,2006-11-27 12:00:00,2006-11-28 00:00:00
6239,2006329N06150,2006-11-26 03:00:00,2006-11-27 03:00:00,2006-11-27 09:00:00,2006-11-27 15:00:00,2006-11-28 03:00:00
6240,2006329N06150,2006-11-26 06:00:00,2006-11-27 06:00:00,2006-11-27 12:00:00,2006-11-27 18:00:00,2006-11-28 06:00:00
6241,2006329N06150,2006-11-26 09:00:00,2006-11-27 09:00:00,2006-11-27 15:00:00,2006-11-27 21:00:00,2006-11-28 09:00:00
6242,2006329N06150,2006-11-26 12:00:00,2006-11-27 12:00:00,2006-11-27 18:00:00,2006-11-28 00:00:00,2006-11-28 12:00:00
6243,2006329N06150,2006-11-26 15:00:00,2006-11-27 15:00:00,2006-11-27 21:00:00,2006-11-28 03:00:00,2006-11-28 15:00:00
6244,2006329N06150,2006-11-26 18:00:00,2006-11-27 18:00:00,2006-11-28 00:00:00,2006-11-28 06:00:00,2006-11-28 18:00:00
6245,2006329N06150,2006-11-26 21:00:00,2006-11-27 21:00:00,2006-11-28 03:00:00,2006-11-28 09:00:00,2006-11-28 21:00:00
6246,2006329N06150,2006-11-27 00:00:00,2006-11-28 00:00:00,2006-11-28 06:00:00,2006-11-28 12:00:00,2006-11-29 00:00:00
6247,2006329N06150,2006-11-27 03:00:00,2006-11-28 03:00:00,2006-11-28 09:00:00,2006-11-28 15:00:00,2006-11-29 03:00:00
6248,2006329N06150,2006-11-27 06:00:00,2006-11-28 06:00:00,2006-11-28 12:00:00,2006-11-28 18:00:00,2006-11-29 06:00:00
6249,2006329N06150,2006-11-27 09:00:00,2006-11-28 09:00:00,2006-11-28 15:00:00,2006-11-28 21:00:00,2006-11-29 09:00:00
6250,2006329N06150,2006-11-27 12:00:00,2006-11-28 12:00:00,2006-11-28 18:00:00,2006-11-29 00:00:00,2006-11-29 12:00:00
6251,2006329N06150,2006-11-27 15:00:00,2006-11-28 15:00:00,2006-11-28 21:00:00,2006-11-29 03:00:00,2006-11-29 15:00:00
6252,2006329N06150,2006-11-27 18:00:00,2006-11-28 18:00:00,2006-11-29 00:00:00,2006-11-29 06:00:00,2006-11-29 18:00:00
6253,2006329N06150,2006-11-27 21:00:00,2006-11-28 21:00:00,2006-11-29 03:00:00,2006-11-29 09:00:00,2006-11-29 21:00:00
6254,2006329N06150,2006-11-28 00:00:00,2006-11-29 00:00:00,2006-11-29 06:00:00,2006-11-29 12:00:00,2006-11-30 00:00:00
6255,2006329N06150,2006-11-28 03:00:00,2006-11-29 03:00:00,2006-11-29 09:00:00,2006-11-29 15:00:00,2006-11-30 03:00:00
6256,2006329N06150,2006-11-28 06:00:00,2006-11-29 06:00:00,2006-11-29 12:00:00,2006-11-29 18:00:00,2006-11-30 06:00:00
6257,2006329N06150,2006-11-28 09:00:00,2006-11-29 09:00:00,2006-11-29 15:00:00,2006-11-29 21:00:00,2006-11-30 09:00:00
6258,2006329N06150,2006-11-28 12:00:00,2006-11-29 12:00:00,2006-11-29 18:00:00,2006-11-30 00:00:00,2006-11-30 12:00:00
6259,2006329N06150,2006-11-28 15:00:00,2006-11-29 15:00:00,2006-11-29 21:00:00,2006-11-30 03:00:00,2006-11-30 15:00:00
6260,2006329N06150,2006-11-28 18:00:00,2006-11-29 18:00:00,2006-11-30 00:00:00,2006-11-30 06:00:00,2006-11-30 18:00:00
6261,2006329N06150,2006-11-28 21:00:00,2006-11-29 21:00:00,2006-11-30 03:00:00,2006-11-30 09:00:00,2006-11-30 21:00:00
6262,2006329N06150,2006-11-29 00:00:00,2006-11-30 00:00:00,2006-11-30 06:00:00,2006-11-30 12:00:00,2006-12-01 00:00:00
6263,2006329N06150,2006-11-29 03:00:00,2006-11-30 03:00:00,2006-11-30 09:00:00,2006-11-30 15:00:00,2006-12-01 03:00:00
6264,2006329N06150,2006-11-29 06:00:00,2006-11-30 06:00:00,2006-11-30 12:00:00,2006-11-30 18:00:00,2006-12-01 06:00:00
6265,2006329N06150,2006-11-29 09:00:00,2006-11-30 09:00:00,2006-11-30 15:00:00,2006-11-30 21:00:00,2006-12-01 09:00:00
6266,2006329N06150,2006-11-29 12:00:00,2006-11-30 12:00:00,2006-11-30 18:00:00,2006-12-01 00:00:00,2006-12-01 12:00:00
6267,2006329N06150,2006-11-29 15:00:00,2006-11-30 15:00:00,2006-11-30 21:00:00,2006-12-01 03:00:00,2006-12-01 15:00:00
6268,2006329N06150,2006-11-29 18:00:00,2006-11-30 18:00:00,2006-12-01 00:00:00,2006-12-01 06:00:00,2006-12-01 18:00:00
6269,2006329N06150,2006-11-29 21:00:00,2006-11-30 21:00:00,2006-12-01 03:00:00,2006-12-01 09:00:00,2006-12-01 21:00:00
6270,2006329N06150,2006-11-30 00:00:00,2006-12-01 00:00:00,2006-12-01 06:00:00,2006-12-01 12:00:00,2006-12-02 00:00:00
6271,2006329N06150,2006-11-30 03:00:00,2006-12-01 03:00:00,2006-12-01 09:00:00,2006-12-01 15:00:00,2006-12-02 03:00:00
6272,2006329N06150,2006-11-30 06:00:00,2006-12-01 06:00:00,2006-12-01 12:00:00,2006-12-01 18:00:00,2006-12-02 06:00:00
6273,2006329N06150,2006-11-30 09:00:00,2006-12-01 09:00:00,2006-12-01 15:00:00,2006-12-01 21:00:00,2006-12-02 09:00:00
6274,2006329N06150,2006-11-30 12:00:00,2006-12-01 12:00:00,2006-12-01 18:00:00,2006-12-02 00:00:00,2006-12-02 12:00:00
6275,2006329N06150,2006-11-30 15:00:00,2006-12-01 15:00:00,2006-12-01 21:00:00,2006-12-02 03:00:00,2006-12-02 15:00:00
6276,2006329N06150,2006-11-30 18:00:00,2006-12-01 18:00:00,2006-12-02 00:00:00,2006-12-02 06:00:00,2006-12-02 18:00:00
6277,2006329N06150,2006-11-30 21:00:00,2006-12-01 21:00:00,2006-12-02 03:00:00,2006-12-02 09:00:00,2006-12-02 21:00:00
6278,2006329N06150,2006-12-01 00:00:00,2006-12-02 00:00:00,2006-12-02 06:00:00,2006-12-02 12:00:00,2006-12-03 00:00:00
6279,2006329N06150,2006-12-01 03:00:00,2006-12-02 03:00:00,2006-12-02 09:00:00,2006-12-02 15:00:00,2006-12-03 03:00:00
6280,2006329N06150,2006-12-01 06:00:00,2006-12-02 06:00:00,2006-12-02 12:00:00,2006-12-02 18:00:00,2006-12-03 06:00:00
6281,2006329N06150,2006-12-01 09:00:00,2006-12-02 09:00:00,2006-12-02 15:00:00,2006-12-02 21:00:00,2006-12-03 09:00:00
6282,2006329N06150,2006-12-01 12:00:00,2006-12-02 12:00:00,2006-12-02 18:00:00,2006-12-03 00:00:00,2006-12-03 12:00:00
6283,2006329N06150,2006-12-01 15:00:00,2006-12-02 15:00:00,2006-12-02 21:00:00,2006-12-03 03:00:00,2006-12-03 15:00:00
6284,2006329N06150,2006-12-01 18:00:00,2006-12-02 18:00:00,2006-12-03 00:00:00,2006-12-03 06:00:00,2006-12-03 18:00:00
6285,2006329N06150,2006-12-01 21:00:00,2006-12-02 21:00:00,2006-12-03 03:00:00,2006-12-03 09:00:00,2006-12-03 21:00:00
6286,2006329N06150,2006-12-02 00:00:00,2006-12-03 00:00:00,2006-12-03 06:00:00,2006-12-03 12:00:00,2006-12-04 00:00:00
6287,2006329N06150,2006-12-02 03:00:00,2006-12-03 03:00:00,2006-12-03 09:00:00,2006-12-03 15:00:00,2006-12-04 03:00:00
6288,2006329N06150,2006-12-02 06:00:00,2006-12-03 06:00:00,2006-12-03 12:00:00,2006-12-03 18:00:00,2006-12-04 06:00:00
6289,2006329N06150,2006-12-02 09:00:00,2006-12-03 09:00:00,2006-12-03 15:00:00,2006-12-03 21:00:00,2006-12-04 09:00:00
6290,2006329N06150,2006-12-02 12:00:00,2006-12-03 12:00:00,2006-12-03 18:00:00,2006-12-04 00:00:00,2006-12-04 12:00:00
6291,2006329N06150,2006-12-02 15:00:00,2006-12-03 15:00:00,2006-12-03 21:00:00,2006-12-04 03:00:00,2006-12-04 15:00:00
6292,2006329N06150,2006-12-02 18:00:00,2006-12-03 18:00:00,2006-12-04 00:00:00,2006-12-04 06:00:00,2006-12-04 18:00:00
6293,2006329N06150,2006-12-02 21:00:00,2006-12-03 21:00:00,2006-12-04 03:00:00,2006-12-04 09:00:00,2006-12-04 21:00:00
6294,2006329N06150,2006-12-03 00:00:00,2006-12-04 00:00:00,2006-12-04 06:00:00,2006-12-04 12:00:00,2006-12-05 00:00:00
6295,2006329N06150,2006-12-03 03:00:00,2006-12-04 03:00:00,2006-12-04 09:00:00,2006-12-04 15:00:00,2006-12-05 03:00:00
6296,2006329N06150,2006-12-03 06:00:00,2006-12-04 06:00:00,2006-12-04 12:00:00,2006-12-04 18:00:00,2006-12-05 06:00:00
6297,2006329N06150,2006-12-03 09:00:00,2006-12-04 09:00:00,2006-12-04 15:00:00,2006-12-04 21:00:00,2006-12-05 09:00:00
6298,2006329N06150,2006-12-03 12:00:00,2006-12-04 12:00:00,2006-12-04 18:00:00,2006-12-05 00:00:00,2006-12-05 12:00:00
6299,2006329N06150,2006-12-03 15:00:00,2006-12-04 15:00:00,2006-12-04 21:00:00,2006-12-05 03:00:00,2006-12-05 15:00:00
6300,2006329N06150,2006-12-03 18:00:00,2006-12-04 18:00:00,2006-12-05 00:00:00,2006-12-05 06:00:00,2006-12-05 18:00:00
6301,2006329N06150,2006-12-03 21:00:00,2006-12-04 21:00:00,2006-12-05 03:00:00,2006-12-05 09:00:00,2006-12-05 21:00:00
6302,2006329N06150,2006-12-04 00:00:00,2006-12-05 00:00:00,2006-12-05 06:00:00,2006-12-05 12:00:00,2006-12-06 00:00:00
6303,2006329N06150,2006-12-04 03:00:00,2006-12-05 03:00:00,2006-12-05 09:00:00,2006-12-05 15:00:00,2006-12-06 03:00:00
6304,2006329N06150,2006-12-04 06:00:00,2006-12-05 06:00:00,2006-12-05 12:00:00,2006-12-05 18:00:00,2006-12-06 06:00:00
6305,2006329N06150,2006-12-04 09:00:00,2006-12-05 09:00:00,2006-12-05 15:00:00,2006-12-05 21:00:00,2006-12-06 09:00:00
6306,2006329N06150,2006-12-04 12:00:00,2006-12-05 12:00:00,2006-12-05 18:00:00,2006-12-06 00:00:00,2006-12-06 12:00:00
6307,2006329N06150,2006-12-04 15:00:00,2006-12-05 15:00:00,2006-12-05 21:00:00,2006-12-06 03:00:00,2006-12-06 15:00:00
6308,2006329N06150,2006-12-04 18:00:00,2006-12-05 18:00:00,2006-12-06 00:00:00,2006-12-06 06:00:00,2006-12-06 18:00:00
6309,2006329N06150,2006-12-04 21:00:00,2006-12-05 21:00:00,2006-12-06 03:00:00,2006-12-06 09:00:00,2006-12-06 21:00:00
6310,2006329N06150,2006-12-05 00:00:00,2006-12-06 00:00:00,2006-12-06 06:00:00,2006-12-06 12:00:00,2006-12-07 00:00:00
6311,2006329N06150,2006-12-05 03:00:00,2006-12-06 03:00:00,2006-12-06 09:00:00,2006-12-06 15:00:00,2006-12-07 03:00:00
6312,2006329N06150,2006-12-05 06:00:00,2006-12-06 06:00:00,2006-12-06 12:00:00,2006-12-06 18:00:00,2006-12-07 06:00:00
6313,2006329N06150,2006-12-05 09:00:00,2006-12-06 09:00:00,2006-12-06 15:00:00,2006-12-06 21:00:00,2006-12-07 09:00:00
6314,2006329N06150,2006-12-05 12:00:00,2006-12-06 12:00:00,2006-12-06 18:00:00,2006-12-07 00:00:00,2006-12-07 12:00:00
6315,2006329N06150,2006-12-05 15:00:00,2006-12-06 15:00:00,2006-12-06 21:00:00,2006-12-07 03:00:00,2006-12-07 15:00:00
6316,2006329N06150,2006-12-05 18:00:00,2006-12-06 18:00:00,2006-12-07 00:00:00,2006-12-07 06:00:00,2006-12-07 18:00:00
6317,2006329N06150,2006-12-05 21:00:00,2006-12-06 21:00:00,2006-12-07 03:00:00,2006-12-07 09:00:00,2006-12-07 21:00:00
6318,2006329N06150,2006-12-06 00:00:00,2006-12-07 00:00:00,2006-12-07 06:00:00,2006-12-07 12:00:00,2006-12-08 00:00:00
6319,2006329N06150,2006-12-06 03:00:00,2006-12-07 03:00:00,2006-12-07 09:00:00,2006-12-07 15:00:00,2006-12-08 03:00:00
6320,2006329N06150,2006-12-06 06:00:00,2006-12-07 06:00:00,2006-12-07 12:00:00,2006-12-07 18:00:00,2006-12-08 06:00:00
6321,2006329N06150,2006-12-06 09:00:00,2006-12-07 09:00:00,2006-12-07 15:00:00,2006-12-07 21:00:00,2006-12-08 09:00:00
6322,2006329N06150,2006-12-06 12:00:00,2006-12-07 12:00:00,2006-12-07 18:00:00,2006-12-08 00:00:00,2006-12-08 12:00:00
6323,2006329N06150,2006-12-06 15:00:00,2006-12-07 15:00:00,2006-12-07 21:00:00,2006-12-08 03:00:00,2006-12-08 15:00:00
6324,2006329N06150,2006-12-06 18:00:00,2006-12-07 18:00:00,2006-12-08 00:00:00,2006-12-08 06:00:00,2006-12-08 18:00:00
6325,2006329N06150,2006-12-06 21:00:00,2006-12-07 21:00:00,2006-12-08 03:00:00,2006-12-08 09:00:00,2006-12-08 21:00:00
6326,2006329N06150,2006-12-07 00:00:00,2006-12-08 00:00:00,2006-12-08 06:00:00,2006-12-08 12:00:00,2006-12-09 00:00:00
6327,2006329N06150,2006-12-07 03:00:00,2006-12-08 03:00:00,2006-12-08 09:00:00,2006-12-08 15:00:00,2006-12-09 03:00:00
6328,2006329N06150,2006-12-07 06:00:00,2006-12-08 06:00:00,2006-12-08 12:00:00,2006-12-08 18:00:00,2006-12-09 06:00:00
6329,2006329N06150,2006-12-07 09:00:00,2006-12-08 09:00:00,2006-12-08 15:00:00,2006-12-08 21:00:00,2006-12-09 09:00:00
6330,2006329N06150,2006-12-07 12:00:00,2006-12-08 12:00:00,2006-12-08 18:00:00,2006-12-09 00:00:00,2006-12-09 12:00:00
6331,2006329N06150,2006-12-07 15:00:00,2006-12-08 15:00:00,2006-12-08 21:00:00,2006-12-09 03:00:00,2006-12-09 15:00:00
6332,2006329N06150,2006-12-07 18:00:00,2006-12-08 18:00:00,2006-12-09 00:00:00,2006-12-09 06:00:00,2006-12-09 18:00:00
6333,2007151N14072,2007-05-31 06:00:00,2007-06-01 06:00:00,2007-06-01 12:00:00,2007-06-01 18:00:00,2007-06-02 06:00:00
6334,2007151N14072,2007-05-31 09:00:00,2007-06-01 09:00:00,2007-06-01 15:00:00,2007-06-01 21:00:00,2007-06-02 09:00:00
6335,2007151N14072,2007-05-31 12:00:00,2007-06-01 12:00:00,2007-06-01 18:00:00,2007-06-02 00:00:00,2007-06-02 12:00:00
6336,2007151N14072,2007-05-31 15:00:00,2007-06-01 15:00:00,2007-06-01 21:00:00,2007-06-02 03:00:00,2007-06-02 15:00:00
6337,2007151N14072,2007-05-31 18:00:00,2007-06-01 18:00:00,2007-06-02 00:00:00,2007-06-02 06:00:00,2007-06-02 18:00:00
6338,2007151N14072,2007-05-31 21:00:00,2007-06-01 21:00:00,2007-06-02 03:00:00,2007-06-02 09:00:00,2007-06-02 21:00:00
6339,2007151N14072,2007-06-01 00:00:00,2007-06-02 00:00:00,2007-06-02 06:00:00,2007-06-02 12:00:00,2007-06-03 00:00:00
6340,2007151N14072,2007-06-01 03:00:00,2007-06-02 03:00:00,2007-06-02 09:00:00,2007-06-02 15:00:00,2007-06-03 03:00:00
6341,2007151N14072,2007-06-01 06:00:00,2007-06-02 06:00:00,2007-06-02 12:00:00,2007-06-02 18:00:00,2007-06-03 06:00:00
6342,2007151N14072,2007-06-01 09:00:00,2007-06-02 09:00:00,2007-06-02 15:00:00,2007-06-02 21:00:00,2007-06-03 09:00:00
6343,2007151N14072,2007-06-01 12:00:00,2007-06-02 12:00:00,2007-06-02 18:00:00,2007-06-03 00:00:00,2007-06-03 12:00:00
6344,2007151N14072,2007-06-01 15:00:00,2007-06-02 15:00:00,2007-06-02 21:00:00,2007-06-03 03:00:00,2007-06-03 15:00:00
6345,2007151N14072,2007-06-01 18:00:00,2007-06-02 18:00:00,2007-06-03 00:00:00,2007-06-03 06:00:00,2007-06-03 18:00:00
6346,2007151N14072,2007-06-01 21:00:00,2007-06-02 21:00:00,2007-06-03 03:00:00,2007-06-03 09:00:00,2007-06-03 21:00:00
6347,2007151N14072,2007-06-02 00:00:00,2007-06-03 00:00:00,2007-06-03 06:00:00,2007-06-03 12:00:00,2007-06-04 00:00:00
6348,2007151N14072,2007-06-02 03:00:00,2007-06-03 03:00:00,2007-06-03 09:00:00,2007-06-03 15:00:00,2007-06-04 03:00:00
6349,2007151N14072,2007-06-02 06:00:00,2007-06-03 06:00:00,2007-06-03 12:00:00,2007-06-03 18:00:00,2007-06-04 06:00:00
6350,2007151N14072,2007-06-02 09:00:00,2007-06-03 09:00:00,2007-06-03 15:00:00,2007-06-03 21:00:00,2007-06-04 09:00:00
6351,2007151N14072,2007-06-02 12:00:00,2007-06-03 12:00:00,2007-06-03 18:00:00,2007-06-04 00:00:00,2007-06-04 12:00:00
6352,2007151N14072,2007-06-02 15:00:00,2007-06-03 15:00:00,2007-06-03 21:00:00,2007-06-04 03:00:00,2007-06-04 15:00:00
6353,2007151N14072,2007-06-02 18:00:00,2007-06-03 18:00:00,2007-06-04 00:00:00,2007-06-04 06:00:00,2007-06-04 18:00:00
6354,2007151N14072,2007-06-02 21:00:00,2007-06-03 21:00:00,2007-06-04 03:00:00,2007-06-04 09:00:00,2007-06-04 21:00:00
6355,2007151N14072,2007-06-03 00:00:00,2007-06-04 00:00:00,2007-06-04 06:00:00,2007-06-04 12:00:00,2007-06-05 00:00:00
6356,2007151N14072,2007-06-03 03:00:00,2007-06-04 03:00:00,2007-06-04 09:00:00,2007-06-04 15:00:00,2007-06-05 03:00:00
6357,2007151N14072,2007-06-03 06:00:00,2007-06-04 06:00:00,2007-06-04 12:00:00,2007-06-04 18:00:00,2007-06-05 06:00:00
6358,2007151N14072,2007-06-03 09:00:00,2007-06-04 09:00:00,2007-06-04 15:00:00,2007-06-04 21:00:00,2007-06-05 09:00:00
6359,2007151N14072,2007-06-03 12:00:00,2007-06-04 12:00:00,2007-06-04 18:00:00,2007-06-05 00:00:00,2007-06-05 12:00:00
6360,2007151N14072,2007-06-03 15:00:00,2007-06-04 15:00:00,2007-06-04 21:00:00,2007-06-05 03:00:00,2007-06-05 15:00:00
6361,2007151N14072,2007-06-03 18:00:00,2007-06-04 18:00:00,2007-06-05 00:00:00,2007-06-05 06:00:00,2007-06-05 18:00:00
6362,2007151N14072,2007-06-03 21:00:00,2007-06-04 21:00:00,2007-06-05 03:00:00,2007-06-05 09:00:00,2007-06-05 21:00:00
6363,2007151N14072,2007-06-04 00:00:00,2007-06-05 00:00:00,2007-06-05 06:00:00,2007-06-05 12:00:00,2007-06-06 00:00:00
6364,2007151N14072,2007-06-04 03:00:00,2007-06-05 03:00:00,2007-06-05 09:00:00,2007-06-05 15:00:00,2007-06-06 03:00:00
6365,2007151N14072,2007-06-04 06:00:00,2007-06-05 06:00:00,2007-06-05 12:00:00,2007-06-05 18:00:00,2007-06-06 06:00:00
6366,2007151N14072,2007-06-04 09:00:00,2007-06-05 09:00:00,2007-06-05 15:00:00,2007-06-05 21:00:00,2007-06-06 09:00:00
6367,2007151N14072,2007-06-04 12:00:00,2007-06-05 12:00:00,2007-06-05 18:00:00,2007-06-06 00:00:00,2007-06-06 12:00:00
6368,2007151N14072,2007-06-04 15:00:00,2007-06-05 15:00:00,2007-06-05 21:00:00,2007-06-06 03:00:00,2007-06-06 15:00:00
6369,2007151N14072,2007-06-04 18:00:00,2007-06-05 18:00:00,2007-06-06 00:00:00,2007-06-06 06:00:00,2007-06-06 18:00:00
6370,2007151N14072,2007-06-04 21:00:00,2007-06-05 21:00:00,2007-06-06 03:00:00,2007-06-06 09:00:00,2007-06-06 21:00:00
6371,2007151N14072,2007-06-05 00:00:00,2007-06-06 00:00:00,2007-06-06 06:00:00,2007-06-06 12:00:00,2007-06-07 00:00:00
6372,2007151N14072,2007-06-05 03:00:00,2007-06-06 03:00:00,2007-06-06 09:00:00,2007-06-06 15:00:00,2007-06-07 03:00:00
6373,2007151N14072,2007-06-05 06:00:00,2007-06-06 06:00:00,2007-06-06 12:00:00,2007-06-06 18:00:00,2007-06-07 06:00:00
6374,2007151N14072,2007-06-05 09:00:00,2007-06-06 09:00:00,2007-06-06 15:00:00,2007-06-06 21:00:00,2007-06-07 09:00:00
6375,2007151N14072,2007-06-05 12:00:00,2007-06-06 12:00:00,2007-06-06 18:00:00,2007-06-07 00:00:00,2007-06-07 12:00:00
6376,2007151N14072,2007-06-05 15:00:00,2007-06-06 15:00:00,2007-06-06 21:00:00,2007-06-07 03:00:00,2007-06-07 15:00:00
6377,2007151N14072,2007-06-05 18:00:00,2007-06-06 18:00:00,2007-06-07 00:00:00,2007-06-07 06:00:00,2007-06-07 18:00:00
6378,2007151N14072,2007-06-05 21:00:00,2007-06-06 21:00:00,2007-06-07 03:00:00,2007-06-07 09:00:00,2007-06-07 21:00:00
6379,2007151N14072,2007-06-06 00:00:00,2007-06-07 00:00:00,2007-06-07 06:00:00,2007-06-07 12:00:00,2007-06-08 00:00:00
6380,2007172N15088,2007-06-20 18:00:00,2007-06-21 18:00:00,2007-06-22 00:00:00,2007-06-22 06:00:00,2007-06-22 18:00:00
6381,2007172N15088,2007-06-20 21:00:00,2007-06-21 21:00:00,2007-06-22 03:00:00,2007-06-22 09:00:00,2007-06-22 21:00:00
6382,2007172N15088,2007-06-21 00:00:00,2007-06-22 00:00:00,2007-06-22 06:00:00,2007-06-22 12:00:00,2007-06-23 00:00:00
6383,2007172N15088,2007-06-21 03:00:00,2007-06-22 03:00:00,2007-06-22 09:00:00,2007-06-22 15:00:00,2007-06-23 03:00:00
6384,2007172N15088,2007-06-21 06:00:00,2007-06-22 06:00:00,2007-06-22 12:00:00,2007-06-22 18:00:00,2007-06-23 06:00:00
6385,2007172N15088,2007-06-21 09:00:00,2007-06-22 09:00:00,2007-06-22 15:00:00,2007-06-22 21:00:00,2007-06-23 09:00:00
6386,2007172N15088,2007-06-21 12:00:00,2007-06-22 12:00:00,2007-06-22 18:00:00,2007-06-23 00:00:00,2007-06-23 12:00:00
6387,2007172N15088,2007-06-21 15:00:00,2007-06-22 15:00:00,2007-06-22 21:00:00,2007-06-23 03:00:00,2007-06-23 15:00:00
6388,2007172N15088,2007-06-21 18:00:00,2007-06-22 18:00:00,2007-06-23 00:00:00,2007-06-23 06:00:00,2007-06-23 18:00:00
6389,2007172N15088,2007-06-21 21:00:00,2007-06-22 21:00:00,2007-06-23 03:00:00,2007-06-23 09:00:00,2007-06-23 21:00:00
6390,2007172N15088,2007-06-22 00:00:00,2007-06-23 00:00:00,2007-06-23 06:00:00,2007-06-23 12:00:00,2007-06-24 00:00:00
6391,2007172N15088,2007-06-22 03:00:00,2007-06-23 03:00:00,2007-06-23 09:00:00,2007-06-23 15:00:00,2007-06-24 03:00:00
6392,2007172N15088,2007-06-22 06:00:00,2007-06-23 06:00:00,2007-06-23 12:00:00,2007-06-23 18:00:00,2007-06-24 06:00:00
6393,2007172N15088,2007-06-22 09:00:00,2007-06-23 09:00:00,2007-06-23 15:00:00,2007-06-23 21:00:00,2007-06-24 09:00:00
6394,2007172N15088,2007-06-22 12:00:00,2007-06-23 12:00:00,2007-06-23 18:00:00,2007-06-24 00:00:00,2007-06-24 12:00:00
6395,2007172N15088,2007-06-22 15:00:00,2007-06-23 15:00:00,2007-06-23 21:00:00,2007-06-24 03:00:00,2007-06-24 15:00:00
6396,2007172N15088,2007-06-22 18:00:00,2007-06-23 18:00:00,2007-06-24 00:00:00,2007-06-24 06:00:00,2007-06-24 18:00:00
6397,2007172N15088,2007-06-22 21:00:00,2007-06-23 21:00:00,2007-06-24 03:00:00,2007-06-24 09:00:00,2007-06-24 21:00:00
6398,2007172N15088,2007-06-23 00:00:00,2007-06-24 00:00:00,2007-06-24 06:00:00,2007-06-24 12:00:00,2007-06-25 00:00:00
6399,2007172N15088,2007-06-23 03:00:00,2007-06-24 03:00:00,2007-06-24 09:00:00,2007-06-24 15:00:00,2007-06-25 03:00:00
6400,2007172N15088,2007-06-23 06:00:00,2007-06-24 06:00:00,2007-06-24 12:00:00,2007-06-24 18:00:00,2007-06-25 06:00:00
6401,2007172N15088,2007-06-23 09:00:00,2007-06-24 09:00:00,2007-06-24 15:00:00,2007-06-24 21:00:00,2007-06-25 09:00:00
6402,2007172N15088,2007-06-23 12:00:00,2007-06-24 12:00:00,2007-06-24 18:00:00,2007-06-25 00:00:00,2007-06-25 12:00:00
6403,2007172N15088,2007-06-23 15:00:00,2007-06-24 15:00:00,2007-06-24 21:00:00,2007-06-25 03:00:00,2007-06-25 15:00:00
6404,2007172N15088,2007-06-23 18:00:00,2007-06-24 18:00:00,2007-06-25 00:00:00,2007-06-25 06:00:00,2007-06-25 18:00:00
6405,2007172N15088,2007-06-23 21:00:00,2007-06-24 21:00:00,2007-06-25 03:00:00,2007-06-25 09:00:00,2007-06-25 21:00:00
6406,2007172N15088,2007-06-24 00:00:00,2007-06-25 00:00:00,2007-06-25 06:00:00,2007-06-25 12:00:00,2007-06-26 00:00:00
6407,2007172N15088,2007-06-24 03:00:00,2007-06-25 03:00:00,2007-06-25 09:00:00,2007-06-25 15:00:00,2007-06-26 03:00:00
6408,2007172N15088,2007-06-24 06:00:00,2007-06-25 06:00:00,2007-06-25 12:00:00,2007-06-25 18:00:00,2007-06-26 06:00:00
6409,2007172N15088,2007-06-24 09:00:00,2007-06-25 09:00:00,2007-06-25 15:00:00,2007-06-25 21:00:00,2007-06-26 09:00:00
6410,2007172N15088,2007-06-24 12:00:00,2007-06-25 12:00:00,2007-06-25 18:00:00,2007-06-26 00:00:00,2007-06-26 12:00:00
6411,2007172N15088,2007-06-24 15:00:00,2007-06-25 15:00:00,2007-06-25 21:00:00,2007-06-26 03:00:00,2007-06-26 15:00:00
6412,2007172N15088,2007-06-24 18:00:00,2007-06-25 18:00:00,2007-06-26 00:00:00,2007-06-26 06:00:00,2007-06-26 18:00:00
6413,2007172N15088,2007-06-24 21:00:00,2007-06-25 21:00:00,2007-06-26 03:00:00,2007-06-26 09:00:00,2007-06-26 21:00:00
6414,2007172N15088,2007-06-25 00:00:00,2007-06-26 00:00:00,2007-06-26 06:00:00,2007-06-26 12:00:00,2007-06-27 00:00:00
6415,2007172N15088,2007-06-25 03:00:00,2007-06-26 03:00:00,2007-06-26 09:00:00,2007-06-26 15:00:00,2007-06-27 03:00:00
6416,2007172N15088,2007-06-25 06:00:00,2007-06-26 06:00:00,2007-06-26 12:00:00,2007-06-26 18:00:00,2007-06-27 06:00:00
6417,2007172N15088,2007-06-25 09:00:00,2007-06-26 09:00:00,2007-06-26 15:00:00,2007-06-26 21:00:00,2007-06-27 09:00:00
6418,2007172N15088,2007-06-25 12:00:00,2007-06-26 12:00:00,2007-06-26 18:00:00,2007-06-27 00:00:00,2007-06-27 12:00:00
6419,2007178N18089,2007-06-27 00:00:00,2007-06-28 00:00:00,2007-06-28 06:00:00,2007-06-28 12:00:00,2007-06-29 00:00:00
6420,2007178N18089,2007-06-27 03:00:00,2007-06-28 03:00:00,2007-06-28 09:00:00,2007-06-28 15:00:00,2007-06-29 03:00:00
6421,2007178N18089,2007-06-27 06:00:00,2007-06-28 06:00:00,2007-06-28 12:00:00,2007-06-28 18:00:00,2007-06-29 06:00:00
6422,2007178N18089,2007-06-27 09:00:00,2007-06-28 09:00:00,2007-06-28 15:00:00,2007-06-28 21:00:00,2007-06-29 09:00:00
6423,2007178N18089,2007-06-27 12:00:00,2007-06-28 12:00:00,2007-06-28 18:00:00,2007-06-29 00:00:00,2007-06-29 12:00:00
6424,2007178N18089,2007-06-27 15:00:00,2007-06-28 15:00:00,2007-06-28 21:00:00,2007-06-29 03:00:00,2007-06-29 15:00:00
6425,2007178N18089,2007-06-27 18:00:00,2007-06-28 18:00:00,2007-06-29 00:00:00,2007-06-29 06:00:00,2007-06-29 18:00:00
6426,2007178N18089,2007-06-27 21:00:00,2007-06-28 21:00:00,2007-06-29 03:00:00,2007-06-29 09:00:00,2007-06-29 21:00:00
6427,2007178N18089,2007-06-28 00:00:00,2007-06-29 00:00:00,2007-06-29 06:00:00,2007-06-29 12:00:00,2007-06-30 00:00:00
6428,2007178N18089,2007-06-28 03:00:00,2007-06-29 03:00:00,2007-06-29 09:00:00,2007-06-29 15:00:00,2007-06-30 03:00:00
6429,2007178N18089,2007-06-28 06:00:00,2007-06-29 06:00:00,2007-06-29 12:00:00,2007-06-29 18:00:00,2007-06-30 06:00:00
6430,2007300N11068,2007-10-27 06:00:00,2007-10-28 06:00:00,2007-10-28 12:00:00,2007-10-28 18:00:00,2007-10-29 06:00:00
6431,2007300N11068,2007-10-27 09:00:00,2007-10-28 09:00:00,2007-10-28 15:00:00,2007-10-28 21:00:00,2007-10-29 09:00:00
6432,2007300N11068,2007-10-27 12:00:00,2007-10-28 12:00:00,2007-10-28 18:00:00,2007-10-29 00:00:00,2007-10-29 12:00:00
6433,2007300N11068,2007-10-27 15:00:00,2007-10-28 15:00:00,2007-10-28 21:00:00,2007-10-29 03:00:00,2007-10-29 15:00:00
6434,2007300N11068,2007-10-27 18:00:00,2007-10-28 18:00:00,2007-10-29 00:00:00,2007-10-29 06:00:00,2007-10-29 18:00:00
6435,2007300N11068,2007-10-27 21:00:00,2007-10-28 21:00:00,2007-10-29 03:00:00,2007-10-29 09:00:00,2007-10-29 21:00:00
6436,2007300N11068,2007-10-28 00:00:00,2007-10-29 00:00:00,2007-10-29 06:00:00,2007-10-29 12:00:00,2007-10-30 00:00:00
6437,2007300N11068,2007-10-28 03:00:00,2007-10-29 03:00:00,2007-10-29 09:00:00,2007-10-29 15:00:00,2007-10-30 03:00:00
6438,2007300N11068,2007-10-28 06:00:00,2007-10-29 06:00:00,2007-10-29 12:00:00,2007-10-29 18:00:00,2007-10-30 06:00:00
6439,2007314N10093,2007-11-10 06:00:00,2007-11-11 06:00:00,2007-11-11 12:00:00,2007-11-11 18:00:00,2007-11-12 06:00:00
6440,2007314N10093,2007-11-10 09:00:00,2007-11-11 09:00:00,2007-11-11 15:00:00,2007-11-11 21:00:00,2007-11-12 09:00:00
6441,2007314N10093,2007-11-10 12:00:00,2007-11-11 12:00:00,2007-11-11 18:00:00,2007-11-12 00:00:00,2007-11-12 12:00:00
6442,2007314N10093,2007-11-10 15:00:00,2007-11-11 15:00:00,2007-11-11 21:00:00,2007-11-12 03:00:00,2007-11-12 15:00:00
6443,2007314N10093,2007-11-10 18:00:00,2007-11-11 18:00:00,2007-11-12 00:00:00,2007-11-12 06:00:00,2007-11-12 18:00:00
6444,2007314N10093,2007-11-10 21:00:00,2007-11-11 21:00:00,2007-11-12 03:00:00,2007-11-12 09:00:00,2007-11-12 21:00:00
6445,2007314N10093,2007-11-11 00:00:00,2007-11-12 00:00:00,2007-11-12 06:00:00,2007-11-12 12:00:00,2007-11-13 00:00:00
6446,2007314N10093,2007-11-11 03:00:00,2007-11-12 03:00:00,2007-11-12 09:00:00,2007-11-12 15:00:00,2007-11-13 03:00:00
6447,2007314N10093,2007-11-11 06:00:00,2007-11-12 06:00:00,2007-11-12 12:00:00,2007-11-12 18:00:00,2007-11-13 06:00:00
6448,2007314N10093,2007-11-11 09:00:00,2007-11-12 09:00:00,2007-11-12 15:00:00,2007-11-12 21:00:00,2007-11-13 09:00:00
6449,2007314N10093,2007-11-11 12:00:00,2007-11-12 12:00:00,2007-11-12 18:00:00,2007-11-13 00:00:00,2007-11-13 12:00:00
6450,2007314N10093,2007-11-11 15:00:00,2007-11-12 15:00:00,2007-11-12 21:00:00,2007-11-13 03:00:00,2007-11-13 15:00:00
6451,2007314N10093,2007-11-11 18:00:00,2007-11-12 18:00:00,2007-11-13 00:00:00,2007-11-13 06:00:00,2007-11-13 18:00:00
6452,2007314N10093,2007-11-11 21:00:00,2007-11-12 21:00:00,2007-11-13 03:00:00,2007-11-13 09:00:00,2007-11-13 21:00:00
6453,2007314N10093,2007-11-12 00:00:00,2007-11-13 00:00:00,2007-11-13 06:00:00,2007-11-13 12:00:00,2007-11-14 00:00:00
6454,2007314N10093,2007-11-12 03:00:00,2007-11-13 03:00:00,2007-11-13 09:00:00,2007-11-13 15:00:00,2007-11-14 03:00:00
6455,2007314N10093,2007-11-12 06:00:00,2007-11-13 06:00:00,2007-11-13 12:00:00,2007-11-13 18:00:00,2007-11-14 06:00:00
6456,2007314N10093,2007-11-12 09:00:00,2007-11-13 09:00:00,2007-11-13 15:00:00,2007-11-13 21:00:00,2007-11-14 09:00:00
6457,2007314N10093,2007-11-12 12:00:00,2007-11-13 12:00:00,2007-11-13 18:00:00,2007-11-14 00:00:00,2007-11-14 12:00:00
6458,2007314N10093,2007-11-12 15:00:00,2007-11-13 15:00:00,2007-11-13 21:00:00,2007-11-14 03:00:00,2007-11-14 15:00:00
6459,2007314N10093,2007-11-12 18:00:00,2007-11-13 18:00:00,2007-11-14 00:00:00,2007-11-14 06:00:00,2007-11-14 18:00:00
6460,2007314N10093,2007-11-12 21:00:00,2007-11-13 21:00:00,2007-11-14 03:00:00,2007-11-14 09:00:00,2007-11-14 21:00:00
6461,2007314N10093,2007-11-13 00:00:00,2007-11-14 00:00:00,2007-11-14 06:00:00,2007-11-14 12:00:00,2007-11-15 00:00:00
6462,2007314N10093,2007-11-13 03:00:00,2007-11-14 03:00:00,2007-11-14 09:00:00,2007-11-14 15:00:00,2007-11-15 03:00:00
6463,2007314N10093,2007-11-13 06:00:00,2007-11-14 06:00:00,2007-11-14 12:00:00,2007-11-14 18:00:00,2007-11-15 06:00:00
6464,2007314N10093,2007-11-13 09:00:00,2007-11-14 09:00:00,2007-11-14 15:00:00,2007-11-14 21:00:00,2007-11-15 09:00:00
6465,2007314N10093,2007-11-13 12:00:00,2007-11-14 12:00:00,2007-11-14 18:00:00,2007-11-15 00:00:00,2007-11-15 12:00:00
6466,2007314N10093,2007-11-13 15:00:00,2007-11-14 15:00:00,2007-11-14 21:00:00,2007-11-15 03:00:00,2007-11-15 15:00:00
6467,2007314N10093,2007-11-13 18:00:00,2007-11-14 18:00:00,2007-11-15 00:00:00,2007-11-15 06:00:00,2007-11-15 18:00:00
6468,2007314N10093,2007-11-13 21:00:00,2007-11-14 21:00:00,2007-11-15 03:00:00,2007-11-15 09:00:00,2007-11-15 21:00:00
6469,2007314N10093,2007-11-14 00:00:00,2007-11-15 00:00:00,2007-11-15 06:00:00,2007-11-15 12:00:00,2007-11-16 00:00:00
6470,2007314N10093,2007-11-14 03:00:00,2007-11-15 03:00:00,2007-11-15 09:00:00,2007-11-15 15:00:00,2007-11-16 03:00:00
6471,2008117N11090,2008-04-25 12:00:00,2008-04-26 12:00:00,2008-04-26 18:00:00,2008-04-27 00:00:00,2008-04-27 12:00:00
6472,2008117N11090,2008-04-25 15:00:00,2008-04-26 15:00:00,2008-04-26 21:00:00,2008-04-27 03:00:00,2008-04-27 15:00:00
6473,2008117N11090,2008-04-25 18:00:00,2008-04-26 18:00:00,2008-04-27 00:00:00,2008-04-27 06:00:00,2008-04-27 18:00:00
6474,2008117N11090,2008-04-25 21:00:00,2008-04-26 21:00:00,2008-04-27 03:00:00,2008-04-27 09:00:00,2008-04-27 21:00:00
6475,2008117N11090,2008-04-26 00:00:00,2008-04-27 00:00:00,2008-04-27 06:00:00,2008-04-27 12:00:00,2008-04-28 00:00:00
6476,2008117N11090,2008-04-26 03:00:00,2008-04-27 03:00:00,2008-04-27 09:00:00,2008-04-27 15:00:00,2008-04-28 03:00:00
6477,2008117N11090,2008-04-26 06:00:00,2008-04-27 06:00:00,2008-04-27 12:00:00,2008-04-27 18:00:00,2008-04-28 06:00:00
6478,2008117N11090,2008-04-26 09:00:00,2008-04-27 09:00:00,2008-04-27 15:00:00,2008-04-27 21:00:00,2008-04-28 09:00:00
6479,2008117N11090,2008-04-26 12:00:00,2008-04-27 12:00:00,2008-04-27 18:00:00,2008-04-28 00:00:00,2008-04-28 12:00:00
6480,2008117N11090,2008-04-26 15:00:00,2008-04-27 15:00:00,2008-04-27 21:00:00,2008-04-28 03:00:00,2008-04-28 15:00:00
6481,2008117N11090,2008-04-26 18:00:00,2008-04-27 18:00:00,2008-04-28 00:00:00,2008-04-28 06:00:00,2008-04-28 18:00:00
6482,2008117N11090,2008-04-26 21:00:00,2008-04-27 21:00:00,2008-04-28 03:00:00,2008-04-28 09:00:00,2008-04-28 21:00:00
6483,2008117N11090,2008-04-27 00:00:00,2008-04-28 00:00:00,2008-04-28 06:00:00,2008-04-28 12:00:00,2008-04-29 00:00:00
6484,2008117N11090,2008-04-27 03:00:00,2008-04-28 03:00:00,2008-04-28 09:00:00,2008-04-28 15:00:00,2008-04-29 03:00:00
6485,2008117N11090,2008-04-27 06:00:00,2008-04-28 06:00:00,2008-04-28 12:00:00,2008-04-28 18:00:00,2008-04-29 06:00:00
6486,2008117N11090,2008-04-27 09:00:00,2008-04-28 09:00:00,2008-04-28 15:00:00,2008-04-28 21:00:00,2008-04-29 09:00:00
6487,2008117N11090,2008-04-27 12:00:00,2008-04-28 12:00:00,2008-04-28 18:00:00,2008-04-29 00:00:00,2008-04-29 12:00:00
6488,2008117N11090,2008-04-27 15:00:00,2008-04-28 15:00:00,2008-04-28 21:00:00,2008-04-29 03:00:00,2008-04-29 15:00:00
6489,2008117N11090,2008-04-27 18:00:00,2008-04-28 18:00:00,2008-04-29 00:00:00,2008-04-29 06:00:00,2008-04-29 18:00:00
6490,2008117N11090,2008-04-27 21:00:00,2008-04-28 21:00:00,2008-04-29 03:00:00,2008-04-29 09:00:00,2008-04-29 21:00:00
6491,2008117N11090,2008-04-28 00:00:00,2008-04-29 00:00:00,2008-04-29 06:00:00,2008-04-29 12:00:00,2008-04-30 00:00:00
6492,2008117N11090,2008-04-28 03:00:00,2008-04-29 03:00:00,2008-04-29 09:00:00,2008-04-29 15:00:00,2008-04-30 03:00:00
6493,2008117N11090,2008-04-28 06:00:00,2008-04-29 06:00:00,2008-04-29 12:00:00,2008-04-29 18:00:00,2008-04-30 06:00:00
6494,2008117N11090,2008-04-28 09:00:00,2008-04-29 09:00:00,2008-04-29 15:00:00,2008-04-29 21:00:00,2008-04-30 09:00:00
6495,2008117N11090,2008-04-28 12:00:00,2008-04-29 12:00:00,2008-04-29 18:00:00,2008-04-30 00:00:00,2008-04-30 12:00:00
6496,2008117N11090,2008-04-28 15:00:00,2008-04-29 15:00:00,2008-04-29 21:00:00,2008-04-30 03:00:00,2008-04-30 15:00:00
6497,2008117N11090,2008-04-28 18:00:00,2008-04-29 18:00:00,2008-04-30 00:00:00,2008-04-30 06:00:00,2008-04-30 18:00:00
6498,2008117N11090,2008-04-28 21:00:00,2008-04-29 21:00:00,2008-04-30 03:00:00,2008-04-30 09:00:00,2008-04-30 21:00:00
6499,2008117N11090,2008-04-29 00:00:00,2008-04-30 00:00:00,2008-04-30 06:00:00,2008-04-30 12:00:00,2008-05-01 00:00:00
6500,2008117N11090,2008-04-29 03:00:00,2008-04-30 03:00:00,2008-04-30 09:00:00,2008-04-30 15:00:00,2008-05-01 03:00:00
6501,2008117N11090,2008-04-29 06:00:00,2008-04-30 06:00:00,2008-04-30 12:00:00,2008-04-30 18:00:00,2008-05-01 06:00:00
6502,2008117N11090,2008-04-29 09:00:00,2008-04-30 09:00:00,2008-04-30 15:00:00,2008-04-30 21:00:00,2008-05-01 09:00:00
6503,2008117N11090,2008-04-29 12:00:00,2008-04-30 12:00:00,2008-04-30 18:00:00,2008-05-01 00:00:00,2008-05-01 12:00:00
6504,2008117N11090,2008-04-29 15:00:00,2008-04-30 15:00:00,2008-04-30 21:00:00,2008-05-01 03:00:00,2008-05-01 15:00:00
6505,2008117N11090,2008-04-29 18:00:00,2008-04-30 18:00:00,2008-05-01 00:00:00,2008-05-01 06:00:00,2008-05-01 18:00:00
6506,2008117N11090,2008-04-29 21:00:00,2008-04-30 21:00:00,2008-05-01 03:00:00,2008-05-01 09:00:00,2008-05-01 21:00:00
6507,2008117N11090,2008-04-30 00:00:00,2008-05-01 00:00:00,2008-05-01 06:00:00,2008-05-01 12:00:00,2008-05-02 00:00:00
6508,2008117N11090,2008-04-30 03:00:00,2008-05-01 03:00:00,2008-05-01 09:00:00,2008-05-01 15:00:00,2008-05-02 03:00:00
6509,2008117N11090,2008-04-30 06:00:00,2008-05-01 06:00:00,2008-05-01 12:00:00,2008-05-01 18:00:00,2008-05-02 06:00:00
6510,2008117N11090,2008-04-30 09:00:00,2008-05-01 09:00:00,2008-05-01 15:00:00,2008-05-01 21:00:00,2008-05-02 09:00:00
6511,2008117N11090,2008-04-30 12:00:00,2008-05-01 12:00:00,2008-05-01 18:00:00,2008-05-02 00:00:00,2008-05-02 12:00:00
6512,2008117N11090,2008-04-30 15:00:00,2008-05-01 15:00:00,2008-05-01 21:00:00,2008-05-02 03:00:00,2008-05-02 15:00:00
6513,2008117N11090,2008-04-30 18:00:00,2008-05-01 18:00:00,2008-05-02 00:00:00,2008-05-02 06:00:00,2008-05-02 18:00:00
6514,2008117N11090,2008-04-30 21:00:00,2008-05-01 21:00:00,2008-05-02 03:00:00,2008-05-02 09:00:00,2008-05-02 21:00:00
6515,2008117N11090,2008-05-01 00:00:00,2008-05-02 00:00:00,2008-05-02 06:00:00,2008-05-02 12:00:00,2008-05-03 00:00:00
6516,2008117N11090,2008-05-01 03:00:00,2008-05-02 03:00:00,2008-05-02 09:00:00,2008-05-02 15:00:00,2008-05-03 03:00:00
6517,2008117N11090,2008-05-01 06:00:00,2008-05-02 06:00:00,2008-05-02 12:00:00,2008-05-02 18:00:00,2008-05-03 06:00:00
6518,2008117N11090,2008-05-01 09:00:00,2008-05-02 09:00:00,2008-05-02 15:00:00,2008-05-02 21:00:00,2008-05-03 09:00:00
6519,2008117N11090,2008-05-01 12:00:00,2008-05-02 12:00:00,2008-05-02 18:00:00,2008-05-03 00:00:00,2008-05-03 12:00:00
6520,2008117N11090,2008-05-01 15:00:00,2008-05-02 15:00:00,2008-05-02 21:00:00,2008-05-03 03:00:00,2008-05-03 15:00:00
6521,2008117N11090,2008-05-01 18:00:00,2008-05-02 18:00:00,2008-05-03 00:00:00,2008-05-03 06:00:00,2008-05-03 18:00:00
6522,2008117N11090,2008-05-01 21:00:00,2008-05-02 21:00:00,2008-05-03 03:00:00,2008-05-03 09:00:00,2008-05-03 21:00:00
6523,2008117N11090,2008-05-02 00:00:00,2008-05-03 00:00:00,2008-05-03 06:00:00,2008-05-03 12:00:00,2008-05-04 00:00:00
6524,2008168N22090,2008-06-16 03:00:00,2008-06-17 03:00:00,2008-06-17 09:00:00,2008-06-17 15:00:00,2008-06-18 03:00:00
6525,2008259N20089,2008-09-15 06:00:00,2008-09-16 06:00:00,2008-09-16 12:00:00,2008-09-16 18:00:00,2008-09-17 06:00:00
6526,2008259N20089,2008-09-15 09:00:00,2008-09-16 09:00:00,2008-09-16 15:00:00,2008-09-16 21:00:00,2008-09-17 09:00:00
6527,2008259N20089,2008-09-15 12:00:00,2008-09-16 12:00:00,2008-09-16 18:00:00,2008-09-17 00:00:00,2008-09-17 12:00:00
6528,2008259N20089,2008-09-15 15:00:00,2008-09-16 15:00:00,2008-09-16 21:00:00,2008-09-17 03:00:00,2008-09-17 15:00:00
6529,2008259N20089,2008-09-15 18:00:00,2008-09-16 18:00:00,2008-09-17 00:00:00,2008-09-17 06:00:00,2008-09-17 18:00:00
6530,2008259N20089,2008-09-15 21:00:00,2008-09-16 21:00:00,2008-09-17 03:00:00,2008-09-17 09:00:00,2008-09-17 21:00:00
6531,2008259N20089,2008-09-16 00:00:00,2008-09-17 00:00:00,2008-09-17 06:00:00,2008-09-17 12:00:00,2008-09-18 00:00:00
6532,2008259N20089,2008-09-16 03:00:00,2008-09-17 03:00:00,2008-09-17 09:00:00,2008-09-17 15:00:00,2008-09-18 03:00:00
6533,2008259N20089,2008-09-16 06:00:00,2008-09-17 06:00:00,2008-09-17 12:00:00,2008-09-17 18:00:00,2008-09-18 06:00:00
6534,2008259N20089,2008-09-16 09:00:00,2008-09-17 09:00:00,2008-09-17 15:00:00,2008-09-17 21:00:00,2008-09-18 09:00:00
6535,2008259N20089,2008-09-16 12:00:00,2008-09-17 12:00:00,2008-09-17 18:00:00,2008-09-18 00:00:00,2008-09-18 12:00:00
6536,2008259N20089,2008-09-16 15:00:00,2008-09-17 15:00:00,2008-09-17 21:00:00,2008-09-18 03:00:00,2008-09-18 15:00:00
6537,2008259N20089,2008-09-16 18:00:00,2008-09-17 18:00:00,2008-09-18 00:00:00,2008-09-18 06:00:00,2008-09-18 18:00:00
6538,2008259N20089,2008-09-16 21:00:00,2008-09-17 21:00:00,2008-09-18 03:00:00,2008-09-18 09:00:00,2008-09-18 21:00:00
6539,2008259N20089,2008-09-17 00:00:00,2008-09-18 00:00:00,2008-09-18 06:00:00,2008-09-18 12:00:00,2008-09-19 00:00:00
6540,2008259N20089,2008-09-17 03:00:00,2008-09-18 03:00:00,2008-09-18 09:00:00,2008-09-18 15:00:00,2008-09-19 03:00:00
6541,2008259N20089,2008-09-17 06:00:00,2008-09-18 06:00:00,2008-09-18 12:00:00,2008-09-18 18:00:00,2008-09-19 06:00:00
6542,2008259N20089,2008-09-17 09:00:00,2008-09-18 09:00:00,2008-09-18 15:00:00,2008-09-18 21:00:00,2008-09-19 09:00:00
6543,2008293N09060,2008-10-20 06:00:00,2008-10-21 06:00:00,2008-10-21 12:00:00,2008-10-21 18:00:00,2008-10-22 06:00:00
6544,2008293N09060,2008-10-20 09:00:00,2008-10-21 09:00:00,2008-10-21 15:00:00,2008-10-21 21:00:00,2008-10-22 09:00:00
6545,2008293N09060,2008-10-20 12:00:00,2008-10-21 12:00:00,2008-10-21 18:00:00,2008-10-22 00:00:00,2008-10-22 12:00:00
6546,2008293N09060,2008-10-20 15:00:00,2008-10-21 15:00:00,2008-10-21 21:00:00,2008-10-22 03:00:00,2008-10-22 15:00:00
6547,2008293N09060,2008-10-20 18:00:00,2008-10-21 18:00:00,2008-10-22 00:00:00,2008-10-22 06:00:00,2008-10-22 18:00:00
6548,2008293N09060,2008-10-20 21:00:00,2008-10-21 21:00:00,2008-10-22 03:00:00,2008-10-22 09:00:00,2008-10-22 21:00:00
6549,2008293N09060,2008-10-21 00:00:00,2008-10-22 00:00:00,2008-10-22 06:00:00,2008-10-22 12:00:00,2008-10-23 00:00:00
6550,2008293N09060,2008-10-21 03:00:00,2008-10-22 03:00:00,2008-10-22 09:00:00,2008-10-22 15:00:00,2008-10-23 03:00:00
6551,2008293N09060,2008-10-21 06:00:00,2008-10-22 06:00:00,2008-10-22 12:00:00,2008-10-22 18:00:00,2008-10-23 06:00:00
6552,2008293N09060,2008-10-21 09:00:00,2008-10-22 09:00:00,2008-10-22 15:00:00,2008-10-22 21:00:00,2008-10-23 09:00:00
6553,2008293N09060,2008-10-21 12:00:00,2008-10-22 12:00:00,2008-10-22 18:00:00,2008-10-23 00:00:00,2008-10-23 12:00:00
6554,2008293N09060,2008-10-21 15:00:00,2008-10-22 15:00:00,2008-10-22 21:00:00,2008-10-23 03:00:00,2008-10-23 15:00:00
6555,2008293N09060,2008-10-21 18:00:00,2008-10-22 18:00:00,2008-10-23 00:00:00,2008-10-23 06:00:00,2008-10-23 18:00:00
6556,2008298N16085,2008-10-24 06:00:00,2008-10-25 06:00:00,2008-10-25 12:00:00,2008-10-25 18:00:00,2008-10-26 06:00:00
6557,2008298N16085,2008-10-24 09:00:00,2008-10-25 09:00:00,2008-10-25 15:00:00,2008-10-25 21:00:00,2008-10-26 09:00:00
6558,2008298N16085,2008-10-24 12:00:00,2008-10-25 12:00:00,2008-10-25 18:00:00,2008-10-26 00:00:00,2008-10-26 12:00:00
6559,2008298N16085,2008-10-24 15:00:00,2008-10-25 15:00:00,2008-10-25 21:00:00,2008-10-26 03:00:00,2008-10-26 15:00:00
6560,2008298N16085,2008-10-24 18:00:00,2008-10-25 18:00:00,2008-10-26 00:00:00,2008-10-26 06:00:00,2008-10-26 18:00:00
6561,2008298N16085,2008-10-24 21:00:00,2008-10-25 21:00:00,2008-10-26 03:00:00,2008-10-26 09:00:00,2008-10-26 21:00:00
6562,2008298N16085,2008-10-25 00:00:00,2008-10-26 00:00:00,2008-10-26 06:00:00,2008-10-26 12:00:00,2008-10-27 00:00:00
6563,2008298N16085,2008-10-25 03:00:00,2008-10-26 03:00:00,2008-10-26 09:00:00,2008-10-26 15:00:00,2008-10-27 03:00:00
6564,2008298N16085,2008-10-25 06:00:00,2008-10-26 06:00:00,2008-10-26 12:00:00,2008-10-26 18:00:00,2008-10-27 06:00:00
6565,2008317N11089,2008-11-11 18:00:00,2008-11-12 18:00:00,2008-11-13 00:00:00,2008-11-13 06:00:00,2008-11-13 18:00:00
6566,2008317N11089,2008-11-11 21:00:00,2008-11-12 21:00:00,2008-11-13 03:00:00,2008-11-13 09:00:00,2008-11-13 21:00:00
6567,2008317N11089,2008-11-12 00:00:00,2008-11-13 00:00:00,2008-11-13 06:00:00,2008-11-13 12:00:00,2008-11-14 00:00:00
6568,2008317N11089,2008-11-12 03:00:00,2008-11-13 03:00:00,2008-11-13 09:00:00,2008-11-13 15:00:00,2008-11-14 03:00:00
6569,2008317N11089,2008-11-12 06:00:00,2008-11-13 06:00:00,2008-11-13 12:00:00,2008-11-13 18:00:00,2008-11-14 06:00:00
6570,2008317N11089,2008-11-12 09:00:00,2008-11-13 09:00:00,2008-11-13 15:00:00,2008-11-13 21:00:00,2008-11-14 09:00:00
6571,2008317N11089,2008-11-12 12:00:00,2008-11-13 12:00:00,2008-11-13 18:00:00,2008-11-14 00:00:00,2008-11-14 12:00:00
6572,2008317N11089,2008-11-12 15:00:00,2008-11-13 15:00:00,2008-11-13 21:00:00,2008-11-14 03:00:00,2008-11-14 15:00:00
6573,2008317N11089,2008-11-12 18:00:00,2008-11-13 18:00:00,2008-11-14 00:00:00,2008-11-14 06:00:00,2008-11-14 18:00:00
6574,2008317N11089,2008-11-12 21:00:00,2008-11-13 21:00:00,2008-11-14 03:00:00,2008-11-14 09:00:00,2008-11-14 21:00:00
6575,2008317N11089,2008-11-13 00:00:00,2008-11-14 00:00:00,2008-11-14 06:00:00,2008-11-14 12:00:00,2008-11-15 00:00:00
6576,2008317N11089,2008-11-13 03:00:00,2008-11-14 03:00:00,2008-11-14 09:00:00,2008-11-14 15:00:00,2008-11-15 03:00:00
6577,2008317N11089,2008-11-13 06:00:00,2008-11-14 06:00:00,2008-11-14 12:00:00,2008-11-14 18:00:00,2008-11-15 06:00:00
6578,2008317N11089,2008-11-13 09:00:00,2008-11-14 09:00:00,2008-11-14 15:00:00,2008-11-14 21:00:00,2008-11-15 09:00:00
6579,2008317N11089,2008-11-13 12:00:00,2008-11-14 12:00:00,2008-11-14 18:00:00,2008-11-15 00:00:00,2008-11-15 12:00:00
6580,2008317N11089,2008-11-13 15:00:00,2008-11-14 15:00:00,2008-11-14 21:00:00,2008-11-15 03:00:00,2008-11-15 15:00:00
6581,2008317N11089,2008-11-13 18:00:00,2008-11-14 18:00:00,2008-11-15 00:00:00,2008-11-15 06:00:00,2008-11-15 18:00:00
6582,2008317N11089,2008-11-13 21:00:00,2008-11-14 21:00:00,2008-11-15 03:00:00,2008-11-15 09:00:00,2008-11-15 21:00:00
6583,2008317N11089,2008-11-14 00:00:00,2008-11-15 00:00:00,2008-11-15 06:00:00,2008-11-15 12:00:00,2008-11-16 00:00:00
6584,2008317N11089,2008-11-14 03:00:00,2008-11-15 03:00:00,2008-11-15 09:00:00,2008-11-15 15:00:00,2008-11-16 03:00:00
6585,2008317N11089,2008-11-14 06:00:00,2008-11-15 06:00:00,2008-11-15 12:00:00,2008-11-15 18:00:00,2008-11-16 06:00:00
6586,2008329N09082,2008-11-24 06:00:00,2008-11-25 06:00:00,2008-11-25 12:00:00,2008-11-25 18:00:00,2008-11-26 06:00:00
6587,2008329N09082,2008-11-24 09:00:00,2008-11-25 09:00:00,2008-11-25 15:00:00,2008-11-25 21:00:00,2008-11-26 09:00:00
6588,2008329N09082,2008-11-24 12:00:00,2008-11-25 12:00:00,2008-11-25 18:00:00,2008-11-26 00:00:00,2008-11-26 12:00:00
6589,2008329N09082,2008-11-24 15:00:00,2008-11-25 15:00:00,2008-11-25 21:00:00,2008-11-26 03:00:00,2008-11-26 15:00:00
6590,2008329N09082,2008-11-24 18:00:00,2008-11-25 18:00:00,2008-11-26 00:00:00,2008-11-26 06:00:00,2008-11-26 18:00:00
6591,2008329N09082,2008-11-24 21:00:00,2008-11-25 21:00:00,2008-11-26 03:00:00,2008-11-26 09:00:00,2008-11-26 21:00:00
6592,2008329N09082,2008-11-25 00:00:00,2008-11-26 00:00:00,2008-11-26 06:00:00,2008-11-26 12:00:00,2008-11-27 00:00:00
6593,2008329N09082,2008-11-25 03:00:00,2008-11-26 03:00:00,2008-11-26 09:00:00,2008-11-26 15:00:00,2008-11-27 03:00:00
6594,2008329N09082,2008-11-25 06:00:00,2008-11-26 06:00:00,2008-11-26 12:00:00,2008-11-26 18:00:00,2008-11-27 06:00:00
6595,2008329N09082,2008-11-25 09:00:00,2008-11-26 09:00:00,2008-11-26 15:00:00,2008-11-26 21:00:00,2008-11-27 09:00:00
6596,2008329N09082,2008-11-25 12:00:00,2008-11-26 12:00:00,2008-11-26 18:00:00,2008-11-27 00:00:00,2008-11-27 12:00:00
6597,2008329N09082,2008-11-25 15:00:00,2008-11-26 15:00:00,2008-11-26 21:00:00,2008-11-27 03:00:00,2008-11-27 15:00:00
6598,2008329N09082,2008-11-25 18:00:00,2008-11-26 18:00:00,2008-11-27 00:00:00,2008-11-27 06:00:00,2008-11-27 18:00:00
6599,2008329N09082,2008-11-25 21:00:00,2008-11-26 21:00:00,2008-11-27 03:00:00,2008-11-27 09:00:00,2008-11-27 21:00:00
6600,2008329N09082,2008-11-26 00:00:00,2008-11-27 00:00:00,2008-11-27 06:00:00,2008-11-27 12:00:00,2008-11-28 00:00:00
6601,2008338N06092,2008-12-03 00:00:00,2008-12-04 00:00:00,2008-12-04 06:00:00,2008-12-04 12:00:00,2008-12-05 00:00:00
6602,2008338N06092,2008-12-03 03:00:00,2008-12-04 03:00:00,2008-12-04 09:00:00,2008-12-04 15:00:00,2008-12-05 03:00:00
6603,2008338N06092,2008-12-03 06:00:00,2008-12-04 06:00:00,2008-12-04 12:00:00,2008-12-04 18:00:00,2008-12-05 06:00:00
6604,2008338N06092,2008-12-03 09:00:00,2008-12-04 09:00:00,2008-12-04 15:00:00,2008-12-04 21:00:00,2008-12-05 09:00:00
6605,2008338N06092,2008-12-03 12:00:00,2008-12-04 12:00:00,2008-12-04 18:00:00,2008-12-05 00:00:00,2008-12-05 12:00:00
6606,2008338N06092,2008-12-03 15:00:00,2008-12-04 15:00:00,2008-12-04 21:00:00,2008-12-05 03:00:00,2008-12-05 15:00:00
6607,2008338N06092,2008-12-03 18:00:00,2008-12-04 18:00:00,2008-12-05 00:00:00,2008-12-05 06:00:00,2008-12-05 18:00:00
6608,2008338N06092,2008-12-03 21:00:00,2008-12-04 21:00:00,2008-12-05 03:00:00,2008-12-05 09:00:00,2008-12-05 21:00:00
6609,2008338N06092,2008-12-04 00:00:00,2008-12-05 00:00:00,2008-12-05 06:00:00,2008-12-05 12:00:00,2008-12-06 00:00:00
6610,2008338N06092,2008-12-04 03:00:00,2008-12-05 03:00:00,2008-12-05 09:00:00,2008-12-05 15:00:00,2008-12-06 03:00:00
6611,2008338N06092,2008-12-04 06:00:00,2008-12-05 06:00:00,2008-12-05 12:00:00,2008-12-05 18:00:00,2008-12-06 06:00:00
6612,2008338N06092,2008-12-04 09:00:00,2008-12-05 09:00:00,2008-12-05 15:00:00,2008-12-05 21:00:00,2008-12-06 09:00:00
6613,2008338N06092,2008-12-04 12:00:00,2008-12-05 12:00:00,2008-12-05 18:00:00,2008-12-06 00:00:00,2008-12-06 12:00:00
6614,2008338N06092,2008-12-04 15:00:00,2008-12-05 15:00:00,2008-12-05 21:00:00,2008-12-06 03:00:00,2008-12-06 15:00:00
6615,2008338N06092,2008-12-04 18:00:00,2008-12-05 18:00:00,2008-12-06 00:00:00,2008-12-06 06:00:00,2008-12-06 18:00:00
6616,2008338N06092,2008-12-04 21:00:00,2008-12-05 21:00:00,2008-12-06 03:00:00,2008-12-06 09:00:00,2008-12-06 21:00:00
6617,2008338N06092,2008-12-05 00:00:00,2008-12-06 00:00:00,2008-12-06 06:00:00,2008-12-06 12:00:00,2008-12-07 00:00:00
6618,2008338N06092,2008-12-05 03:00:00,2008-12-06 03:00:00,2008-12-06 09:00:00,2008-12-06 15:00:00,2008-12-07 03:00:00
6619,2008338N06092,2008-12-05 06:00:00,2008-12-06 06:00:00,2008-12-06 12:00:00,2008-12-06 18:00:00,2008-12-07 06:00:00
6620,2008338N06092,2008-12-05 09:00:00,2008-12-06 09:00:00,2008-12-06 15:00:00,2008-12-06 21:00:00,2008-12-07 09:00:00
6621,2008338N06092,2008-12-05 12:00:00,2008-12-06 12:00:00,2008-12-06 18:00:00,2008-12-07 00:00:00,2008-12-07 12:00:00
6622,2008338N06092,2008-12-05 15:00:00,2008-12-06 15:00:00,2008-12-06 21:00:00,2008-12-07 03:00:00,2008-12-07 15:00:00
6623,2008338N06092,2008-12-05 18:00:00,2008-12-06 18:00:00,2008-12-07 00:00:00,2008-12-07 06:00:00,2008-12-07 18:00:00
6624,2008338N06092,2008-12-05 21:00:00,2008-12-06 21:00:00,2008-12-07 03:00:00,2008-12-07 09:00:00,2008-12-07 21:00:00
6625,2008338N06092,2008-12-06 00:00:00,2008-12-07 00:00:00,2008-12-07 06:00:00,2008-12-07 12:00:00,2008-12-08 00:00:00
6626,2008338N06092,2008-12-06 03:00:00,2008-12-07 03:00:00,2008-12-07 09:00:00,2008-12-07 15:00:00,2008-12-08 03:00:00
6627,2008338N06092,2008-12-06 06:00:00,2008-12-07 06:00:00,2008-12-07 12:00:00,2008-12-07 18:00:00,2008-12-08 06:00:00
6628,2008338N06092,2008-12-06 09:00:00,2008-12-07 09:00:00,2008-12-07 15:00:00,2008-12-07 21:00:00,2008-12-08 09:00:00
6629,2008338N06092,2008-12-06 12:00:00,2008-12-07 12:00:00,2008-12-07 18:00:00,2008-12-08 00:00:00,2008-12-08 12:00:00
6630,2008338N06092,2008-12-06 15:00:00,2008-12-07 15:00:00,2008-12-07 21:00:00,2008-12-08 03:00:00,2008-12-08 15:00:00
6631,2008338N06092,2008-12-06 18:00:00,2008-12-07 18:00:00,2008-12-08 00:00:00,2008-12-08 06:00:00,2008-12-08 18:00:00
6632,2008338N06092,2008-12-06 21:00:00,2008-12-07 21:00:00,2008-12-08 03:00:00,2008-12-08 09:00:00,2008-12-08 21:00:00
6633,2008338N06092,2008-12-07 00:00:00,2008-12-08 00:00:00,2008-12-08 06:00:00,2008-12-08 12:00:00,2008-12-09 00:00:00
6634,2008338N06092,2008-12-07 03:00:00,2008-12-08 03:00:00,2008-12-08 09:00:00,2008-12-08 15:00:00,2008-12-09 03:00:00
6635,2008338N06092,2008-12-07 06:00:00,2008-12-08 06:00:00,2008-12-08 12:00:00,2008-12-08 18:00:00,2008-12-09 06:00:00
6636,2008338N06092,2008-12-07 09:00:00,2008-12-08 09:00:00,2008-12-08 15:00:00,2008-12-08 21:00:00,2008-12-09 09:00:00
6637,2008338N06092,2008-12-07 12:00:00,2008-12-08 12:00:00,2008-12-08 18:00:00,2008-12-09 00:00:00,2008-12-09 12:00:00
6638,2008338N06092,2008-12-07 15:00:00,2008-12-08 15:00:00,2008-12-08 21:00:00,2008-12-09 03:00:00,2008-12-09 15:00:00
6639,2008338N06092,2008-12-07 18:00:00,2008-12-08 18:00:00,2008-12-09 00:00:00,2008-12-09 06:00:00,2008-12-09 18:00:00
6640,2009104N13088,2009-04-14 00:00:00,2009-04-15 00:00:00,2009-04-15 06:00:00,2009-04-15 12:00:00,2009-04-16 00:00:00
6641,2009104N13088,2009-04-14 03:00:00,2009-04-15 03:00:00,2009-04-15 09:00:00,2009-04-15 15:00:00,2009-04-16 03:00:00
6642,2009104N13088,2009-04-14 06:00:00,2009-04-15 06:00:00,2009-04-15 12:00:00,2009-04-15 18:00:00,2009-04-16 06:00:00
6643,2009104N13088,2009-04-14 09:00:00,2009-04-15 09:00:00,2009-04-15 15:00:00,2009-04-15 21:00:00,2009-04-16 09:00:00
6644,2009104N13088,2009-04-14 12:00:00,2009-04-15 12:00:00,2009-04-15 18:00:00,2009-04-16 00:00:00,2009-04-16 12:00:00
6645,2009104N13088,2009-04-14 15:00:00,2009-04-15 15:00:00,2009-04-15 21:00:00,2009-04-16 03:00:00,2009-04-16 15:00:00
6646,2009104N13088,2009-04-14 18:00:00,2009-04-15 18:00:00,2009-04-16 00:00:00,2009-04-16 06:00:00,2009-04-16 18:00:00
6647,2009104N13088,2009-04-14 21:00:00,2009-04-15 21:00:00,2009-04-16 03:00:00,2009-04-16 09:00:00,2009-04-16 21:00:00
6648,2009104N13088,2009-04-15 00:00:00,2009-04-16 00:00:00,2009-04-16 06:00:00,2009-04-16 12:00:00,2009-04-17 00:00:00
6649,2009104N13088,2009-04-15 03:00:00,2009-04-16 03:00:00,2009-04-16 09:00:00,2009-04-16 15:00:00,2009-04-17 03:00:00
6650,2009104N13088,2009-04-15 06:00:00,2009-04-16 06:00:00,2009-04-16 12:00:00,2009-04-16 18:00:00,2009-04-17 06:00:00
6651,2009104N13088,2009-04-15 09:00:00,2009-04-16 09:00:00,2009-04-16 15:00:00,2009-04-16 21:00:00,2009-04-17 09:00:00
6652,2009104N13088,2009-04-15 12:00:00,2009-04-16 12:00:00,2009-04-16 18:00:00,2009-04-17 00:00:00,2009-04-17 12:00:00
6653,2009104N13088,2009-04-15 15:00:00,2009-04-16 15:00:00,2009-04-16 21:00:00,2009-04-17 03:00:00,2009-04-17 15:00:00
6654,2009104N13088,2009-04-15 18:00:00,2009-04-16 18:00:00,2009-04-17 00:00:00,2009-04-17 06:00:00,2009-04-17 18:00:00
6655,2009104N13088,2009-04-15 21:00:00,2009-04-16 21:00:00,2009-04-17 03:00:00,2009-04-17 09:00:00,2009-04-17 21:00:00
6656,2009104N13088,2009-04-16 00:00:00,2009-04-17 00:00:00,2009-04-17 06:00:00,2009-04-17 12:00:00,2009-04-18 00:00:00
6657,2009143N17089,2009-05-22 18:00:00,2009-05-23 18:00:00,2009-05-24 00:00:00,2009-05-24 06:00:00,2009-05-24 18:00:00
6658,2009143N17089,2009-05-22 21:00:00,2009-05-23 21:00:00,2009-05-24 03:00:00,2009-05-24 09:00:00,2009-05-24 21:00:00
6659,2009143N17089,2009-05-23 00:00:00,2009-05-24 00:00:00,2009-05-24 06:00:00,2009-05-24 12:00:00,2009-05-25 00:00:00
6660,2009143N17089,2009-05-23 03:00:00,2009-05-24 03:00:00,2009-05-24 09:00:00,2009-05-24 15:00:00,2009-05-25 03:00:00
6661,2009143N17089,2009-05-23 06:00:00,2009-05-24 06:00:00,2009-05-24 12:00:00,2009-05-24 18:00:00,2009-05-25 06:00:00
6662,2009143N17089,2009-05-23 09:00:00,2009-05-24 09:00:00,2009-05-24 15:00:00,2009-05-24 21:00:00,2009-05-25 09:00:00
6663,2009143N17089,2009-05-23 12:00:00,2009-05-24 12:00:00,2009-05-24 18:00:00,2009-05-25 00:00:00,2009-05-25 12:00:00
6664,2009143N17089,2009-05-23 15:00:00,2009-05-24 15:00:00,2009-05-24 21:00:00,2009-05-25 03:00:00,2009-05-25 15:00:00
6665,2009143N17089,2009-05-23 18:00:00,2009-05-24 18:00:00,2009-05-25 00:00:00,2009-05-25 06:00:00,2009-05-25 18:00:00
6666,2009143N17089,2009-05-23 21:00:00,2009-05-24 21:00:00,2009-05-25 03:00:00,2009-05-25 09:00:00,2009-05-25 21:00:00
6667,2009143N17089,2009-05-24 00:00:00,2009-05-25 00:00:00,2009-05-25 06:00:00,2009-05-25 12:00:00,2009-05-26 00:00:00
6668,2009143N17089,2009-05-24 03:00:00,2009-05-25 03:00:00,2009-05-25 09:00:00,2009-05-25 15:00:00,2009-05-26 03:00:00
6669,2009247N19089,2009-09-03 18:00:00,2009-09-04 18:00:00,2009-09-05 00:00:00,2009-09-05 06:00:00,2009-09-05 18:00:00
6670,2009247N19089,2009-09-03 21:00:00,2009-09-04 21:00:00,2009-09-05 03:00:00,2009-09-05 09:00:00,2009-09-05 21:00:00
6671,2009247N19089,2009-09-04 00:00:00,2009-09-05 00:00:00,2009-09-05 06:00:00,2009-09-05 12:00:00,2009-09-06 00:00:00
6672,2009247N19089,2009-09-04 03:00:00,2009-09-05 03:00:00,2009-09-05 09:00:00,2009-09-05 15:00:00,2009-09-06 03:00:00
6673,2009247N19089,2009-09-04 06:00:00,2009-09-05 06:00:00,2009-09-05 12:00:00,2009-09-05 18:00:00,2009-09-06 06:00:00
6674,2009247N19089,2009-09-04 09:00:00,2009-09-05 09:00:00,2009-09-05 15:00:00,2009-09-05 21:00:00,2009-09-06 09:00:00
6675,2009313N11072,2009-11-09 12:00:00,2009-11-10 12:00:00,2009-11-10 18:00:00,2009-11-11 00:00:00,2009-11-11 12:00:00
6676,2009344N06085,2009-12-11 00:00:00,2009-12-12 00:00:00,2009-12-12 06:00:00,2009-12-12 12:00:00,2009-12-13 00:00:00
6677,2009344N06085,2009-12-11 03:00:00,2009-12-12 03:00:00,2009-12-12 09:00:00,2009-12-12 15:00:00,2009-12-13 03:00:00
6678,2009344N06085,2009-12-11 06:00:00,2009-12-12 06:00:00,2009-12-12 12:00:00,2009-12-12 18:00:00,2009-12-13 06:00:00
6679,2009344N06085,2009-12-11 09:00:00,2009-12-12 09:00:00,2009-12-12 15:00:00,2009-12-12 21:00:00,2009-12-13 09:00:00
6680,2009344N06085,2009-12-11 12:00:00,2009-12-12 12:00:00,2009-12-12 18:00:00,2009-12-13 00:00:00,2009-12-13 12:00:00
6681,2009344N06085,2009-12-11 15:00:00,2009-12-12 15:00:00,2009-12-12 21:00:00,2009-12-13 03:00:00,2009-12-13 15:00:00
6682,2009344N06085,2009-12-11 18:00:00,2009-12-12 18:00:00,2009-12-13 00:00:00,2009-12-13 06:00:00,2009-12-13 18:00:00
6683,2009344N06085,2009-12-11 21:00:00,2009-12-12 21:00:00,2009-12-13 03:00:00,2009-12-13 09:00:00,2009-12-13 21:00:00
6684,2009344N06085,2009-12-12 00:00:00,2009-12-13 00:00:00,2009-12-13 06:00:00,2009-12-13 12:00:00,2009-12-14 00:00:00
6685,2009344N06085,2009-12-12 03:00:00,2009-12-13 03:00:00,2009-12-13 09:00:00,2009-12-13 15:00:00,2009-12-14 03:00:00
6686,2009344N06085,2009-12-12 06:00:00,2009-12-13 06:00:00,2009-12-13 12:00:00,2009-12-13 18:00:00,2009-12-14 06:00:00
6687,2009344N06085,2009-12-12 09:00:00,2009-12-13 09:00:00,2009-12-13 15:00:00,2009-12-13 21:00:00,2009-12-14 09:00:00
6688,2010136N09057,2010-05-15 12:00:00,2010-05-16 12:00:00,2010-05-16 18:00:00,2010-05-17 00:00:00,2010-05-17 12:00:00
6689,2010136N09057,2010-05-15 15:00:00,2010-05-16 15:00:00,2010-05-16 21:00:00,2010-05-17 03:00:00,2010-05-17 15:00:00
6690,2010136N09057,2010-05-15 18:00:00,2010-05-16 18:00:00,2010-05-17 00:00:00,2010-05-17 06:00:00,2010-05-17 18:00:00
6691,2010136N09057,2010-05-15 21:00:00,2010-05-16 21:00:00,2010-05-17 03:00:00,2010-05-17 09:00:00,2010-05-17 21:00:00
6692,2010136N09057,2010-05-16 00:00:00,2010-05-17 00:00:00,2010-05-17 06:00:00,2010-05-17 12:00:00,2010-05-18 00:00:00
6693,2010136N09057,2010-05-16 03:00:00,2010-05-17 03:00:00,2010-05-17 09:00:00,2010-05-17 15:00:00,2010-05-18 03:00:00
6694,2010136N09057,2010-05-16 06:00:00,2010-05-17 06:00:00,2010-05-17 12:00:00,2010-05-17 18:00:00,2010-05-18 06:00:00
6695,2010136N09057,2010-05-16 09:00:00,2010-05-17 09:00:00,2010-05-17 15:00:00,2010-05-17 21:00:00,2010-05-18 09:00:00
6696,2010136N09057,2010-05-16 12:00:00,2010-05-17 12:00:00,2010-05-17 18:00:00,2010-05-18 00:00:00,2010-05-18 12:00:00
6697,2010136N09057,2010-05-16 15:00:00,2010-05-17 15:00:00,2010-05-17 21:00:00,2010-05-18 03:00:00,2010-05-18 15:00:00
6698,2010136N09057,2010-05-16 18:00:00,2010-05-17 18:00:00,2010-05-18 00:00:00,2010-05-18 06:00:00,2010-05-18 18:00:00
6699,2010136N09057,2010-05-16 21:00:00,2010-05-17 21:00:00,2010-05-18 03:00:00,2010-05-18 09:00:00,2010-05-18 21:00:00
6700,2010136N09057,2010-05-17 00:00:00,2010-05-18 00:00:00,2010-05-18 06:00:00,2010-05-18 12:00:00,2010-05-19 00:00:00
6701,2010136N09057,2010-05-17 03:00:00,2010-05-18 03:00:00,2010-05-18 09:00:00,2010-05-18 15:00:00,2010-05-19 03:00:00
6702,2010136N09057,2010-05-17 06:00:00,2010-05-18 06:00:00,2010-05-18 12:00:00,2010-05-18 18:00:00,2010-05-19 06:00:00
6703,2010136N09057,2010-05-17 09:00:00,2010-05-18 09:00:00,2010-05-18 15:00:00,2010-05-18 21:00:00,2010-05-19 09:00:00
6704,2010136N09057,2010-05-17 12:00:00,2010-05-18 12:00:00,2010-05-18 18:00:00,2010-05-19 00:00:00,2010-05-19 12:00:00
6705,2010136N09057,2010-05-17 15:00:00,2010-05-18 15:00:00,2010-05-18 21:00:00,2010-05-19 03:00:00,2010-05-19 15:00:00
6706,2010136N09057,2010-05-17 18:00:00,2010-05-18 18:00:00,2010-05-19 00:00:00,2010-05-19 06:00:00,2010-05-19 18:00:00
6707,2010136N09057,2010-05-17 21:00:00,2010-05-18 21:00:00,2010-05-19 03:00:00,2010-05-19 09:00:00,2010-05-19 21:00:00
6708,2010136N09057,2010-05-18 00:00:00,2010-05-19 00:00:00,2010-05-19 06:00:00,2010-05-19 12:00:00,2010-05-20 00:00:00
6709,2010136N09057,2010-05-18 03:00:00,2010-05-19 03:00:00,2010-05-19 09:00:00,2010-05-19 15:00:00,2010-05-20 03:00:00
6710,2010136N09057,2010-05-18 06:00:00,2010-05-19 06:00:00,2010-05-19 12:00:00,2010-05-19 18:00:00,2010-05-20 06:00:00
6711,2010136N09057,2010-05-18 09:00:00,2010-05-19 09:00:00,2010-05-19 15:00:00,2010-05-19 21:00:00,2010-05-20 09:00:00
6712,2010136N09057,2010-05-18 12:00:00,2010-05-19 12:00:00,2010-05-19 18:00:00,2010-05-20 00:00:00,2010-05-20 12:00:00
6713,2010136N09057,2010-05-18 15:00:00,2010-05-19 15:00:00,2010-05-19 21:00:00,2010-05-20 03:00:00,2010-05-20 15:00:00
6714,2010136N09057,2010-05-18 18:00:00,2010-05-19 18:00:00,2010-05-20 00:00:00,2010-05-20 06:00:00,2010-05-20 18:00:00
6715,2010136N09057,2010-05-18 21:00:00,2010-05-19 21:00:00,2010-05-20 03:00:00,2010-05-20 09:00:00,2010-05-20 21:00:00
6716,2010136N09057,2010-05-19 00:00:00,2010-05-20 00:00:00,2010-05-20 06:00:00,2010-05-20 12:00:00,2010-05-21 00:00:00
6717,2010136N09057,2010-05-19 03:00:00,2010-05-20 03:00:00,2010-05-20 09:00:00,2010-05-20 15:00:00,2010-05-21 03:00:00
6718,2010136N09057,2010-05-19 06:00:00,2010-05-20 06:00:00,2010-05-20 12:00:00,2010-05-20 18:00:00,2010-05-21 06:00:00
6719,2010136N09057,2010-05-19 09:00:00,2010-05-20 09:00:00,2010-05-20 15:00:00,2010-05-20 21:00:00,2010-05-21 09:00:00
6720,2010136N09057,2010-05-19 12:00:00,2010-05-20 12:00:00,2010-05-20 18:00:00,2010-05-21 00:00:00,2010-05-21 12:00:00
6721,2010136N09057,2010-05-19 15:00:00,2010-05-20 15:00:00,2010-05-20 21:00:00,2010-05-21 03:00:00,2010-05-21 15:00:00
6722,2010136N09057,2010-05-19 18:00:00,2010-05-20 18:00:00,2010-05-21 00:00:00,2010-05-21 06:00:00,2010-05-21 18:00:00
6723,2010136N09057,2010-05-19 21:00:00,2010-05-20 21:00:00,2010-05-21 03:00:00,2010-05-21 09:00:00,2010-05-21 21:00:00
6724,2010136N09057,2010-05-20 00:00:00,2010-05-21 00:00:00,2010-05-21 06:00:00,2010-05-21 12:00:00,2010-05-22 00:00:00
6725,2010136N09057,2010-05-20 03:00:00,2010-05-21 03:00:00,2010-05-21 09:00:00,2010-05-21 15:00:00,2010-05-22 03:00:00
6726,2010136N09057,2010-05-20 06:00:00,2010-05-21 06:00:00,2010-05-21 12:00:00,2010-05-21 18:00:00,2010-05-22 06:00:00
6727,2010136N09057,2010-05-20 09:00:00,2010-05-21 09:00:00,2010-05-21 15:00:00,2010-05-21 21:00:00,2010-05-22 09:00:00
6728,2010136N09057,2010-05-20 12:00:00,2010-05-21 12:00:00,2010-05-21 18:00:00,2010-05-22 00:00:00,2010-05-22 12:00:00
6729,2010136N09057,2010-05-20 15:00:00,2010-05-21 15:00:00,2010-05-21 21:00:00,2010-05-22 03:00:00,2010-05-22 15:00:00
6730,2010136N09057,2010-05-20 18:00:00,2010-05-21 18:00:00,2010-05-22 00:00:00,2010-05-22 06:00:00,2010-05-22 18:00:00
6731,2010137N10090,2010-05-16 18:00:00,2010-05-17 18:00:00,2010-05-18 00:00:00,2010-05-18 06:00:00,2010-05-18 18:00:00
6732,2010137N10090,2010-05-16 21:00:00,2010-05-17 21:00:00,2010-05-18 03:00:00,2010-05-18 09:00:00,2010-05-18 21:00:00
6733,2010137N10090,2010-05-17 00:00:00,2010-05-18 00:00:00,2010-05-18 06:00:00,2010-05-18 12:00:00,2010-05-19 00:00:00
6734,2010137N10090,2010-05-17 03:00:00,2010-05-18 03:00:00,2010-05-18 09:00:00,2010-05-18 15:00:00,2010-05-19 03:00:00
6735,2010137N10090,2010-05-17 06:00:00,2010-05-18 06:00:00,2010-05-18 12:00:00,2010-05-18 18:00:00,2010-05-19 06:00:00
6736,2010137N10090,2010-05-17 09:00:00,2010-05-18 09:00:00,2010-05-18 15:00:00,2010-05-18 21:00:00,2010-05-19 09:00:00
6737,2010137N10090,2010-05-17 12:00:00,2010-05-18 12:00:00,2010-05-18 18:00:00,2010-05-19 00:00:00,2010-05-19 12:00:00
6738,2010137N10090,2010-05-17 15:00:00,2010-05-18 15:00:00,2010-05-18 21:00:00,2010-05-19 03:00:00,2010-05-19 15:00:00
6739,2010137N10090,2010-05-17 18:00:00,2010-05-18 18:00:00,2010-05-19 00:00:00,2010-05-19 06:00:00,2010-05-19 18:00:00
6740,2010137N10090,2010-05-17 21:00:00,2010-05-18 21:00:00,2010-05-19 03:00:00,2010-05-19 09:00:00,2010-05-19 21:00:00
6741,2010137N10090,2010-05-18 00:00:00,2010-05-19 00:00:00,2010-05-19 06:00:00,2010-05-19 12:00:00,2010-05-20 00:00:00
6742,2010137N10090,2010-05-18 03:00:00,2010-05-19 03:00:00,2010-05-19 09:00:00,2010-05-19 15:00:00,2010-05-20 03:00:00
6743,2010137N10090,2010-05-18 06:00:00,2010-05-19 06:00:00,2010-05-19 12:00:00,2010-05-19 18:00:00,2010-05-20 06:00:00
6744,2010137N10090,2010-05-18 09:00:00,2010-05-19 09:00:00,2010-05-19 15:00:00,2010-05-19 21:00:00,2010-05-20 09:00:00
6745,2010137N10090,2010-05-18 12:00:00,2010-05-19 12:00:00,2010-05-19 18:00:00,2010-05-20 00:00:00,2010-05-20 12:00:00
6746,2010137N10090,2010-05-18 15:00:00,2010-05-19 15:00:00,2010-05-19 21:00:00,2010-05-20 03:00:00,2010-05-20 15:00:00
6747,2010137N10090,2010-05-18 18:00:00,2010-05-19 18:00:00,2010-05-20 00:00:00,2010-05-20 06:00:00,2010-05-20 18:00:00
6748,2010137N10090,2010-05-18 21:00:00,2010-05-19 21:00:00,2010-05-20 03:00:00,2010-05-20 09:00:00,2010-05-20 21:00:00
6749,2010137N10090,2010-05-19 00:00:00,2010-05-20 00:00:00,2010-05-20 06:00:00,2010-05-20 12:00:00,2010-05-21 00:00:00
6750,2010137N10090,2010-05-19 03:00:00,2010-05-20 03:00:00,2010-05-20 09:00:00,2010-05-20 15:00:00,2010-05-21 03:00:00
6751,2010137N10090,2010-05-19 06:00:00,2010-05-20 06:00:00,2010-05-20 12:00:00,2010-05-20 18:00:00,2010-05-21 06:00:00
6752,2010137N10090,2010-05-19 09:00:00,2010-05-20 09:00:00,2010-05-20 15:00:00,2010-05-20 21:00:00,2010-05-21 09:00:00
6753,2010137N10090,2010-05-19 12:00:00,2010-05-20 12:00:00,2010-05-20 18:00:00,2010-05-21 00:00:00,2010-05-21 12:00:00
6754,2010137N10090,2010-05-19 15:00:00,2010-05-20 15:00:00,2010-05-20 21:00:00,2010-05-21 03:00:00,2010-05-21 15:00:00
6755,2010137N10090,2010-05-19 18:00:00,2010-05-20 18:00:00,2010-05-21 00:00:00,2010-05-21 06:00:00,2010-05-21 18:00:00
6756,2010151N14065,2010-05-30 12:00:00,2010-05-31 12:00:00,2010-05-31 18:00:00,2010-06-01 00:00:00,2010-06-01 12:00:00
6757,2010151N14065,2010-05-30 15:00:00,2010-05-31 15:00:00,2010-05-31 21:00:00,2010-06-01 03:00:00,2010-06-01 15:00:00
6758,2010151N14065,2010-05-30 18:00:00,2010-05-31 18:00:00,2010-06-01 00:00:00,2010-06-01 06:00:00,2010-06-01 18:00:00
6759,2010151N14065,2010-05-30 21:00:00,2010-05-31 21:00:00,2010-06-01 03:00:00,2010-06-01 09:00:00,2010-06-01 21:00:00
6760,2010151N14065,2010-05-31 00:00:00,2010-06-01 00:00:00,2010-06-01 06:00:00,2010-06-01 12:00:00,2010-06-02 00:00:00
6761,2010151N14065,2010-05-31 03:00:00,2010-06-01 03:00:00,2010-06-01 09:00:00,2010-06-01 15:00:00,2010-06-02 03:00:00
6762,2010151N14065,2010-05-31 06:00:00,2010-06-01 06:00:00,2010-06-01 12:00:00,2010-06-01 18:00:00,2010-06-02 06:00:00
6763,2010151N14065,2010-05-31 09:00:00,2010-06-01 09:00:00,2010-06-01 15:00:00,2010-06-01 21:00:00,2010-06-02 09:00:00
6764,2010151N14065,2010-05-31 12:00:00,2010-06-01 12:00:00,2010-06-01 18:00:00,2010-06-02 00:00:00,2010-06-02 12:00:00
6765,2010151N14065,2010-05-31 15:00:00,2010-06-01 15:00:00,2010-06-01 21:00:00,2010-06-02 03:00:00,2010-06-02 15:00:00
6766,2010151N14065,2010-05-31 18:00:00,2010-06-01 18:00:00,2010-06-02 00:00:00,2010-06-02 06:00:00,2010-06-02 18:00:00
6767,2010151N14065,2010-05-31 21:00:00,2010-06-01 21:00:00,2010-06-02 03:00:00,2010-06-02 09:00:00,2010-06-02 21:00:00
6768,2010151N14065,2010-06-01 00:00:00,2010-06-02 00:00:00,2010-06-02 06:00:00,2010-06-02 12:00:00,2010-06-03 00:00:00
6769,2010151N14065,2010-06-01 03:00:00,2010-06-02 03:00:00,2010-06-02 09:00:00,2010-06-02 15:00:00,2010-06-03 03:00:00
6770,2010151N14065,2010-06-01 06:00:00,2010-06-02 06:00:00,2010-06-02 12:00:00,2010-06-02 18:00:00,2010-06-03 06:00:00
6771,2010151N14065,2010-06-01 09:00:00,2010-06-02 09:00:00,2010-06-02 15:00:00,2010-06-02 21:00:00,2010-06-03 09:00:00
6772,2010151N14065,2010-06-01 12:00:00,2010-06-02 12:00:00,2010-06-02 18:00:00,2010-06-03 00:00:00,2010-06-03 12:00:00
6773,2010151N14065,2010-06-01 15:00:00,2010-06-02 15:00:00,2010-06-02 21:00:00,2010-06-03 03:00:00,2010-06-03 15:00:00
6774,2010151N14065,2010-06-01 18:00:00,2010-06-02 18:00:00,2010-06-03 00:00:00,2010-06-03 06:00:00,2010-06-03 18:00:00
6775,2010151N14065,2010-06-01 21:00:00,2010-06-02 21:00:00,2010-06-03 03:00:00,2010-06-03 09:00:00,2010-06-03 21:00:00
6776,2010151N14065,2010-06-02 00:00:00,2010-06-03 00:00:00,2010-06-03 06:00:00,2010-06-03 12:00:00,2010-06-04 00:00:00
6777,2010151N14065,2010-06-02 03:00:00,2010-06-03 03:00:00,2010-06-03 09:00:00,2010-06-03 15:00:00,2010-06-04 03:00:00
6778,2010151N14065,2010-06-02 06:00:00,2010-06-03 06:00:00,2010-06-03 12:00:00,2010-06-03 18:00:00,2010-06-04 06:00:00
6779,2010151N14065,2010-06-02 09:00:00,2010-06-03 09:00:00,2010-06-03 15:00:00,2010-06-03 21:00:00,2010-06-04 09:00:00
6780,2010151N14065,2010-06-02 12:00:00,2010-06-03 12:00:00,2010-06-03 18:00:00,2010-06-04 00:00:00,2010-06-04 12:00:00
6781,2010151N14065,2010-06-02 15:00:00,2010-06-03 15:00:00,2010-06-03 21:00:00,2010-06-04 03:00:00,2010-06-04 15:00:00
6782,2010151N14065,2010-06-02 18:00:00,2010-06-03 18:00:00,2010-06-04 00:00:00,2010-06-04 06:00:00,2010-06-04 18:00:00
6783,2010151N14065,2010-06-02 21:00:00,2010-06-03 21:00:00,2010-06-04 03:00:00,2010-06-04 09:00:00,2010-06-04 21:00:00
6784,2010151N14065,2010-06-03 00:00:00,2010-06-04 00:00:00,2010-06-04 06:00:00,2010-06-04 12:00:00,2010-06-05 00:00:00
6785,2010151N14065,2010-06-03 03:00:00,2010-06-04 03:00:00,2010-06-04 09:00:00,2010-06-04 15:00:00,2010-06-05 03:00:00
6786,2010151N14065,2010-06-03 06:00:00,2010-06-04 06:00:00,2010-06-04 12:00:00,2010-06-04 18:00:00,2010-06-05 06:00:00
6787,2010151N14065,2010-06-03 09:00:00,2010-06-04 09:00:00,2010-06-04 15:00:00,2010-06-04 21:00:00,2010-06-05 09:00:00
6788,2010151N14065,2010-06-03 12:00:00,2010-06-04 12:00:00,2010-06-04 18:00:00,2010-06-05 00:00:00,2010-06-05 12:00:00
6789,2010151N14065,2010-06-03 15:00:00,2010-06-04 15:00:00,2010-06-04 21:00:00,2010-06-05 03:00:00,2010-06-05 15:00:00
6790,2010151N14065,2010-06-03 18:00:00,2010-06-04 18:00:00,2010-06-05 00:00:00,2010-06-05 06:00:00,2010-06-05 18:00:00
6791,2010151N14065,2010-06-03 21:00:00,2010-06-04 21:00:00,2010-06-05 03:00:00,2010-06-05 09:00:00,2010-06-05 21:00:00
6792,2010151N14065,2010-06-04 00:00:00,2010-06-05 00:00:00,2010-06-05 06:00:00,2010-06-05 12:00:00,2010-06-06 00:00:00
6793,2010151N14065,2010-06-04 03:00:00,2010-06-05 03:00:00,2010-06-05 09:00:00,2010-06-05 15:00:00,2010-06-06 03:00:00
6794,2010151N14065,2010-06-04 06:00:00,2010-06-05 06:00:00,2010-06-05 12:00:00,2010-06-05 18:00:00,2010-06-06 06:00:00
6795,2010151N14065,2010-06-04 09:00:00,2010-06-05 09:00:00,2010-06-05 15:00:00,2010-06-05 21:00:00,2010-06-06 09:00:00
6796,2010151N14065,2010-06-04 12:00:00,2010-06-05 12:00:00,2010-06-05 18:00:00,2010-06-06 00:00:00,2010-06-06 12:00:00
6797,2010151N14065,2010-06-04 15:00:00,2010-06-05 15:00:00,2010-06-05 21:00:00,2010-06-06 03:00:00,2010-06-06 15:00:00
6798,2010151N14065,2010-06-04 18:00:00,2010-06-05 18:00:00,2010-06-06 00:00:00,2010-06-06 06:00:00,2010-06-06 18:00:00
6799,2010151N14065,2010-06-04 21:00:00,2010-06-05 21:00:00,2010-06-06 03:00:00,2010-06-06 09:00:00,2010-06-06 21:00:00
6800,2010151N14065,2010-06-05 00:00:00,2010-06-06 00:00:00,2010-06-06 06:00:00,2010-06-06 12:00:00,2010-06-07 00:00:00
6801,2010151N14065,2010-06-05 03:00:00,2010-06-06 03:00:00,2010-06-06 09:00:00,2010-06-06 15:00:00,2010-06-07 03:00:00
6802,2010286N18090,2010-10-13 06:00:00,2010-10-14 06:00:00,2010-10-14 12:00:00,2010-10-14 18:00:00,2010-10-15 06:00:00
6803,2010286N18090,2010-10-13 09:00:00,2010-10-14 09:00:00,2010-10-14 15:00:00,2010-10-14 21:00:00,2010-10-15 09:00:00
6804,2010286N18090,2010-10-13 12:00:00,2010-10-14 12:00:00,2010-10-14 18:00:00,2010-10-15 00:00:00,2010-10-15 12:00:00
6805,2010286N18090,2010-10-13 15:00:00,2010-10-14 15:00:00,2010-10-14 21:00:00,2010-10-15 03:00:00,2010-10-15 15:00:00
6806,2010286N18090,2010-10-13 18:00:00,2010-10-14 18:00:00,2010-10-15 00:00:00,2010-10-15 06:00:00,2010-10-15 18:00:00
6807,2010286N18090,2010-10-13 21:00:00,2010-10-14 21:00:00,2010-10-15 03:00:00,2010-10-15 09:00:00,2010-10-15 21:00:00
6808,2010286N18090,2010-10-14 00:00:00,2010-10-15 00:00:00,2010-10-15 06:00:00,2010-10-15 12:00:00,2010-10-16 00:00:00
6809,2010293N17093,2010-10-19 12:00:00,2010-10-20 12:00:00,2010-10-20 18:00:00,2010-10-21 00:00:00,2010-10-21 12:00:00
6810,2010293N17093,2010-10-19 15:00:00,2010-10-20 15:00:00,2010-10-20 21:00:00,2010-10-21 03:00:00,2010-10-21 15:00:00
6811,2010293N17093,2010-10-19 18:00:00,2010-10-20 18:00:00,2010-10-21 00:00:00,2010-10-21 06:00:00,2010-10-21 18:00:00
6812,2010293N17093,2010-10-19 21:00:00,2010-10-20 21:00:00,2010-10-21 03:00:00,2010-10-21 09:00:00,2010-10-21 21:00:00
6813,2010293N17093,2010-10-20 00:00:00,2010-10-21 00:00:00,2010-10-21 06:00:00,2010-10-21 12:00:00,2010-10-22 00:00:00
6814,2010293N17093,2010-10-20 03:00:00,2010-10-21 03:00:00,2010-10-21 09:00:00,2010-10-21 15:00:00,2010-10-22 03:00:00
6815,2010293N17093,2010-10-20 06:00:00,2010-10-21 06:00:00,2010-10-21 12:00:00,2010-10-21 18:00:00,2010-10-22 06:00:00
6816,2010293N17093,2010-10-20 09:00:00,2010-10-21 09:00:00,2010-10-21 15:00:00,2010-10-21 21:00:00,2010-10-22 09:00:00
6817,2010293N17093,2010-10-20 12:00:00,2010-10-21 12:00:00,2010-10-21 18:00:00,2010-10-22 00:00:00,2010-10-22 12:00:00
6818,2010293N17093,2010-10-20 15:00:00,2010-10-21 15:00:00,2010-10-21 21:00:00,2010-10-22 03:00:00,2010-10-22 15:00:00
6819,2010293N17093,2010-10-20 18:00:00,2010-10-21 18:00:00,2010-10-22 00:00:00,2010-10-22 06:00:00,2010-10-22 18:00:00
6820,2010293N17093,2010-10-20 21:00:00,2010-10-21 21:00:00,2010-10-22 03:00:00,2010-10-22 09:00:00,2010-10-22 21:00:00
6821,2010293N17093,2010-10-21 00:00:00,2010-10-22 00:00:00,2010-10-22 06:00:00,2010-10-22 12:00:00,2010-10-23 00:00:00
6822,2010293N17093,2010-10-21 03:00:00,2010-10-22 03:00:00,2010-10-22 09:00:00,2010-10-22 15:00:00,2010-10-23 03:00:00
6823,2010293N17093,2010-10-21 06:00:00,2010-10-22 06:00:00,2010-10-22 12:00:00,2010-10-22 18:00:00,2010-10-23 06:00:00
6824,2010293N17093,2010-10-21 09:00:00,2010-10-22 09:00:00,2010-10-22 15:00:00,2010-10-22 21:00:00,2010-10-23 09:00:00
6825,2010293N17093,2010-10-21 12:00:00,2010-10-22 12:00:00,2010-10-22 18:00:00,2010-10-23 00:00:00,2010-10-23 12:00:00
6826,2010293N17093,2010-10-21 15:00:00,2010-10-22 15:00:00,2010-10-22 21:00:00,2010-10-23 03:00:00,2010-10-23 15:00:00
6827,2010293N17093,2010-10-21 18:00:00,2010-10-22 18:00:00,2010-10-23 00:00:00,2010-10-23 06:00:00,2010-10-23 18:00:00
6828,2010293N17093,2010-10-21 21:00:00,2010-10-22 21:00:00,2010-10-23 03:00:00,2010-10-23 09:00:00,2010-10-23 21:00:00
6829,2010293N17093,2010-10-22 00:00:00,2010-10-23 00:00:00,2010-10-23 06:00:00,2010-10-23 12:00:00,2010-10-24 00:00:00
6830,2010305N06105,2010-10-31 18:00:00,2010-11-01 18:00:00,2010-11-02 00:00:00,2010-11-02 06:00:00,2010-11-02 18:00:00
6831,2010305N06105,2010-10-31 21:00:00,2010-11-01 21:00:00,2010-11-02 03:00:00,2010-11-02 09:00:00,2010-11-02 21:00:00
6832,2010305N06105,2010-11-01 00:00:00,2010-11-02 00:00:00,2010-11-02 06:00:00,2010-11-02 12:00:00,2010-11-03 00:00:00
6833,2010305N06105,2010-11-01 03:00:00,2010-11-02 03:00:00,2010-11-02 09:00:00,2010-11-02 15:00:00,2010-11-03 03:00:00
6834,2010305N06105,2010-11-01 06:00:00,2010-11-02 06:00:00,2010-11-02 12:00:00,2010-11-02 18:00:00,2010-11-03 06:00:00
6835,2010305N06105,2010-11-01 09:00:00,2010-11-02 09:00:00,2010-11-02 15:00:00,2010-11-02 21:00:00,2010-11-03 09:00:00
6836,2010305N06105,2010-11-01 12:00:00,2010-11-02 12:00:00,2010-11-02 18:00:00,2010-11-03 00:00:00,2010-11-03 12:00:00
6837,2010305N06105,2010-11-01 15:00:00,2010-11-02 15:00:00,2010-11-02 21:00:00,2010-11-03 03:00:00,2010-11-03 15:00:00
6838,2010305N06105,2010-11-01 18:00:00,2010-11-02 18:00:00,2010-11-03 00:00:00,2010-11-03 06:00:00,2010-11-03 18:00:00
6839,2010305N06105,2010-11-01 21:00:00,2010-11-02 21:00:00,2010-11-03 03:00:00,2010-11-03 09:00:00,2010-11-03 21:00:00
6840,2010305N06105,2010-11-02 00:00:00,2010-11-03 00:00:00,2010-11-03 06:00:00,2010-11-03 12:00:00,2010-11-04 00:00:00
6841,2010305N06105,2010-11-02 03:00:00,2010-11-03 03:00:00,2010-11-03 09:00:00,2010-11-03 15:00:00,2010-11-04 03:00:00
6842,2010305N06105,2010-11-02 06:00:00,2010-11-03 06:00:00,2010-11-03 12:00:00,2010-11-03 18:00:00,2010-11-04 06:00:00
6843,2010305N06105,2010-11-02 09:00:00,2010-11-03 09:00:00,2010-11-03 15:00:00,2010-11-03 21:00:00,2010-11-04 09:00:00
6844,2010305N06105,2010-11-02 12:00:00,2010-11-03 12:00:00,2010-11-03 18:00:00,2010-11-04 00:00:00,2010-11-04 12:00:00
6845,2010305N06105,2010-11-02 15:00:00,2010-11-03 15:00:00,2010-11-03 21:00:00,2010-11-04 03:00:00,2010-11-04 15:00:00
6846,2010305N06105,2010-11-02 18:00:00,2010-11-03 18:00:00,2010-11-04 00:00:00,2010-11-04 06:00:00,2010-11-04 18:00:00
6847,2010305N06105,2010-11-02 21:00:00,2010-11-03 21:00:00,2010-11-04 03:00:00,2010-11-04 09:00:00,2010-11-04 21:00:00
6848,2010305N06105,2010-11-03 00:00:00,2010-11-04 00:00:00,2010-11-04 06:00:00,2010-11-04 12:00:00,2010-11-05 00:00:00
6849,2010305N06105,2010-11-03 03:00:00,2010-11-04 03:00:00,2010-11-04 09:00:00,2010-11-04 15:00:00,2010-11-05 03:00:00
6850,2010305N06105,2010-11-03 06:00:00,2010-11-04 06:00:00,2010-11-04 12:00:00,2010-11-04 18:00:00,2010-11-05 06:00:00
6851,2010305N06105,2010-11-03 09:00:00,2010-11-04 09:00:00,2010-11-04 15:00:00,2010-11-04 21:00:00,2010-11-05 09:00:00
6852,2010305N06105,2010-11-03 12:00:00,2010-11-04 12:00:00,2010-11-04 18:00:00,2010-11-05 00:00:00,2010-11-05 12:00:00
6853,2010305N06105,2010-11-03 15:00:00,2010-11-04 15:00:00,2010-11-04 21:00:00,2010-11-05 03:00:00,2010-11-05 15:00:00
6854,2010305N06105,2010-11-03 18:00:00,2010-11-04 18:00:00,2010-11-05 00:00:00,2010-11-05 06:00:00,2010-11-05 18:00:00
6855,2010305N06105,2010-11-03 21:00:00,2010-11-04 21:00:00,2010-11-05 03:00:00,2010-11-05 09:00:00,2010-11-05 21:00:00
6856,2010305N06105,2010-11-04 00:00:00,2010-11-05 00:00:00,2010-11-05 06:00:00,2010-11-05 12:00:00,2010-11-06 00:00:00
6857,2010305N06105,2010-11-04 03:00:00,2010-11-05 03:00:00,2010-11-05 09:00:00,2010-11-05 15:00:00,2010-11-06 03:00:00
6858,2010305N06105,2010-11-04 06:00:00,2010-11-05 06:00:00,2010-11-05 12:00:00,2010-11-05 18:00:00,2010-11-06 06:00:00
6859,2010305N06105,2010-11-04 09:00:00,2010-11-05 09:00:00,2010-11-05 15:00:00,2010-11-05 21:00:00,2010-11-06 09:00:00
6860,2010305N06105,2010-11-04 12:00:00,2010-11-05 12:00:00,2010-11-05 18:00:00,2010-11-06 00:00:00,2010-11-06 12:00:00
6861,2010305N06105,2010-11-04 15:00:00,2010-11-05 15:00:00,2010-11-05 21:00:00,2010-11-06 03:00:00,2010-11-06 15:00:00
6862,2010305N06105,2010-11-04 18:00:00,2010-11-05 18:00:00,2010-11-06 00:00:00,2010-11-06 06:00:00,2010-11-06 18:00:00
6863,2010305N06105,2010-11-04 21:00:00,2010-11-05 21:00:00,2010-11-06 03:00:00,2010-11-06 09:00:00,2010-11-06 21:00:00
6864,2010305N06105,2010-11-05 00:00:00,2010-11-06 00:00:00,2010-11-06 06:00:00,2010-11-06 12:00:00,2010-11-07 00:00:00
6865,2010305N06105,2010-11-05 03:00:00,2010-11-06 03:00:00,2010-11-06 09:00:00,2010-11-06 15:00:00,2010-11-07 03:00:00
6866,2010305N06105,2010-11-05 06:00:00,2010-11-06 06:00:00,2010-11-06 12:00:00,2010-11-06 18:00:00,2010-11-07 06:00:00
6867,2010305N06105,2010-11-05 09:00:00,2010-11-06 09:00:00,2010-11-06 15:00:00,2010-11-06 21:00:00,2010-11-07 09:00:00
6868,2010305N06105,2010-11-05 12:00:00,2010-11-06 12:00:00,2010-11-06 18:00:00,2010-11-07 00:00:00,2010-11-07 12:00:00
6869,2010305N06105,2010-11-05 15:00:00,2010-11-06 15:00:00,2010-11-06 21:00:00,2010-11-07 03:00:00,2010-11-07 15:00:00
6870,2010305N06105,2010-11-05 18:00:00,2010-11-06 18:00:00,2010-11-07 00:00:00,2010-11-07 06:00:00,2010-11-07 18:00:00
6871,2010305N06105,2010-11-05 21:00:00,2010-11-06 21:00:00,2010-11-07 03:00:00,2010-11-07 09:00:00,2010-11-07 21:00:00
6872,2010305N06105,2010-11-06 00:00:00,2010-11-07 00:00:00,2010-11-07 06:00:00,2010-11-07 12:00:00,2010-11-08 00:00:00
6873,2010305N06105,2010-11-06 03:00:00,2010-11-07 03:00:00,2010-11-07 09:00:00,2010-11-07 15:00:00,2010-11-08 03:00:00
6874,2011160N18070,2011-06-09 06:00:00,2011-06-10 06:00:00,2011-06-10 12:00:00,2011-06-10 18:00:00,2011-06-11 06:00:00
6875,2011160N18070,2011-06-09 09:00:00,2011-06-10 09:00:00,2011-06-10 15:00:00,2011-06-10 21:00:00,2011-06-11 09:00:00
6876,2011160N18070,2011-06-09 12:00:00,2011-06-10 12:00:00,2011-06-10 18:00:00,2011-06-11 00:00:00,2011-06-11 12:00:00
6877,2011160N18070,2011-06-09 15:00:00,2011-06-10 15:00:00,2011-06-10 21:00:00,2011-06-11 03:00:00,2011-06-11 15:00:00
6878,2011160N18070,2011-06-09 18:00:00,2011-06-10 18:00:00,2011-06-11 00:00:00,2011-06-11 06:00:00,2011-06-11 18:00:00
6879,2011160N18070,2011-06-09 21:00:00,2011-06-10 21:00:00,2011-06-11 03:00:00,2011-06-11 09:00:00,2011-06-11 21:00:00
6880,2011160N18070,2011-06-10 00:00:00,2011-06-11 00:00:00,2011-06-11 06:00:00,2011-06-11 12:00:00,2011-06-12 00:00:00
6881,2011160N18070,2011-06-10 03:00:00,2011-06-11 03:00:00,2011-06-11 09:00:00,2011-06-11 15:00:00,2011-06-12 03:00:00
6882,2011167N22089,2011-06-16 03:00:00,2011-06-17 03:00:00,2011-06-17 09:00:00,2011-06-17 15:00:00,2011-06-18 03:00:00
6883,2011167N22089,2011-06-16 06:00:00,2011-06-17 06:00:00,2011-06-17 12:00:00,2011-06-17 18:00:00,2011-06-18 06:00:00
6884,2011167N22089,2011-06-16 09:00:00,2011-06-17 09:00:00,2011-06-17 15:00:00,2011-06-17 21:00:00,2011-06-18 09:00:00
6885,2011167N22089,2011-06-16 12:00:00,2011-06-17 12:00:00,2011-06-17 18:00:00,2011-06-18 00:00:00,2011-06-18 12:00:00
6886,2011167N22089,2011-06-16 15:00:00,2011-06-17 15:00:00,2011-06-17 21:00:00,2011-06-18 03:00:00,2011-06-18 15:00:00
6887,2011167N22089,2011-06-16 18:00:00,2011-06-17 18:00:00,2011-06-18 00:00:00,2011-06-18 06:00:00,2011-06-18 18:00:00
6888,2011167N22089,2011-06-16 21:00:00,2011-06-17 21:00:00,2011-06-18 03:00:00,2011-06-18 09:00:00,2011-06-18 21:00:00
6889,2011167N22089,2011-06-17 00:00:00,2011-06-18 00:00:00,2011-06-18 06:00:00,2011-06-18 12:00:00,2011-06-19 00:00:00
6890,2011167N22089,2011-06-17 03:00:00,2011-06-18 03:00:00,2011-06-18 09:00:00,2011-06-18 15:00:00,2011-06-19 03:00:00
6891,2011167N22089,2011-06-17 06:00:00,2011-06-18 06:00:00,2011-06-18 12:00:00,2011-06-18 18:00:00,2011-06-19 06:00:00
6892,2011167N22089,2011-06-17 09:00:00,2011-06-18 09:00:00,2011-06-18 15:00:00,2011-06-18 21:00:00,2011-06-19 09:00:00
6893,2011167N22089,2011-06-17 12:00:00,2011-06-18 12:00:00,2011-06-18 18:00:00,2011-06-19 00:00:00,2011-06-19 12:00:00
6894,2011167N22089,2011-06-17 15:00:00,2011-06-18 15:00:00,2011-06-18 21:00:00,2011-06-19 03:00:00,2011-06-19 15:00:00
6895,2011167N22089,2011-06-17 18:00:00,2011-06-18 18:00:00,2011-06-19 00:00:00,2011-06-19 06:00:00,2011-06-19 18:00:00
6896,2011167N22089,2011-06-17 21:00:00,2011-06-18 21:00:00,2011-06-19 03:00:00,2011-06-19 09:00:00,2011-06-19 21:00:00
6897,2011167N22089,2011-06-18 00:00:00,2011-06-19 00:00:00,2011-06-19 06:00:00,2011-06-19 12:00:00,2011-06-20 00:00:00
6898,2011167N22089,2011-06-18 03:00:00,2011-06-19 03:00:00,2011-06-19 09:00:00,2011-06-19 15:00:00,2011-06-20 03:00:00
6899,2011167N22089,2011-06-18 06:00:00,2011-06-19 06:00:00,2011-06-19 12:00:00,2011-06-19 18:00:00,2011-06-20 06:00:00
6900,2011167N22089,2011-06-18 09:00:00,2011-06-19 09:00:00,2011-06-19 15:00:00,2011-06-19 21:00:00,2011-06-20 09:00:00
6901,2011167N22089,2011-06-18 12:00:00,2011-06-19 12:00:00,2011-06-19 18:00:00,2011-06-20 00:00:00,2011-06-20 12:00:00
6902,2011167N22089,2011-06-18 15:00:00,2011-06-19 15:00:00,2011-06-19 21:00:00,2011-06-20 03:00:00,2011-06-20 15:00:00
6903,2011167N22089,2011-06-18 18:00:00,2011-06-19 18:00:00,2011-06-20 00:00:00,2011-06-20 06:00:00,2011-06-20 18:00:00
6904,2011167N22089,2011-06-18 21:00:00,2011-06-19 21:00:00,2011-06-20 03:00:00,2011-06-20 09:00:00,2011-06-20 21:00:00
6905,2011167N22089,2011-06-19 00:00:00,2011-06-20 00:00:00,2011-06-20 06:00:00,2011-06-20 12:00:00,2011-06-21 00:00:00
6906,2011167N22089,2011-06-19 03:00:00,2011-06-20 03:00:00,2011-06-20 09:00:00,2011-06-20 15:00:00,2011-06-21 03:00:00
6907,2011167N22089,2011-06-19 06:00:00,2011-06-20 06:00:00,2011-06-20 12:00:00,2011-06-20 18:00:00,2011-06-21 06:00:00
6908,2011167N22089,2011-06-19 09:00:00,2011-06-20 09:00:00,2011-06-20 15:00:00,2011-06-20 21:00:00,2011-06-21 09:00:00
6909,2011167N22089,2011-06-19 12:00:00,2011-06-20 12:00:00,2011-06-20 18:00:00,2011-06-21 00:00:00,2011-06-21 12:00:00
6910,2011167N22089,2011-06-19 15:00:00,2011-06-20 15:00:00,2011-06-20 21:00:00,2011-06-21 03:00:00,2011-06-21 15:00:00
6911,2011167N22089,2011-06-19 18:00:00,2011-06-20 18:00:00,2011-06-21 00:00:00,2011-06-21 06:00:00,2011-06-21 18:00:00
6912,2011167N22089,2011-06-19 21:00:00,2011-06-20 21:00:00,2011-06-21 03:00:00,2011-06-21 09:00:00,2011-06-21 21:00:00
6913,2011167N22089,2011-06-20 00:00:00,2011-06-21 00:00:00,2011-06-21 06:00:00,2011-06-21 12:00:00,2011-06-22 00:00:00
6914,2011167N22089,2011-06-20 03:00:00,2011-06-21 03:00:00,2011-06-21 09:00:00,2011-06-21 15:00:00,2011-06-22 03:00:00
6915,2011167N22089,2011-06-20 06:00:00,2011-06-21 06:00:00,2011-06-21 12:00:00,2011-06-21 18:00:00,2011-06-22 06:00:00
6916,2011167N22089,2011-06-20 09:00:00,2011-06-21 09:00:00,2011-06-21 15:00:00,2011-06-21 21:00:00,2011-06-22 09:00:00
6917,2011167N22089,2011-06-20 12:00:00,2011-06-21 12:00:00,2011-06-21 18:00:00,2011-06-22 00:00:00,2011-06-22 12:00:00
6918,2011167N22089,2011-06-20 15:00:00,2011-06-21 15:00:00,2011-06-21 21:00:00,2011-06-22 03:00:00,2011-06-22 15:00:00
6919,2011167N22089,2011-06-20 18:00:00,2011-06-21 18:00:00,2011-06-22 00:00:00,2011-06-22 06:00:00,2011-06-22 18:00:00
6920,2011290N15090,2011-10-17 00:00:00,2011-10-18 00:00:00,2011-10-18 06:00:00,2011-10-18 12:00:00,2011-10-19 00:00:00
6921,2011290N15090,2011-10-17 03:00:00,2011-10-18 03:00:00,2011-10-18 09:00:00,2011-10-18 15:00:00,2011-10-19 03:00:00
6922,2011290N15090,2011-10-17 06:00:00,2011-10-18 06:00:00,2011-10-18 12:00:00,2011-10-18 18:00:00,2011-10-19 06:00:00
6923,2011290N15090,2011-10-17 09:00:00,2011-10-18 09:00:00,2011-10-18 15:00:00,2011-10-18 21:00:00,2011-10-19 09:00:00
6924,2011290N15090,2011-10-17 12:00:00,2011-10-18 12:00:00,2011-10-18 18:00:00,2011-10-19 00:00:00,2011-10-19 12:00:00
6925,2011290N15090,2011-10-17 15:00:00,2011-10-18 15:00:00,2011-10-18 21:00:00,2011-10-19 03:00:00,2011-10-19 15:00:00
6926,2011290N15090,2011-10-17 18:00:00,2011-10-18 18:00:00,2011-10-19 00:00:00,2011-10-19 06:00:00,2011-10-19 18:00:00
6927,2011290N15090,2011-10-17 21:00:00,2011-10-18 21:00:00,2011-10-19 03:00:00,2011-10-19 09:00:00,2011-10-19 21:00:00
6928,2011290N15090,2011-10-18 00:00:00,2011-10-19 00:00:00,2011-10-19 06:00:00,2011-10-19 12:00:00,2011-10-20 00:00:00
6929,2011302N13062,2011-10-29 06:00:00,2011-10-30 06:00:00,2011-10-30 12:00:00,2011-10-30 18:00:00,2011-10-31 06:00:00
6930,2011302N13062,2011-10-29 09:00:00,2011-10-30 09:00:00,2011-10-30 15:00:00,2011-10-30 21:00:00,2011-10-31 09:00:00
6931,2011302N13062,2011-10-29 12:00:00,2011-10-30 12:00:00,2011-10-30 18:00:00,2011-10-31 00:00:00,2011-10-31 12:00:00
6932,2011302N13062,2011-10-29 15:00:00,2011-10-30 15:00:00,2011-10-30 21:00:00,2011-10-31 03:00:00,2011-10-31 15:00:00
6933,2011302N13062,2011-10-29 18:00:00,2011-10-30 18:00:00,2011-10-31 00:00:00,2011-10-31 06:00:00,2011-10-31 18:00:00
6934,2011302N13062,2011-10-29 21:00:00,2011-10-30 21:00:00,2011-10-31 03:00:00,2011-10-31 09:00:00,2011-10-31 21:00:00
6935,2011302N13062,2011-11-01 12:00:00,2011-11-02 12:00:00,2011-11-02 18:00:00,2011-11-03 00:00:00,2011-11-03 12:00:00
6936,2011302N13062,2011-11-01 15:00:00,2011-11-02 15:00:00,2011-11-02 21:00:00,2011-11-03 03:00:00,2011-11-03 15:00:00
6937,2011302N13062,2011-11-01 18:00:00,2011-11-02 18:00:00,2011-11-03 00:00:00,2011-11-03 06:00:00,2011-11-03 18:00:00
6938,2011302N13062,2011-11-01 21:00:00,2011-11-02 21:00:00,2011-11-03 03:00:00,2011-11-03 09:00:00,2011-11-03 21:00:00
6939,2011302N13062,2011-11-02 00:00:00,2011-11-03 00:00:00,2011-11-03 06:00:00,2011-11-03 12:00:00,2011-11-04 00:00:00
6940,2011302N13062,2011-11-02 03:00:00,2011-11-03 03:00:00,2011-11-03 09:00:00,2011-11-03 15:00:00,2011-11-04 03:00:00
6941,2011302N13062,2011-11-02 06:00:00,2011-11-03 06:00:00,2011-11-03 12:00:00,2011-11-03 18:00:00,2011-11-04 06:00:00
6942,2011302N13062,2011-11-02 09:00:00,2011-11-03 09:00:00,2011-11-03 15:00:00,2011-11-03 21:00:00,2011-11-04 09:00:00
6943,2011302N13062,2011-11-02 12:00:00,2011-11-03 12:00:00,2011-11-03 18:00:00,2011-11-04 00:00:00,2011-11-04 12:00:00
6944,2011302N13062,2011-11-02 15:00:00,2011-11-03 15:00:00,2011-11-03 21:00:00,2011-11-04 03:00:00,2011-11-04 15:00:00
6945,2011302N13062,2011-11-02 18:00:00,2011-11-03 18:00:00,2011-11-04 00:00:00,2011-11-04 06:00:00,2011-11-04 18:00:00
6946,2011302N13062,2011-11-02 21:00:00,2011-11-03 21:00:00,2011-11-04 03:00:00,2011-11-04 09:00:00,2011-11-04 21:00:00
6947,2011302N13062,2011-11-03 00:00:00,2011-11-04 00:00:00,2011-11-04 06:00:00,2011-11-04 12:00:00,2011-11-05 00:00:00
6948,2011302N13062,2011-11-03 03:00:00,2011-11-04 03:00:00,2011-11-04 09:00:00,2011-11-04 15:00:00,2011-11-05 03:00:00
6949,2011302N13062,2011-11-03 06:00:00,2011-11-04 06:00:00,2011-11-04 12:00:00,2011-11-04 18:00:00,2011-11-05 06:00:00
6950,2011310N11066,2011-11-07 18:00:00,2011-11-08 18:00:00,2011-11-09 00:00:00,2011-11-09 06:00:00,2011-11-09 18:00:00
6951,2011310N11066,2011-11-07 21:00:00,2011-11-08 21:00:00,2011-11-09 03:00:00,2011-11-09 09:00:00,2011-11-09 21:00:00
6952,2011310N11066,2011-11-08 00:00:00,2011-11-09 00:00:00,2011-11-09 06:00:00,2011-11-09 12:00:00,2011-11-10 00:00:00
6953,2011310N11066,2011-11-08 03:00:00,2011-11-09 03:00:00,2011-11-09 09:00:00,2011-11-09 15:00:00,2011-11-10 03:00:00
6954,2011310N11066,2011-11-08 06:00:00,2011-11-09 06:00:00,2011-11-09 12:00:00,2011-11-09 18:00:00,2011-11-10 06:00:00
6955,2011310N11066,2011-11-08 09:00:00,2011-11-09 09:00:00,2011-11-09 15:00:00,2011-11-09 21:00:00,2011-11-10 09:00:00
6956,2011310N11066,2011-11-08 12:00:00,2011-11-09 12:00:00,2011-11-09 18:00:00,2011-11-10 00:00:00,2011-11-10 12:00:00
6957,2011310N11066,2011-11-08 15:00:00,2011-11-09 15:00:00,2011-11-09 21:00:00,2011-11-10 03:00:00,2011-11-10 15:00:00
6958,2011310N11066,2011-11-08 18:00:00,2011-11-09 18:00:00,2011-11-10 00:00:00,2011-11-10 06:00:00,2011-11-10 18:00:00
6959,2011310N11066,2011-11-08 21:00:00,2011-11-09 21:00:00,2011-11-10 03:00:00,2011-11-10 09:00:00,2011-11-10 21:00:00
6960,2011310N11066,2011-11-09 00:00:00,2011-11-10 00:00:00,2011-11-10 06:00:00,2011-11-10 12:00:00,2011-11-11 00:00:00
6961,2011310N11066,2011-11-09 03:00:00,2011-11-10 03:00:00,2011-11-10 09:00:00,2011-11-10 15:00:00,2011-11-11 03:00:00
6962,2011310N11066,2011-11-09 06:00:00,2011-11-10 06:00:00,2011-11-10 12:00:00,2011-11-10 18:00:00,2011-11-11 06:00:00
6963,2011310N11066,2011-11-09 09:00:00,2011-11-10 09:00:00,2011-11-10 15:00:00,2011-11-10 21:00:00,2011-11-11 09:00:00
6964,2011310N11066,2011-11-09 12:00:00,2011-11-10 12:00:00,2011-11-10 18:00:00,2011-11-11 00:00:00,2011-11-11 12:00:00
6965,2011330N06078,2011-11-25 12:00:00,2011-11-26 12:00:00,2011-11-26 18:00:00,2011-11-27 00:00:00,2011-11-27 12:00:00
6966,2011330N06078,2011-11-25 15:00:00,2011-11-26 15:00:00,2011-11-26 21:00:00,2011-11-27 03:00:00,2011-11-27 15:00:00
6967,2011330N06078,2011-11-25 18:00:00,2011-11-26 18:00:00,2011-11-27 00:00:00,2011-11-27 06:00:00,2011-11-27 18:00:00
6968,2011330N06078,2011-11-25 21:00:00,2011-11-26 21:00:00,2011-11-27 03:00:00,2011-11-27 09:00:00,2011-11-27 21:00:00
6969,2011330N06078,2011-11-26 00:00:00,2011-11-27 00:00:00,2011-11-27 06:00:00,2011-11-27 12:00:00,2011-11-28 00:00:00
6970,2011330N06078,2011-11-26 03:00:00,2011-11-27 03:00:00,2011-11-27 09:00:00,2011-11-27 15:00:00,2011-11-28 03:00:00
6971,2011330N06078,2011-11-26 06:00:00,2011-11-27 06:00:00,2011-11-27 12:00:00,2011-11-27 18:00:00,2011-11-28 06:00:00
6972,2011330N06078,2011-11-26 09:00:00,2011-11-27 09:00:00,2011-11-27 15:00:00,2011-11-27 21:00:00,2011-11-28 09:00:00
6973,2011330N06078,2011-11-26 12:00:00,2011-11-27 12:00:00,2011-11-27 18:00:00,2011-11-28 00:00:00,2011-11-28 12:00:00
6974,2011330N06078,2011-11-26 15:00:00,2011-11-27 15:00:00,2011-11-27 21:00:00,2011-11-28 03:00:00,2011-11-28 15:00:00
6975,2011330N06078,2011-11-26 18:00:00,2011-11-27 18:00:00,2011-11-28 00:00:00,2011-11-28 06:00:00,2011-11-28 18:00:00
6976,2011330N06078,2011-11-26 21:00:00,2011-11-27 21:00:00,2011-11-28 03:00:00,2011-11-28 09:00:00,2011-11-28 21:00:00
6977,2011330N06078,2011-11-27 00:00:00,2011-11-28 00:00:00,2011-11-28 06:00:00,2011-11-28 12:00:00,2011-11-29 00:00:00
6978,2011330N06078,2011-11-27 03:00:00,2011-11-28 03:00:00,2011-11-28 09:00:00,2011-11-28 15:00:00,2011-11-29 03:00:00
6979,2011330N06078,2011-11-27 06:00:00,2011-11-28 06:00:00,2011-11-28 12:00:00,2011-11-28 18:00:00,2011-11-29 06:00:00
6980,2011330N06078,2011-11-27 09:00:00,2011-11-28 09:00:00,2011-11-28 15:00:00,2011-11-28 21:00:00,2011-11-29 09:00:00
6981,2011330N06078,2011-11-27 12:00:00,2011-11-28 12:00:00,2011-11-28 18:00:00,2011-11-29 00:00:00,2011-11-29 12:00:00
6982,2011330N06078,2011-11-27 15:00:00,2011-11-28 15:00:00,2011-11-28 21:00:00,2011-11-29 03:00:00,2011-11-29 15:00:00
6983,2011330N06078,2011-11-27 18:00:00,2011-11-28 18:00:00,2011-11-29 00:00:00,2011-11-29 06:00:00,2011-11-29 18:00:00
6984,2011330N06078,2011-11-27 21:00:00,2011-11-28 21:00:00,2011-11-29 03:00:00,2011-11-29 09:00:00,2011-11-29 21:00:00
6985,2011330N06078,2011-11-28 00:00:00,2011-11-29 00:00:00,2011-11-29 06:00:00,2011-11-29 12:00:00,2011-11-30 00:00:00
6986,2011330N06078,2011-11-28 03:00:00,2011-11-29 03:00:00,2011-11-29 09:00:00,2011-11-29 15:00:00,2011-11-30 03:00:00
6987,2011330N06078,2011-11-28 06:00:00,2011-11-29 06:00:00,2011-11-29 12:00:00,2011-11-29 18:00:00,2011-11-30 06:00:00
6988,2011330N06078,2011-11-28 09:00:00,2011-11-29 09:00:00,2011-11-29 15:00:00,2011-11-29 21:00:00,2011-11-30 09:00:00
6989,2011330N06078,2011-11-28 12:00:00,2011-11-29 12:00:00,2011-11-29 18:00:00,2011-11-30 00:00:00,2011-11-30 12:00:00
6990,2011330N06078,2011-11-28 15:00:00,2011-11-29 15:00:00,2011-11-29 21:00:00,2011-11-30 03:00:00,2011-11-30 15:00:00
6991,2011330N06078,2011-11-28 18:00:00,2011-11-29 18:00:00,2011-11-30 00:00:00,2011-11-30 06:00:00,2011-11-30 18:00:00
6992,2011330N06078,2011-11-28 21:00:00,2011-11-29 21:00:00,2011-11-30 03:00:00,2011-11-30 09:00:00,2011-11-30 21:00:00
6993,2011330N06078,2011-11-29 00:00:00,2011-11-30 00:00:00,2011-11-30 06:00:00,2011-11-30 12:00:00,2011-12-01 00:00:00
6994,2011330N06078,2011-11-29 03:00:00,2011-11-30 03:00:00,2011-11-30 09:00:00,2011-11-30 15:00:00,2011-12-01 03:00:00
6995,2011330N06078,2011-11-29 06:00:00,2011-11-30 06:00:00,2011-11-30 12:00:00,2011-11-30 18:00:00,2011-12-01 06:00:00
6996,2011360N09088,2011-12-25 12:00:00,2011-12-26 12:00:00,2011-12-26 18:00:00,2011-12-27 00:00:00,2011-12-27 12:00:00
6997,2011360N09088,2011-12-25 15:00:00,2011-12-26 15:00:00,2011-12-26 21:00:00,2011-12-27 03:00:00,2011-12-27 15:00:00
6998,2011360N09088,2011-12-25 18:00:00,2011-12-26 18:00:00,2011-12-27 00:00:00,2011-12-27 06:00:00,2011-12-27 18:00:00
6999,2011360N09088,2011-12-25 21:00:00,2011-12-26 21:00:00,2011-12-27 03:00:00,2011-12-27 09:00:00,2011-12-27 21:00:00
7000,2011360N09088,2011-12-26 00:00:00,2011-12-27 00:00:00,2011-12-27 06:00:00,2011-12-27 12:00:00,2011-12-28 00:00:00
7001,2011360N09088,2011-12-26 03:00:00,2011-12-27 03:00:00,2011-12-27 09:00:00,2011-12-27 15:00:00,2011-12-28 03:00:00
7002,2011360N09088,2011-12-26 06:00:00,2011-12-27 06:00:00,2011-12-27 12:00:00,2011-12-27 18:00:00,2011-12-28 06:00:00
7003,2011360N09088,2011-12-26 09:00:00,2011-12-27 09:00:00,2011-12-27 15:00:00,2011-12-27 21:00:00,2011-12-28 09:00:00
7004,2011360N09088,2011-12-26 12:00:00,2011-12-27 12:00:00,2011-12-27 18:00:00,2011-12-28 00:00:00,2011-12-28 12:00:00
7005,2011360N09088,2011-12-26 15:00:00,2011-12-27 15:00:00,2011-12-27 21:00:00,2011-12-28 03:00:00,2011-12-28 15:00:00
7006,2011360N09088,2011-12-26 18:00:00,2011-12-27 18:00:00,2011-12-28 00:00:00,2011-12-28 06:00:00,2011-12-28 18:00:00
7007,2011360N09088,2011-12-26 21:00:00,2011-12-27 21:00:00,2011-12-28 03:00:00,2011-12-28 09:00:00,2011-12-28 21:00:00
7008,2011360N09088,2011-12-27 00:00:00,2011-12-28 00:00:00,2011-12-28 06:00:00,2011-12-28 12:00:00,2011-12-29 00:00:00
7009,2011360N09088,2011-12-27 03:00:00,2011-12-28 03:00:00,2011-12-28 09:00:00,2011-12-28 15:00:00,2011-12-29 03:00:00
7010,2011360N09088,2011-12-27 06:00:00,2011-12-28 06:00:00,2011-12-28 12:00:00,2011-12-28 18:00:00,2011-12-29 06:00:00
7011,2011360N09088,2011-12-27 09:00:00,2011-12-28 09:00:00,2011-12-28 15:00:00,2011-12-28 21:00:00,2011-12-29 09:00:00
7012,2011360N09088,2011-12-27 12:00:00,2011-12-28 12:00:00,2011-12-28 18:00:00,2011-12-29 00:00:00,2011-12-29 12:00:00
7013,2011360N09088,2011-12-27 15:00:00,2011-12-28 15:00:00,2011-12-28 21:00:00,2011-12-29 03:00:00,2011-12-29 15:00:00
7014,2011360N09088,2011-12-27 18:00:00,2011-12-28 18:00:00,2011-12-29 00:00:00,2011-12-29 06:00:00,2011-12-29 18:00:00
7015,2011360N09088,2011-12-27 21:00:00,2011-12-28 21:00:00,2011-12-29 03:00:00,2011-12-29 09:00:00,2011-12-29 21:00:00
7016,2011360N09088,2011-12-28 00:00:00,2011-12-29 00:00:00,2011-12-29 06:00:00,2011-12-29 12:00:00,2011-12-30 00:00:00
7017,2011360N09088,2011-12-28 03:00:00,2011-12-29 03:00:00,2011-12-29 09:00:00,2011-12-29 15:00:00,2011-12-30 03:00:00
7018,2011360N09088,2011-12-28 06:00:00,2011-12-29 06:00:00,2011-12-29 12:00:00,2011-12-29 18:00:00,2011-12-30 06:00:00
7019,2011360N09088,2011-12-28 09:00:00,2011-12-29 09:00:00,2011-12-29 15:00:00,2011-12-29 21:00:00,2011-12-30 09:00:00
7020,2011360N09088,2011-12-28 12:00:00,2011-12-29 12:00:00,2011-12-29 18:00:00,2011-12-30 00:00:00,2011-12-30 12:00:00
7021,2012301N11087,2012-10-27 06:00:00,2012-10-28 06:00:00,2012-10-28 12:00:00,2012-10-28 18:00:00,2012-10-29 06:00:00
7022,2012301N11087,2012-10-27 09:00:00,2012-10-28 09:00:00,2012-10-28 15:00:00,2012-10-28 21:00:00,2012-10-29 09:00:00
7023,2012301N11087,2012-10-27 12:00:00,2012-10-28 12:00:00,2012-10-28 18:00:00,2012-10-29 00:00:00,2012-10-29 12:00:00
7024,2012301N11087,2012-10-27 15:00:00,2012-10-28 15:00:00,2012-10-28 21:00:00,2012-10-29 03:00:00,2012-10-29 15:00:00
7025,2012301N11087,2012-10-27 18:00:00,2012-10-28 18:00:00,2012-10-29 00:00:00,2012-10-29 06:00:00,2012-10-29 18:00:00
7026,2012301N11087,2012-10-27 21:00:00,2012-10-28 21:00:00,2012-10-29 03:00:00,2012-10-29 09:00:00,2012-10-29 21:00:00
7027,2012301N11087,2012-10-28 00:00:00,2012-10-29 00:00:00,2012-10-29 06:00:00,2012-10-29 12:00:00,2012-10-30 00:00:00
7028,2012301N11087,2012-10-28 03:00:00,2012-10-29 03:00:00,2012-10-29 09:00:00,2012-10-29 15:00:00,2012-10-30 03:00:00
7029,2012301N11087,2012-10-28 06:00:00,2012-10-29 06:00:00,2012-10-29 12:00:00,2012-10-29 18:00:00,2012-10-30 06:00:00
7030,2012301N11087,2012-10-28 09:00:00,2012-10-29 09:00:00,2012-10-29 15:00:00,2012-10-29 21:00:00,2012-10-30 09:00:00
7031,2012301N11087,2012-10-28 12:00:00,2012-10-29 12:00:00,2012-10-29 18:00:00,2012-10-30 00:00:00,2012-10-30 12:00:00
7032,2012301N11087,2012-10-28 15:00:00,2012-10-29 15:00:00,2012-10-29 21:00:00,2012-10-30 03:00:00,2012-10-30 15:00:00
7033,2012301N11087,2012-10-28 18:00:00,2012-10-29 18:00:00,2012-10-30 00:00:00,2012-10-30 06:00:00,2012-10-30 18:00:00
7034,2012301N11087,2012-10-28 21:00:00,2012-10-29 21:00:00,2012-10-30 03:00:00,2012-10-30 09:00:00,2012-10-30 21:00:00
7035,2012301N11087,2012-10-29 00:00:00,2012-10-30 00:00:00,2012-10-30 06:00:00,2012-10-30 12:00:00,2012-10-31 00:00:00
7036,2012301N11087,2012-10-29 03:00:00,2012-10-30 03:00:00,2012-10-30 09:00:00,2012-10-30 15:00:00,2012-10-31 03:00:00
7037,2012301N11087,2012-10-29 06:00:00,2012-10-30 06:00:00,2012-10-30 12:00:00,2012-10-30 18:00:00,2012-10-31 06:00:00
7038,2012301N11087,2012-10-29 09:00:00,2012-10-30 09:00:00,2012-10-30 15:00:00,2012-10-30 21:00:00,2012-10-31 09:00:00
7039,2012301N11087,2012-10-29 12:00:00,2012-10-30 12:00:00,2012-10-30 18:00:00,2012-10-31 00:00:00,2012-10-31 12:00:00
7040,2012301N11087,2012-10-29 15:00:00,2012-10-30 15:00:00,2012-10-30 21:00:00,2012-10-31 03:00:00,2012-10-31 15:00:00
7041,2012301N11087,2012-10-29 18:00:00,2012-10-30 18:00:00,2012-10-31 00:00:00,2012-10-31 06:00:00,2012-10-31 18:00:00
7042,2012301N11087,2012-10-29 21:00:00,2012-10-30 21:00:00,2012-10-31 03:00:00,2012-10-31 09:00:00,2012-10-31 21:00:00
7043,2012301N11087,2012-10-30 00:00:00,2012-10-31 00:00:00,2012-10-31 06:00:00,2012-10-31 12:00:00,2012-11-01 00:00:00
7044,2012301N11087,2012-10-30 03:00:00,2012-10-31 03:00:00,2012-10-31 09:00:00,2012-10-31 15:00:00,2012-11-01 03:00:00
7045,2012301N11087,2012-10-30 06:00:00,2012-10-31 06:00:00,2012-10-31 12:00:00,2012-10-31 18:00:00,2012-11-01 06:00:00
7046,2012301N11087,2012-10-30 09:00:00,2012-10-31 09:00:00,2012-10-31 15:00:00,2012-10-31 21:00:00,2012-11-01 09:00:00
7047,2012301N11087,2012-10-30 12:00:00,2012-10-31 12:00:00,2012-10-31 18:00:00,2012-11-01 00:00:00,2012-11-01 12:00:00
7048,2012301N11087,2012-10-30 15:00:00,2012-10-31 15:00:00,2012-10-31 21:00:00,2012-11-01 03:00:00,2012-11-01 15:00:00
7049,2012301N11087,2012-10-30 18:00:00,2012-10-31 18:00:00,2012-11-01 00:00:00,2012-11-01 06:00:00,2012-11-01 18:00:00
7050,2012321N14090,2012-11-17 18:00:00,2012-11-18 18:00:00,2012-11-19 00:00:00,2012-11-19 06:00:00,2012-11-19 18:00:00
7051,2012321N14090,2012-11-17 21:00:00,2012-11-18 21:00:00,2012-11-19 03:00:00,2012-11-19 09:00:00,2012-11-19 21:00:00
7052,2012321N14090,2012-11-18 00:00:00,2012-11-19 00:00:00,2012-11-19 06:00:00,2012-11-19 12:00:00,2012-11-20 00:00:00
7053,2012321N14090,2012-11-18 03:00:00,2012-11-19 03:00:00,2012-11-19 09:00:00,2012-11-19 15:00:00,2012-11-20 03:00:00
7054,2012321N14090,2012-11-18 06:00:00,2012-11-19 06:00:00,2012-11-19 12:00:00,2012-11-19 18:00:00,2012-11-20 06:00:00
7055,2012321N14090,2012-11-18 09:00:00,2012-11-19 09:00:00,2012-11-19 15:00:00,2012-11-19 21:00:00,2012-11-20 09:00:00
7056,2012321N14090,2012-11-18 12:00:00,2012-11-19 12:00:00,2012-11-19 18:00:00,2012-11-20 00:00:00,2012-11-20 12:00:00
7057,2012321N14090,2012-11-18 15:00:00,2012-11-19 15:00:00,2012-11-19 21:00:00,2012-11-20 03:00:00,2012-11-20 15:00:00
7058,2012321N14090,2012-11-18 18:00:00,2012-11-19 18:00:00,2012-11-20 00:00:00,2012-11-20 06:00:00,2012-11-20 18:00:00
7059,2012321N14090,2012-11-18 21:00:00,2012-11-19 21:00:00,2012-11-20 03:00:00,2012-11-20 09:00:00,2012-11-20 21:00:00
7060,2012321N14090,2012-11-19 00:00:00,2012-11-20 00:00:00,2012-11-20 06:00:00,2012-11-20 12:00:00,2012-11-21 00:00:00
7061,2012321N14090,2012-11-19 03:00:00,2012-11-20 03:00:00,2012-11-20 09:00:00,2012-11-20 15:00:00,2012-11-21 03:00:00
7062,2012321N14090,2012-11-19 06:00:00,2012-11-20 06:00:00,2012-11-20 12:00:00,2012-11-20 18:00:00,2012-11-21 06:00:00
7063,2012321N14090,2012-11-19 09:00:00,2012-11-20 09:00:00,2012-11-20 15:00:00,2012-11-20 21:00:00,2012-11-21 09:00:00
7064,2012321N14090,2012-11-19 12:00:00,2012-11-20 12:00:00,2012-11-20 18:00:00,2012-11-21 00:00:00,2012-11-21 12:00:00
7065,2012321N14090,2012-11-19 15:00:00,2012-11-20 15:00:00,2012-11-20 21:00:00,2012-11-21 03:00:00,2012-11-21 15:00:00
7066,2012321N14090,2012-11-19 18:00:00,2012-11-20 18:00:00,2012-11-21 00:00:00,2012-11-21 06:00:00,2012-11-21 18:00:00
7067,2012321N14090,2012-11-19 21:00:00,2012-11-20 21:00:00,2012-11-21 03:00:00,2012-11-21 09:00:00,2012-11-21 21:00:00
7068,2012321N14090,2012-11-20 00:00:00,2012-11-21 00:00:00,2012-11-21 06:00:00,2012-11-21 12:00:00,2012-11-22 00:00:00
7069,2012321N14090,2012-11-20 03:00:00,2012-11-21 03:00:00,2012-11-21 09:00:00,2012-11-21 15:00:00,2012-11-22 03:00:00
7070,2012321N14090,2012-11-20 06:00:00,2012-11-21 06:00:00,2012-11-21 12:00:00,2012-11-21 18:00:00,2012-11-22 06:00:00
7071,2012321N14090,2012-11-20 09:00:00,2012-11-21 09:00:00,2012-11-21 15:00:00,2012-11-21 21:00:00,2012-11-22 09:00:00
7072,2012321N14090,2012-11-20 12:00:00,2012-11-21 12:00:00,2012-11-21 18:00:00,2012-11-22 00:00:00,2012-11-22 12:00:00
7073,2012321N14090,2012-11-20 15:00:00,2012-11-21 15:00:00,2012-11-21 21:00:00,2012-11-22 03:00:00,2012-11-22 15:00:00
7074,2012321N14090,2012-11-20 18:00:00,2012-11-21 18:00:00,2012-11-22 00:00:00,2012-11-22 06:00:00,2012-11-22 18:00:00
7075,2012321N14090,2012-11-20 21:00:00,2012-11-21 21:00:00,2012-11-22 03:00:00,2012-11-22 09:00:00,2012-11-22 21:00:00
7076,2012321N14090,2012-11-21 00:00:00,2012-11-22 00:00:00,2012-11-22 06:00:00,2012-11-22 12:00:00,2012-11-23 00:00:00
7077,2012321N14090,2012-11-21 03:00:00,2012-11-22 03:00:00,2012-11-22 09:00:00,2012-11-22 15:00:00,2012-11-23 03:00:00
7078,2012321N14090,2012-11-21 06:00:00,2012-11-22 06:00:00,2012-11-22 12:00:00,2012-11-22 18:00:00,2012-11-23 06:00:00
7079,2012357N09064,2012-12-22 18:00:00,2012-12-23 18:00:00,2012-12-24 00:00:00,2012-12-24 06:00:00,2012-12-24 18:00:00
7080,2012357N09064,2012-12-22 21:00:00,2012-12-23 21:00:00,2012-12-24 03:00:00,2012-12-24 09:00:00,2012-12-24 21:00:00
7081,2012357N09064,2012-12-23 00:00:00,2012-12-24 00:00:00,2012-12-24 06:00:00,2012-12-24 12:00:00,2012-12-25 00:00:00
7082,2013130N04093,2013-05-09 18:00:00,2013-05-10 18:00:00,2013-05-11 00:00:00,2013-05-11 06:00:00,2013-05-11 18:00:00
7083,2013130N04093,2013-05-09 21:00:00,2013-05-10 21:00:00,2013-05-11 03:00:00,2013-05-11 09:00:00,2013-05-11 21:00:00
7084,2013130N04093,2013-05-10 00:00:00,2013-05-11 00:00:00,2013-05-11 06:00:00,2013-05-11 12:00:00,2013-05-12 00:00:00
7085,2013130N04093,2013-05-10 03:00:00,2013-05-11 03:00:00,2013-05-11 09:00:00,2013-05-11 15:00:00,2013-05-12 03:00:00
7086,2013130N04093,2013-05-10 06:00:00,2013-05-11 06:00:00,2013-05-11 12:00:00,2013-05-11 18:00:00,2013-05-12 06:00:00
7087,2013130N04093,2013-05-10 09:00:00,2013-05-11 09:00:00,2013-05-11 15:00:00,2013-05-11 21:00:00,2013-05-12 09:00:00
7088,2013130N04093,2013-05-10 12:00:00,2013-05-11 12:00:00,2013-05-11 18:00:00,2013-05-12 00:00:00,2013-05-12 12:00:00
7089,2013130N04093,2013-05-10 15:00:00,2013-05-11 15:00:00,2013-05-11 21:00:00,2013-05-12 03:00:00,2013-05-12 15:00:00
7090,2013130N04093,2013-05-10 18:00:00,2013-05-11 18:00:00,2013-05-12 00:00:00,2013-05-12 06:00:00,2013-05-12 18:00:00
7091,2013130N04093,2013-05-10 21:00:00,2013-05-11 21:00:00,2013-05-12 03:00:00,2013-05-12 09:00:00,2013-05-12 21:00:00
7092,2013130N04093,2013-05-11 00:00:00,2013-05-12 00:00:00,2013-05-12 06:00:00,2013-05-12 12:00:00,2013-05-13 00:00:00
7093,2013130N04093,2013-05-11 03:00:00,2013-05-12 03:00:00,2013-05-12 09:00:00,2013-05-12 15:00:00,2013-05-13 03:00:00
7094,2013130N04093,2013-05-11 06:00:00,2013-05-12 06:00:00,2013-05-12 12:00:00,2013-05-12 18:00:00,2013-05-13 06:00:00
7095,2013130N04093,2013-05-11 09:00:00,2013-05-12 09:00:00,2013-05-12 15:00:00,2013-05-12 21:00:00,2013-05-13 09:00:00
7096,2013130N04093,2013-05-11 12:00:00,2013-05-12 12:00:00,2013-05-12 18:00:00,2013-05-13 00:00:00,2013-05-13 12:00:00
7097,2013130N04093,2013-05-11 15:00:00,2013-05-12 15:00:00,2013-05-12 21:00:00,2013-05-13 03:00:00,2013-05-13 15:00:00
7098,2013130N04093,2013-05-11 18:00:00,2013-05-12 18:00:00,2013-05-13 00:00:00,2013-05-13 06:00:00,2013-05-13 18:00:00
7099,2013130N04093,2013-05-11 21:00:00,2013-05-12 21:00:00,2013-05-13 03:00:00,2013-05-13 09:00:00,2013-05-13 21:00:00
7100,2013130N04093,2013-05-12 00:00:00,2013-05-13 00:00:00,2013-05-13 06:00:00,2013-05-13 12:00:00,2013-05-14 00:00:00
7101,2013130N04093,2013-05-12 03:00:00,2013-05-13 03:00:00,2013-05-13 09:00:00,2013-05-13 15:00:00,2013-05-14 03:00:00
7102,2013130N04093,2013-05-12 06:00:00,2013-05-13 06:00:00,2013-05-13 12:00:00,2013-05-13 18:00:00,2013-05-14 06:00:00
7103,2013130N04093,2013-05-12 09:00:00,2013-05-13 09:00:00,2013-05-13 15:00:00,2013-05-13 21:00:00,2013-05-14 09:00:00
7104,2013130N04093,2013-05-12 12:00:00,2013-05-13 12:00:00,2013-05-13 18:00:00,2013-05-14 00:00:00,2013-05-14 12:00:00
7105,2013130N04093,2013-05-12 15:00:00,2013-05-13 15:00:00,2013-05-13 21:00:00,2013-05-14 03:00:00,2013-05-14 15:00:00
7106,2013130N04093,2013-05-12 18:00:00,2013-05-13 18:00:00,2013-05-14 00:00:00,2013-05-14 06:00:00,2013-05-14 18:00:00
7107,2013130N04093,2013-05-12 21:00:00,2013-05-13 21:00:00,2013-05-14 03:00:00,2013-05-14 09:00:00,2013-05-14 21:00:00
7108,2013130N04093,2013-05-13 00:00:00,2013-05-14 00:00:00,2013-05-14 06:00:00,2013-05-14 12:00:00,2013-05-15 00:00:00
7109,2013130N04093,2013-05-13 03:00:00,2013-05-14 03:00:00,2013-05-14 09:00:00,2013-05-14 15:00:00,2013-05-15 03:00:00
7110,2013130N04093,2013-05-13 06:00:00,2013-05-14 06:00:00,2013-05-14 12:00:00,2013-05-14 18:00:00,2013-05-15 06:00:00
7111,2013130N04093,2013-05-13 09:00:00,2013-05-14 09:00:00,2013-05-14 15:00:00,2013-05-14 21:00:00,2013-05-15 09:00:00
7112,2013130N04093,2013-05-13 12:00:00,2013-05-14 12:00:00,2013-05-14 18:00:00,2013-05-15 00:00:00,2013-05-15 12:00:00
7113,2013130N04093,2013-05-13 15:00:00,2013-05-14 15:00:00,2013-05-14 21:00:00,2013-05-15 03:00:00,2013-05-15 15:00:00
7114,2013130N04093,2013-05-13 18:00:00,2013-05-14 18:00:00,2013-05-15 00:00:00,2013-05-15 06:00:00,2013-05-15 18:00:00
7115,2013130N04093,2013-05-13 21:00:00,2013-05-14 21:00:00,2013-05-15 03:00:00,2013-05-15 09:00:00,2013-05-15 21:00:00
7116,2013130N04093,2013-05-14 00:00:00,2013-05-15 00:00:00,2013-05-15 06:00:00,2013-05-15 12:00:00,2013-05-16 00:00:00
7117,2013130N04093,2013-05-14 03:00:00,2013-05-15 03:00:00,2013-05-15 09:00:00,2013-05-15 15:00:00,2013-05-16 03:00:00
7118,2013130N04093,2013-05-14 06:00:00,2013-05-15 06:00:00,2013-05-15 12:00:00,2013-05-15 18:00:00,2013-05-16 06:00:00
7119,2013130N04093,2013-05-14 09:00:00,2013-05-15 09:00:00,2013-05-15 15:00:00,2013-05-15 21:00:00,2013-05-16 09:00:00
7120,2013130N04093,2013-05-14 12:00:00,2013-05-15 12:00:00,2013-05-15 18:00:00,2013-05-16 00:00:00,2013-05-16 12:00:00
7121,2013130N04093,2013-05-14 15:00:00,2013-05-15 15:00:00,2013-05-15 21:00:00,2013-05-16 03:00:00,2013-05-16 15:00:00
7122,2013130N04093,2013-05-14 18:00:00,2013-05-15 18:00:00,2013-05-16 00:00:00,2013-05-16 06:00:00,2013-05-16 18:00:00
7123,2013149N21090,2013-05-29 03:00:00,2013-05-30 03:00:00,2013-05-30 09:00:00,2013-05-30 15:00:00,2013-05-31 03:00:00
7124,2013149N21090,2013-05-29 06:00:00,2013-05-30 06:00:00,2013-05-30 12:00:00,2013-05-30 18:00:00,2013-05-31 06:00:00
7125,2013149N21090,2013-05-29 09:00:00,2013-05-30 09:00:00,2013-05-30 15:00:00,2013-05-30 21:00:00,2013-05-31 09:00:00
7126,2013232N22088,2013-08-20 00:00:00,2013-08-21 00:00:00,2013-08-21 06:00:00,2013-08-21 12:00:00,2013-08-22 00:00:00
7127,2013232N22088,2013-08-20 03:00:00,2013-08-21 03:00:00,2013-08-21 09:00:00,2013-08-21 15:00:00,2013-08-22 03:00:00
7128,2013232N22088,2013-08-20 06:00:00,2013-08-21 06:00:00,2013-08-21 12:00:00,2013-08-21 18:00:00,2013-08-22 06:00:00
7129,2013232N22088,2013-08-20 09:00:00,2013-08-21 09:00:00,2013-08-21 15:00:00,2013-08-21 21:00:00,2013-08-22 09:00:00
7130,2013232N22088,2013-08-20 12:00:00,2013-08-21 12:00:00,2013-08-21 18:00:00,2013-08-22 00:00:00,2013-08-22 12:00:00
7131,2013232N22088,2013-08-20 15:00:00,2013-08-21 15:00:00,2013-08-21 21:00:00,2013-08-22 03:00:00,2013-08-22 15:00:00
7132,2013232N22088,2013-08-20 18:00:00,2013-08-21 18:00:00,2013-08-22 00:00:00,2013-08-22 06:00:00,2013-08-22 18:00:00
7133,2013232N22088,2013-08-20 21:00:00,2013-08-21 21:00:00,2013-08-22 03:00:00,2013-08-22 09:00:00,2013-08-22 21:00:00
7134,2013232N22088,2013-08-21 00:00:00,2013-08-22 00:00:00,2013-08-22 06:00:00,2013-08-22 12:00:00,2013-08-23 00:00:00
7135,2013281N12098,2013-10-07 12:00:00,2013-10-08 12:00:00,2013-10-08 18:00:00,2013-10-09 00:00:00,2013-10-09 12:00:00
7136,2013281N12098,2013-10-07 15:00:00,2013-10-08 15:00:00,2013-10-08 21:00:00,2013-10-09 03:00:00,2013-10-09 15:00:00
7137,2013281N12098,2013-10-07 18:00:00,2013-10-08 18:00:00,2013-10-09 00:00:00,2013-10-09 06:00:00,2013-10-09 18:00:00
7138,2013281N12098,2013-10-07 21:00:00,2013-10-08 21:00:00,2013-10-09 03:00:00,2013-10-09 09:00:00,2013-10-09 21:00:00
7139,2013281N12098,2013-10-08 00:00:00,2013-10-09 00:00:00,2013-10-09 06:00:00,2013-10-09 12:00:00,2013-10-10 00:00:00
7140,2013281N12098,2013-10-08 03:00:00,2013-10-09 03:00:00,2013-10-09 09:00:00,2013-10-09 15:00:00,2013-10-10 03:00:00
7141,2013281N12098,2013-10-08 06:00:00,2013-10-09 06:00:00,2013-10-09 12:00:00,2013-10-09 18:00:00,2013-10-10 06:00:00
7142,2013281N12098,2013-10-08 09:00:00,2013-10-09 09:00:00,2013-10-09 15:00:00,2013-10-09 21:00:00,2013-10-10 09:00:00
7143,2013281N12098,2013-10-08 12:00:00,2013-10-09 12:00:00,2013-10-09 18:00:00,2013-10-10 00:00:00,2013-10-10 12:00:00
7144,2013281N12098,2013-10-08 15:00:00,2013-10-09 15:00:00,2013-10-09 21:00:00,2013-10-10 03:00:00,2013-10-10 15:00:00
7145,2013281N12098,2013-10-08 18:00:00,2013-10-09 18:00:00,2013-10-10 00:00:00,2013-10-10 06:00:00,2013-10-10 18:00:00
7146,2013281N12098,2013-10-08 21:00:00,2013-10-09 21:00:00,2013-10-10 03:00:00,2013-10-10 09:00:00,2013-10-10 21:00:00
7147,2013281N12098,2013-10-09 00:00:00,2013-10-10 00:00:00,2013-10-10 06:00:00,2013-10-10 12:00:00,2013-10-11 00:00:00
7148,2013281N12098,2013-10-09 03:00:00,2013-10-10 03:00:00,2013-10-10 09:00:00,2013-10-10 15:00:00,2013-10-11 03:00:00
7149,2013281N12098,2013-10-09 06:00:00,2013-10-10 06:00:00,2013-10-10 12:00:00,2013-10-10 18:00:00,2013-10-11 06:00:00
7150,2013281N12098,2013-10-09 09:00:00,2013-10-10 09:00:00,2013-10-10 15:00:00,2013-10-10 21:00:00,2013-10-11 09:00:00
7151,2013281N12098,2013-10-09 12:00:00,2013-10-10 12:00:00,2013-10-10 18:00:00,2013-10-11 00:00:00,2013-10-11 12:00:00
7152,2013281N12098,2013-10-09 15:00:00,2013-10-10 15:00:00,2013-10-10 21:00:00,2013-10-11 03:00:00,2013-10-11 15:00:00
7153,2013281N12098,2013-10-09 18:00:00,2013-10-10 18:00:00,2013-10-11 00:00:00,2013-10-11 06:00:00,2013-10-11 18:00:00
7154,2013281N12098,2013-10-09 21:00:00,2013-10-10 21:00:00,2013-10-11 03:00:00,2013-10-11 09:00:00,2013-10-11 21:00:00
7155,2013281N12098,2013-10-10 00:00:00,2013-10-11 00:00:00,2013-10-11 06:00:00,2013-10-11 12:00:00,2013-10-12 00:00:00
7156,2013281N12098,2013-10-10 03:00:00,2013-10-11 03:00:00,2013-10-11 09:00:00,2013-10-11 15:00:00,2013-10-12 03:00:00
7157,2013281N12098,2013-10-10 06:00:00,2013-10-11 06:00:00,2013-10-11 12:00:00,2013-10-11 18:00:00,2013-10-12 06:00:00
7158,2013281N12098,2013-10-10 09:00:00,2013-10-11 09:00:00,2013-10-11 15:00:00,2013-10-11 21:00:00,2013-10-12 09:00:00
7159,2013281N12098,2013-10-10 12:00:00,2013-10-11 12:00:00,2013-10-11 18:00:00,2013-10-12 00:00:00,2013-10-12 12:00:00
7160,2013281N12098,2013-10-10 15:00:00,2013-10-11 15:00:00,2013-10-11 21:00:00,2013-10-12 03:00:00,2013-10-12 15:00:00
7161,2013281N12098,2013-10-10 18:00:00,2013-10-11 18:00:00,2013-10-12 00:00:00,2013-10-12 06:00:00,2013-10-12 18:00:00
7162,2013281N12098,2013-10-10 21:00:00,2013-10-11 21:00:00,2013-10-12 03:00:00,2013-10-12 09:00:00,2013-10-12 21:00:00
7163,2013281N12098,2013-10-11 00:00:00,2013-10-12 00:00:00,2013-10-12 06:00:00,2013-10-12 12:00:00,2013-10-13 00:00:00
7164,2013281N12098,2013-10-11 03:00:00,2013-10-12 03:00:00,2013-10-12 09:00:00,2013-10-12 15:00:00,2013-10-13 03:00:00
7165,2013281N12098,2013-10-11 06:00:00,2013-10-12 06:00:00,2013-10-12 12:00:00,2013-10-12 18:00:00,2013-10-13 06:00:00
7166,2013281N12098,2013-10-11 09:00:00,2013-10-12 09:00:00,2013-10-12 15:00:00,2013-10-12 21:00:00,2013-10-13 09:00:00
7167,2013281N12098,2013-10-11 12:00:00,2013-10-12 12:00:00,2013-10-12 18:00:00,2013-10-13 00:00:00,2013-10-13 12:00:00
7168,2013281N12098,2013-10-11 15:00:00,2013-10-12 15:00:00,2013-10-12 21:00:00,2013-10-13 03:00:00,2013-10-13 15:00:00
7169,2013281N12098,2013-10-11 18:00:00,2013-10-12 18:00:00,2013-10-13 00:00:00,2013-10-13 06:00:00,2013-10-13 18:00:00
7170,2013281N12098,2013-10-11 21:00:00,2013-10-12 21:00:00,2013-10-13 03:00:00,2013-10-13 09:00:00,2013-10-13 21:00:00
7171,2013281N12098,2013-10-12 00:00:00,2013-10-13 00:00:00,2013-10-13 06:00:00,2013-10-13 12:00:00,2013-10-14 00:00:00
7172,2013281N12098,2013-10-12 03:00:00,2013-10-13 03:00:00,2013-10-13 09:00:00,2013-10-13 15:00:00,2013-10-14 03:00:00
7173,2013281N12098,2013-10-12 06:00:00,2013-10-13 06:00:00,2013-10-13 12:00:00,2013-10-13 18:00:00,2013-10-14 06:00:00
