cyclone_id,t_zero,t_minus_24h,t_plus_24h,origin_lat,origin_lon,origin_wind,target_6h_lat,target_6h_lon,target_6h_wind,target_12h_lat,target_12h_lon,target_12h_wind,target_24h_lat,target_24h_lon,target_24h_wind,quality_status,quality_detail,source_split,original_sample_index
2013130N04093,2013-05-11 09:00:00,2013-05-10 09:00:00,2013-05-12 09:00:00,7.9,89.7,64.8,8.7,88.8,74.1,9.4,88.3,74.1,10.3,87.1,74.1,CLEAN,CLEAN,train,5
2013130N04093,2013-05-11 12:00:00,2013-05-10 12:00:00,2013-05-12 12:00:00,8.3,89.2,74.1,9.1,88.7,74.1,9.8,87.9,74.1,10.4,87.0,74.1,CLEAN,CLEAN,train,6
2013130N04093,2013-05-11 15:00:00,2013-05-10 15:00:00,2013-05-12 15:00:00,8.7,88.8,74.1,9.4,88.3,74.1,9.8,87.5,74.1,10.5,86.7,74.1,CLEAN,CLEAN,train,7
2013130N04093,2013-05-11 18:00:00,2013-05-10 18:00:00,2013-05-12 18:00:00,9.1,88.7,74.1,9.8,87.9,74.1,10.0,87.5,74.1,10.9,86.6,74.1,CLEAN,CLEAN,train,8
2013130N04093,2013-05-11 21:00:00,2013-05-10 21:00:00,2013-05-12 21:00:00,9.4,88.3,74.1,9.8,87.5,74.1,10.3,87.1,74.1,11.0,86.5,74.1,CLEAN,CLEAN,train,9
2013130N04093,2013-05-12 00:00:00,2013-05-11 00:00:00,2013-05-13 00:00:00,9.8,87.9,74.1,10.0,87.5,74.1,10.4,87.0,74.1,11.5,86.5,74.1,CLEAN,CLEAN,train,10
2013130N04093,2013-05-12 03:00:00,2013-05-11 03:00:00,2013-05-13 03:00:00,9.8,87.5,74.1,10.3,87.1,74.1,10.5,86.7,74.1,11.8,86.4,74.1,CLEAN,CLEAN,train,11
2013130N04093,2013-05-12 06:00:00,2013-05-11 06:00:00,2013-05-13 06:00:00,10.0,87.5,74.1,10.4,87.0,74.1,10.9,86.6,74.1,12.0,86.4,74.1,CLEAN,CLEAN,train,12
2013130N04093,2013-05-12 09:00:00,2013-05-11 09:00:00,2013-05-13 09:00:00,10.3,87.1,74.1,10.5,86.7,74.1,11.0,86.5,74.1,12.0,85.9,74.1,CLEAN,CLEAN,train,13
2013130N04093,2013-05-12 12:00:00,2013-05-11 12:00:00,2013-05-13 12:00:00,10.4,87.0,74.1,10.9,86.6,74.1,11.5,86.5,74.1,12.2,85.8,74.1,CLEAN,CLEAN,train,14
2013130N04093,2013-05-12 15:00:00,2013-05-11 15:00:00,2013-05-13 15:00:00,10.5,86.7,74.1,11.0,86.5,74.1,11.8,86.4,74.1,12.6,85.7,74.1,CLEAN,CLEAN,train,15
2013130N04093,2013-05-12 18:00:00,2013-05-11 18:00:00,2013-05-13 18:00:00,10.9,86.6,74.1,11.5,86.5,74.1,12.0,86.4,74.1,12.8,85.5,74.1,CLEAN,CLEAN,train,16
2013130N04093,2013-05-12 21:00:00,2013-05-11 21:00:00,2013-05-13 21:00:00,11.0,86.5,74.1,11.8,86.4,74.1,12.0,85.9,74.1,13.2,85.4,74.1,CLEAN,CLEAN,train,17
2013130N04093,2013-05-13 00:00:00,2013-05-12 00:00:00,2013-05-14 00:00:00,11.5,86.5,74.1,12.0,86.4,74.1,12.2,85.8,74.1,13.6,85.5,74.1,CLEAN,CLEAN,train,18
2013130N04093,2013-05-13 03:00:00,2013-05-12 03:00:00,2013-05-14 03:00:00,11.8,86.4,74.1,12.0,85.9,74.1,12.6,85.7,74.1,13.7,85.5,74.1,CLEAN,CLEAN,train,19
2013130N04093,2013-05-13 06:00:00,2013-05-12 06:00:00,2013-05-14 06:00:00,12.0,86.4,74.1,12.2,85.8,74.1,12.8,85.5,74.1,14.1,85.7,74.1,CLEAN,CLEAN,train,20
2013130N04093,2013-05-13 09:00:00,2013-05-12 09:00:00,2013-05-14 09:00:00,12.0,85.9,74.1,12.6,85.7,74.1,13.2,85.4,74.1,14.2,85.7,74.1,CLEAN,CLEAN,train,21
2013130N04093,2013-05-13 12:00:00,2013-05-12 12:00:00,2013-05-14 12:00:00,12.2,85.8,74.1,12.8,85.5,74.1,13.6,85.5,74.1,14.6,86.1,74.1,CLEAN,CLEAN,train,22
2013130N04093,2013-05-13 15:00:00,2013-05-12 15:00:00,2013-05-14 15:00:00,12.6,85.7,74.1,13.2,85.4,74.1,13.7,85.5,74.1,14.8,86.2,74.1,CLEAN,CLEAN,train,23
2013130N04093,2013-05-13 18:00:00,2013-05-12 18:00:00,2013-05-14 18:00:00,12.8,85.5,74.1,13.6,85.5,74.1,14.1,85.7,74.1,15.3,86.6,74.1,CLEAN,CLEAN,train,24
2013130N04093,2013-05-13 21:00:00,2013-05-12 21:00:00,2013-05-14 21:00:00,13.2,85.4,74.1,13.7,85.5,74.1,14.2,85.7,74.1,15.8,86.7,74.1,CLEAN,CLEAN,train,25
2013130N04093,2013-05-14 00:00:00,2013-05-13 00:00:00,2013-05-15 00:00:00,13.6,85.5,74.1,14.1,85.7,74.1,14.6,86.1,74.1,16.3,87.1,74.1,CLEAN,CLEAN,train,26
2013130N04093,2013-05-14 03:00:00,2013-05-13 03:00:00,2013-05-15 03:00:00,13.7,85.5,74.1,14.2,85.7,74.1,14.8,86.2,74.1,16.7,87.2,74.1,CLEAN,CLEAN,train,27
2013130N04093,2013-05-14 06:00:00,2013-05-13 06:00:00,2013-05-15 06:00:00,14.1,85.7,74.1,14.6,86.1,74.1,15.3,86.6,74.1,17.3,87.6,83.3,CLEAN,CLEAN,train,28
2013130N04093,2013-05-14 09:00:00,2013-05-13 09:00:00,2013-05-15 09:00:00,14.2,85.7,74.1,14.8,86.2,74.1,15.8,86.7,74.1,17.7,87.7,83.3,CLEAN,CLEAN,train,29
2013130N04093,2013-05-14 12:00:00,2013-05-13 12:00:00,2013-05-15 12:00:00,14.6,86.1,74.1,15.3,86.6,74.1,16.3,87.1,74.1,18.3,88.2,83.3,CLEAN,CLEAN,train,30
2013130N04093,2013-05-14 15:00:00,2013-05-13 15:00:00,2013-05-15 15:00:00,14.8,86.2,74.1,15.8,86.7,74.1,16.7,87.2,74.1,18.8,88.6,83.3,CLEAN,CLEAN,train,31
2013130N04093,2013-05-14 18:00:00,2013-05-13 18:00:00,2013-05-15 18:00:00,15.3,86.6,74.1,16.3,87.1,74.1,17.3,87.6,83.3,19.3,88.8,83.3,CLEAN,CLEAN,train,32
2013130N04093,2013-05-14 21:00:00,2013-05-13 21:00:00,2013-05-15 21:00:00,15.8,86.7,74.1,16.7,87.2,74.1,17.7,87.7,83.3,19.8,89.2,83.3,CLEAN,CLEAN,train,33
2013130N04093,2013-05-15 00:00:00,2013-05-14 00:00:00,2013-05-16 00:00:00,16.3,87.1,74.1,17.3,87.6,83.3,18.3,88.2,83.3,20.4,89.7,83.3,CLEAN,CLEAN,train,34
2013130N04093,2013-05-15 03:00:00,2013-05-14 03:00:00,2013-05-16 03:00:00,16.7,87.2,74.1,17.7,87.7,83.3,18.8,88.6,83.3,21.2,90.2,83.3,CLEAN,CLEAN,train,35
2013130N04093,2013-05-15 06:00:00,2013-05-14 06:00:00,2013-05-16 06:00:00,17.3,87.6,83.3,18.3,88.2,83.3,19.3,88.8,83.3,22.5,91.0,83.3,CLEAN,CLEAN,train,36
2013130N04093,2013-05-15 09:00:00,2013-05-14 09:00:00,2013-05-16 09:00:00,17.7,87.7,83.3,18.8,88.6,83.3,19.8,89.2,83.3,23.4,91.9,74.1,CLEAN,CLEAN,train,37
2013130N04093,2013-05-15 12:00:00,2013-05-14 12:00:00,2013-05-16 12:00:00,18.3,88.2,83.3,19.3,88.8,83.3,20.4,89.7,83.3,24.1,92.5,55.6,CLEAN,CLEAN,train,38
2013130N04093,2013-05-15 15:00:00,2013-05-14 15:00:00,2013-05-16 15:00:00,18.8,88.6,83.3,19.8,89.2,83.3,21.2,90.2,83.3,24.5,93.0,51.9,CLEAN,CLEAN,train,39
2013130N04093,2013-05-15 18:00:00,2013-05-14 18:00:00,2013-05-16 18:00:00,19.3,88.8,83.3,20.4,89.7,83.3,22.5,91.0,83.3,25.0,93.5,46.3,CLEAN,CLEAN,train,40
2013281N12098,2013-10-09 03:00:00,2013-10-08 03:00:00,2013-10-10 03:00:00,13.2,93.3,55.6,13.5,92.5,55.6,13.7,92.3,64.8,14.6,91.0,101.9,CLEAN,CLEAN,train,46
2013281N12098,2013-10-09 06:00:00,2013-10-08 06:00:00,2013-10-10 06:00:00,13.2,92.9,55.6,13.6,92.4,64.8,14.0,91.9,74.1,15.0,90.7,120.4,CLEAN,CLEAN,train,47
2013281N12098,2013-10-09 09:00:00,2013-10-08 09:00:00,2013-10-10 09:00:00,13.5,92.5,55.6,13.7,92.3,64.8,14.1,91.8,83.3,15.1,90.5,129.6,CLEAN,CLEAN,train,48
2013281N12098,2013-10-09 12:00:00,2013-10-08 12:00:00,2013-10-10 12:00:00,13.6,92.4,64.8,14.0,91.9,74.1,14.5,91.4,83.3,15.4,90.1,138.9,CLEAN,CLEAN,train,49
2013281N12098,2013-10-09 15:00:00,2013-10-08 15:00:00,2013-10-10 15:00:00,13.7,92.3,64.8,14.1,91.8,83.3,14.6,91.0,101.9,15.5,89.9,166.7,CLEAN,CLEAN,train,50
2013281N12098,2013-10-09 18:00:00,2013-10-08 18:00:00,2013-10-10 18:00:00,14.0,91.9,74.1,14.5,91.4,83.3,15.0,90.7,120.4,15.6,89.5,175.9,CLEAN,CLEAN,train,51
2013281N12098,2013-10-09 21:00:00,2013-10-08 21:00:00,2013-10-10 21:00:00,14.1,91.8,83.3,14.6,91.0,101.9,15.1,90.5,129.6,15.6,89.0,185.2,CLEAN,CLEAN,train,52
2013281N12098,2013-10-10 00:00:00,2013-10-09 00:00:00,2013-10-11 00:00:00,14.5,91.4,83.3,15.0,90.7,120.4,15.4,90.1,138.9,15.9,88.6,203.7,CLEAN,CLEAN,train,53
2013281N12098,2013-10-10 03:00:00,2013-10-09 03:00:00,2013-10-11 03:00:00,14.6,91.0,101.9,15.1,90.5,129.6,15.5,89.9,166.7,15.9,88.5,213.0,CLEAN,CLEAN,train,54
2013281N12098,2013-10-10 06:00:00,2013-10-09 06:00:00,2013-10-11 06:00:00,15.0,90.7,120.4,15.4,90.1,138.9,15.6,89.5,175.9,16.2,88.3,213.0,CLEAN,CLEAN,train,55
2013281N12098,2013-10-10 09:00:00,2013-10-09 09:00:00,2013-10-11 09:00:00,15.1,90.5,129.6,15.5,89.9,166.7,15.6,89.0,185.2,16.5,88.0,213.0,CLEAN,CLEAN,train,56
2013281N12098,2013-10-10 12:00:00,2013-10-09 12:00:00,2013-10-11 12:00:00,15.4,90.1,138.9,15.6,89.5,175.9,15.9,88.6,203.7,16.8,87.7,213.0,CLEAN,CLEAN,train,57
2013281N12098,2013-10-10 15:00:00,2013-10-09 15:00:00,2013-10-11 15:00:00,15.5,89.9,166.7,15.6,89.0,185.2,15.9,88.5,213.0,16.8,87.3,213.0,CLEAN,CLEAN,train,58
2013281N12098,2013-10-10 18:00:00,2013-10-09 18:00:00,2013-10-11 18:00:00,15.6,89.5,175.9,15.9,88.6,203.7,16.2,88.3,213.0,16.9,87.0,213.0,CLEAN,CLEAN,train,59
2013281N12098,2013-10-10 21:00:00,2013-10-09 21:00:00,2013-10-11 21:00:00,15.6,89.0,185.2,15.9,88.5,213.0,16.5,88.0,213.0,17.1,86.7,213.0,CLEAN,CLEAN,train,60
2013281N12098,2013-10-11 00:00:00,2013-10-10 00:00:00,2013-10-12 00:00:00,15.9,88.6,203.7,16.2,88.3,213.0,16.8,87.7,213.0,17.5,86.5,213.0,CLEAN,CLEAN,train,61
2013281N12098,2013-10-11 03:00:00,2013-10-10 03:00:00,2013-10-12 03:00:00,15.9,88.5,213.0,16.5,88.0,213.0,16.8,87.3,213.0,17.7,86.0,213.0,CLEAN,CLEAN,train,62
2013281N12098,2013-10-11 06:00:00,2013-10-10 06:00:00,2013-10-12 06:00:00,16.2,88.3,213.0,16.8,87.7,213.0,16.9,87.0,213.0,18.1,85.8,213.0,CLEAN,CLEAN,train,63
2013281N12098,2013-10-11 09:00:00,2013-10-10 09:00:00,2013-10-12 09:00:00,16.5,88.0,213.0,16.8,87.3,213.0,17.1,86.7,213.0,18.5,85.4,213.0,CLEAN,CLEAN,train,64
2013281N12098,2013-10-11 12:00:00,2013-10-10 12:00:00,2013-10-12 12:00:00,16.8,87.7,213.0,16.9,87.0,213.0,17.5,86.5,213.0,18.7,85.2,213.0,CLEAN,CLEAN,train,65
2013281N12098,2013-10-11 15:00:00,2013-10-10 15:00:00,2013-10-12 15:00:00,16.8,87.3,213.0,17.1,86.7,213.0,17.7,86.0,213.0,19.1,85.1,213.0,CLEAN,CLEAN,train,66
2013281N12098,2013-10-11 18:00:00,2013-10-10 18:00:00,2013-10-12 18:00:00,16.9,87.0,213.0,17.5,86.5,213.0,18.1,85.8,213.0,19.5,84.9,185.2,CLEAN,CLEAN,train,67
2013281N12098,2013-10-11 21:00:00,2013-10-10 21:00:00,2013-10-12 21:00:00,17.1,86.7,213.0,17.7,86.0,213.0,18.5,85.4,213.0,19.9,84.6,166.7,CLEAN,CLEAN,train,68
2013281N12098,2013-10-12 00:00:00,2013-10-11 00:00:00,2013-10-13 00:00:00,17.5,86.5,213.0,18.1,85.8,213.0,18.7,85.2,213.0,20.4,84.5,138.9,CLEAN,CLEAN,train,69
2013281N12098,2013-10-12 03:00:00,2013-10-11 03:00:00,2013-10-13 03:00:00,17.7,86.0,213.0,18.5,85.4,213.0,19.1,85.1,213.0,20.9,84.1,101.9,CLEAN,CLEAN,train,70
2013281N12098,2013-10-12 06:00:00,2013-10-11 06:00:00,2013-10-13 06:00:00,18.1,85.8,213.0,18.7,85.2,213.0,19.5,84.9,185.2,21.5,84.0,74.1,CLEAN,CLEAN,train,71
2013281N12098,2013-10-12 09:00:00,2013-10-11 09:00:00,2013-10-13 09:00:00,18.5,85.4,213.0,19.1,85.1,213.0,19.9,84.6,166.7,22.0,83.9,64.8,CLEAN,CLEAN,train,72
2013281N12098,2013-10-12 12:00:00,2013-10-11 12:00:00,2013-10-13 12:00:00,18.7,85.2,213.0,19.5,84.9,185.2,20.4,84.5,138.9,22.6,83.9,64.8,CLEAN,CLEAN,train,73
2013281N12098,2013-10-12 15:00:00,2013-10-11 15:00:00,2013-10-13 15:00:00,19.1,85.1,213.0,19.9,84.6,166.7,20.9,84.1,101.9,22.8,83.6,61.1,CLEAN,CLEAN,train,74
2013305N07141,2013-11-14 00:00:00,2013-11-13 00:00:00,2013-11-15 00:00:00,11.1,85.3,46.3,11.0,85.2,46.3,10.4,84.9,46.3,9.7,84.1,46.3,CLEAN,CLEAN,train,174
2013305N07141,2013-11-14 03:00:00,2013-11-13 03:00:00,2013-11-15 03:00:00,11.1,85.2,46.3,10.7,85.0,46.3,10.2,84.7,46.3,9.4,83.7,46.3,CLEAN,CLEAN,train,175
2013305N07141,2013-11-14 06:00:00,2013-11-13 06:00:00,2013-11-15 06:00:00,11.0,85.2,46.3,10.4,84.9,46.3,10.1,84.6,46.3,9.4,83.5,46.3,CLEAN,CLEAN,train,176
2013305N07141,2013-11-14 09:00:00,2013-11-13 09:00:00,2013-11-15 09:00:00,10.7,85.0,46.3,10.2,84.7,46.3,9.9,84.4,46.3,9.5,83.2,46.3,CLEAN,CLEAN,train,177
2013305N07141,2013-11-14 12:00:00,2013-11-13 12:00:00,2013-11-15 12:00:00,10.4,84.9,46.3,10.1,84.6,46.3,9.7,84.1,46.3,9.6,82.9,46.3,CLEAN,CLEAN,train,178
2013305N07141,2013-11-14 15:00:00,2013-11-13 15:00:00,2013-11-15 15:00:00,10.2,84.7,46.3,9.9,84.4,46.3,9.4,83.7,46.3,9.9,82.4,46.3,CLEAN,CLEAN,train,179
2013305N07141,2013-11-14 18:00:00,2013-11-13 18:00:00,2013-11-15 18:00:00,10.1,84.6,46.3,9.7,84.1,46.3,9.4,83.5,46.3,10.2,82.0,46.3,CLEAN,CLEAN,train,180
2013305N07141,2013-11-14 21:00:00,2013-11-13 21:00:00,2013-11-15 21:00:00,9.9,84.4,46.3,9.4,83.7,46.3,9.5,83.2,46.3,10.4,81.7,46.3,CLEAN,CLEAN,train,181
2013305N07141,2013-11-15 00:00:00,2013-11-14 00:00:00,2013-11-16 00:00:00,9.7,84.1,46.3,9.4,83.5,46.3,9.6,82.9,46.3,10.6,81.3,46.3,CLEAN,CLEAN,train,182
2013305N07141,2013-11-15 03:00:00,2013-11-14 03:00:00,2013-11-16 03:00:00,9.4,83.7,46.3,9.5,83.2,46.3,9.9,82.4,46.3,10.9,80.5,46.3,CLEAN,CLEAN,train,183
2013305N07141,2013-11-15 06:00:00,2013-11-14 06:00:00,2013-11-16 06:00:00,9.4,83.5,46.3,9.6,82.9,46.3,10.2,82.0,46.3,11.0,80.0,46.3,CLEAN,CLEAN,train,184
2013305N07141,2013-11-15 09:00:00,2013-11-14 09:00:00,2013-11-16 09:00:00,9.5,83.2,46.3,9.9,82.4,46.3,10.4,81.7,46.3,11.1,79.5,46.3,CLEAN,CLEAN,train,185
2013305N07141,2013-11-15 12:00:00,2013-11-14 12:00:00,2013-11-16 12:00:00,9.6,82.9,46.3,10.2,82.0,46.3,10.6,81.3,46.3,11.1,78.9,46.3,CLEAN,CLEAN,train,186
2013305N07141,2013-11-15 15:00:00,2013-11-14 15:00:00,2013-11-16 15:00:00,9.9,82.4,46.3,10.4,81.7,46.3,10.9,80.5,46.3,11.2,78.3,46.3,CLEAN,CLEAN,train,187
2013305N07141,2013-11-15 18:00:00,2013-11-14 18:00:00,2013-11-16 18:00:00,10.2,82.0,46.3,10.6,81.3,46.3,11.0,80.0,46.3,11.3,77.6,46.3,CLEAN,CLEAN,train,188
2013322N13090,2013-11-20 00:00:00,2013-11-19 00:00:00,2013-11-21 00:00:00,15.1,84.1,55.6,15.3,84.1,74.1,15.4,84.0,83.3,15.7,83.6,92.6,CLEAN,CLEAN,train,231
2013322N13090,2013-11-20 03:00:00,2013-11-19 03:00:00,2013-11-21 03:00:00,15.1,84.1,64.8,15.3,84.0,74.1,15.4,83.9,83.3,15.8,83.4,92.6,CLEAN,CLEAN,train,232
2013322N13090,2013-11-20 06:00:00,2013-11-19 06:00:00,2013-11-21 06:00:00,15.3,84.1,74.1,15.4,84.0,83.3,15.5,83.8,83.3,15.9,83.3,101.9,CLEAN,CLEAN,train,233
2013322N13090,2013-11-20 09:00:00,2013-11-19 09:00:00,2013-11-21 09:00:00,15.3,84.0,74.1,15.4,83.9,83.3,15.6,83.7,83.3,16.0,83.1,101.9,CLEAN,CLEAN,train,234
2013322N13090,2013-11-20 12:00:00,2013-11-19 12:00:00,2013-11-21 12:00:00,15.4,84.0,83.3,15.5,83.8,83.3,15.7,83.6,92.6,16.1,83.0,101.9,CLEAN,CLEAN,train,235
2013322N13090,2013-11-20 15:00:00,2013-11-19 15:00:00,2013-11-21 15:00:00,15.4,83.9,83.3,15.6,83.7,83.3,15.8,83.4,92.6,16.1,82.7,101.9,CLEAN,CLEAN,train,236
2013322N13090,2013-11-20 18:00:00,2013-11-19 18:00:00,2013-11-21 18:00:00,15.5,83.8,83.3,15.7,83.6,92.6,15.9,83.3,101.9,16.2,82.6,101.9,CLEAN,CLEAN,train,237
2013322N13090,2013-11-20 21:00:00,2013-11-19 21:00:00,2013-11-21 21:00:00,15.6,83.7,83.3,15.8,83.4,92.6,16.0,83.1,101.9,16.1,82.3,101.9,CLEAN,CLEAN,train,238
2013322N13090,2013-11-21 00:00:00,2013-11-20 00:00:00,2013-11-22 00:00:00,15.7,83.6,92.6,15.9,83.3,101.9,16.1,83.0,101.9,16.2,82.0,101.9,CLEAN,CLEAN,train,239
2013322N13090,2013-11-21 03:00:00,2013-11-20 03:00:00,2013-11-22 03:00:00,15.8,83.4,92.6,16.0,83.1,101.9,16.1,82.7,101.9,16.2,81.7,101.9,CLEAN,CLEAN,train,240
2013322N13090,2013-11-21 06:00:00,2013-11-20 06:00:00,2013-11-22 06:00:00,15.9,83.3,101.9,16.1,83.0,101.9,16.2,82.6,101.9,16.2,81.4,101.9,CLEAN,CLEAN,train,241
2013322N13090,2013-11-21 09:00:00,2013-11-20 09:00:00,2013-11-22 09:00:00,16.0,83.1,101.9,16.1,82.7,101.9,16.1,82.3,101.9,16.0,81.2,74.1,CLEAN,CLEAN,train,242
2013322N13090,2013-11-21 12:00:00,2013-11-20 12:00:00,2013-11-22 12:00:00,16.1,83.0,101.9,16.2,82.6,101.9,16.2,82.0,101.9,15.8,80.8,55.6,CLEAN,CLEAN,train,243
2013322N13090,2013-11-21 15:00:00,2013-11-20 15:00:00,2013-11-22 15:00:00,16.1,82.7,101.9,16.1,82.3,101.9,16.2,81.7,101.9,15.9,80.5,51.9,CLEAN,CLEAN,train,244
2013322N13090,2013-11-21 18:00:00,2013-11-20 18:00:00,2013-11-22 18:00:00,16.2,82.6,101.9,16.2,82.0,101.9,16.2,81.4,101.9,16.1,80.2,46.3,CLEAN,CLEAN,train,245
2013324N07103,2013-11-24 12:00:00,2013-11-23 12:00:00,2013-11-25 12:00:00,11.0,93.7,83.3,11.5,93.2,83.3,11.8,92.6,101.9,12.3,91.6,111.1,CLEAN,CLEAN,train,280
2013324N07103,2013-11-24 15:00:00,2013-11-23 15:00:00,2013-11-25 15:00:00,11.1,93.5,83.3,11.5,92.7,83.3,11.9,92.2,101.9,12.3,91.2,111.1,CLEAN,CLEAN,train,281
2013324N07103,2013-11-24 18:00:00,2013-11-23 18:00:00,2013-11-25 18:00:00,11.5,93.2,83.3,11.8,92.6,101.9,12.0,91.9,101.9,12.4,91.1,101.9,CLEAN,CLEAN,train,282
2013324N07103,2013-11-24 21:00:00,2013-11-23 21:00:00,2013-11-25 21:00:00,11.5,92.7,83.3,11.9,92.2,101.9,12.0,91.7,111.1,12.4,90.9,120.4,CLEAN,CLEAN,train,283
2013324N07103,2013-11-25 00:00:00,2013-11-24 00:00:00,2013-11-26 00:00:00,11.8,92.6,101.9,12.0,91.9,101.9,12.3,91.6,111.1,12.5,90.5,129.6,CLEAN,CLEAN,train,284
2013324N07103,2013-11-25 03:00:00,2013-11-24 03:00:00,2013-11-26 03:00:00,11.9,92.2,101.9,12.0,91.7,111.1,12.3,91.2,111.1,12.5,90.1,129.6,CLEAN,CLEAN,train,285
2013324N07103,2013-11-25 06:00:00,2013-11-24 06:00:00,2013-11-26 06:00:00,12.0,91.9,101.9,12.3,91.6,111.1,12.4,91.1,101.9,12.6,89.6,129.6,CLEAN,CLEAN,train,286
2013324N07103,2013-11-25 09:00:00,2013-11-24 09:00:00,2013-11-26 09:00:00,12.0,91.7,111.1,12.3,91.2,111.1,12.4,90.9,120.4,12.9,89.1,129.6,CLEAN,CLEAN,train,287
2013324N07103,2013-11-25 12:00:00,2013-11-24 12:00:00,2013-11-26 12:00:00,12.3,91.6,111.1,12.4,91.1,101.9,12.5,90.5,129.6,13.0,88.7,129.6,CLEAN,CLEAN,train,288
2013324N07103,2013-11-25 15:00:00,2013-11-24 15:00:00,2013-11-26 15:00:00,12.3,91.2,111.1,12.4,90.9,120.4,12.5,90.1,129.6,13.0,88.5,129.6,CLEAN,CLEAN,train,289
2013324N07103,2013-11-25 18:00:00,2013-11-24 18:00:00,2013-11-26 18:00:00,12.4,91.1,101.9,12.5,90.5,129.6,12.6,89.6,129.6,13.2,88.1,138.9,CLEAN,CLEAN,train,290
2013324N07103,2013-11-25 21:00:00,2013-11-24 21:00:00,2013-11-26 21:00:00,12.4,90.9,120.4,12.5,90.1,129.6,12.9,89.1,129.6,13.3,87.5,138.9,CLEAN,CLEAN,train,291
2013324N07103,2013-11-26 00:00:00,2013-11-25 00:00:00,2013-11-27 00:00:00,12.5,90.5,129.6,12.6,89.6,129.6,13.0,88.7,129.6,13.6,87.0,138.9,CLEAN,CLEAN,train,292
2013324N07103,2013-11-26 03:00:00,2013-11-25 03:00:00,2013-11-27 03:00:00,12.5,90.1,129.6,12.9,89.1,129.6,13.0,88.5,129.6,13.6,86.5,138.9,CLEAN,CLEAN,train,293
2013324N07103,2013-11-26 06:00:00,2013-11-25 06:00:00,2013-11-27 06:00:00,12.6,89.6,129.6,13.0,88.7,129.6,13.2,88.1,138.9,13.9,86.0,129.6,CLEAN,CLEAN,train,294
2013324N07103,2013-11-26 09:00:00,2013-11-25 09:00:00,2013-11-27 09:00:00,12.9,89.1,129.6,13.0,88.5,129.6,13.3,87.5,138.9,14.0,85.5,120.4,CLEAN,CLEAN,train,295
2013324N07103,2013-11-26 12:00:00,2013-11-25 12:00:00,2013-11-27 12:00:00,13.0,88.7,129.6,13.2,88.1,138.9,13.6,87.0,138.9,14.2,85.1,101.9,CLEAN,CLEAN,train,296
2013324N07103,2013-11-26 15:00:00,2013-11-25 15:00:00,2013-11-27 15:00:00,13.0,88.5,129.6,13.3,87.5,138.9,13.6,86.5,138.9,14.2,84.6,101.9,CLEAN,CLEAN,train,297
2013324N07103,2013-11-26 18:00:00,2013-11-25 18:00:00,2013-11-27 18:00:00,13.2,88.1,138.9,13.6,87.0,138.9,13.9,86.0,129.6,14.6,84.1,83.3,CLEAN,CLEAN,train,298
2013324N07103,2013-11-26 21:00:00,2013-11-25 21:00:00,2013-11-27 21:00:00,13.3,87.5,138.9,13.6,86.5,138.9,14.0,85.5,120.4,14.7,83.6,74.1,CLEAN,CLEAN,train,299
2013324N07103,2013-11-27 00:00:00,2013-11-26 00:00:00,2013-11-28 00:00:00,13.6,87.0,138.9,13.9,86.0,129.6,14.2,85.1,101.9,15.1,82.5,55.6,CLEAN,CLEAN,train,300
2013324N07103,2013-11-27 03:00:00,2013-11-26 03:00:00,2013-11-28 03:00:00,13.6,86.5,138.9,14.0,85.5,120.4,14.2,84.6,101.9,15.3,82.1,55.6,CLEAN,CLEAN,train,301
2013324N07103,2013-11-27 06:00:00,2013-11-26 06:00:00,2013-11-28 06:00:00,13.9,86.0,129.6,14.2,85.1,101.9,14.6,84.1,83.3,15.3,81.7,55.6,CLEAN,CLEAN,train,302
2013324N07103,2013-11-27 09:00:00,2013-11-26 09:00:00,2013-11-28 09:00:00,14.0,85.5,120.4,14.2,84.6,101.9,14.7,83.6,74.1,15.5,81.4,46.3,CLEAN,CLEAN,train,303
2013324N07103,2013-11-27 12:00:00,2013-11-26 12:00:00,2013-11-28 12:00:00,14.2,85.1,101.9,14.6,84.1,83.3,15.1,82.5,55.6,15.5,81.0,37.0,CLEAN,CLEAN,train,304
2013339N09084,2013-12-07 03:00:00,2013-12-06 03:00:00,2013-12-08 03:00:00,10.4,84.2,64.8,10.7,84.3,101.9,11.0,84.5,101.9,12.1,84.6,111.1,CLEAN,CLEAN,train,318
2013339N09084,2013-12-07 06:00:00,2013-12-06 06:00:00,2013-12-08 06:00:00,10.5,84.3,83.3,10.9,84.4,101.9,11.3,84.5,101.9,12.4,84.7,120.4,CLEAN,CLEAN,train,319
2013339N09084,2013-12-07 09:00:00,2013-12-06 09:00:00,2013-12-08 09:00:00,10.7,84.3,101.9,11.0,84.5,101.9,11.5,84.5,101.9,12.6,84.7,120.4,CLEAN,CLEAN,train,320
2013339N09084,2013-12-07 12:00:00,2013-12-06 12:00:00,2013-12-08 12:00:00,10.9,84.4,101.9,11.3,84.5,101.9,11.9,84.6,111.1,13.0,84.7,120.4,CLEAN,CLEAN,train,321
2013339N09084,2013-12-07 15:00:00,2013-12-06 15:00:00,2013-12-08 15:00:00,11.0,84.5,101.9,11.5,84.5,101.9,12.1,84.6,111.1,13.2,84.7,120.4,CLEAN,CLEAN,train,322
2013339N09084,2013-12-07 18:00:00,2013-12-06 18:00:00,2013-12-08 18:00:00,11.3,84.5,101.9,11.9,84.6,111.1,12.4,84.7,120.4,13.4,84.6,120.4,CLEAN,CLEAN,train,323
2013339N09084,2013-12-07 21:00:00,2013-12-06 21:00:00,2013-12-08 21:00:00,11.5,84.5,101.9,12.1,84.6,111.1,12.6,84.7,120.4,13.6,84.6,120.4,CLEAN,CLEAN,train,324
2013339N09084,2013-12-08 00:00:00,2013-12-07 00:00:00,2013-12-09 00:00:00,11.9,84.6,111.1,12.4,84.7,120.4,13.0,84.7,120.4,13.9,84.6,120.4,CLEAN,CLEAN,train,325
2013339N09084,2013-12-08 03:00:00,2013-12-07 03:00:00,2013-12-09 03:00:00,12.1,84.6,111.1,12.6,84.7,120.4,13.2,84.7,120.4,14.1,84.7,120.4,CLEAN,CLEAN,train,326
2013339N09084,2013-12-08 06:00:00,2013-12-07 06:00:00,2013-12-09 06:00:00,12.4,84.7,120.4,13.0,84.7,120.4,13.4,84.6,120.4,14.3,84.7,120.4,CLEAN,CLEAN,train,327
2013339N09084,2013-12-08 09:00:00,2013-12-07 09:00:00,2013-12-09 09:00:00,12.6,84.7,120.4,13.2,84.7,120.4,13.6,84.6,120.4,14.4,84.7,120.4,CLEAN,CLEAN,train,328
2013339N09084,2013-12-08 12:00:00,2013-12-07 12:00:00,2013-12-09 12:00:00,13.0,84.7,120.4,13.4,84.6,120.4,13.9,84.6,120.4,14.6,84.8,111.1,CLEAN,CLEAN,train,329
2013339N09084,2013-12-08 15:00:00,2013-12-07 15:00:00,2013-12-09 15:00:00,13.2,84.7,120.4,13.6,84.6,120.4,14.1,84.7,120.4,14.7,84.8,111.1,CLEAN,CLEAN,train,330
2013339N09084,2013-12-08 18:00:00,2013-12-07 18:00:00,2013-12-09 18:00:00,13.4,84.6,120.4,13.9,84.6,120.4,14.3,84.7,120.4,14.8,84.9,111.1,CLEAN,CLEAN,train,331
2013339N09084,2013-12-08 21:00:00,2013-12-07 21:00:00,2013-12-09 21:00:00,13.6,84.6,120.4,14.1,84.7,120.4,14.4,84.7,120.4,14.8,84.9,111.1,CLEAN,CLEAN,train,332
2013339N09084,2013-12-09 00:00:00,2013-12-08 00:00:00,2013-12-10 00:00:00,13.9,84.6,120.4,14.3,84.7,120.4,14.6,84.8,111.1,15.0,85.1,111.1,CLEAN,CLEAN,train,333
2013339N09084,2013-12-09 03:00:00,2013-12-08 03:00:00,2013-12-10 03:00:00,14.1,84.7,120.4,14.4,84.7,120.4,14.7,84.8,111.1,15.3,85.3,120.4,CLEAN,CLEAN,train,334
2013339N09084,2013-12-09 06:00:00,2013-12-08 06:00:00,2013-12-10 06:00:00,14.3,84.7,120.4,14.6,84.8,111.1,14.8,84.9,111.1,15.4,85.3,120.4,CLEAN,CLEAN,train,335
2013339N09084,2013-12-09 09:00:00,2013-12-08 09:00:00,2013-12-10 09:00:00,14.4,84.7,120.4,14.7,84.8,111.1,14.8,84.9,111.1,15.5,85.2,120.4,CLEAN,CLEAN,train,336
2013339N09084,2013-12-09 12:00:00,2013-12-08 12:00:00,2013-12-10 12:00:00,14.6,84.8,111.1,14.8,84.9,111.1,15.0,85.1,111.1,15.3,85.0,101.9,CLEAN,CLEAN,train,337
2013339N09084,2013-12-09 15:00:00,2013-12-08 15:00:00,2013-12-10 15:00:00,14.7,84.8,111.1,14.8,84.9,111.1,15.3,85.3,120.4,15.1,84.7,101.9,CLEAN,CLEAN,train,338
2013339N09084,2013-12-09 18:00:00,2013-12-08 18:00:00,2013-12-10 18:00:00,14.8,84.9,111.1,15.0,85.1,111.1,15.4,85.3,120.4,14.9,84.6,92.6,CLEAN,CLEAN,train,339
2013339N09084,2013-12-09 21:00:00,2013-12-08 21:00:00,2013-12-10 21:00:00,14.8,84.9,111.1,15.3,85.3,120.4,15.5,85.2,120.4,14.7,84.4,83.3,CLEAN,CLEAN,train,340
2013339N09084,2013-12-10 00:00:00,2013-12-09 00:00:00,2013-12-11 00:00:00,15.0,85.1,111.1,15.4,85.3,120.4,15.3,85.0,101.9,14.4,84.1,74.1,CLEAN,CLEAN,train,341
2013339N09084,2013-12-10 03:00:00,2013-12-09 03:00:00,2013-12-11 03:00:00,15.3,85.3,120.4,15.5,85.2,120.4,15.1,84.7,101.9,14.1,83.8,55.6,CLEAN,CLEAN,train,342
2013339N09084,2013-12-10 06:00:00,2013-12-09 06:00:00,2013-12-11 06:00:00,15.4,85.3,120.4,15.3,85.0,101.9,14.9,84.6,92.6,13.8,83.6,55.6,CLEAN,CLEAN,train,343
2013339N09084,2013-12-10 09:00:00,2013-12-09 09:00:00,2013-12-11 09:00:00,15.5,85.2,120.4,15.1,84.7,101.9,14.7,84.4,83.3,13.6,83.4,55.6,CLEAN,CLEAN,train,344
2013339N09084,2013-12-10 12:00:00,2013-12-09 12:00:00,2013-12-11 12:00:00,15.3,85.0,101.9,14.9,84.6,92.6,14.4,84.1,74.1,13.4,83.3,55.6,CLEAN,CLEAN,train,345
2013339N09084,2013-12-10 15:00:00,2013-12-09 15:00:00,2013-12-11 15:00:00,15.1,84.7,101.9,14.7,84.4,83.3,14.1,83.8,55.6,13.1,83.0,51.9,CLEAN,CLEAN,train,346
2013339N09084,2013-12-10 18:00:00,2013-12-09 18:00:00,2013-12-11 18:00:00,14.9,84.6,92.6,14.4,84.1,74.1,13.8,83.6,55.6,12.9,82.7,46.3,CLEAN,CLEAN,train,347
2013339N09084,2013-12-10 21:00:00,2013-12-09 21:00:00,2013-12-11 21:00:00,14.7,84.4,83.3,14.1,83.8,55.6,13.6,83.4,55.6,12.6,82.4,46.3,CLEAN,CLEAN,train,348
2013339N09084,2013-12-11 00:00:00,2013-12-10 00:00:00,2013-12-12 00:00:00,14.4,84.1,74.1,13.8,83.6,55.6,13.4,83.3,55.6,12.3,82.0,46.3,CLEAN,CLEAN,train,349
2013339N09084,2013-12-11 03:00:00,2013-12-10 03:00:00,2013-12-12 03:00:00,14.1,83.8,55.6,13.6,83.4,55.6,13.1,83.0,51.9,11.9,81.5,46.3,CLEAN,CLEAN,train,350
2013339N09084,2013-12-11 06:00:00,2013-12-10 06:00:00,2013-12-12 06:00:00,13.8,83.6,55.6,13.4,83.3,55.6,12.9,82.7,46.3,11.4,81.2,46.3,CLEAN,CLEAN,train,351
2013339N09084,2013-12-11 09:00:00,2013-12-10 09:00:00,2013-12-12 09:00:00,13.6,83.4,55.6,13.1,83.0,51.9,12.6,82.4,46.3,10.9,80.8,46.3,CLEAN,CLEAN,train,352
2013339N09084,2013-12-11 12:00:00,2013-12-10 12:00:00,2013-12-12 12:00:00,13.4,83.3,55.6,12.9,82.7,46.3,12.3,82.0,46.3,10.4,80.3,46.3,CLEAN,CLEAN,train,353
2013339N09084,2013-12-11 15:00:00,2013-12-10 15:00:00,2013-12-12 15:00:00,13.1,83.0,51.9,12.6,82.4,46.3,11.9,81.5,46.3,10.2,79.6,42.6,CLEAN,CLEAN,train,354
2013339N09084,2013-12-11 18:00:00,2013-12-10 18:00:00,2013-12-12 18:00:00,12.9,82.7,46.3,12.3,82.0,46.3,11.4,81.2,46.3,10.0,78.8,37.0,CLEAN,CLEAN,train,355
2014003N08086,2014-01-05 03:00:00,2014-01-04 03:00:00,2014-01-06 03:00:00,9.3,82.0,46.3,9.3,81.7,46.3,9.3,81.5,46.3,9.3,81.1,46.3,CLEAN,CLEAN,train,367
2014003N08086,2014-01-05 06:00:00,2014-01-04 06:00:00,2014-01-06 06:00:00,9.3,81.9,46.3,9.3,81.6,46.3,9.3,81.4,46.3,9.1,80.9,46.3,CLEAN,CLEAN,train,368
2014003N08086,2014-01-05 09:00:00,2014-01-04 09:00:00,2014-01-06 09:00:00,9.3,81.7,46.3,9.3,81.5,46.3,9.3,81.4,46.3,8.9,80.7,46.3,CLEAN,CLEAN,train,369
2014003N08086,2014-01-05 12:00:00,2014-01-04 12:00:00,2014-01-06 12:00:00,9.3,81.6,46.3,9.3,81.4,46.3,9.3,81.3,46.3,8.8,80.6,46.3,CLEAN,CLEAN,train,370
2014003N08086,2014-01-05 15:00:00,2014-01-04 15:00:00,2014-01-06 15:00:00,9.3,81.5,46.3,9.3,81.4,46.3,9.3,81.1,46.3,8.7,80.5,46.3,CLEAN,CLEAN,train,371
2014003N08086,2014-01-05 18:00:00,2014-01-04 18:00:00,2014-01-06 18:00:00,9.3,81.4,46.3,9.3,81.3,46.3,9.1,80.9,46.3,8.4,80.3,46.3,CLEAN,CLEAN,train,372
2014003N08086,2014-01-05 21:00:00,2014-01-04 21:00:00,2014-01-06 21:00:00,9.3,81.4,46.3,9.3,81.1,46.3,8.9,80.7,46.3,8.2,80.1,46.3,CLEAN,CLEAN,train,373
2014003N08086,2014-01-06 00:00:00,2014-01-05 00:00:00,2014-01-07 00:00:00,9.3,81.3,46.3,9.1,80.9,46.3,8.8,80.6,46.3,7.9,79.9,46.3,CLEAN,CLEAN,train,374
2014159N12068,2014-06-11 09:00:00,2014-06-10 09:00:00,2014-06-12 09:00:00,17.1,66.5,83.3,17.6,66.0,83.3,17.7,65.6,83.3,18.3,64.3,83.3,CLEAN,CLEAN,train,404
2014159N12068,2014-06-11 12:00:00,2014-06-10 12:00:00,2014-06-12 12:00:00,17.4,66.2,83.3,17.6,65.8,83.3,17.9,65.3,83.3,18.5,64.1,83.3,CLEAN,CLEAN,train,405
2014159N12068,2014-06-11 15:00:00,2014-06-10 15:00:00,2014-06-12 15:00:00,17.6,66.0,83.3,17.7,65.6,83.3,18.0,64.9,83.3,18.8,64.0,83.3,CLEAN,CLEAN,train,406
2014159N12068,2014-06-11 18:00:00,2014-06-10 18:00:00,2014-06-12 18:00:00,17.6,65.8,83.3,17.9,65.3,83.3,18.2,64.6,83.3,19.3,64.1,83.3,CLEAN,CLEAN,train,407
2014159N12068,2014-06-11 21:00:00,2014-06-10 21:00:00,2014-06-12 21:00:00,17.7,65.6,83.3,18.0,64.9,83.3,18.3,64.3,83.3,19.9,64.4,83.3,CLEAN,CLEAN,train,408
2014159N12068,2014-06-12 00:00:00,2014-06-11 00:00:00,2014-06-13 00:00:00,17.9,65.3,83.3,18.2,64.6,83.3,18.5,64.1,83.3,20.4,64.6,83.3,CLEAN,CLEAN,train,409
2014159N12068,2014-06-12 03:00:00,2014-06-11 03:00:00,2014-06-13 03:00:00,18.0,64.9,83.3,18.3,64.3,83.3,18.8,64.0,83.3,20.7,64.4,83.3,CLEAN,CLEAN,train,410
2014159N12068,2014-06-12 06:00:00,2014-06-11 06:00:00,2014-06-13 06:00:00,18.2,64.6,83.3,18.5,64.1,83.3,19.3,64.1,83.3,21.2,64.0,74.1,CLEAN,CLEAN,train,411
2014159N12068,2014-06-12 09:00:00,2014-06-11 09:00:00,2014-06-13 09:00:00,18.3,64.3,83.3,18.8,64.0,83.3,19.9,64.4,83.3,21.4,63.9,55.6,CLEAN,CLEAN,train,412
2014159N12068,2014-06-12 12:00:00,2014-06-11 12:00:00,2014-06-13 12:00:00,18.5,64.1,83.3,19.3,64.1,83.3,20.4,64.6,83.3,21.4,64.0,46.3,CLEAN,CLEAN,train,413
2014159N12068,2014-06-12 15:00:00,2014-06-11 15:00:00,2014-06-13 15:00:00,18.8,64.0,83.3,19.9,64.4,83.3,20.7,64.4,83.3,21.5,64.1,46.3,CLEAN,CLEAN,train,414
2014159N12068,2014-06-12 18:00:00,2014-06-11 18:00:00,2014-06-13 18:00:00,19.3,64.1,83.3,20.4,64.6,83.3,21.2,64.0,74.1,21.5,64.2,46.3,CLEAN,CLEAN,train,415
2014159N12068,2014-06-12 21:00:00,2014-06-11 21:00:00,2014-06-13 21:00:00,19.9,64.4,83.3,20.7,64.4,83.3,21.4,63.9,55.6,21.6,64.3,46.3,CLEAN,CLEAN,train,416
2014159N12068,2014-06-13 00:00:00,2014-06-12 00:00:00,2014-06-14 00:00:00,20.4,64.6,83.3,21.2,64.0,74.1,21.4,64.0,46.3,21.6,64.5,46.3,CLEAN,CLEAN,train,417
2014279N11096,2014-10-08 03:00:00,2014-10-07 03:00:00,2014-10-09 03:00:00,12.3,92.6,64.8,12.8,91.4,74.1,13.1,90.4,74.1,13.7,89.1,101.9,CLEAN,CLEAN,train,429
2014279N11096,2014-10-08 06:00:00,2014-10-07 06:00:00,2014-10-09 06:00:00,12.6,92.1,74.1,12.9,90.9,74.1,13.3,90.1,83.3,13.8,88.9,101.9,CLEAN,CLEAN,train,430
2014279N11096,2014-10-08 09:00:00,2014-10-07 09:00:00,2014-10-09 09:00:00,12.8,91.4,74.1,13.1,90.4,74.1,13.5,89.6,83.3,13.9,88.6,101.9,CLEAN,CLEAN,train,431
2014279N11096,2014-10-08 12:00:00,2014-10-07 12:00:00,2014-10-09 12:00:00,12.9,90.9,74.1,13.3,90.1,83.3,13.6,89.3,83.3,14.1,88.5,101.9,CLEAN,CLEAN,train,432
2014279N11096,2014-10-08 15:00:00,2014-10-07 15:00:00,2014-10-09 15:00:00,13.1,90.4,74.1,13.5,89.6,83.3,13.7,89.1,101.9,14.1,88.2,101.9,CLEAN,CLEAN,train,433
2014279N11096,2014-10-08 18:00:00,2014-10-07 18:00:00,2014-10-09 18:00:00,13.3,90.1,83.3,13.6,89.3,83.3,13.8,88.9,101.9,14.2,88.0,101.9,CLEAN,CLEAN,train,434
2014279N11096,2014-10-08 21:00:00,2014-10-07 21:00:00,2014-10-09 21:00:00,13.5,89.6,83.3,13.7,89.1,101.9,13.9,88.6,101.9,14.4,87.8,111.1,CLEAN,CLEAN,train,435
2014279N11096,2014-10-09 00:00:00,2014-10-08 00:00:00,2014-10-10 00:00:00,13.6,89.3,83.3,13.8,88.9,101.9,14.1,88.5,101.9,14.6,87.6,111.1,CLEAN,CLEAN,train,436
2014279N11096,2014-10-09 03:00:00,2014-10-08 03:00:00,2014-10-10 03:00:00,13.7,89.1,101.9,13.9,88.6,101.9,14.1,88.2,101.9,14.8,87.3,111.1,CLEAN,CLEAN,train,437
2014279N11096,2014-10-09 06:00:00,2014-10-08 06:00:00,2014-10-10 06:00:00,13.8,88.9,101.9,14.1,88.5,101.9,14.2,88.0,101.9,14.9,87.2,111.1,CLEAN,CLEAN,train,438
2014279N11096,2014-10-09 09:00:00,2014-10-08 09:00:00,2014-10-10 09:00:00,13.9,88.6,101.9,14.1,88.2,101.9,14.4,87.8,111.1,15.1,87.0,120.4,CLEAN,CLEAN,train,439
2014279N11096,2014-10-09 12:00:00,2014-10-08 12:00:00,2014-10-10 12:00:00,14.1,88.5,101.9,14.2,88.0,101.9,14.6,87.6,111.1,15.3,86.8,129.6,CLEAN,CLEAN,train,440
2014279N11096,2014-10-09 15:00:00,2014-10-08 15:00:00,2014-10-10 15:00:00,14.1,88.2,101.9,14.4,87.8,111.1,14.8,87.3,111.1,15.5,86.5,138.9,CLEAN,CLEAN,train,441
2014279N11096,2014-10-09 18:00:00,2014-10-08 18:00:00,2014-10-10 18:00:00,14.2,88.0,101.9,14.6,87.6,111.1,14.9,87.2,111.1,15.6,86.3,138.9,CLEAN,CLEAN,train,442
2014279N11096,2014-10-09 21:00:00,2014-10-08 21:00:00,2014-10-10 21:00:00,14.4,87.8,111.1,14.8,87.3,111.1,15.1,87.0,120.4,15.7,86.0,138.9,CLEAN,CLEAN,train,443
2014279N11096,2014-10-10 00:00:00,2014-10-09 00:00:00,2014-10-11 00:00:00,14.6,87.6,111.1,14.9,87.2,111.1,15.3,86.8,129.6,15.9,85.7,138.9,CLEAN,CLEAN,train,444
2014279N11096,2014-10-10 03:00:00,2014-10-09 03:00:00,2014-10-11 03:00:00,14.8,87.3,111.1,15.1,87.0,120.4,15.5,86.5,138.9,16.0,85.4,148.2,CLEAN,CLEAN,train,445
2014279N11096,2014-10-10 06:00:00,2014-10-09 06:00:00,2014-10-11 06:00:00,14.9,87.2,111.1,15.3,86.8,129.6,15.6,86.3,138.9,16.1,85.1,166.7,CLEAN,CLEAN,train,446
2014279N11096,2014-10-10 09:00:00,2014-10-09 09:00:00,2014-10-11 09:00:00,15.1,87.0,120.4,15.5,86.5,138.9,15.7,86.0,138.9,16.1,85.0,166.7,CLEAN,CLEAN,train,447
2014279N11096,2014-10-10 12:00:00,2014-10-09 12:00:00,2014-10-11 12:00:00,15.3,86.8,129.6,15.6,86.3,138.9,15.9,85.7,138.9,16.2,84.9,175.9,CLEAN,CLEAN,train,448
2014279N11096,2014-10-10 15:00:00,2014-10-09 15:00:00,2014-10-11 15:00:00,15.5,86.5,138.9,15.7,86.0,138.9,16.0,85.4,148.2,16.3,84.8,175.9,CLEAN,CLEAN,train,449
2014279N11096,2014-10-10 18:00:00,2014-10-09 18:00:00,2014-10-11 18:00:00,15.6,86.3,138.9,15.9,85.7,138.9,16.1,85.1,166.7,16.6,84.6,185.2,CLEAN,CLEAN,train,450
2014279N11096,2014-10-10 21:00:00,2014-10-09 21:00:00,2014-10-11 21:00:00,15.7,86.0,138.9,16.0,85.4,148.2,16.1,85.0,166.7,16.8,84.4,185.2,CLEAN,CLEAN,train,451
2014279N11096,2014-10-11 00:00:00,2014-10-10 00:00:00,2014-10-12 00:00:00,15.9,85.7,138.9,16.1,85.1,166.7,16.2,84.9,175.9,17.2,84.1,185.2,CLEAN,CLEAN,train,452
2014279N11096,2014-10-11 03:00:00,2014-10-10 03:00:00,2014-10-12 03:00:00,16.0,85.4,148.2,16.1,85.0,166.7,16.3,84.8,175.9,17.4,83.8,185.2,CLEAN,CLEAN,train,453
2014279N11096,2014-10-11 06:00:00,2014-10-10 06:00:00,2014-10-12 06:00:00,16.1,85.1,166.7,16.2,84.9,175.9,16.6,84.6,185.2,17.6,83.4,185.2,CLEAN,CLEAN,train,454
2014279N11096,2014-10-11 09:00:00,2014-10-10 09:00:00,2014-10-12 09:00:00,16.1,85.0,166.7,16.3,84.8,175.9,16.8,84.4,185.2,17.8,83.1,166.7,CLEAN,CLEAN,train,455
2014279N11096,2014-10-11 12:00:00,2014-10-10 12:00:00,2014-10-12 12:00:00,16.2,84.9,175.9,16.6,84.6,185.2,17.2,84.1,185.2,18.0,82.8,111.1,CLEAN,CLEAN,train,456
2014279N11096,2014-10-11 15:00:00,2014-10-10 15:00:00,2014-10-12 15:00:00,16.3,84.8,175.9,16.8,84.4,185.2,17.4,83.8,185.2,18.3,82.5,83.3,CLEAN,CLEAN,train,457
2014279N11096,2014-10-11 18:00:00,2014-10-10 18:00:00,2014-10-12 18:00:00,16.6,84.6,185.2,17.2,84.1,185.2,17.6,83.4,185.2,18.8,82.3,74.1,CLEAN,CLEAN,train,458
2014279N11096,2014-10-11 21:00:00,2014-10-10 21:00:00,2014-10-12 21:00:00,16.8,84.4,185.2,17.4,83.8,185.2,17.8,83.1,166.7,19.0,82.1,74.1,CLEAN,CLEAN,train,459
2014279N11096,2014-10-12 00:00:00,2014-10-11 00:00:00,2014-10-13 00:00:00,17.2,84.1,185.2,17.6,83.4,185.2,18.0,82.8,111.1,19.7,81.6,55.6,CLEAN,CLEAN,train,460
2014279N11096,2014-10-12 03:00:00,2014-10-11 03:00:00,2014-10-13 03:00:00,17.4,83.8,185.2,17.8,83.1,166.7,18.3,82.5,83.3,20.5,81.5,55.6,CLEAN,CLEAN,train,461
2014279N11096,2014-10-12 06:00:00,2014-10-11 06:00:00,2014-10-13 06:00:00,17.6,83.4,185.2,18.0,82.8,111.1,18.8,82.3,74.1,20.8,81.4,55.6,CLEAN,CLEAN,train,462
2014297N11062,2014-10-26 00:00:00,2014-10-25 00:00:00,2014-10-27 00:00:00,14.1,62.5,46.3,14.2,62.5,64.8,14.3,62.5,74.1,14.8,62.4,101.9,CLEAN,CLEAN,train,484
2014297N11062,2014-10-26 03:00:00,2014-10-25 03:00:00,2014-10-27 03:00:00,14.1,62.5,55.6,14.2,62.5,64.8,14.3,62.5,74.1,14.8,62.3,111.1,CLEAN,CLEAN,train,485
2014297N11062,2014-10-26 06:00:00,2014-10-25 06:00:00,2014-10-27 06:00:00,14.2,62.5,64.8,14.3,62.5,74.1,14.5,62.5,83.3,14.9,62.3,120.4,CLEAN,CLEAN,train,486
2014297N11062,2014-10-26 09:00:00,2014-10-25 09:00:00,2014-10-27 09:00:00,14.2,62.5,64.8,14.3,62.5,74.1,14.6,62.4,92.6,14.9,62.2,120.4,CLEAN,CLEAN,train,487
2014297N11062,2014-10-26 12:00:00,2014-10-25 12:00:00,2014-10-27 12:00:00,14.3,62.5,74.1,14.5,62.5,83.3,14.8,62.4,101.9,15.0,62.2,129.6,CLEAN,CLEAN,train,488
2014297N11062,2014-10-26 15:00:00,2014-10-25 15:00:00,2014-10-27 15:00:00,14.3,62.5,74.1,14.6,62.4,92.6,14.8,62.3,111.1,15.1,62.1,129.6,CLEAN,CLEAN,train,489
2014297N11062,2014-10-26 18:00:00,2014-10-25 18:00:00,2014-10-27 18:00:00,14.5,62.5,83.3,14.8,62.4,101.9,14.9,62.3,120.4,15.2,62.1,129.6,CLEAN,CLEAN,train,490
2014297N11062,2014-10-26 21:00:00,2014-10-25 21:00:00,2014-10-27 21:00:00,14.6,62.4,92.6,14.8,62.3,111.1,14.9,62.2,120.4,15.4,61.8,138.9,CLEAN,CLEAN,train,491
2014297N11062,2014-10-27 00:00:00,2014-10-26 00:00:00,2014-10-28 00:00:00,14.8,62.4,101.9,14.9,62.3,120.4,15.0,62.2,129.6,15.6,61.8,138.9,CLEAN,CLEAN,train,492
2014297N11062,2014-10-27 03:00:00,2014-10-26 03:00:00,2014-10-28 03:00:00,14.8,62.3,111.1,14.9,62.2,120.4,15.1,62.1,129.6,15.8,61.7,138.9,CLEAN,CLEAN,train,493
2014297N11062,2014-10-27 06:00:00,2014-10-26 06:00:00,2014-10-28 06:00:00,14.9,62.3,120.4,15.0,62.2,129.6,15.2,62.1,129.6,16.0,61.7,148.2,CLEAN,CLEAN,train,494
2014297N11062,2014-10-27 09:00:00,2014-10-26 09:00:00,2014-10-28 09:00:00,14.9,62.2,120.4,15.1,62.1,129.6,15.4,61.8,138.9,16.3,61.7,166.7,CLEAN,CLEAN,train,495
2014297N11062,2014-10-27 12:00:00,2014-10-26 12:00:00,2014-10-28 12:00:00,15.0,62.2,129.6,15.2,62.1,129.6,15.6,61.8,138.9,16.8,61.8,185.2,CLEAN,CLEAN,train,496
2014297N11062,2014-10-27 15:00:00,2014-10-26 15:00:00,2014-10-28 15:00:00,15.1,62.1,129.6,15.4,61.8,138.9,15.8,61.7,138.9,17.2,61.8,194.5,CLEAN,CLEAN,train,497
2014297N11062,2014-10-27 18:00:00,2014-10-26 18:00:00,2014-10-28 18:00:00,15.2,62.1,129.6,15.6,61.8,138.9,16.0,61.7,148.2,17.7,61.7,203.7,CLEAN,CLEAN,train,498
2014297N11062,2014-10-27 21:00:00,2014-10-26 21:00:00,2014-10-28 21:00:00,15.4,61.8,138.9,15.8,61.7,138.9,16.3,61.7,166.7,17.9,61.7,203.7,CLEAN,CLEAN,train,499
2014297N11062,2014-10-28 00:00:00,2014-10-27 00:00:00,2014-10-29 00:00:00,15.6,61.8,138.9,16.0,61.7,148.2,16.8,61.8,185.2,18.1,61.8,194.5,CLEAN,CLEAN,train,500
2014297N11062,2014-10-28 03:00:00,2014-10-27 03:00:00,2014-10-29 03:00:00,15.8,61.7,138.9,16.3,61.7,166.7,17.2,61.8,194.5,18.5,61.8,185.2,CLEAN,CLEAN,train,501
2014297N11062,2014-10-28 06:00:00,2014-10-27 06:00:00,2014-10-29 06:00:00,16.0,61.7,148.2,16.8,61.8,185.2,17.7,61.7,203.7,18.7,61.9,175.9,CLEAN,CLEAN,train,502
2014297N11062,2014-10-28 09:00:00,2014-10-27 09:00:00,2014-10-29 09:00:00,16.3,61.7,166.7,17.2,61.8,194.5,17.9,61.7,203.7,18.8,62.0,166.7,CLEAN,CLEAN,train,503
2014297N11062,2014-10-28 12:00:00,2014-10-27 12:00:00,2014-10-29 12:00:00,16.8,61.8,185.2,17.7,61.7,203.7,18.1,61.8,194.5,19.0,62.2,148.2,CLEAN,CLEAN,train,504
2014297N11062,2014-10-28 15:00:00,2014-10-27 15:00:00,2014-10-29 15:00:00,17.2,61.8,194.5,17.9,61.7,203.7,18.5,61.8,185.2,19.2,62.5,129.6,CLEAN,CLEAN,train,505
2014297N11062,2014-10-28 18:00:00,2014-10-27 18:00:00,2014-10-29 18:00:00,17.7,61.7,203.7,18.1,61.8,194.5,18.7,61.9,175.9,19.3,62.9,129.6,CLEAN,CLEAN,train,506
2014297N11062,2014-10-28 21:00:00,2014-10-27 21:00:00,2014-10-29 21:00:00,17.9,61.7,203.7,18.5,61.8,185.2,18.8,62.0,166.7,19.4,63.2,111.1,CLEAN,CLEAN,train,507
2014297N11062,2014-10-29 00:00:00,2014-10-28 00:00:00,2014-10-30 00:00:00,18.1,61.8,194.5,18.7,61.9,175.9,19.0,62.2,148.2,19.6,63.6,111.1,CLEAN,CLEAN,train,508
2014297N11062,2014-10-29 03:00:00,2014-10-28 03:00:00,2014-10-30 03:00:00,18.5,61.8,185.2,18.8,62.0,166.7,19.2,62.5,129.6,19.8,63.9,92.6,CLEAN,CLEAN,train,509
2014297N11062,2014-10-29 06:00:00,2014-10-28 06:00:00,2014-10-30 06:00:00,18.7,61.9,175.9,19.0,62.2,148.2,19.3,62.9,129.6,20.1,64.2,83.3,CLEAN,CLEAN,train,510
2014297N11062,2014-10-29 09:00:00,2014-10-28 09:00:00,2014-10-30 09:00:00,18.8,62.0,166.7,19.2,62.5,129.6,19.4,63.2,111.1,20.1,64.4,74.1,CLEAN,CLEAN,train,511
2014297N11062,2014-10-29 12:00:00,2014-10-28 12:00:00,2014-10-30 12:00:00,19.0,62.2,148.2,19.3,62.9,129.6,19.6,63.6,111.1,20.3,64.6,74.1,CLEAN,CLEAN,train,512
2014297N11062,2014-10-29 15:00:00,2014-10-28 15:00:00,2014-10-30 15:00:00,19.2,62.5,129.6,19.4,63.2,111.1,19.8,63.9,92.6,20.4,64.6,70.4,CLEAN,CLEAN,train,513
2014297N11062,2014-10-29 18:00:00,2014-10-28 18:00:00,2014-10-30 18:00:00,19.3,62.9,129.6,19.6,63.6,111.1,20.1,64.2,83.3,20.5,64.8,64.8,CLEAN,CLEAN,train,514
2014297N11062,2014-10-29 21:00:00,2014-10-28 21:00:00,2014-10-30 21:00:00,19.4,63.2,111.1,19.8,63.9,92.6,20.1,64.4,74.1,20.6,64.9,55.6,CLEAN,CLEAN,train,515
2014297N11062,2014-10-30 00:00:00,2014-10-29 00:00:00,2014-10-31 00:00:00,19.6,63.6,111.1,20.1,64.2,83.3,20.3,64.6,74.1,20.7,65.0,46.3,CLEAN,CLEAN,train,516
2014309N13088,2014-11-06 09:00:00,2014-11-05 09:00:00,2014-11-07 09:00:00,13.7,87.9,55.6,13.6,88.2,55.6,13.7,88.0,55.6,14.2,87.5,46.3,CLEAN,CLEAN,train,532
2014309N13088,2014-11-06 12:00:00,2014-11-05 12:00:00,2014-11-07 12:00:00,13.7,88.1,55.6,13.6,88.2,55.6,13.9,87.9,55.6,14.2,87.4,46.3,CLEAN,CLEAN,train,533
2014309N13088,2014-11-06 15:00:00,2014-11-05 15:00:00,2014-11-07 15:00:00,13.6,88.2,55.6,13.7,88.0,55.6,14.1,87.7,55.6,14.2,87.1,46.3,CLEAN,CLEAN,train,534
2014309N13088,2014-11-06 18:00:00,2014-11-05 18:00:00,2014-11-07 18:00:00,13.6,88.2,55.6,13.9,87.9,55.6,14.2,87.6,46.3,14.3,86.8,46.3,CLEAN,CLEAN,train,535
2014309N13088,2014-11-06 21:00:00,2014-11-05 21:00:00,2014-11-07 21:00:00,13.7,88.0,55.6,14.1,87.7,55.6,14.2,87.5,46.3,14.4,86.4,46.3,CLEAN,CLEAN,train,536
2014309N13088,2014-11-07 00:00:00,2014-11-06 00:00:00,2014-11-08 00:00:00,13.9,87.9,55.6,14.2,87.6,46.3,14.2,87.4,46.3,14.5,85.9,46.3,CLEAN,CLEAN,train,537
2015157N13069,2015-06-08 03:00:00,2015-06-07 03:00:00,2015-06-09 03:00:00,18.0,67.2,64.8,18.5,66.6,64.8,18.9,66.1,64.8,20.2,64.8,64.8,CLEAN,CLEAN,train,555
2015157N13069,2015-06-08 06:00:00,2015-06-07 06:00:00,2015-06-09 06:00:00,18.0,67.0,64.8,18.7,66.4,64.8,19.3,65.7,64.8,20.5,64.4,64.8,CLEAN,CLEAN,train,556
2015157N13069,2015-06-08 09:00:00,2015-06-07 09:00:00,2015-06-09 09:00:00,18.5,66.6,64.8,18.9,66.1,64.8,19.7,65.4,64.8,20.6,63.8,74.1,CLEAN,CLEAN,train,557
2015157N13069,2015-06-08 12:00:00,2015-06-07 12:00:00,2015-06-09 12:00:00,18.7,66.4,64.8,19.3,65.7,64.8,20.1,65.1,64.8,21.0,63.3,74.1,CLEAN,CLEAN,train,558
2015157N13069,2015-06-08 15:00:00,2015-06-07 15:00:00,2015-06-09 15:00:00,18.9,66.1,64.8,19.7,65.4,64.8,20.2,64.8,64.8,21.1,62.8,74.1,CLEAN,CLEAN,train,559
2015157N13069,2015-06-08 18:00:00,2015-06-07 18:00:00,2015-06-09 18:00:00,19.3,65.7,64.8,20.1,65.1,64.8,20.5,64.4,64.8,21.1,62.6,83.3,CLEAN,CLEAN,train,560
2015157N13069,2015-06-08 21:00:00,2015-06-07 21:00:00,2015-06-09 21:00:00,19.7,65.4,64.8,20.2,64.8,64.8,20.6,63.8,74.1,21.2,62.3,83.3,CLEAN,CLEAN,train,561
2015157N13069,2015-06-09 00:00:00,2015-06-08 00:00:00,2015-06-10 00:00:00,20.1,65.1,64.8,20.5,64.4,64.8,21.0,63.3,74.1,21.2,62.0,83.3,CLEAN,CLEAN,train,562
2015157N13069,2015-06-09 03:00:00,2015-06-08 03:00:00,2015-06-10 03:00:00,20.2,64.8,64.8,20.6,63.8,74.1,21.1,62.8,74.1,21.1,61.8,83.3,CLEAN,CLEAN,train,563
2015157N13069,2015-06-09 06:00:00,2015-06-08 06:00:00,2015-06-10 06:00:00,20.5,64.4,64.8,21.0,63.3,74.1,21.1,62.6,83.3,21.1,61.6,83.3,CLEAN,CLEAN,train,564
2015157N13069,2015-06-09 09:00:00,2015-06-08 09:00:00,2015-06-10 09:00:00,20.6,63.8,74.1,21.1,62.8,74.1,21.2,62.3,83.3,21.0,61.3,83.3,CLEAN,CLEAN,train,565
2015157N13069,2015-06-09 12:00:00,2015-06-08 12:00:00,2015-06-10 12:00:00,21.0,63.3,74.1,21.1,62.6,83.3,21.2,62.0,83.3,21.0,61.3,83.3,CLEAN,CLEAN,train,566
2015157N13069,2015-06-09 15:00:00,2015-06-08 15:00:00,2015-06-10 15:00:00,21.1,62.8,74.1,21.2,62.3,83.3,21.1,61.8,83.3,20.8,61.1,83.3,CLEAN,CLEAN,train,567
2015157N13069,2015-06-09 18:00:00,2015-06-08 18:00:00,2015-06-10 18:00:00,21.1,62.6,83.3,21.2,62.0,83.3,21.1,61.6,83.3,20.8,61.1,83.3,CLEAN,CLEAN,train,568
2015157N13069,2015-06-09 21:00:00,2015-06-08 21:00:00,2015-06-10 21:00:00,21.2,62.3,83.3,21.1,61.8,83.3,21.0,61.3,83.3,20.8,61.2,83.3,CLEAN,CLEAN,train,569
2015157N13069,2015-06-10 00:00:00,2015-06-09 00:00:00,2015-06-11 00:00:00,21.2,62.0,83.3,21.1,61.6,83.3,21.0,61.3,83.3,20.8,60.9,74.1,CLEAN,CLEAN,train,570
2015157N13069,2015-06-10 03:00:00,2015-06-09 03:00:00,2015-06-11 03:00:00,21.1,61.8,83.3,21.0,61.3,83.3,20.8,61.1,83.3,20.8,60.8,74.1,CLEAN,CLEAN,train,571
2015157N13069,2015-06-10 06:00:00,2015-06-09 06:00:00,2015-06-11 06:00:00,21.1,61.6,83.3,21.0,61.3,83.3,20.8,61.1,83.3,20.8,60.6,64.8,CLEAN,CLEAN,train,572
2015157N13069,2015-06-10 09:00:00,2015-06-09 09:00:00,2015-06-11 09:00:00,21.0,61.3,83.3,20.8,61.1,83.3,20.8,61.2,83.3,20.8,60.4,64.8,CLEAN,CLEAN,train,573
2015157N13069,2015-06-10 12:00:00,2015-06-09 12:00:00,2015-06-11 12:00:00,21.0,61.3,83.3,20.8,61.1,83.3,20.8,60.9,74.1,20.8,60.2,64.8,CLEAN,CLEAN,train,574
2015157N13069,2015-06-10 15:00:00,2015-06-09 15:00:00,2015-06-11 15:00:00,20.8,61.1,83.3,20.8,61.2,83.3,20.8,60.8,74.1,20.8,59.9,64.8,CLEAN,CLEAN,train,575
2015157N13069,2015-06-10 18:00:00,2015-06-09 18:00:00,2015-06-11 18:00:00,20.8,61.1,83.3,20.8,60.9,74.1,20.8,60.6,64.8,20.8,59.9,55.6,CLEAN,CLEAN,train,576
2015157N13069,2015-06-10 21:00:00,2015-06-09 21:00:00,2015-06-11 21:00:00,20.8,61.2,83.3,20.8,60.8,74.1,20.8,60.4,64.8,20.8,59.8,51.9,CLEAN,CLEAN,train,577
2015157N13069,2015-06-11 00:00:00,2015-06-10 00:00:00,2015-06-12 00:00:00,20.8,60.9,74.1,20.8,60.6,64.8,20.8,60.2,64.8,20.8,59.8,46.3,CLEAN,CLEAN,train,578
2015157N13069,2015-06-11 03:00:00,2015-06-10 03:00:00,2015-06-12 03:00:00,20.8,60.8,74.1,20.8,60.4,64.8,20.8,59.9,64.8,20.8,59.7,46.3,CLEAN,CLEAN,train,579
2015157N13069,2015-06-11 06:00:00,2015-06-10 06:00:00,2015-06-12 06:00:00,20.8,60.6,64.8,20.8,60.2,64.8,20.8,59.9,55.6,20.8,59.7,46.3,CLEAN,CLEAN,train,580
2015207N22091,2015-07-29 06:00:00,2015-07-28 06:00:00,2015-07-30 06:00:00,21.1,91.2,55.6,21.3,91.3,55.6,21.5,91.4,64.8,22.1,91.5,74.1,CLEAN,CLEAN,train,599
2015207N22091,2015-07-29 09:00:00,2015-07-28 09:00:00,2015-07-30 09:00:00,21.2,91.2,55.6,21.4,91.3,61.1,21.5,91.4,64.8,22.1,91.5,74.1,CLEAN,CLEAN,train,600
2015207N22091,2015-07-29 12:00:00,2015-07-28 12:00:00,2015-07-30 12:00:00,21.3,91.3,55.6,21.5,91.4,64.8,21.7,91.5,64.8,22.3,91.5,64.8,CLEAN,CLEAN,train,601
2015207N22091,2015-07-29 15:00:00,2015-07-28 15:00:00,2015-07-30 15:00:00,21.4,91.3,61.1,21.5,91.4,64.8,21.9,91.5,64.8,22.5,91.4,64.8,CLEAN,CLEAN,train,602
2015207N22091,2015-07-29 18:00:00,2015-07-28 18:00:00,2015-07-30 18:00:00,21.5,91.4,64.8,21.7,91.5,64.8,22.1,91.5,74.1,22.7,91.2,64.8,CLEAN,CLEAN,train,603
2015207N22091,2015-07-29 21:00:00,2015-07-28 21:00:00,2015-07-30 21:00:00,21.5,91.4,64.8,21.9,91.5,64.8,22.1,91.5,74.1,22.9,91.1,55.6,CLEAN,CLEAN,train,604
2015207N22091,2015-07-30 00:00:00,2015-07-29 00:00:00,2015-07-31 00:00:00,21.7,91.5,64.8,22.1,91.5,74.1,22.3,91.5,64.8,23.1,90.2,55.6,CLEAN,CLEAN,train,605
2015207N22091,2015-07-30 03:00:00,2015-07-29 03:00:00,2015-07-31 03:00:00,21.9,91.5,64.8,22.1,91.5,74.1,22.5,91.4,64.8,23.1,90.0,55.6,CLEAN,CLEAN,train,606
2015207N22091,2015-07-30 06:00:00,2015-07-29 06:00:00,2015-07-31 06:00:00,22.1,91.5,74.1,22.3,91.5,64.8,22.7,91.2,64.8,23.1,89.8,55.6,CLEAN,CLEAN,train,607
2015207N22091,2015-07-30 09:00:00,2015-07-29 09:00:00,2015-07-31 09:00:00,22.1,91.5,74.1,22.5,91.4,64.8,22.9,91.1,55.6,23.1,89.6,51.9,CLEAN,CLEAN,train,608
2015207N22091,2015-07-30 12:00:00,2015-07-29 12:00:00,2015-07-31 12:00:00,22.3,91.5,64.8,22.7,91.2,64.8,23.1,90.2,55.6,23.1,89.5,46.3,CLEAN,CLEAN,train,609
2015207N22091,2015-07-30 15:00:00,2015-07-29 15:00:00,2015-07-31 15:00:00,22.5,91.4,64.8,22.9,91.1,55.6,23.1,90.0,55.6,23.1,89.4,46.3,CLEAN,CLEAN,train,610
2015280N13071,2015-10-10 00:00:00,2015-10-09 00:00:00,2015-10-11 00:00:00,15.0,69.6,55.6,15.1,69.4,55.6,15.3,69.4,55.6,15.6,69.3,55.6,CLEAN,CLEAN,train,641
2015280N13071,2015-10-10 03:00:00,2015-10-09 03:00:00,2015-10-11 03:00:00,15.1,69.5,55.6,15.2,69.4,55.6,15.3,69.4,55.6,15.7,69.3,46.3,CLEAN,CLEAN,train,642
2015280N13071,2015-10-10 06:00:00,2015-10-09 06:00:00,2015-10-11 06:00:00,15.1,69.4,55.6,15.3,69.4,55.6,15.4,69.4,55.6,15.7,69.2,46.3,CLEAN,CLEAN,train,643
2015280N13071,2015-10-10 09:00:00,2015-10-09 09:00:00,2015-10-11 09:00:00,15.2,69.4,55.6,15.3,69.4,55.6,15.5,69.4,55.6,15.8,69.2,46.3,CLEAN,CLEAN,train,644
2015280N13071,2015-10-10 12:00:00,2015-10-09 12:00:00,2015-10-11 12:00:00,15.3,69.4,55.6,15.4,69.4,55.6,15.6,69.3,55.6,15.9,69.2,46.3,CLEAN,CLEAN,train,645
2015280N13071,2015-10-10 15:00:00,2015-10-09 15:00:00,2015-10-11 15:00:00,15.3,69.4,55.6,15.5,69.4,55.6,15.7,69.3,46.3,16.0,69.2,46.3,CLEAN,CLEAN,train,646
2015280N13071,2015-10-10 18:00:00,2015-10-09 18:00:00,2015-10-11 18:00:00,15.4,69.4,55.6,15.6,69.3,55.6,15.7,69.2,46.3,16.0,69.2,46.3,CLEAN,CLEAN,train,647
2015280N13071,2015-10-10 21:00:00,2015-10-09 21:00:00,2015-10-11 21:00:00,15.5,69.4,55.6,15.7,69.3,46.3,15.8,69.2,46.3,16.0,69.1,42.6,CLEAN,CLEAN,train,648
2015280N13071,2015-10-11 00:00:00,2015-10-10 00:00:00,2015-10-12 00:00:00,15.6,69.3,55.6,15.7,69.2,46.3,15.9,69.2,46.3,16.1,69.0,37.0,CLEAN,CLEAN,train,649
2015301N11065,2015-10-29 03:00:00,2015-10-28 03:00:00,2015-10-30 03:00:00,13.7,64.1,74.1,14.0,63.5,92.6,14.3,62.8,111.1,14.2,61.5,194.5,CLEAN,CLEAN,train,655
2015301N11065,2015-10-29 06:00:00,2015-10-28 06:00:00,2015-10-30 06:00:00,13.9,63.8,83.3,14.2,63.2,101.9,14.3,62.5,120.4,14.2,61.1,203.7,CLEAN,CLEAN,train,656
2015301N11065,2015-10-29 09:00:00,2015-10-28 09:00:00,2015-10-30 09:00:00,14.0,63.5,92.6,14.3,62.8,111.1,14.3,62.2,138.9,14.1,60.8,213.0,CLEAN,CLEAN,train,657
2015301N11065,2015-10-29 12:00:00,2015-10-28 12:00:00,2015-10-30 12:00:00,14.2,63.2,101.9,14.3,62.5,120.4,14.3,61.8,166.7,14.1,60.6,213.0,CLEAN,CLEAN,train,658
2015301N11065,2015-10-29 15:00:00,2015-10-28 15:00:00,2015-10-30 15:00:00,14.3,62.8,111.1,14.3,62.2,138.9,14.2,61.5,194.5,14.0,60.4,213.0,CLEAN,CLEAN,train,659
2015301N11065,2015-10-29 18:00:00,2015-10-28 18:00:00,2015-10-30 18:00:00,14.3,62.5,120.4,14.3,61.8,166.7,14.2,61.1,203.7,13.9,60.2,213.0,CLEAN,CLEAN,train,660
2015301N11065,2015-10-29 21:00:00,2015-10-28 21:00:00,2015-10-30 21:00:00,14.3,62.2,138.9,14.2,61.5,194.5,14.1,60.8,213.0,13.9,59.9,213.0,CLEAN,CLEAN,train,661
2015301N11065,2015-10-30 00:00:00,2015-10-29 00:00:00,2015-10-31 00:00:00,14.3,61.8,166.7,14.2,61.1,203.7,14.1,60.6,213.0,13.8,59.6,203.7,CLEAN,CLEAN,train,662
2015301N11065,2015-10-30 03:00:00,2015-10-29 03:00:00,2015-10-31 03:00:00,14.2,61.5,194.5,14.1,60.8,213.0,14.0,60.4,213.0,13.8,59.2,203.7,CLEAN,CLEAN,train,663
2015301N11065,2015-10-30 06:00:00,2015-10-29 06:00:00,2015-10-31 06:00:00,14.2,61.1,203.7,14.1,60.6,213.0,13.9,60.2,213.0,13.8,58.7,194.5,CLEAN,CLEAN,train,664
2015301N11065,2015-10-30 09:00:00,2015-10-29 09:00:00,2015-10-31 09:00:00,14.1,60.8,213.0,14.0,60.4,213.0,13.9,59.9,213.0,13.8,58.3,194.5,CLEAN,CLEAN,train,665
2015301N11065,2015-10-30 12:00:00,2015-10-29 12:00:00,2015-10-31 12:00:00,14.1,60.6,213.0,13.9,60.2,213.0,13.8,59.6,203.7,13.8,57.9,194.5,CLEAN,CLEAN,train,666
2015301N11065,2015-10-30 15:00:00,2015-10-29 15:00:00,2015-10-31 15:00:00,14.0,60.4,213.0,13.9,59.9,213.0,13.8,59.2,203.7,13.8,57.5,194.5,CLEAN,CLEAN,train,667
2015301N11065,2015-10-30 18:00:00,2015-10-29 18:00:00,2015-10-31 18:00:00,13.9,60.2,213.0,13.8,59.6,203.7,13.8,58.7,194.5,13.8,57.2,194.5,CLEAN,CLEAN,train,668
2015301N11065,2015-10-30 21:00:00,2015-10-29 21:00:00,2015-10-31 21:00:00,13.9,59.9,213.0,13.8,59.2,203.7,13.8,58.3,194.5,13.7,56.8,194.5,CLEAN,CLEAN,train,669
2015301N11065,2015-10-31 00:00:00,2015-10-30 00:00:00,2015-11-01 00:00:00,13.8,59.6,203.7,13.8,58.7,194.5,13.8,57.9,194.5,13.7,56.4,194.5,CLEAN,CLEAN,train,670
2015301N11065,2015-10-31 03:00:00,2015-10-30 03:00:00,2015-11-01 03:00:00,13.8,59.2,203.7,13.8,58.3,194.5,13.8,57.5,194.5,13.6,56.1,194.5,CLEAN,CLEAN,train,671
2015301N11065,2015-10-31 06:00:00,2015-10-30 06:00:00,2015-11-01 06:00:00,13.8,58.7,194.5,13.8,57.9,194.5,13.8,57.2,194.5,13.6,55.7,185.2,CLEAN,CLEAN,train,672
2015301N11065,2015-10-31 09:00:00,2015-10-30 09:00:00,2015-11-01 09:00:00,13.8,58.3,194.5,13.8,57.5,194.5,13.7,56.8,194.5,13.5,55.2,185.2,CLEAN,CLEAN,train,673
2015301N11065,2015-10-31 12:00:00,2015-10-30 12:00:00,2015-11-01 12:00:00,13.8,57.9,194.5,13.8,57.2,194.5,13.7,56.4,194.5,13.6,54.7,185.2,CLEAN,CLEAN,train,674
2015301N11065,2015-10-31 15:00:00,2015-10-30 15:00:00,2015-11-01 15:00:00,13.8,57.5,194.5,13.7,56.8,194.5,13.6,56.1,194.5,13.5,54.2,185.2,CLEAN,CLEAN,train,675
2015301N11065,2015-10-31 18:00:00,2015-10-30 18:00:00,2015-11-01 18:00:00,13.8,57.2,194.5,13.7,56.4,194.5,13.6,55.7,185.2,13.4,53.7,185.2,CLEAN,CLEAN,train,676
2015301N11065,2015-10-31 21:00:00,2015-10-30 21:00:00,2015-11-01 21:00:00,13.7,56.8,194.5,13.6,56.1,194.5,13.5,55.2,185.2,13.3,53.1,185.2,CLEAN,CLEAN,train,677
2015301N11065,2015-11-01 00:00:00,2015-10-31 00:00:00,2015-11-02 00:00:00,13.7,56.4,194.5,13.6,55.7,185.2,13.6,54.7,185.2,13.2,52.6,185.2,CLEAN,CLEAN,train,678
2015301N11065,2015-11-01 03:00:00,2015-10-31 03:00:00,2015-11-02 03:00:00,13.6,56.1,194.5,13.5,55.2,185.2,13.5,54.2,185.2,13.2,52.2,175.9,CLEAN,CLEAN,train,679
2015301N11065,2015-11-01 06:00:00,2015-10-31 06:00:00,2015-11-02 06:00:00,13.6,55.7,185.2,13.6,54.7,185.2,13.4,53.7,185.2,13.3,51.6,166.7,CLEAN,CLEAN,train,680
2015301N11065,2015-11-01 09:00:00,2015-10-31 09:00:00,2015-11-02 09:00:00,13.5,55.2,185.2,13.5,54.2,185.2,13.3,53.1,185.2,13.3,51.0,166.7,CLEAN,CLEAN,train,681
2015301N11065,2015-11-01 12:00:00,2015-10-31 12:00:00,2015-11-02 12:00:00,13.6,54.7,185.2,13.4,53.7,185.2,13.2,52.6,185.2,13.4,50.6,157.4,CLEAN,CLEAN,train,682
2015301N11065,2015-11-01 15:00:00,2015-10-31 15:00:00,2015-11-02 15:00:00,13.5,54.2,185.2,13.3,53.1,185.2,13.2,52.2,175.9,13.5,50.0,157.4,CLEAN,CLEAN,train,683
2015301N11065,2015-11-01 18:00:00,2015-10-31 18:00:00,2015-11-02 18:00:00,13.4,53.7,185.2,13.2,52.6,185.2,13.3,51.6,166.7,13.7,49.6,148.2,CLEAN,CLEAN,train,684
2015301N11065,2015-11-01 21:00:00,2015-10-31 21:00:00,2015-11-02 21:00:00,13.3,53.1,185.2,13.2,52.2,175.9,13.3,51.0,166.7,13.8,49.3,138.9,CLEAN,CLEAN,train,685
2015301N11065,2015-11-02 00:00:00,2015-11-01 00:00:00,2015-11-03 00:00:00,13.2,52.6,185.2,13.3,51.6,166.7,13.4,50.6,157.4,14.0,48.9,120.4,CLEAN,CLEAN,train,686
2015301N11065,2015-11-02 03:00:00,2015-11-01 03:00:00,2015-11-03 03:00:00,13.2,52.2,175.9,13.3,51.0,166.7,13.5,50.0,157.4,14.1,48.4,101.9,CLEAN,CLEAN,train,687
2015301N11065,2015-11-02 06:00:00,2015-11-01 06:00:00,2015-11-03 06:00:00,13.3,51.6,166.7,13.4,50.6,157.4,13.7,49.6,148.2,14.1,47.9,83.3,CLEAN,CLEAN,train,688
2015301N11065,2015-11-02 09:00:00,2015-11-01 09:00:00,2015-11-03 09:00:00,13.3,51.0,166.7,13.5,50.0,157.4,13.8,49.3,138.9,14.1,47.6,74.1,CLEAN,CLEAN,train,689
2015301N11065,2015-11-02 12:00:00,2015-11-01 12:00:00,2015-11-03 12:00:00,13.4,50.6,157.4,13.7,49.6,148.2,14.0,48.9,120.4,14.1,47.4,74.1,CLEAN,CLEAN,train,690
2015301N11065,2015-11-02 15:00:00,2015-11-01 15:00:00,2015-11-03 15:00:00,13.5,50.0,157.4,13.8,49.3,138.9,14.1,48.4,101.9,14.2,47.2,74.1,CLEAN,CLEAN,train,691
2015301N11065,2015-11-02 18:00:00,2015-11-01 18:00:00,2015-11-03 18:00:00,13.7,49.6,148.2,14.0,48.9,120.4,14.1,47.9,83.3,14.3,47.1,55.6,CLEAN,CLEAN,train,692
2015301N11065,2015-11-02 21:00:00,2015-11-01 21:00:00,2015-11-03 21:00:00,13.8,49.3,138.9,14.1,48.4,101.9,14.1,47.6,74.1,14.5,46.8,51.9,CLEAN,CLEAN,train,693
2015301N11065,2015-11-03 00:00:00,2015-11-02 00:00:00,2015-11-04 00:00:00,14.0,48.9,120.4,14.1,47.9,83.3,14.1,47.4,74.1,14.8,46.5,46.3,CLEAN,CLEAN,train,694
2015309N14067,2015-11-06 00:00:00,2015-11-05 00:00:00,2015-11-07 00:00:00,13.6,62.5,83.3,13.3,61.9,83.3,13.1,61.2,83.3,12.8,60.1,83.3,CLEAN,CLEAN,train,699
2015309N14067,2015-11-06 03:00:00,2015-11-05 03:00:00,2015-11-07 03:00:00,13.4,62.2,83.3,13.1,61.6,83.3,12.9,60.9,83.3,12.8,59.6,83.3,CLEAN,CLEAN,train,700
2015309N14067,2015-11-06 06:00:00,2015-11-05 06:00:00,2015-11-07 06:00:00,13.3,61.9,83.3,13.1,61.2,83.3,12.9,60.7,83.3,12.7,59.3,92.6,CLEAN,CLEAN,train,701
2015309N14067,2015-11-06 09:00:00,2015-11-05 09:00:00,2015-11-07 09:00:00,13.1,61.6,83.3,12.9,60.9,83.3,12.8,60.4,83.3,12.7,58.8,101.9,CLEAN,CLEAN,train,702
2015309N14067,2015-11-06 12:00:00,2015-11-05 12:00:00,2015-11-07 12:00:00,13.1,61.2,83.3,12.9,60.7,83.3,12.8,60.1,83.3,12.8,58.4,111.1,CLEAN,CLEAN,train,703
2015309N14067,2015-11-06 15:00:00,2015-11-05 15:00:00,2015-11-07 15:00:00,12.9,60.9,83.3,12.8,60.4,83.3,12.8,59.6,83.3,12.7,57.9,120.4,CLEAN,CLEAN,train,704
2015309N14067,2015-11-06 18:00:00,2015-11-05 18:00:00,2015-11-07 18:00:00,12.9,60.7,83.3,12.8,60.1,83.3,12.7,59.3,92.6,12.8,57.3,129.6,CLEAN,CLEAN,train,705
2015309N14067,2015-11-06 21:00:00,2015-11-05 21:00:00,2015-11-07 21:00:00,12.8,60.4,83.3,12.8,59.6,83.3,12.7,58.8,101.9,12.7,56.7,148.2,CLEAN,CLEAN,train,706
2015309N14067,2015-11-07 00:00:00,2015-11-06 00:00:00,2015-11-08 00:00:00,12.8,60.1,83.3,12.7,59.3,92.6,12.8,58.4,111.1,12.7,56.1,157.4,CLEAN,CLEAN,train,707
2015309N14067,2015-11-07 03:00:00,2015-11-06 03:00:00,2015-11-08 03:00:00,12.8,59.6,83.3,12.7,58.8,101.9,12.7,57.9,120.4,12.7,55.5,166.7,CLEAN,CLEAN,train,708
2015309N14067,2015-11-07 06:00:00,2015-11-06 06:00:00,2015-11-08 06:00:00,12.7,59.3,92.6,12.8,58.4,111.1,12.8,57.3,129.6,12.7,54.9,175.9,CLEAN,CLEAN,train,709
2015309N14067,2015-11-07 09:00:00,2015-11-06 09:00:00,2015-11-08 09:00:00,12.7,58.8,101.9,12.7,57.9,120.4,12.7,56.7,148.2,12.7,54.2,175.9,CLEAN,CLEAN,train,710
2015309N14067,2015-11-07 12:00:00,2015-11-06 12:00:00,2015-11-08 12:00:00,12.8,58.4,111.1,12.8,57.3,129.6,12.7,56.1,157.4,12.7,53.5,166.7,CLEAN,CLEAN,train,711
2015309N14067,2015-11-07 15:00:00,2015-11-06 15:00:00,2015-11-08 15:00:00,12.7,57.9,120.4,12.7,56.7,148.2,12.7,55.5,166.7,12.6,52.8,166.7,CLEAN,CLEAN,train,712
2015309N14067,2015-11-07 18:00:00,2015-11-06 18:00:00,2015-11-08 18:00:00,12.8,57.3,129.6,12.7,56.1,157.4,12.7,54.9,175.9,12.5,52.3,166.7,CLEAN,CLEAN,train,713
2015309N14067,2015-11-07 21:00:00,2015-11-06 21:00:00,2015-11-08 21:00:00,12.7,56.7,148.2,12.7,55.5,166.7,12.7,54.2,175.9,12.4,51.6,166.7,CLEAN,CLEAN,train,714
2015309N14067,2015-11-08 00:00:00,2015-11-07 00:00:00,2015-11-09 00:00:00,12.7,56.1,157.4,12.7,54.9,175.9,12.7,53.5,166.7,12.3,50.9,157.4,CLEAN,CLEAN,train,715
2015309N14067,2015-11-08 03:00:00,2015-11-07 03:00:00,2015-11-09 03:00:00,12.7,55.5,166.7,12.7,54.2,175.9,12.6,52.8,166.7,12.2,50.2,148.2,CLEAN,CLEAN,train,716
2015309N14067,2015-11-08 06:00:00,2015-11-07 06:00:00,2015-11-09 06:00:00,12.7,54.9,175.9,12.7,53.5,166.7,12.5,52.3,166.7,12.3,49.6,148.2,CLEAN,CLEAN,train,717
2015309N14067,2015-11-08 09:00:00,2015-11-07 09:00:00,2015-11-09 09:00:00,12.7,54.2,175.9,12.6,52.8,166.7,12.4,51.6,166.7,12.3,48.9,138.9,CLEAN,CLEAN,train,718
2015309N14067,2015-11-08 12:00:00,2015-11-07 12:00:00,2015-11-09 12:00:00,12.7,53.5,166.7,12.5,52.3,166.7,12.3,50.9,157.4,12.5,48.3,129.6,CLEAN,CLEAN,train,719
2015309N14067,2015-11-08 15:00:00,2015-11-07 15:00:00,2015-11-09 15:00:00,12.6,52.8,166.7,12.4,51.6,166.7,12.2,50.2,148.2,12.5,48.0,120.4,CLEAN,CLEAN,train,720
2015309N14067,2015-11-08 18:00:00,2015-11-07 18:00:00,2015-11-09 18:00:00,12.5,52.3,166.7,12.3,50.9,157.4,12.3,49.6,148.2,12.6,47.6,120.4,CLEAN,CLEAN,train,721
2015309N14067,2015-11-08 21:00:00,2015-11-07 21:00:00,2015-11-09 21:00:00,12.4,51.6,166.7,12.2,50.2,148.2,12.3,48.9,138.9,12.7,47.3,111.1,CLEAN,CLEAN,train,722
2015309N14067,2015-11-09 00:00:00,2015-11-08 00:00:00,2015-11-10 00:00:00,12.3,50.9,157.4,12.3,49.6,148.2,12.5,48.3,129.6,12.9,47.0,92.6,CLEAN,CLEAN,train,723
2015309N14067,2015-11-09 03:00:00,2015-11-08 03:00:00,2015-11-10 03:00:00,12.2,50.2,148.2,12.3,48.9,138.9,12.5,48.0,120.4,13.0,46.8,74.1,CLEAN,CLEAN,train,724
2015309N14067,2015-11-09 06:00:00,2015-11-08 06:00:00,2015-11-10 06:00:00,12.3,49.6,148.2,12.5,48.3,129.6,12.6,47.6,120.4,13.3,46.6,55.6,CLEAN,CLEAN,train,725
2015309N14067,2015-11-09 09:00:00,2015-11-08 09:00:00,2015-11-10 09:00:00,12.3,48.9,138.9,12.5,48.0,120.4,12.7,47.3,111.1,13.5,46.6,51.9,CLEAN,CLEAN,train,726
2015309N14067,2015-11-09 12:00:00,2015-11-08 12:00:00,2015-11-10 12:00:00,12.5,48.3,129.6,12.6,47.6,120.4,12.9,47.0,92.6,13.7,46.6,46.3,CLEAN,CLEAN,train,727
2015312N11084,2015-11-09 03:00:00,2015-11-08 03:00:00,2015-11-10 03:00:00,11.6,80.3,55.6,11.9,80.0,55.6,12.3,80.0,55.6,12.4,79.3,37.0,CLEAN,CLEAN,train,728
2016138N10081,2016-05-18 03:00:00,2016-05-17 03:00:00,2016-05-19 03:00:00,13.4,81.3,55.6,14.2,81.3,55.6,14.5,81.3,55.6,15.4,81.8,64.8,CLEAN,CLEAN,train,730
2016138N10081,2016-05-18 06:00:00,2016-05-17 06:00:00,2016-05-19 06:00:00,13.9,81.3,55.6,14.4,81.3,55.6,14.7,81.3,55.6,15.4,82.0,74.1,CLEAN,CLEAN,train,731
2016138N10081,2016-05-18 09:00:00,2016-05-17 09:00:00,2016-05-19 09:00:00,14.2,81.3,55.6,14.5,81.3,55.6,14.9,81.4,61.1,15.5,82.2,74.1,CLEAN,CLEAN,train,732
2016138N10081,2016-05-18 12:00:00,2016-05-17 12:00:00,2016-05-19 12:00:00,14.4,81.3,55.6,14.7,81.3,55.6,15.1,81.6,64.8,15.8,82.5,74.1,CLEAN,CLEAN,train,733
2016138N10081,2016-05-18 15:00:00,2016-05-17 15:00:00,2016-05-19 15:00:00,14.5,81.3,55.6,14.9,81.4,61.1,15.4,81.8,64.8,16.1,82.8,74.1,CLEAN,CLEAN,train,734
2016138N10081,2016-05-18 18:00:00,2016-05-17 18:00:00,2016-05-19 18:00:00,14.7,81.3,55.6,15.1,81.6,64.8,15.4,82.0,74.1,16.5,83.1,74.1,CLEAN,CLEAN,train,735
2016138N10081,2016-05-18 21:00:00,2016-05-17 21:00:00,2016-05-19 21:00:00,14.9,81.4,61.1,15.4,81.8,64.8,15.5,82.2,74.1,16.9,83.5,74.1,CLEAN,CLEAN,train,736
2016138N10081,2016-05-19 00:00:00,2016-05-18 00:00:00,2016-05-20 00:00:00,15.1,81.6,64.8,15.4,82.0,74.1,15.8,82.5,74.1,17.4,84.0,74.1,CLEAN,CLEAN,train,737
2016138N10081,2016-05-19 03:00:00,2016-05-18 03:00:00,2016-05-20 03:00:00,15.4,81.8,64.8,15.5,82.2,74.1,16.1,82.8,74.1,18.1,84.7,74.1,CLEAN,CLEAN,train,738
2016138N10081,2016-05-19 06:00:00,2016-05-18 06:00:00,2016-05-20 06:00:00,15.4,82.0,74.1,15.8,82.5,74.1,16.5,83.1,74.1,18.6,85.1,74.1,CLEAN,CLEAN,train,739
2016138N10081,2016-05-19 09:00:00,2016-05-18 09:00:00,2016-05-20 09:00:00,15.5,82.2,74.1,16.1,82.8,74.1,16.9,83.5,74.1,18.9,85.6,74.1,CLEAN,CLEAN,train,740
2016138N10081,2016-05-19 12:00:00,2016-05-18 12:00:00,2016-05-20 12:00:00,15.8,82.5,74.1,16.5,83.1,74.1,17.4,84.0,74.1,19.4,86.7,74.1,CLEAN,CLEAN,train,741
2016138N10081,2016-05-19 15:00:00,2016-05-18 15:00:00,2016-05-20 15:00:00,16.1,82.8,74.1,16.9,83.5,74.1,18.1,84.7,74.1,19.8,87.3,74.1,CLEAN,CLEAN,train,742
2016138N10081,2016-05-19 18:00:00,2016-05-18 18:00:00,2016-05-20 18:00:00,16.5,83.1,74.1,17.4,84.0,74.1,18.6,85.1,74.1,20.2,88.0,83.3,CLEAN,CLEAN,train,743
2016138N10081,2016-05-19 21:00:00,2016-05-18 21:00:00,2016-05-20 21:00:00,16.9,83.5,74.1,18.1,84.7,74.1,18.9,85.6,74.1,20.5,88.7,83.3,CLEAN,CLEAN,train,744
2016138N10081,2016-05-20 00:00:00,2016-05-19 00:00:00,2016-05-21 00:00:00,17.4,84.0,74.1,18.6,85.1,74.1,19.4,86.7,74.1,20.9,89.4,83.3,CLEAN,CLEAN,train,745
2016138N10081,2016-05-20 03:00:00,2016-05-19 03:00:00,2016-05-21 03:00:00,18.1,84.7,74.1,18.9,85.6,74.1,19.8,87.3,74.1,21.4,90.4,83.3,CLEAN,CLEAN,train,746
2016138N10081,2016-05-20 06:00:00,2016-05-19 06:00:00,2016-05-21 06:00:00,18.6,85.1,74.1,19.4,86.7,74.1,20.2,88.0,83.3,21.9,91.0,83.3,CLEAN,CLEAN,train,747
2016138N10081,2016-05-20 09:00:00,2016-05-19 09:00:00,2016-05-21 09:00:00,18.9,85.6,74.1,19.8,87.3,74.1,20.5,88.7,83.3,22.6,91.5,83.3,CLEAN,CLEAN,train,748
2016138N10081,2016-05-20 12:00:00,2016-05-19 12:00:00,2016-05-21 12:00:00,19.4,86.7,74.1,20.2,88.0,83.3,20.9,89.4,83.3,23.0,92.0,64.8,CLEAN,CLEAN,train,749
2016138N10081,2016-05-20 15:00:00,2016-05-19 15:00:00,2016-05-21 15:00:00,19.8,87.3,74.1,20.5,88.7,83.3,21.4,90.4,83.3,23.5,93.0,55.6,CLEAN,CLEAN,train,750
2016138N10081,2016-05-20 18:00:00,2016-05-19 18:00:00,2016-05-21 18:00:00,20.2,88.0,83.3,20.9,89.4,83.3,21.9,91.0,83.3,24.0,94.0,55.6,CLEAN,CLEAN,train,751
2016138N10081,2016-05-20 21:00:00,2016-05-19 21:00:00,2016-05-21 21:00:00,20.5,88.7,83.3,21.4,90.4,83.3,22.6,91.5,83.3,24.3,94.5,46.3,CLEAN,CLEAN,train,752
2016138N10081,2016-05-21 00:00:00,2016-05-20 00:00:00,2016-05-22 00:00:00,20.9,89.4,83.3,21.9,91.0,83.3,23.0,92.0,64.8,24.5,94.7,37.0,CLEAN,CLEAN,train,753
2016295N13089,2016-10-22 00:00:00,2016-10-21 00:00:00,2016-10-23 00:00:00,13.9,90.1,46.3,14.5,91.4,46.3,14.9,92.1,46.3,15.5,92.8,46.3,CLEAN,CLEAN,train,780
2016295N13089,2016-10-22 03:00:00,2016-10-21 03:00:00,2016-10-23 03:00:00,14.1,90.7,46.3,14.8,91.8,46.3,15.1,92.3,46.3,15.6,92.8,55.6,CLEAN,CLEAN,train,781
2016295N13089,2016-10-22 06:00:00,2016-10-21 06:00:00,2016-10-23 06:00:00,14.5,91.4,46.3,14.9,92.1,46.3,15.3,92.5,46.3,15.6,92.8,55.6,CLEAN,CLEAN,train,782
2016295N13089,2016-10-22 09:00:00,2016-10-21 09:00:00,2016-10-23 09:00:00,14.8,91.8,46.3,15.1,92.3,46.3,15.4,92.6,46.3,15.7,92.9,55.6,CLEAN,CLEAN,train,783
2016295N13089,2016-10-22 12:00:00,2016-10-21 12:00:00,2016-10-23 12:00:00,14.9,92.1,46.3,15.3,92.5,46.3,15.5,92.8,46.3,15.8,93.0,55.6,CLEAN,CLEAN,train,784
2016295N13089,2016-10-22 15:00:00,2016-10-21 15:00:00,2016-10-23 15:00:00,15.1,92.3,46.3,15.4,92.6,46.3,15.6,92.8,55.6,15.9,93.0,55.6,CLEAN,CLEAN,train,785
2016295N13089,2016-10-22 18:00:00,2016-10-21 18:00:00,2016-10-23 18:00:00,15.3,92.5,46.3,15.5,92.8,46.3,15.6,92.8,55.6,16.0,93.1,55.6,CLEAN,CLEAN,train,786
2016295N13089,2016-10-22 21:00:00,2016-10-21 21:00:00,2016-10-23 21:00:00,15.4,92.6,46.3,15.6,92.8,55.6,15.7,92.9,55.6,16.1,93.1,55.6,CLEAN,CLEAN,train,787
2016295N13089,2016-10-23 00:00:00,2016-10-22 00:00:00,2016-10-24 00:00:00,15.5,92.8,46.3,15.6,92.8,55.6,15.8,93.0,55.6,16.3,93.1,55.6,CLEAN,CLEAN,train,788
2016295N13089,2016-10-23 03:00:00,2016-10-22 03:00:00,2016-10-24 03:00:00,15.6,92.8,55.6,15.7,92.9,55.6,15.9,93.0,55.6,16.3,93.1,55.6,CLEAN,CLEAN,train,789
2016295N13089,2016-10-23 06:00:00,2016-10-22 06:00:00,2016-10-24 06:00:00,15.6,92.8,55.6,15.8,93.0,55.6,16.0,93.1,55.6,16.5,93.1,55.6,CLEAN,CLEAN,train,790
2016295N13089,2016-10-23 09:00:00,2016-10-22 09:00:00,2016-10-24 09:00:00,15.7,92.9,55.6,15.9,93.0,55.6,16.1,93.1,55.6,16.7,92.8,55.6,CLEAN,CLEAN,train,791
2016295N13089,2016-10-23 12:00:00,2016-10-22 12:00:00,2016-10-24 12:00:00,15.8,93.0,55.6,16.0,93.1,55.6,16.3,93.1,55.6,16.7,92.5,55.6,CLEAN,CLEAN,train,792
2016295N13089,2016-10-23 15:00:00,2016-10-22 15:00:00,2016-10-24 15:00:00,15.9,93.0,55.6,16.1,93.1,55.6,16.3,93.1,55.6,16.7,92.3,55.6,CLEAN,CLEAN,train,793
2016295N13089,2016-10-23 18:00:00,2016-10-22 18:00:00,2016-10-24 18:00:00,16.0,93.1,55.6,16.3,93.1,55.6,16.5,93.1,55.6,16.7,92.2,55.6,CLEAN,CLEAN,train,794
2016295N13089,2016-10-23 21:00:00,2016-10-22 21:00:00,2016-10-24 21:00:00,16.1,93.1,55.6,16.3,93.1,55.6,16.7,92.8,55.6,16.7,92.0,55.6,CLEAN,CLEAN,train,795
2016295N13089,2016-10-24 00:00:00,2016-10-23 00:00:00,2016-10-25 00:00:00,16.3,93.1,55.6,16.5,93.1,55.6,16.7,92.5,55.6,16.8,91.7,55.6,CLEAN,CLEAN,train,796
2016295N13089,2016-10-24 03:00:00,2016-10-23 03:00:00,2016-10-25 03:00:00,16.3,93.1,55.6,16.7,92.8,55.6,16.7,92.3,55.6,16.8,91.4,64.8,CLEAN,CLEAN,train,797
2016295N13089,2016-10-24 06:00:00,2016-10-23 06:00:00,2016-10-25 06:00:00,16.5,93.1,55.6,16.7,92.5,55.6,16.7,92.2,55.6,16.8,91.1,64.8,CLEAN,CLEAN,train,798
2016295N13089,2016-10-24 09:00:00,2016-10-23 09:00:00,2016-10-25 09:00:00,16.7,92.8,55.6,16.7,92.3,55.6,16.7,92.0,55.6,16.7,90.8,64.8,CLEAN,CLEAN,train,799
2016295N13089,2016-10-24 12:00:00,2016-10-23 12:00:00,2016-10-25 12:00:00,16.7,92.5,55.6,16.7,92.2,55.6,16.8,91.7,55.6,16.8,90.6,64.8,CLEAN,CLEAN,train,800
2016295N13089,2016-10-24 15:00:00,2016-10-23 15:00:00,2016-10-25 15:00:00,16.7,92.3,55.6,16.7,92.0,55.6,16.8,91.4,64.8,16.6,90.2,64.8,CLEAN,CLEAN,train,801
2016295N13089,2016-10-24 18:00:00,2016-10-23 18:00:00,2016-10-25 18:00:00,16.7,92.2,55.6,16.8,91.7,55.6,16.8,91.1,64.8,16.6,89.8,64.8,CLEAN,CLEAN,train,802
2016295N13089,2016-10-24 21:00:00,2016-10-23 21:00:00,2016-10-25 21:00:00,16.7,92.0,55.6,16.8,91.4,64.8,16.7,90.8,64.8,16.4,89.5,64.8,CLEAN,CLEAN,train,803
2016295N13089,2016-10-25 00:00:00,2016-10-24 00:00:00,2016-10-26 00:00:00,16.8,91.7,55.6,16.8,91.1,64.8,16.8,90.6,64.8,16.4,89.0,74.1,CLEAN,CLEAN,train,804
2016295N13089,2016-10-25 03:00:00,2016-10-24 03:00:00,2016-10-26 03:00:00,16.8,91.4,64.8,16.7,90.8,64.8,16.6,90.2,64.8,16.3,88.5,74.1,CLEAN,CLEAN,train,805
2016295N13089,2016-10-25 06:00:00,2016-10-24 06:00:00,2016-10-26 06:00:00,16.8,91.1,64.8,16.8,90.6,64.8,16.6,89.8,64.8,16.3,87.9,74.1,CLEAN,CLEAN,train,806
2016295N13089,2016-10-25 09:00:00,2016-10-24 09:00:00,2016-10-26 09:00:00,16.7,90.8,64.8,16.6,90.2,64.8,16.4,89.5,64.8,16.2,87.4,74.1,CLEAN,CLEAN,train,807
2016295N13089,2016-10-25 12:00:00,2016-10-24 12:00:00,2016-10-26 12:00:00,16.8,90.6,64.8,16.6,89.8,64.8,16.4,89.0,74.1,16.2,87.0,74.1,CLEAN,CLEAN,train,808
2016295N13089,2016-10-25 15:00:00,2016-10-24 15:00:00,2016-10-26 15:00:00,16.6,90.2,64.8,16.4,89.5,64.8,16.3,88.5,74.1,16.1,86.6,74.1,CLEAN,CLEAN,train,809
2016295N13089,2016-10-25 18:00:00,2016-10-24 18:00:00,2016-10-26 18:00:00,16.6,89.8,64.8,16.4,89.0,74.1,16.3,87.9,74.1,16.0,86.3,64.8,CLEAN,CLEAN,train,810
2016295N13089,2016-10-25 21:00:00,2016-10-24 21:00:00,2016-10-26 21:00:00,16.4,89.5,64.8,16.3,88.5,74.1,16.2,87.4,74.1,15.9,85.8,55.6,CLEAN,CLEAN,train,811
2016295N13089,2016-10-26 00:00:00,2016-10-25 00:00:00,2016-10-27 00:00:00,16.4,89.0,74.1,16.3,87.9,74.1,16.2,87.0,74.1,15.8,85.4,55.6,CLEAN,CLEAN,train,812
2016295N13089,2016-10-26 03:00:00,2016-10-25 03:00:00,2016-10-27 03:00:00,16.3,88.5,74.1,16.2,87.4,74.1,16.1,86.6,74.1,15.7,84.8,55.6,CLEAN,CLEAN,train,813
2016295N13089,2016-10-26 06:00:00,2016-10-25 06:00:00,2016-10-27 06:00:00,16.3,87.9,74.1,16.2,87.0,74.1,16.0,86.3,64.8,15.7,84.4,55.6,CLEAN,CLEAN,train,814
2016295N13089,2016-10-26 09:00:00,2016-10-25 09:00:00,2016-10-27 09:00:00,16.2,87.4,74.1,16.1,86.6,74.1,15.9,85.8,55.6,15.6,83.9,55.6,CLEAN,CLEAN,train,815
2016295N13089,2016-10-26 12:00:00,2016-10-25 12:00:00,2016-10-27 12:00:00,16.2,87.0,74.1,16.0,86.3,64.8,15.8,85.4,55.6,15.6,83.6,55.6,CLEAN,CLEAN,train,816
2016295N13089,2016-10-26 15:00:00,2016-10-25 15:00:00,2016-10-27 15:00:00,16.1,86.6,74.1,15.9,85.8,55.6,15.7,84.8,55.6,15.4,83.3,51.9,CLEAN,CLEAN,train,817
2016295N13089,2016-10-26 18:00:00,2016-10-25 18:00:00,2016-10-27 18:00:00,16.0,86.3,64.8,15.8,85.4,55.6,15.7,84.4,55.6,15.3,83.0,46.3,CLEAN,CLEAN,train,818
2016308N13088,2016-11-03 18:00:00,2016-11-02 18:00:00,2016-11-04 18:00:00,14.6,85.0,46.3,15.5,84.8,46.3,16.0,84.7,46.3,16.9,85.0,46.3,CLEAN,CLEAN,train,831
2016308N13088,2016-11-03 21:00:00,2016-11-02 21:00:00,2016-11-04 21:00:00,15.0,84.9,46.3,16.0,84.7,46.3,16.1,84.7,46.3,17.2,85.4,46.3,CLEAN,CLEAN,train,832
2016308N13088,2016-11-04 00:00:00,2016-11-03 00:00:00,2016-11-05 00:00:00,15.5,84.8,46.3,16.0,84.7,46.3,16.3,84.7,46.3,17.7,86.0,46.3,CLEAN,CLEAN,train,833
2016308N13088,2016-11-04 03:00:00,2016-11-03 03:00:00,2016-11-05 03:00:00,16.0,84.7,46.3,16.1,84.7,46.3,16.6,84.8,46.3,18.3,87.0,46.3,CLEAN,CLEAN,train,834
2016308N13088,2016-11-04 06:00:00,2016-11-03 06:00:00,2016-11-05 06:00:00,16.0,84.7,46.3,16.3,84.7,46.3,16.9,85.0,46.3,18.5,87.0,46.3,CLEAN,CLEAN,train,835
2016308N13088,2016-11-04 09:00:00,2016-11-03 09:00:00,2016-11-05 09:00:00,16.1,84.7,46.3,16.6,84.8,46.3,17.2,85.4,46.3,18.7,87.7,46.3,CLEAN,CLEAN,train,836
2016308N13088,2016-11-04 12:00:00,2016-11-03 12:00:00,2016-11-05 12:00:00,16.3,84.7,46.3,16.9,85.0,46.3,17.7,86.0,46.3,19.0,88.7,46.3,CLEAN,CLEAN,train,837
2016308N13088,2016-11-04 15:00:00,2016-11-03 15:00:00,2016-11-05 15:00:00,16.6,84.8,46.3,17.2,85.4,46.3,18.3,87.0,46.3,19.2,89.1,46.3,CLEAN,CLEAN,train,838
2016308N13088,2016-11-04 18:00:00,2016-11-03 18:00:00,2016-11-05 18:00:00,16.9,85.0,46.3,17.7,86.0,46.3,18.5,87.0,46.3,19.5,89.5,46.3,CLEAN,CLEAN,train,839
2016308N13088,2016-11-04 21:00:00,2016-11-03 21:00:00,2016-11-05 21:00:00,17.2,85.4,46.3,18.3,87.0,46.3,18.7,87.7,46.3,20.0,90.3,46.3,CLEAN,CLEAN,train,840
2016308N13088,2016-11-05 00:00:00,2016-11-04 00:00:00,2016-11-06 00:00:00,17.7,86.0,46.3,18.5,87.0,46.3,19.0,88.7,46.3,20.5,91.0,46.3,CLEAN,CLEAN,train,841
2016308N13088,2016-11-05 03:00:00,2016-11-04 03:00:00,2016-11-06 03:00:00,18.3,87.0,46.3,18.7,87.7,46.3,19.2,89.1,46.3,21.0,91.5,46.3,CLEAN,CLEAN,train,842
2016308N13088,2016-11-05 06:00:00,2016-11-04 06:00:00,2016-11-06 06:00:00,18.5,87.0,46.3,19.0,88.7,46.3,19.5,89.5,46.3,21.5,91.8,46.3,CLEAN,CLEAN,train,843
2016308N13088,2016-11-05 09:00:00,2016-11-04 09:00:00,2016-11-06 09:00:00,18.7,87.7,46.3,19.2,89.1,46.3,20.0,90.3,46.3,21.6,91.9,46.3,CLEAN,CLEAN,train,844
2016335N07088,2016-11-30 12:00:00,2016-11-29 12:00:00,2016-12-01 12:00:00,9.8,83.9,74.1,10.3,83.0,74.1,10.4,82.0,64.8,10.8,80.6,55.6,CLEAN,CLEAN,train,845
2016335N07088,2016-11-30 15:00:00,2016-11-29 15:00:00,2016-12-01 15:00:00,10.0,83.4,74.1,10.3,82.2,74.1,10.4,81.7,55.6,10.8,80.4,51.9,CLEAN,CLEAN,train,846
2016335N07088,2016-11-30 18:00:00,2016-11-29 18:00:00,2016-12-01 18:00:00,10.3,83.0,74.1,10.4,82.0,64.8,10.5,81.3,55.6,10.8,80.1,46.3,CLEAN,CLEAN,train,847
2016335N07088,2016-11-30 21:00:00,2016-11-29 21:00:00,2016-12-01 21:00:00,10.3,82.2,74.1,10.4,81.7,55.6,10.6,80.9,55.6,10.8,79.9,46.3,CLEAN,CLEAN,train,848
2016335N07088,2016-12-01 00:00:00,2016-11-30 00:00:00,2016-12-02 00:00:00,10.4,82.0,64.8,10.5,81.3,55.6,10.8,80.6,55.6,10.9,79.6,46.3,CLEAN,CLEAN,train,849
2017147N14087,2017-05-29 00:00:00,2017-05-28 00:00:00,2017-05-30 00:00:00,17.0,91.3,83.3,17.8,91.5,83.3,18.7,91.6,92.6,21.0,91.9,111.1,CLEAN,CLEAN,train,858
2017147N14087,2017-05-29 03:00:00,2017-05-28 03:00:00,2017-05-30 03:00:00,17.3,91.3,83.3,18.2,91.6,83.3,19.0,91.6,101.9,21.9,92.0,111.1,CLEAN,CLEAN,train,859
2017147N14087,2017-05-29 06:00:00,2017-05-28 06:00:00,2017-05-30 06:00:00,17.8,91.5,83.3,18.7,91.6,92.6,19.8,91.7,101.9,23.0,92.0,101.9,CLEAN,CLEAN,train,860
2017147N14087,2017-05-29 09:00:00,2017-05-28 09:00:00,2017-05-30 09:00:00,18.2,91.6,83.3,19.0,91.6,101.9,20.3,91.7,111.1,23.9,92.2,74.1,CLEAN,CLEAN,train,861
2017147N14087,2017-05-29 12:00:00,2017-05-28 12:00:00,2017-05-30 12:00:00,18.7,91.6,92.6,19.8,91.7,101.9,21.0,91.9,111.1,24.7,92.4,55.6,CLEAN,CLEAN,train,862
2017147N14087,2017-05-29 15:00:00,2017-05-28 15:00:00,2017-05-30 15:00:00,19.0,91.6,101.9,20.3,91.7,111.1,21.9,92.0,111.1,25.2,92.6,46.3,CLEAN,CLEAN,train,863
2017147N14087,2017-05-29 18:00:00,2017-05-28 18:00:00,2017-05-30 18:00:00,19.8,91.7,101.9,21.0,91.9,111.1,23.0,92.0,101.9,25.7,92.9,37.0,CLEAN,CLEAN,train,864
2017319N15083,2017-11-16 03:00:00,2017-11-15 03:00:00,2017-11-17 03:00:00,17.7,84.3,46.3,17.9,84.6,46.3,18.3,85.3,46.3,19.5,86.3,46.3,CLEAN,CLEAN,train,865
2017340N09089,2017-12-07 03:00:00,2017-12-06 03:00:00,2017-12-08 03:00:00,12.0,88.0,46.3,12.5,87.8,46.3,13.1,87.7,46.3,15.0,86.8,55.6,CLEAN,CLEAN,train,866
2017340N09089,2017-12-07 06:00:00,2017-12-06 06:00:00,2017-12-08 06:00:00,12.2,87.9,46.3,12.8,87.7,46.3,13.4,87.6,46.3,15.8,86.6,55.6,CLEAN,CLEAN,train,867
2017340N09089,2017-12-07 09:00:00,2017-12-06 09:00:00,2017-12-08 09:00:00,12.5,87.8,46.3,13.1,87.7,46.3,13.8,87.3,51.9,16.5,86.5,55.6,CLEAN,CLEAN,train,868
2017340N09089,2017-12-07 12:00:00,2017-12-06 12:00:00,2017-12-08 12:00:00,12.8,87.7,46.3,13.4,87.6,46.3,14.3,87.0,55.6,17.0,86.3,55.6,CLEAN,CLEAN,train,869
2017340N09089,2017-12-07 15:00:00,2017-12-06 15:00:00,2017-12-08 15:00:00,13.1,87.7,46.3,13.8,87.3,51.9,15.0,86.8,55.6,17.6,86.3,51.9,CLEAN,CLEAN,train,870
2017340N09089,2017-12-07 18:00:00,2017-12-06 18:00:00,2017-12-08 18:00:00,13.4,87.6,46.3,14.3,87.0,55.6,15.8,86.6,55.6,18.1,86.4,46.3,CLEAN,CLEAN,train,871
2017340N09089,2017-12-07 21:00:00,2017-12-06 21:00:00,2017-12-08 21:00:00,13.8,87.3,51.9,15.0,86.8,55.6,16.5,86.5,55.6,18.4,86.4,46.3,CLEAN,CLEAN,train,872
2017340N09089,2017-12-08 00:00:00,2017-12-07 00:00:00,2017-12-09 00:00:00,14.3,87.0,55.6,15.8,86.6,55.6,17.0,86.3,55.6,18.7,86.5,46.3,CLEAN,CLEAN,train,873
2017340N09089,2017-12-08 03:00:00,2017-12-07 03:00:00,2017-12-09 03:00:00,15.0,86.8,55.6,16.5,86.5,55.6,17.6,86.3,51.9,18.8,86.7,46.3,CLEAN,CLEAN,train,874
2017340N09089,2017-12-08 06:00:00,2017-12-07 06:00:00,2017-12-09 06:00:00,15.8,86.6,55.6,17.0,86.3,55.6,18.1,86.4,46.3,19.0,86.9,46.3,CLEAN,CLEAN,train,875
2018136N11054,2018-05-17 12:00:00,2018-05-16 12:00:00,2018-05-18 12:00:00,13.0,48.1,74.1,12.6,47.3,74.1,12.2,46.5,83.3,11.5,45.5,83.3,CLEAN,CLEAN,train,890
2018136N11054,2018-05-17 15:00:00,2018-05-16 15:00:00,2018-05-18 15:00:00,12.9,47.7,74.1,12.4,46.9,74.1,12.0,46.2,83.3,11.4,45.3,83.3,CLEAN,CLEAN,train,891
2018136N11054,2018-05-17 18:00:00,2018-05-16 18:00:00,2018-05-18 18:00:00,12.6,47.3,74.1,12.2,46.5,83.3,11.9,46.0,83.3,11.3,45.1,83.3,CLEAN,CLEAN,train,892
2018136N11054,2018-05-17 21:00:00,2018-05-16 21:00:00,2018-05-18 21:00:00,12.4,46.9,74.1,12.0,46.2,83.3,11.7,45.6,83.3,11.1,45.0,83.3,CLEAN,CLEAN,train,893
2018136N11054,2018-05-18 00:00:00,2018-05-17 00:00:00,2018-05-19 00:00:00,12.2,46.5,83.3,11.9,46.0,83.3,11.5,45.5,83.3,11.0,44.8,83.3,CLEAN,CLEAN,train,894
2018136N11054,2018-05-18 03:00:00,2018-05-17 03:00:00,2018-05-19 03:00:00,12.0,46.2,83.3,11.7,45.6,83.3,11.4,45.3,83.3,10.8,44.5,83.3,CLEAN,CLEAN,train,895
2018136N11054,2018-05-18 06:00:00,2018-05-17 06:00:00,2018-05-19 06:00:00,11.9,46.0,83.3,11.5,45.5,83.3,11.3,45.1,83.3,10.7,44.2,74.1,CLEAN,CLEAN,train,896
2018136N11054,2018-05-18 09:00:00,2018-05-17 09:00:00,2018-05-19 09:00:00,11.7,45.6,83.3,11.4,45.3,83.3,11.1,45.0,83.3,10.5,44.0,74.1,CLEAN,CLEAN,train,897
2018279N11069,2018-10-07 09:00:00,2018-10-06 09:00:00,2018-10-08 09:00:00,11.8,64.8,55.6,12.0,63.9,55.6,12.0,63.0,61.1,12.3,61.6,83.3,CLEAN,CLEAN,train,912
2018279N11069,2018-10-07 12:00:00,2018-10-06 12:00:00,2018-10-08 12:00:00,12.0,64.3,55.6,12.0,63.5,55.6,12.1,62.5,64.8,12.4,61.3,83.3,CLEAN,CLEAN,train,913
2018279N11069,2018-10-07 15:00:00,2018-10-06 15:00:00,2018-10-08 15:00:00,12.0,63.9,55.6,12.0,63.0,61.1,12.1,62.1,74.1,12.5,61.1,83.3,CLEAN,CLEAN,train,914
2018279N11069,2018-10-07 18:00:00,2018-10-06 18:00:00,2018-10-08 18:00:00,12.0,63.5,55.6,12.1,62.5,64.8,12.2,61.9,74.1,12.6,60.9,83.3,CLEAN,CLEAN,train,915
2018279N11069,2018-10-07 21:00:00,2018-10-06 21:00:00,2018-10-08 21:00:00,12.0,63.0,61.1,12.1,62.1,74.1,12.3,61.6,83.3,12.7,60.6,83.3,CLEAN,CLEAN,train,916
2018279N11069,2018-10-08 00:00:00,2018-10-07 00:00:00,2018-10-09 00:00:00,12.1,62.5,64.8,12.2,61.9,74.1,12.4,61.3,83.3,12.8,60.5,83.3,CLEAN,CLEAN,train,917
2018279N11069,2018-10-08 03:00:00,2018-10-07 03:00:00,2018-10-09 03:00:00,12.1,62.1,74.1,12.3,61.6,83.3,12.5,61.1,83.3,12.9,60.4,83.3,CLEAN,CLEAN,train,918
2018279N11069,2018-10-08 06:00:00,2018-10-07 06:00:00,2018-10-09 06:00:00,12.2,61.9,74.1,12.4,61.3,83.3,12.6,60.9,83.3,13.0,60.4,83.3,CLEAN,CLEAN,train,919
2018279N11069,2018-10-08 09:00:00,2018-10-07 09:00:00,2018-10-09 09:00:00,12.3,61.6,83.3,12.5,61.1,83.3,12.7,60.6,83.3,13.1,60.3,92.6,CLEAN,CLEAN,train,920
2018279N11069,2018-10-08 12:00:00,2018-10-07 12:00:00,2018-10-09 12:00:00,12.4,61.3,83.3,12.6,60.9,83.3,12.8,60.5,83.3,13.2,60.1,101.9,CLEAN,CLEAN,train,921
2018279N11069,2018-10-08 15:00:00,2018-10-07 15:00:00,2018-10-09 15:00:00,12.5,61.1,83.3,12.7,60.6,83.3,12.9,60.4,83.3,13.4,59.8,101.9,CLEAN,CLEAN,train,922
2018279N11069,2018-10-08 18:00:00,2018-10-07 18:00:00,2018-10-09 18:00:00,12.6,60.9,83.3,12.8,60.5,83.3,13.0,60.4,83.3,13.6,59.6,101.9,CLEAN,CLEAN,train,923
2018279N11069,2018-10-08 21:00:00,2018-10-07 21:00:00,2018-10-09 21:00:00,12.7,60.6,83.3,12.9,60.4,83.3,13.1,60.3,92.6,13.7,59.3,111.1,CLEAN,CLEAN,train,924
2018279N11069,2018-10-09 00:00:00,2018-10-08 00:00:00,2018-10-10 00:00:00,12.8,60.5,83.3,13.0,60.4,83.3,13.2,60.1,101.9,14.0,59.2,120.4,CLEAN,CLEAN,train,925
2018279N11069,2018-10-09 03:00:00,2018-10-08 03:00:00,2018-10-10 03:00:00,12.9,60.4,83.3,13.1,60.3,92.6,13.4,59.8,101.9,14.1,59.1,120.4,CLEAN,CLEAN,train,926
2018279N11069,2018-10-09 06:00:00,2018-10-08 06:00:00,2018-10-10 06:00:00,13.0,60.4,83.3,13.2,60.1,101.9,13.6,59.6,101.9,14.2,59.0,138.9,CLEAN,CLEAN,train,927
2018279N11069,2018-10-09 09:00:00,2018-10-08 09:00:00,2018-10-10 09:00:00,13.1,60.3,92.6,13.4,59.8,101.9,13.7,59.3,111.1,14.4,58.7,138.9,CLEAN,CLEAN,train,928
2018279N11069,2018-10-09 12:00:00,2018-10-08 12:00:00,2018-10-10 12:00:00,13.2,60.1,101.9,13.6,59.6,101.9,14.0,59.2,120.4,14.4,58.6,138.9,CLEAN,CLEAN,train,929
2018279N11069,2018-10-09 15:00:00,2018-10-08 15:00:00,2018-10-10 15:00:00,13.4,59.8,101.9,13.7,59.3,111.1,14.1,59.1,120.4,14.5,58.5,138.9,CLEAN,CLEAN,train,930
2018279N11069,2018-10-09 18:00:00,2018-10-08 18:00:00,2018-10-10 18:00:00,13.6,59.6,101.9,14.0,59.2,120.4,14.2,59.0,138.9,14.5,58.4,138.9,CLEAN,CLEAN,train,931
2018279N11069,2018-10-09 21:00:00,2018-10-08 21:00:00,2018-10-10 21:00:00,13.7,59.3,111.1,14.1,59.1,120.4,14.4,58.7,138.9,14.5,58.4,138.9,CLEAN,CLEAN,train,932
2018279N11069,2018-10-10 00:00:00,2018-10-09 00:00:00,2018-10-11 00:00:00,14.0,59.2,120.4,14.2,59.0,138.9,14.4,58.6,138.9,14.6,58.2,138.9,CLEAN,CLEAN,train,933
2018279N11069,2018-10-10 03:00:00,2018-10-09 03:00:00,2018-10-11 03:00:00,14.1,59.1,120.4,14.4,58.7,138.9,14.5,58.5,138.9,14.4,58.0,129.6,CLEAN,CLEAN,train,934
2018279N11069,2018-10-10 06:00:00,2018-10-09 06:00:00,2018-10-11 06:00:00,14.2,59.0,138.9,14.4,58.6,138.9,14.5,58.4,138.9,14.5,57.9,129.6,CLEAN,CLEAN,train,935
2018279N11069,2018-10-10 09:00:00,2018-10-09 09:00:00,2018-10-11 09:00:00,14.4,58.7,138.9,14.5,58.5,138.9,14.5,58.4,138.9,14.5,57.9,129.6,CLEAN,CLEAN,train,936
2018279N11069,2018-10-10 12:00:00,2018-10-09 12:00:00,2018-10-11 12:00:00,14.4,58.6,138.9,14.5,58.4,138.9,14.6,58.2,138.9,14.5,57.8,129.6,CLEAN,CLEAN,train,937
2018279N11069,2018-10-10 15:00:00,2018-10-09 15:00:00,2018-10-11 15:00:00,14.5,58.5,138.9,14.5,58.4,138.9,14.4,58.0,129.6,14.5,57.8,129.6,CLEAN,CLEAN,train,938
2018279N11069,2018-10-10 18:00:00,2018-10-09 18:00:00,2018-10-11 18:00:00,14.5,58.4,138.9,14.6,58.2,138.9,14.5,57.9,129.6,14.6,57.7,129.6,CLEAN,CLEAN,train,939
2018279N11069,2018-10-10 21:00:00,2018-10-09 21:00:00,2018-10-11 21:00:00,14.5,58.4,138.9,14.4,58.0,129.6,14.5,57.9,129.6,14.7,57.7,120.4,CLEAN,CLEAN,train,940
2018279N11069,2018-10-11 00:00:00,2018-10-10 00:00:00,2018-10-12 00:00:00,14.6,58.2,138.9,14.5,57.9,129.6,14.5,57.8,129.6,14.7,57.6,111.1,CLEAN,CLEAN,train,941
2018279N11069,2018-10-11 03:00:00,2018-10-10 03:00:00,2018-10-12 03:00:00,14.4,58.0,129.6,14.5,57.9,129.6,14.5,57.8,129.6,14.6,57.5,101.9,CLEAN,CLEAN,train,942
2018279N11069,2018-10-11 06:00:00,2018-10-10 06:00:00,2018-10-12 06:00:00,14.5,57.9,129.6,14.5,57.8,129.6,14.6,57.7,129.6,14.7,57.4,92.6,CLEAN,CLEAN,train,943
2018279N11069,2018-10-11 09:00:00,2018-10-10 09:00:00,2018-10-12 09:00:00,14.5,57.9,129.6,14.5,57.8,129.6,14.7,57.7,120.4,14.6,57.2,92.6,CLEAN,CLEAN,train,944
2018279N11069,2018-10-11 12:00:00,2018-10-10 12:00:00,2018-10-12 12:00:00,14.5,57.8,129.6,14.6,57.7,129.6,14.7,57.6,111.1,14.7,57.0,92.6,CLEAN,CLEAN,train,945
2018279N11069,2018-10-11 15:00:00,2018-10-10 15:00:00,2018-10-12 15:00:00,14.5,57.8,129.6,14.7,57.7,120.4,14.6,57.5,101.9,14.7,56.8,92.6,CLEAN,CLEAN,train,946
2018279N11069,2018-10-11 18:00:00,2018-10-10 18:00:00,2018-10-12 18:00:00,14.6,57.7,129.6,14.7,57.6,111.1,14.7,57.4,92.6,14.8,56.5,83.3,CLEAN,CLEAN,train,947
2018279N11069,2018-10-11 21:00:00,2018-10-10 21:00:00,2018-10-12 21:00:00,14.7,57.7,120.4,14.6,57.5,101.9,14.6,57.2,92.6,14.8,56.2,83.3,CLEAN,CLEAN,train,948
2018279N11069,2018-10-12 00:00:00,2018-10-11 00:00:00,2018-10-13 00:00:00,14.7,57.6,111.1,14.7,57.4,92.6,14.7,57.0,92.6,14.8,55.9,83.3,CLEAN,CLEAN,train,949
2018279N11069,2018-10-12 03:00:00,2018-10-11 03:00:00,2018-10-13 03:00:00,14.6,57.5,101.9,14.6,57.2,92.6,14.7,56.8,92.6,14.8,55.6,74.1,CLEAN,CLEAN,train,950
2018279N11069,2018-10-12 06:00:00,2018-10-11 06:00:00,2018-10-13 06:00:00,14.7,57.4,92.6,14.7,57.0,92.6,14.8,56.5,83.3,14.9,55.3,74.1,CLEAN,CLEAN,train,951
2018279N11069,2018-10-12 09:00:00,2018-10-11 09:00:00,2018-10-13 09:00:00,14.6,57.2,92.6,14.7,56.8,92.6,14.8,56.2,83.3,14.9,54.9,74.1,CLEAN,CLEAN,train,952
2018279N11069,2018-10-12 12:00:00,2018-10-11 12:00:00,2018-10-13 12:00:00,14.7,57.0,92.6,14.8,56.5,83.3,14.8,55.9,83.3,14.9,54.5,74.1,CLEAN,CLEAN,train,953
2018279N11069,2018-10-12 15:00:00,2018-10-11 15:00:00,2018-10-13 15:00:00,14.7,56.8,92.6,14.8,56.2,83.3,14.8,55.6,74.1,14.9,54.1,74.1,CLEAN,CLEAN,train,954
2018279N11069,2018-10-12 18:00:00,2018-10-11 18:00:00,2018-10-13 18:00:00,14.8,56.5,83.3,14.8,55.9,83.3,14.9,55.3,74.1,15.1,53.7,74.1,CLEAN,CLEAN,train,955
2018279N11069,2018-10-12 21:00:00,2018-10-11 21:00:00,2018-10-13 21:00:00,14.8,56.2,83.3,14.8,55.6,74.1,14.9,54.9,74.1,15.2,53.3,74.1,CLEAN,CLEAN,train,956
2018279N11069,2018-10-13 00:00:00,2018-10-12 00:00:00,2018-10-14 00:00:00,14.8,55.9,83.3,14.9,55.3,74.1,14.9,54.5,74.1,15.4,52.8,74.1,CLEAN,CLEAN,train,957
2018279N11069,2018-10-13 03:00:00,2018-10-12 03:00:00,2018-10-14 03:00:00,14.8,55.6,74.1,14.9,54.9,74.1,14.9,54.1,74.1,15.6,52.5,74.1,CLEAN,CLEAN,train,958
2018279N11069,2018-10-13 06:00:00,2018-10-12 06:00:00,2018-10-14 06:00:00,14.9,55.3,74.1,14.9,54.5,74.1,15.1,53.7,74.1,15.9,52.2,64.8,CLEAN,CLEAN,train,959
2018279N11069,2018-10-13 09:00:00,2018-10-12 09:00:00,2018-10-14 09:00:00,14.9,54.9,74.1,14.9,54.1,74.1,15.2,53.3,74.1,15.9,51.8,55.6,CLEAN,CLEAN,train,960
2018279N11069,2018-10-13 12:00:00,2018-10-12 12:00:00,2018-10-14 12:00:00,14.9,54.5,74.1,15.1,53.7,74.1,15.4,52.8,74.1,16.0,51.4,55.6,CLEAN,CLEAN,train,961
2018279N11069,2018-10-13 15:00:00,2018-10-12 15:00:00,2018-10-14 15:00:00,14.9,54.1,74.1,15.2,53.3,74.1,15.6,52.5,74.1,16.1,51.1,51.9,CLEAN,CLEAN,train,962
2018279N11069,2018-10-13 18:00:00,2018-10-12 18:00:00,2018-10-14 18:00:00,15.1,53.7,74.1,15.4,52.8,74.1,15.9,52.2,64.8,16.3,50.8,46.3,CLEAN,CLEAN,train,963
2018279N11069,2018-10-13 21:00:00,2018-10-12 21:00:00,2018-10-14 21:00:00,15.2,53.3,74.1,15.6,52.5,74.1,15.9,51.8,55.6,16.2,50.0,46.3,CLEAN,CLEAN,train,964
2018279N11069,2018-10-14 00:00:00,2018-10-13 00:00:00,2018-10-15 00:00:00,15.4,52.8,74.1,15.9,52.2,64.8,16.0,51.4,55.6,16.2,49.0,46.3,CLEAN,CLEAN,train,965
2018314N12093,2018-11-11 03:00:00,2018-11-10 03:00:00,2018-11-12 03:00:00,13.4,88.8,64.8,13.4,88.0,74.1,13.2,87.5,74.1,12.7,87.2,74.1,CLEAN,CLEAN,train,966
2018314N12093,2018-11-11 06:00:00,2018-11-10 06:00:00,2018-11-12 06:00:00,13.4,88.5,74.1,13.3,87.7,74.1,13.1,87.3,74.1,12.6,87.3,74.1,CLEAN,CLEAN,train,967
2018314N12093,2018-11-11 09:00:00,2018-11-10 09:00:00,2018-11-12 09:00:00,13.4,88.0,74.1,13.2,87.5,74.1,13.1,87.2,74.1,12.7,87.3,74.1,CLEAN,CLEAN,train,968
2018314N12093,2018-11-11 12:00:00,2018-11-10 12:00:00,2018-11-12 12:00:00,13.3,87.7,74.1,13.1,87.3,74.1,12.9,87.2,74.1,12.8,87.6,74.1,CLEAN,CLEAN,train,969
2018314N12093,2018-11-11 15:00:00,2018-11-10 15:00:00,2018-11-12 15:00:00,13.2,87.5,74.1,13.1,87.2,74.1,12.7,87.2,74.1,13.0,87.6,74.1,CLEAN,CLEAN,train,970
2018314N12093,2018-11-11 18:00:00,2018-11-10 18:00:00,2018-11-12 18:00:00,13.1,87.3,74.1,12.9,87.2,74.1,12.6,87.3,74.1,13.3,87.6,83.3,CLEAN,CLEAN,train,971
2018314N12093,2018-11-11 21:00:00,2018-11-10 21:00:00,2018-11-12 21:00:00,13.1,87.2,74.1,12.7,87.2,74.1,12.7,87.3,74.1,13.4,87.4,83.3,CLEAN,CLEAN,train,972
2018314N12093,2018-11-12 00:00:00,2018-11-11 00:00:00,2018-11-13 00:00:00,12.9,87.2,74.1,12.6,87.3,74.1,12.8,87.6,74.1,13.6,87.2,74.1,CLEAN,CLEAN,train,973
2018314N12093,2018-11-12 03:00:00,2018-11-11 03:00:00,2018-11-13 03:00:00,12.7,87.2,74.1,12.7,87.3,74.1,13.0,87.6,74.1,13.6,87.0,74.1,CLEAN,CLEAN,train,974
2018314N12093,2018-11-12 06:00:00,2018-11-11 06:00:00,2018-11-13 06:00:00,12.6,87.3,74.1,12.8,87.6,74.1,13.3,87.6,83.3,13.7,86.6,74.1,CLEAN,CLEAN,train,975
2018314N12093,2018-11-12 09:00:00,2018-11-11 09:00:00,2018-11-13 09:00:00,12.7,87.3,74.1,13.0,87.6,74.1,13.4,87.4,83.3,13.6,86.3,74.1,CLEAN,CLEAN,train,976
2018314N12093,2018-11-12 12:00:00,2018-11-11 12:00:00,2018-11-13 12:00:00,12.8,87.6,74.1,13.3,87.6,83.3,13.6,87.2,74.1,13.5,86.1,74.1,CLEAN,CLEAN,train,977
2018314N12093,2018-11-12 15:00:00,2018-11-11 15:00:00,2018-11-13 15:00:00,13.0,87.6,74.1,13.4,87.4,83.3,13.6,87.0,74.1,13.4,85.9,74.1,CLEAN,CLEAN,train,978
2018314N12093,2018-11-12 18:00:00,2018-11-11 18:00:00,2018-11-13 18:00:00,13.3,87.6,83.3,13.6,87.2,74.1,13.7,86.6,74.1,13.3,85.7,74.1,CLEAN,CLEAN,train,979
2018314N12093,2018-11-12 21:00:00,2018-11-11 21:00:00,2018-11-13 21:00:00,13.4,87.4,83.3,13.6,87.0,74.1,13.6,86.3,74.1,13.2,85.5,74.1,CLEAN,CLEAN,train,980
2018314N12093,2018-11-13 00:00:00,2018-11-12 00:00:00,2018-11-14 00:00:00,13.6,87.2,74.1,13.7,86.6,74.1,13.5,86.1,74.1,13.1,85.4,74.1,CLEAN,CLEAN,train,981
2018314N12093,2018-11-13 03:00:00,2018-11-12 03:00:00,2018-11-14 03:00:00,13.6,87.0,74.1,13.6,86.3,74.1,13.4,85.9,74.1,13.0,85.2,74.1,CLEAN,CLEAN,train,982
2018314N12093,2018-11-13 06:00:00,2018-11-12 06:00:00,2018-11-14 06:00:00,13.7,86.6,74.1,13.5,86.1,74.1,13.3,85.7,74.1,12.8,85.0,83.3,CLEAN,CLEAN,train,983
2018314N12093,2018-11-13 09:00:00,2018-11-12 09:00:00,2018-11-14 09:00:00,13.6,86.3,74.1,13.4,85.9,74.1,13.2,85.5,74.1,12.6,84.7,83.3,CLEAN,CLEAN,train,984
2018314N12093,2018-11-13 12:00:00,2018-11-12 12:00:00,2018-11-14 12:00:00,13.5,86.1,74.1,13.3,85.7,74.1,13.1,85.4,74.1,12.4,84.4,83.3,CLEAN,CLEAN,train,985
2018314N12093,2018-11-13 15:00:00,2018-11-12 15:00:00,2018-11-14 15:00:00,13.4,85.9,74.1,13.2,85.5,74.1,13.0,85.2,74.1,12.2,84.2,83.3,CLEAN,CLEAN,train,986
2018314N12093,2018-11-13 18:00:00,2018-11-12 18:00:00,2018-11-14 18:00:00,13.3,85.7,74.1,13.1,85.4,74.1,12.8,85.0,83.3,12.0,83.9,83.3,CLEAN,CLEAN,train,987
2018314N12093,2018-11-13 21:00:00,2018-11-12 21:00:00,2018-11-14 21:00:00,13.2,85.5,74.1,13.0,85.2,74.1,12.6,84.7,83.3,11.8,83.5,83.3,CLEAN,CLEAN,train,988
2018314N12093,2018-11-14 00:00:00,2018-11-13 00:00:00,2018-11-15 00:00:00,13.1,85.4,74.1,12.8,85.0,83.3,12.4,84.4,83.3,11.5,83.1,83.3,CLEAN,CLEAN,train,989
2018314N12093,2018-11-14 03:00:00,2018-11-13 03:00:00,2018-11-15 03:00:00,13.0,85.2,74.1,12.6,84.7,83.3,12.2,84.2,83.3,11.4,82.7,92.6,CLEAN,CLEAN,train,990
2018314N12093,2018-11-14 06:00:00,2018-11-13 06:00:00,2018-11-15 06:00:00,12.8,85.0,83.3,12.4,84.4,83.3,12.0,83.9,83.3,11.3,82.2,101.9,CLEAN,CLEAN,train,991
2018314N12093,2018-11-14 09:00:00,2018-11-13 09:00:00,2018-11-15 09:00:00,12.6,84.7,83.3,12.2,84.2,83.3,11.8,83.5,83.3,11.1,81.6,101.9,CLEAN,CLEAN,train,992
2018314N12093,2018-11-14 12:00:00,2018-11-13 12:00:00,2018-11-15 12:00:00,12.4,84.4,83.3,12.0,83.9,83.3,11.5,83.1,83.3,10.9,81.2,111.1,CLEAN,CLEAN,train,993
2018314N12093,2018-11-14 15:00:00,2018-11-13 15:00:00,2018-11-15 15:00:00,12.2,84.2,83.3,11.8,83.5,83.3,11.4,82.7,92.6,10.7,80.7,120.4,CLEAN,CLEAN,train,994
2018314N12093,2018-11-14 18:00:00,2018-11-13 18:00:00,2018-11-15 18:00:00,12.0,83.9,83.3,11.5,83.1,83.3,11.3,82.2,101.9,10.6,80.3,129.6,CLEAN,CLEAN,train,995
2018314N12093,2018-11-14 21:00:00,2018-11-13 21:00:00,2018-11-15 21:00:00,11.8,83.5,83.3,11.4,82.7,92.6,11.1,81.6,101.9,10.5,79.7,129.6,CLEAN,CLEAN,train,996
2018314N12093,2018-11-15 00:00:00,2018-11-14 00:00:00,2018-11-16 00:00:00,11.5,83.1,83.3,11.3,82.2,101.9,10.9,81.2,111.1,10.5,79.1,101.9,CLEAN,CLEAN,train,997
2018314N12093,2018-11-15 03:00:00,2018-11-14 03:00:00,2018-11-16 03:00:00,11.4,82.7,92.6,11.1,81.6,101.9,10.7,80.7,120.4,10.4,78.5,83.3,CLEAN,CLEAN,train,998
2018314N12093,2018-11-15 06:00:00,2018-11-14 06:00:00,2018-11-16 06:00:00,11.3,82.2,101.9,10.9,81.2,111.1,10.6,80.3,129.6,10.5,77.6,55.6,CLEAN,CLEAN,train,999
2018314N12093,2018-11-15 09:00:00,2018-11-14 09:00:00,2018-11-16 09:00:00,11.1,81.6,101.9,10.7,80.7,120.4,10.5,79.7,129.6,10.3,76.9,51.9,CLEAN,CLEAN,train,1000
2018314N12093,2018-11-15 12:00:00,2018-11-14 12:00:00,2018-11-16 12:00:00,10.9,81.2,111.1,10.6,80.3,129.6,10.5,79.1,101.9,10.0,76.3,46.3,CLEAN,CLEAN,train,1001
2018314N12093,2018-11-15 15:00:00,2018-11-14 15:00:00,2018-11-16 15:00:00,10.7,80.7,120.4,10.5,79.7,129.6,10.4,78.5,83.3,9.9,75.8,46.3,CLEAN,CLEAN,train,1002
2018314N12093,2018-11-15 18:00:00,2018-11-14 18:00:00,2018-11-16 18:00:00,10.6,80.3,129.6,10.5,79.1,101.9,10.5,77.6,55.6,9.8,75.3,46.3,CLEAN,CLEAN,train,1003
2018314N12093,2018-11-17 12:00:00,2018-11-16 12:00:00,2018-11-18 12:00:00,10.0,71.8,55.6,10.2,70.7,55.6,10.4,69.8,55.6,10.6,68.5,55.6,CLEAN,CLEAN,train,1017
2018314N12093,2018-11-17 15:00:00,2018-11-16 15:00:00,2018-11-18 15:00:00,10.1,71.2,55.6,10.3,70.2,55.6,10.5,69.5,55.6,10.6,68.0,55.6,CLEAN,CLEAN,train,1018
2018314N12093,2018-11-17 18:00:00,2018-11-16 18:00:00,2018-11-18 18:00:00,10.2,70.7,55.6,10.4,69.8,55.6,10.5,69.1,55.6,10.7,67.5,55.6,CLEAN,CLEAN,train,1019
2018314N12093,2018-11-17 21:00:00,2018-11-16 21:00:00,2018-11-18 21:00:00,10.3,70.2,55.6,10.5,69.5,55.6,10.6,68.8,55.6,10.7,67.1,55.6,CLEAN,CLEAN,train,1020
2018314N12093,2018-11-18 00:00:00,2018-11-17 00:00:00,2018-11-19 00:00:00,10.4,69.8,55.6,10.5,69.1,55.6,10.6,68.5,55.6,10.8,66.6,55.6,CLEAN,CLEAN,train,1021
2018314N12093,2018-11-18 03:00:00,2018-11-17 03:00:00,2018-11-19 03:00:00,10.5,69.5,55.6,10.6,68.8,55.6,10.6,68.0,55.6,10.9,66.3,55.6,CLEAN,CLEAN,train,1022
2018314N12093,2018-11-18 06:00:00,2018-11-17 06:00:00,2018-11-19 06:00:00,10.5,69.1,55.6,10.6,68.5,55.6,10.7,67.5,55.6,11.0,65.8,46.3,CLEAN,CLEAN,train,1023
2018314N12093,2018-11-18 09:00:00,2018-11-17 09:00:00,2018-11-19 09:00:00,10.6,68.8,55.6,10.6,68.0,55.6,10.7,67.1,55.6,11.2,65.4,46.3,CLEAN,CLEAN,train,1024
2018314N12093,2018-11-18 12:00:00,2018-11-17 12:00:00,2018-11-19 12:00:00,10.6,68.5,55.6,10.7,67.5,55.6,10.8,66.6,55.6,11.2,65.0,46.3,CLEAN,CLEAN,train,1025
2018365N08115,2019-01-02 06:00:00,2019-01-01 06:00:00,2019-01-03 06:00:00,6.1,107.9,64.8,6.2,107.0,64.8,6.1,105.9,64.8,6.2,104.3,64.8,CLEAN,CLEAN,train,1040
2018365N08115,2019-01-02 12:00:00,2019-01-01 12:00:00,2019-01-03 12:00:00,6.2,107.0,64.8,6.1,105.9,64.8,6.1,105.0,64.8,6.5,103.6,74.1,CLEAN,CLEAN,train,1042
2018365N08115,2019-01-02 18:00:00,2019-01-01 18:00:00,2019-01-03 18:00:00,6.1,105.9,64.8,6.1,105.0,64.8,6.2,104.3,64.8,7.2,102.7,83.3,CLEAN,CLEAN,train,1044
2018365N08115,2019-01-03 00:00:00,2019-01-02 00:00:00,2019-01-04 00:00:00,6.1,105.0,64.8,6.2,104.3,64.8,6.5,103.6,74.1,7.9,101.6,83.3,CLEAN,CLEAN,train,1046
2018365N08115,2019-01-03 06:00:00,2019-01-02 06:00:00,2019-01-04 06:00:00,6.2,104.3,64.8,6.5,103.6,74.1,7.2,102.7,83.3,8.2,100.6,83.3,CLEAN,CLEAN,train,1048
2018365N08115,2019-01-03 12:00:00,2019-01-02 12:00:00,2019-01-04 12:00:00,6.5,103.6,74.1,7.2,102.7,83.3,7.9,101.6,83.3,8.3,99.8,83.3,CLEAN,CLEAN,train,1050
2018365N08115,2019-01-03 18:00:00,2019-01-02 18:00:00,2019-01-04 18:00:00,7.2,102.7,83.3,7.9,101.6,83.3,8.2,100.6,83.3,8.5,98.9,83.3,CLEAN,CLEAN,train,1052
2018365N08115,2019-01-04 00:00:00,2019-01-03 00:00:00,2019-01-05 00:00:00,7.9,101.6,83.3,8.2,100.6,83.3,8.3,99.8,83.3,8.8,98.5,74.1,CLEAN,CLEAN,train,1054
2018365N08115,2019-01-04 06:00:00,2019-01-03 06:00:00,2019-01-05 06:00:00,8.2,100.6,83.3,8.3,99.8,83.3,8.5,98.9,83.3,9.3,98.0,74.1,CLEAN,CLEAN,train,1056
2018365N08115,2019-01-06 03:00:00,2019-01-05 03:00:00,2019-01-07 03:00:00,10.8,94.4,64.8,11.1,92.9,55.6,11.5,92.0,55.6,12.5,91.1,46.3,CLEAN,CLEAN,train,1071
2018365N08115,2019-01-06 06:00:00,2019-01-05 06:00:00,2019-01-07 06:00:00,11.0,93.6,55.6,11.3,92.4,55.6,11.7,91.7,55.6,12.6,91.4,46.3,CLEAN,CLEAN,train,1072
2018365N08115,2019-01-06 09:00:00,2019-01-05 09:00:00,2019-01-07 09:00:00,11.1,92.9,55.6,11.5,92.0,55.6,12.0,91.2,51.9,12.9,92.0,46.3,CLEAN,CLEAN,train,1073
2018365N08115,2019-01-06 12:00:00,2019-01-05 12:00:00,2019-01-07 12:00:00,11.3,92.4,55.6,11.7,91.7,55.6,12.3,91.0,46.3,13.1,92.0,46.3,CLEAN,CLEAN,train,1074
2018365N08115,2019-01-06 15:00:00,2019-01-05 15:00:00,2019-01-07 15:00:00,11.5,92.0,55.6,12.0,91.2,51.9,12.5,91.1,46.3,13.1,92.0,42.6,CLEAN,CLEAN,train,1075
2018365N08115,2019-01-06 18:00:00,2019-01-05 18:00:00,2019-01-07 18:00:00,11.7,91.7,55.6,12.3,91.0,46.3,12.6,91.4,46.3,13.1,92.0,37.0,CLEAN,CLEAN,train,1076
2019116N02090,2019-04-27 12:00:00,2019-04-26 12:00:00,2019-04-28 12:00:00,6.0,89.2,83.3,6.6,88.5,83.3,7.1,88.1,83.3,8.0,87.6,83.3,CLEAN,CLEAN,train,1083
2019116N02090,2019-04-27 15:00:00,2019-04-26 15:00:00,2019-04-28 15:00:00,6.4,88.9,83.3,6.8,88.2,83.3,7.2,88.1,83.3,8.1,87.5,83.3,CLEAN,CLEAN,train,1084
2019116N02090,2019-04-27 18:00:00,2019-04-26 18:00:00,2019-04-28 18:00:00,6.6,88.5,83.3,7.1,88.1,83.3,7.4,88.1,83.3,8.2,87.5,83.3,CLEAN,CLEAN,train,1085
2019116N02090,2019-04-27 21:00:00,2019-04-26 21:00:00,2019-04-28 21:00:00,6.8,88.2,83.3,7.2,88.1,83.3,7.6,87.9,83.3,8.4,87.4,83.3,CLEAN,CLEAN,train,1086
2019116N02090,2019-04-28 00:00:00,2019-04-27 00:00:00,2019-04-29 00:00:00,7.1,88.1,83.3,7.4,88.1,83.3,8.0,87.6,83.3,8.6,87.4,83.3,CLEAN,CLEAN,train,1087
2019116N02090,2019-04-28 03:00:00,2019-04-27 03:00:00,2019-04-29 03:00:00,7.2,88.1,83.3,7.6,87.9,83.3,8.1,87.5,83.3,8.8,87.2,83.3,CLEAN,CLEAN,train,1088
2019116N02090,2019-04-28 06:00:00,2019-04-27 06:00:00,2019-04-29 06:00:00,7.4,88.1,83.3,8.0,87.6,83.3,8.2,87.5,83.3,9.3,87.2,83.3,CLEAN,CLEAN,train,1089
2019116N02090,2019-04-28 09:00:00,2019-04-27 09:00:00,2019-04-29 09:00:00,7.6,87.9,83.3,8.1,87.5,83.3,8.4,87.4,83.3,9.8,87.1,83.3,CLEAN,CLEAN,train,1090
2019116N02090,2019-04-28 12:00:00,2019-04-27 12:00:00,2019-04-29 12:00:00,8.0,87.6,83.3,8.2,87.5,83.3,8.6,87.4,83.3,10.2,87.1,101.9,CLEAN,CLEAN,train,1091
2019116N02090,2019-04-28 15:00:00,2019-04-27 15:00:00,2019-04-29 15:00:00,8.1,87.5,83.3,8.4,87.4,83.3,8.8,87.2,83.3,10.5,86.9,101.9,CLEAN,CLEAN,train,1092
2019116N02090,2019-04-28 18:00:00,2019-04-27 18:00:00,2019-04-29 18:00:00,8.2,87.5,83.3,8.6,87.4,83.3,9.3,87.2,83.3,10.9,86.8,101.9,CLEAN,CLEAN,train,1093
2019116N02090,2019-04-28 21:00:00,2019-04-27 21:00:00,2019-04-29 21:00:00,8.4,87.4,83.3,8.8,87.2,83.3,9.8,87.1,83.3,11.3,86.6,120.4,CLEAN,CLEAN,train,1094
2019116N02090,2019-04-29 00:00:00,2019-04-28 00:00:00,2019-04-30 00:00:00,8.6,87.4,83.3,9.3,87.2,83.3,10.2,87.1,101.9,11.8,86.5,129.6,CLEAN,CLEAN,train,1095
2019116N02090,2019-04-29 03:00:00,2019-04-28 03:00:00,2019-04-30 03:00:00,8.8,87.2,83.3,9.8,87.1,83.3,10.5,86.9,101.9,12.3,86.2,138.9,CLEAN,CLEAN,train,1096
2019116N02090,2019-04-29 06:00:00,2019-04-28 06:00:00,2019-04-30 06:00:00,9.3,87.2,83.3,10.2,87.1,101.9,10.9,86.8,101.9,12.7,85.8,148.2,CLEAN,CLEAN,train,1097
2019116N02090,2019-04-29 09:00:00,2019-04-28 09:00:00,2019-04-30 09:00:00,9.8,87.1,83.3,10.5,86.9,101.9,11.3,86.6,120.4,13.0,85.3,157.4,CLEAN,CLEAN,train,1098
2019116N02090,2019-04-29 12:00:00,2019-04-28 12:00:00,2019-04-30 12:00:00,10.2,87.1,101.9,10.9,86.8,101.9,11.8,86.5,129.6,13.3,84.8,166.7,CLEAN,CLEAN,train,1099
2019116N02090,2019-04-29 15:00:00,2019-04-28 15:00:00,2019-04-30 15:00:00,10.5,86.9,101.9,11.3,86.6,120.4,12.3,86.2,138.9,13.4,84.6,175.9,CLEAN,CLEAN,train,1100
2019116N02090,2019-04-29 18:00:00,2019-04-28 18:00:00,2019-04-30 18:00:00,10.9,86.8,101.9,11.8,86.5,129.6,12.7,85.8,148.2,13.5,84.4,175.9,CLEAN,CLEAN,train,1101
2019116N02090,2019-04-29 21:00:00,2019-04-28 21:00:00,2019-04-30 21:00:00,11.3,86.6,120.4,12.3,86.2,138.9,13.0,85.3,157.4,13.6,84.2,175.9,CLEAN,CLEAN,train,1102
2019116N02090,2019-04-30 00:00:00,2019-04-29 00:00:00,2019-05-01 00:00:00,11.8,86.5,129.6,12.7,85.8,148.2,13.3,84.8,166.7,13.9,84.1,175.9,CLEAN,CLEAN,train,1103
2019116N02090,2019-04-30 03:00:00,2019-04-29 03:00:00,2019-05-01 03:00:00,12.3,86.2,138.9,13.0,85.3,157.4,13.4,84.6,175.9,14.1,84.0,175.9,CLEAN,CLEAN,train,1104
2019116N02090,2019-04-30 06:00:00,2019-04-29 06:00:00,2019-05-01 06:00:00,12.7,85.8,148.2,13.3,84.8,166.7,13.5,84.4,175.9,14.2,84.0,175.9,CLEAN,CLEAN,train,1105
2019116N02090,2019-04-30 09:00:00,2019-04-29 09:00:00,2019-05-01 09:00:00,13.0,85.3,157.4,13.4,84.6,175.9,13.6,84.2,175.9,14.5,84.1,175.9,CLEAN,CLEAN,train,1106
2019116N02090,2019-04-30 12:00:00,2019-04-29 12:00:00,2019-05-01 12:00:00,13.3,84.8,166.7,13.5,84.4,175.9,13.9,84.1,175.9,14.9,84.1,185.2,CLEAN,CLEAN,train,1107
2019116N02090,2019-04-30 15:00:00,2019-04-29 15:00:00,2019-05-01 15:00:00,13.4,84.6,175.9,13.6,84.2,175.9,14.1,84.0,175.9,15.0,84.2,185.2,CLEAN,CLEAN,train,1108
2019116N02090,2019-04-30 18:00:00,2019-04-29 18:00:00,2019-05-01 18:00:00,13.5,84.4,175.9,13.9,84.1,175.9,14.2,84.0,175.9,15.2,84.2,185.2,CLEAN,CLEAN,train,1109
2019116N02090,2019-04-30 21:00:00,2019-04-29 21:00:00,2019-05-01 21:00:00,13.6,84.2,175.9,14.1,84.0,175.9,14.5,84.1,175.9,15.5,84.3,185.2,CLEAN,CLEAN,train,1110
2019116N02090,2019-05-01 00:00:00,2019-04-30 00:00:00,2019-05-02 00:00:00,13.9,84.1,175.9,14.2,84.0,175.9,14.9,84.1,185.2,15.9,84.6,194.5,CLEAN,CLEAN,train,1111
2019116N02090,2019-05-01 03:00:00,2019-04-30 03:00:00,2019-05-02 03:00:00,14.1,84.0,175.9,14.5,84.1,175.9,15.0,84.2,185.2,16.2,84.7,194.5,CLEAN,CLEAN,train,1112
2019116N02090,2019-05-01 06:00:00,2019-04-30 06:00:00,2019-05-02 06:00:00,14.2,84.0,175.9,14.9,84.1,185.2,15.2,84.2,185.2,16.8,84.8,203.7,CLEAN,CLEAN,train,1113
2019116N02090,2019-05-01 09:00:00,2019-04-30 09:00:00,2019-05-02 09:00:00,14.5,84.1,175.9,15.0,84.2,185.2,15.5,84.3,185.2,17.2,84.8,213.0,CLEAN,CLEAN,train,1114
2019116N02090,2019-05-01 12:00:00,2019-04-30 12:00:00,2019-05-02 12:00:00,14.9,84.1,185.2,15.2,84.2,185.2,15.9,84.6,194.5,17.6,84.8,213.0,CLEAN,CLEAN,train,1115
2019116N02090,2019-05-01 15:00:00,2019-04-30 15:00:00,2019-05-02 15:00:00,15.0,84.2,185.2,15.5,84.3,185.2,16.2,84.7,194.5,17.9,84.9,213.0,CLEAN,CLEAN,train,1116
2019116N02090,2019-05-01 18:00:00,2019-04-30 18:00:00,2019-05-02 18:00:00,15.2,84.2,185.2,15.9,84.6,194.5,16.8,84.8,203.7,18.3,85.0,213.0,CLEAN,CLEAN,train,1117
2019116N02090,2019-05-01 21:00:00,2019-04-30 21:00:00,2019-05-02 21:00:00,15.5,84.3,185.2,16.2,84.7,194.5,17.2,84.8,213.0,18.6,85.2,213.0,CLEAN,CLEAN,train,1118
2019116N02090,2019-05-02 00:00:00,2019-05-01 00:00:00,2019-05-03 00:00:00,15.9,84.6,194.5,16.8,84.8,203.7,17.6,84.8,213.0,19.1,85.5,194.5,CLEAN,CLEAN,train,1119
2019116N02090,2019-05-02 03:00:00,2019-05-01 03:00:00,2019-05-03 03:00:00,16.2,84.7,194.5,17.2,84.8,213.0,17.9,84.9,213.0,19.6,85.7,185.2,CLEAN,CLEAN,train,1120
2019116N02090,2019-05-02 06:00:00,2019-05-01 06:00:00,2019-05-03 06:00:00,16.8,84.8,203.7,17.6,84.8,213.0,18.3,85.0,213.0,20.2,85.9,157.4,CLEAN,CLEAN,train,1121
2019116N02090,2019-05-02 09:00:00,2019-05-01 09:00:00,2019-05-03 09:00:00,17.2,84.8,213.0,17.9,84.9,213.0,18.6,85.2,213.0,20.7,86.1,138.9,CLEAN,CLEAN,train,1122
2019116N02090,2019-05-02 12:00:00,2019-05-01 12:00:00,2019-05-03 12:00:00,17.6,84.8,213.0,18.3,85.0,213.0,19.1,85.5,194.5,21.2,86.5,129.6,CLEAN,CLEAN,train,1123
2019116N02090,2019-05-02 15:00:00,2019-05-01 15:00:00,2019-05-03 15:00:00,17.9,84.9,213.0,18.6,85.2,213.0,19.6,85.7,185.2,21.6,86.9,111.1,CLEAN,CLEAN,train,1124
2019116N02090,2019-05-02 18:00:00,2019-05-01 18:00:00,2019-05-03 18:00:00,18.3,85.0,213.0,19.1,85.5,194.5,20.2,85.9,157.4,22.1,87.4,101.9,CLEAN,CLEAN,train,1125
2019116N02090,2019-05-02 21:00:00,2019-05-01 21:00:00,2019-05-03 21:00:00,18.6,85.2,213.0,19.6,85.7,185.2,20.7,86.1,138.9,22.6,88.1,92.6,CLEAN,CLEAN,train,1126
2019116N02090,2019-05-03 00:00:00,2019-05-02 00:00:00,2019-05-04 00:00:00,19.1,85.5,194.5,20.2,85.9,157.4,21.2,86.5,129.6,23.2,88.5,74.1,CLEAN,CLEAN,train,1127
2019116N02090,2019-05-03 03:00:00,2019-05-02 03:00:00,2019-05-04 03:00:00,19.6,85.7,185.2,20.7,86.1,138.9,21.6,86.9,111.1,23.7,89.0,55.6,CLEAN,CLEAN,train,1128
2019160N11073,2019-06-11 00:00:00,2019-06-10 00:00:00,2019-06-12 00:00:00,14.6,70.7,74.1,15.2,70.8,83.3,16.1,70.8,101.9,17.7,70.3,138.9,CLEAN,CLEAN,train,1142
2019160N11073,2019-06-11 03:00:00,2019-06-10 03:00:00,2019-06-12 03:00:00,14.9,70.7,74.1,15.6,70.8,83.3,16.6,70.7,111.1,18.0,70.2,138.9,CLEAN,CLEAN,train,1143
2019160N11073,2019-06-11 06:00:00,2019-06-10 06:00:00,2019-06-12 06:00:00,15.2,70.8,83.3,16.1,70.8,101.9,17.0,70.6,120.4,18.4,70.0,138.9,CLEAN,CLEAN,train,1144
2019160N11073,2019-06-11 09:00:00,2019-06-10 09:00:00,2019-06-12 09:00:00,15.6,70.8,83.3,16.6,70.7,111.1,17.4,70.5,129.6,18.8,69.9,148.2,CLEAN,CLEAN,train,1145
2019160N11073,2019-06-11 12:00:00,2019-06-10 12:00:00,2019-06-12 12:00:00,16.1,70.8,101.9,17.0,70.6,120.4,17.7,70.3,138.9,19.1,69.9,148.2,CLEAN,CLEAN,train,1146
2019160N11073,2019-06-11 15:00:00,2019-06-10 15:00:00,2019-06-12 15:00:00,16.6,70.7,111.1,17.4,70.5,129.6,18.0,70.2,138.9,19.4,69.8,148.2,CLEAN,CLEAN,train,1147
2019160N11073,2019-06-11 18:00:00,2019-06-10 18:00:00,2019-06-12 18:00:00,17.0,70.6,120.4,17.7,70.3,138.9,18.4,70.0,138.9,19.7,69.7,148.2,CLEAN,CLEAN,train,1148
2019160N11073,2019-06-11 21:00:00,2019-06-10 21:00:00,2019-06-12 21:00:00,17.4,70.5,129.6,18.0,70.2,138.9,18.8,69.9,148.2,19.9,69.6,148.2,CLEAN,CLEAN,train,1149
2019160N11073,2019-06-12 00:00:00,2019-06-11 00:00:00,2019-06-13 00:00:00,17.7,70.3,138.9,18.4,70.0,138.9,19.1,69.9,148.2,20.1,69.6,148.2,CLEAN,CLEAN,train,1150
2019160N11073,2019-06-12 03:00:00,2019-06-11 03:00:00,2019-06-13 03:00:00,18.0,70.2,138.9,18.8,69.9,148.2,19.4,69.8,148.2,20.3,69.5,148.2,CLEAN,CLEAN,train,1151
2019160N11073,2019-06-12 06:00:00,2019-06-11 06:00:00,2019-06-13 06:00:00,18.4,70.0,138.9,19.1,69.9,148.2,19.7,69.7,148.2,20.5,69.4,148.2,CLEAN,CLEAN,train,1152
2019160N11073,2019-06-12 09:00:00,2019-06-11 09:00:00,2019-06-13 09:00:00,18.8,69.9,148.2,19.4,69.8,148.2,19.9,69.6,148.2,20.7,69.2,148.2,CLEAN,CLEAN,train,1153
2019160N11073,2019-06-12 12:00:00,2019-06-11 12:00:00,2019-06-13 12:00:00,19.1,69.9,148.2,19.7,69.7,148.2,20.1,69.6,148.2,20.8,69.1,148.2,CLEAN,CLEAN,train,1154
2019160N11073,2019-06-12 15:00:00,2019-06-11 15:00:00,2019-06-13 15:00:00,19.4,69.8,148.2,19.9,69.6,148.2,20.3,69.5,148.2,20.9,68.9,148.2,CLEAN,CLEAN,train,1155
2019160N11073,2019-06-12 18:00:00,2019-06-11 18:00:00,2019-06-13 18:00:00,19.7,69.7,148.2,20.1,69.6,148.2,20.5,69.4,148.2,20.9,68.9,148.2,CLEAN,CLEAN,train,1156
2019160N11073,2019-06-12 21:00:00,2019-06-11 21:00:00,2019-06-13 21:00:00,19.9,69.6,148.2,20.3,69.5,148.2,20.7,69.2,148.2,20.9,68.7,148.2,CLEAN,CLEAN,train,1157
2019160N11073,2019-06-13 00:00:00,2019-06-12 00:00:00,2019-06-14 00:00:00,20.1,69.6,148.2,20.5,69.4,148.2,20.8,69.1,148.2,21.0,68.6,148.2,CLEAN,CLEAN,train,1158
2019160N11073,2019-06-13 03:00:00,2019-06-12 03:00:00,2019-06-14 03:00:00,20.3,69.5,148.2,20.7,69.2,148.2,20.9,68.9,148.2,21.0,68.4,138.9,CLEAN,CLEAN,train,1159
2019160N11073,2019-06-13 06:00:00,2019-06-12 06:00:00,2019-06-14 06:00:00,20.5,69.4,148.2,20.8,69.1,148.2,20.9,68.9,148.2,21.0,68.4,138.9,CLEAN,CLEAN,train,1160
2019160N11073,2019-06-13 09:00:00,2019-06-12 09:00:00,2019-06-14 09:00:00,20.7,69.2,148.2,20.9,68.9,148.2,20.9,68.7,148.2,20.9,68.3,138.9,CLEAN,CLEAN,train,1161
2019160N11073,2019-06-13 12:00:00,2019-06-12 12:00:00,2019-06-14 12:00:00,20.8,69.1,148.2,20.9,68.9,148.2,21.0,68.6,148.2,20.8,68.2,129.6,CLEAN,CLEAN,train,1162
2019160N11073,2019-06-13 15:00:00,2019-06-12 15:00:00,2019-06-14 15:00:00,20.9,68.9,148.2,20.9,68.7,148.2,21.0,68.4,138.9,20.8,68.1,129.6,CLEAN,CLEAN,train,1163
2019160N11073,2019-06-13 18:00:00,2019-06-12 18:00:00,2019-06-14 18:00:00,20.9,68.9,148.2,21.0,68.6,148.2,21.0,68.4,138.9,20.8,67.9,120.4,CLEAN,CLEAN,train,1164
2019160N11073,2019-06-13 21:00:00,2019-06-12 21:00:00,2019-06-14 21:00:00,20.9,68.7,148.2,21.0,68.4,138.9,20.9,68.3,138.9,20.7,67.7,120.4,CLEAN,CLEAN,train,1165
2019160N11073,2019-06-14 00:00:00,2019-06-13 00:00:00,2019-06-15 00:00:00,21.0,68.6,148.2,21.0,68.4,138.9,20.8,68.2,129.6,20.7,67.5,120.4,CLEAN,CLEAN,train,1166
2019160N11073,2019-06-14 03:00:00,2019-06-13 03:00:00,2019-06-15 03:00:00,21.0,68.4,138.9,20.9,68.3,138.9,20.8,68.1,129.6,20.6,67.3,120.4,CLEAN,CLEAN,train,1167
2019160N11073,2019-06-14 06:00:00,2019-06-13 06:00:00,2019-06-15 06:00:00,21.0,68.4,138.9,20.8,68.2,129.6,20.8,67.9,120.4,20.6,66.9,120.4,CLEAN,CLEAN,train,1168
2019160N11073,2019-06-14 09:00:00,2019-06-13 09:00:00,2019-06-15 09:00:00,20.9,68.3,138.9,20.8,68.1,129.6,20.7,67.7,120.4,20.6,66.7,120.4,CLEAN,CLEAN,train,1169
2019160N11073,2019-06-14 12:00:00,2019-06-13 12:00:00,2019-06-15 12:00:00,20.8,68.2,129.6,20.8,67.9,120.4,20.7,67.5,120.4,20.7,66.4,120.4,CLEAN,CLEAN,train,1170
2019160N11073,2019-06-14 15:00:00,2019-06-13 15:00:00,2019-06-15 15:00:00,20.8,68.1,129.6,20.7,67.7,120.4,20.6,67.3,120.4,20.7,66.2,120.4,CLEAN,CLEAN,train,1171
2019160N11073,2019-06-14 18:00:00,2019-06-13 18:00:00,2019-06-15 18:00:00,20.8,67.9,120.4,20.7,67.5,120.4,20.6,66.9,120.4,20.7,66.0,120.4,CLEAN,CLEAN,train,1172
2019160N11073,2019-06-14 21:00:00,2019-06-13 21:00:00,2019-06-15 21:00:00,20.7,67.7,120.4,20.6,67.3,120.4,20.6,66.7,120.4,20.7,65.8,120.4,CLEAN,CLEAN,train,1173
2019160N11073,2019-06-15 00:00:00,2019-06-14 00:00:00,2019-06-16 00:00:00,20.7,67.5,120.4,20.6,66.9,120.4,20.7,66.4,120.4,20.8,65.5,111.1,CLEAN,CLEAN,train,1174
2019160N11073,2019-06-15 03:00:00,2019-06-14 03:00:00,2019-06-16 03:00:00,20.6,67.3,120.4,20.6,66.7,120.4,20.7,66.2,120.4,20.8,65.2,101.9,CLEAN,CLEAN,train,1175
2019160N11073,2019-06-15 06:00:00,2019-06-14 06:00:00,2019-06-16 06:00:00,20.6,66.9,120.4,20.7,66.4,120.4,20.7,66.0,120.4,20.8,65.1,101.9,CLEAN,CLEAN,train,1176
2019160N11073,2019-06-15 09:00:00,2019-06-14 09:00:00,2019-06-16 09:00:00,20.6,66.7,120.4,20.7,66.2,120.4,20.7,65.8,120.4,20.7,65.1,101.9,CLEAN,CLEAN,train,1177
2019160N11073,2019-06-15 12:00:00,2019-06-14 12:00:00,2019-06-16 12:00:00,20.7,66.4,120.4,20.7,66.0,120.4,20.8,65.5,111.1,20.8,65.2,92.6,CLEAN,CLEAN,train,1178
2019160N11073,2019-06-15 15:00:00,2019-06-14 15:00:00,2019-06-16 15:00:00,20.7,66.2,120.4,20.7,65.8,120.4,20.8,65.2,101.9,20.8,65.6,83.3,CLEAN,CLEAN,train,1179
2019160N11073,2019-06-15 18:00:00,2019-06-14 18:00:00,2019-06-16 18:00:00,20.7,66.0,120.4,20.8,65.5,111.1,20.8,65.1,101.9,21.1,66.1,74.1,CLEAN,CLEAN,train,1180
2019160N11073,2019-06-15 21:00:00,2019-06-14 21:00:00,2019-06-16 21:00:00,20.7,65.8,120.4,20.8,65.2,101.9,20.7,65.1,101.9,21.4,66.4,74.1,CLEAN,CLEAN,train,1181
2019160N11073,2019-06-16 00:00:00,2019-06-15 00:00:00,2019-06-17 00:00:00,20.8,65.5,111.1,20.8,65.1,101.9,20.8,65.2,92.6,21.7,66.6,64.8,CLEAN,CLEAN,train,1182
2019160N11073,2019-06-16 03:00:00,2019-06-15 03:00:00,2019-06-17 03:00:00,20.8,65.2,101.9,20.7,65.1,101.9,20.8,65.6,83.3,21.8,66.8,55.6,CLEAN,CLEAN,train,1183
2019160N11073,2019-06-16 06:00:00,2019-06-15 06:00:00,2019-06-17 06:00:00,20.8,65.1,101.9,20.8,65.2,92.6,21.1,66.1,74.1,21.9,67.0,55.6,CLEAN,CLEAN,train,1184
2019160N11073,2019-06-16 09:00:00,2019-06-15 09:00:00,2019-06-17 09:00:00,20.7,65.1,101.9,20.8,65.6,83.3,21.4,66.4,74.1,22.2,67.4,46.3,CLEAN,CLEAN,train,1185
2019160N11073,2019-06-16 12:00:00,2019-06-15 12:00:00,2019-06-17 12:00:00,20.8,65.2,92.6,21.1,66.1,74.1,21.7,66.6,64.8,22.5,67.9,37.0,CLEAN,CLEAN,train,1186
2019218N21088,2019-08-07 03:00:00,2019-08-06 03:00:00,2019-08-08 03:00:00,21.1,87.4,55.6,21.5,86.9,55.6,22.2,86.1,55.6,23.0,82.9,46.3,CLEAN,CLEAN,train,1193
2019218N21088,2019-08-07 06:00:00,2019-08-06 06:00:00,2019-08-08 06:00:00,21.2,87.2,55.6,21.9,86.5,55.6,22.4,85.6,55.6,23.4,81.9,46.3,CLEAN,CLEAN,train,1194
2019218N21088,2019-08-07 09:00:00,2019-08-06 09:00:00,2019-08-08 09:00:00,21.5,86.9,55.6,22.2,86.1,55.6,22.6,84.9,51.9,23.6,80.9,46.3,CLEAN,CLEAN,train,1195
2019264N19071,2019-09-23 03:00:00,2019-09-22 03:00:00,2019-09-24 03:00:00,20.3,65.5,74.1,20.2,64.1,101.9,20.2,62.9,101.9,20.1,60.3,138.9,CLEAN,CLEAN,train,1214
2019264N19071,2019-09-23 06:00:00,2019-09-22 06:00:00,2019-09-24 06:00:00,20.3,64.9,83.3,20.2,63.6,101.9,20.2,62.3,111.1,20.0,59.6,138.9,CLEAN,CLEAN,train,1215
2019264N19071,2019-09-23 09:00:00,2019-09-22 09:00:00,2019-09-24 09:00:00,20.2,64.1,101.9,20.2,62.9,101.9,20.2,61.6,111.1,19.9,58.9,138.9,CLEAN,CLEAN,train,1216
2019264N19071,2019-09-23 12:00:00,2019-09-22 12:00:00,2019-09-24 12:00:00,20.2,63.6,101.9,20.2,62.3,111.1,20.1,61.0,129.6,19.8,58.3,138.9,CLEAN,CLEAN,train,1217
2019264N19071,2019-09-23 15:00:00,2019-09-22 15:00:00,2019-09-24 15:00:00,20.2,62.9,101.9,20.2,61.6,111.1,20.1,60.3,138.9,19.7,57.6,111.1,CLEAN,CLEAN,train,1218
2019264N19071,2019-09-23 18:00:00,2019-09-22 18:00:00,2019-09-24 18:00:00,20.2,62.3,111.1,20.1,61.0,129.6,20.0,59.6,138.9,19.7,57.1,101.9,CLEAN,CLEAN,train,1219
2019264N19071,2019-09-23 21:00:00,2019-09-22 21:00:00,2019-09-24 21:00:00,20.2,61.6,111.1,20.1,60.3,138.9,19.9,58.9,138.9,19.6,56.5,83.3,CLEAN,CLEAN,train,1220
2019264N19071,2019-09-24 00:00:00,2019-09-23 00:00:00,2019-09-25 00:00:00,20.1,61.0,129.6,20.0,59.6,138.9,19.8,58.3,138.9,19.6,56.0,64.8,CLEAN,CLEAN,train,1221
2019264N19071,2019-09-24 03:00:00,2019-09-23 03:00:00,2019-09-25 03:00:00,20.1,60.3,138.9,19.9,58.9,138.9,19.7,57.6,111.1,19.4,55.5,55.6,CLEAN,CLEAN,train,1222
2019264N19071,2019-09-24 06:00:00,2019-09-23 06:00:00,2019-09-25 06:00:00,20.0,59.6,138.9,19.8,58.3,138.9,19.7,57.1,101.9,19.2,55.0,46.3,CLEAN,CLEAN,train,1223
2019296N15066,2019-10-25 03:00:00,2019-10-24 03:00:00,2019-10-26 03:00:00,15.9,71.7,74.1,16.1,71.8,83.3,16.3,71.7,101.9,16.6,70.4,120.4,CLEAN,CLEAN,train,1243
2019296N15066,2019-10-25 06:00:00,2019-10-24 06:00:00,2019-10-26 06:00:00,16.0,71.8,83.3,16.3,71.8,92.6,16.5,71.5,101.9,16.6,70.0,138.9,CLEAN,CLEAN,train,1244
2019296N15066,2019-10-25 09:00:00,2019-10-24 09:00:00,2019-10-26 09:00:00,16.1,71.8,83.3,16.3,71.7,101.9,16.5,71.1,111.1,16.6,69.7,148.2,CLEAN,CLEAN,train,1245
2019296N15066,2019-10-25 12:00:00,2019-10-24 12:00:00,2019-10-26 12:00:00,16.3,71.8,92.6,16.5,71.5,101.9,16.6,70.8,120.4,16.7,69.4,157.4,CLEAN,CLEAN,train,1246
2019296N15066,2019-10-25 15:00:00,2019-10-24 15:00:00,2019-10-26 15:00:00,16.3,71.7,101.9,16.5,71.1,111.1,16.6,70.4,120.4,16.7,69.1,166.7,CLEAN,CLEAN,train,1247
2019296N15066,2019-10-25 18:00:00,2019-10-24 18:00:00,2019-10-26 18:00:00,16.5,71.5,101.9,16.6,70.8,120.4,16.6,70.0,138.9,16.8,68.9,194.5,CLEAN,CLEAN,train,1248
2019296N15066,2019-10-25 21:00:00,2019-10-24 21:00:00,2019-10-26 21:00:00,16.5,71.1,111.1,16.6,70.4,120.4,16.6,69.7,148.2,16.9,68.5,203.7,CLEAN,CLEAN,train,1249
2019296N15066,2019-10-26 00:00:00,2019-10-25 00:00:00,2019-10-27 00:00:00,16.6,70.8,120.4,16.6,70.0,138.9,16.7,69.4,157.4,17.0,68.2,222.2,CLEAN,CLEAN,train,1250
2019296N15066,2019-10-26 03:00:00,2019-10-25 03:00:00,2019-10-27 03:00:00,16.6,70.4,120.4,16.6,69.7,148.2,16.7,69.1,166.7,17.1,67.8,231.5,CLEAN,CLEAN,train,1251
2019296N15066,2019-10-26 06:00:00,2019-10-25 06:00:00,2019-10-27 06:00:00,16.6,70.0,138.9,16.7,69.4,157.4,16.8,68.9,194.5,17.3,67.4,231.5,CLEAN,CLEAN,train,1252
2019296N15066,2019-10-26 09:00:00,2019-10-25 09:00:00,2019-10-27 09:00:00,16.6,69.7,148.2,16.7,69.1,166.7,16.9,68.5,203.7,17.4,67.1,240.8,CLEAN,CLEAN,train,1253
2019296N15066,2019-10-26 12:00:00,2019-10-25 12:00:00,2019-10-27 12:00:00,16.7,69.4,157.4,16.8,68.9,194.5,17.0,68.2,222.2,17.5,66.8,240.8,CLEAN,CLEAN,train,1254
2019296N15066,2019-10-26 15:00:00,2019-10-25 15:00:00,2019-10-27 15:00:00,16.7,69.1,166.7,16.9,68.5,203.7,17.1,67.8,231.5,17.6,66.5,240.8,CLEAN,CLEAN,train,1255
2019296N15066,2019-10-26 18:00:00,2019-10-25 18:00:00,2019-10-27 18:00:00,16.8,68.9,194.5,17.0,68.2,222.2,17.3,67.4,231.5,17.8,66.3,240.8,CLEAN,CLEAN,train,1256
2019296N15066,2019-10-26 21:00:00,2019-10-25 21:00:00,2019-10-27 21:00:00,16.9,68.5,203.7,17.1,67.8,231.5,17.4,67.1,240.8,18.0,65.8,231.5,CLEAN,CLEAN,train,1257
2019296N15066,2019-10-27 00:00:00,2019-10-26 00:00:00,2019-10-28 00:00:00,17.0,68.2,222.2,17.3,67.4,231.5,17.5,66.8,240.8,18.2,65.5,231.5,CLEAN,CLEAN,train,1258
2019296N15066,2019-10-27 03:00:00,2019-10-26 03:00:00,2019-10-28 03:00:00,17.1,67.8,231.5,17.4,67.1,240.8,17.6,66.5,240.8,18.2,65.1,231.5,CLEAN,CLEAN,train,1259
2019296N15066,2019-10-27 06:00:00,2019-10-26 06:00:00,2019-10-28 06:00:00,17.3,67.4,231.5,17.5,66.8,240.8,17.8,66.3,240.8,18.3,64.8,231.5,CLEAN,CLEAN,train,1260
2019296N15066,2019-10-27 09:00:00,2019-10-26 09:00:00,2019-10-28 09:00:00,17.4,67.1,240.8,17.6,66.5,240.8,18.0,65.8,231.5,18.4,64.5,231.5,CLEAN,CLEAN,train,1261
2019296N15066,2019-10-27 12:00:00,2019-10-26 12:00:00,2019-10-28 12:00:00,17.5,66.8,240.8,17.8,66.3,240.8,18.2,65.5,231.5,18.5,64.4,231.5,CLEAN,CLEAN,train,1262
2019296N15066,2019-10-27 15:00:00,2019-10-26 15:00:00,2019-10-28 15:00:00,17.6,66.5,240.8,18.0,65.8,231.5,18.2,65.1,231.5,18.7,64.1,231.5,CLEAN,CLEAN,train,1263
2019296N15066,2019-10-27 18:00:00,2019-10-26 18:00:00,2019-10-28 18:00:00,17.8,66.3,240.8,18.2,65.5,231.5,18.3,64.8,231.5,18.8,64.0,231.5,CLEAN,CLEAN,train,1264
2019296N15066,2019-10-27 21:00:00,2019-10-26 21:00:00,2019-10-28 21:00:00,18.0,65.8,231.5,18.2,65.1,231.5,18.4,64.5,231.5,18.9,63.8,231.5,CLEAN,CLEAN,train,1265
2019296N15066,2019-10-28 00:00:00,2019-10-27 00:00:00,2019-10-29 00:00:00,18.2,65.5,231.5,18.3,64.8,231.5,18.5,64.4,231.5,19.1,63.6,222.2,CLEAN,CLEAN,train,1266
2019296N15066,2019-10-28 03:00:00,2019-10-27 03:00:00,2019-10-29 03:00:00,18.2,65.1,231.5,18.4,64.5,231.5,18.7,64.1,231.5,19.2,63.4,213.0,CLEAN,CLEAN,train,1267
2019296N15066,2019-10-28 06:00:00,2019-10-27 06:00:00,2019-10-29 06:00:00,18.3,64.8,231.5,18.5,64.4,231.5,18.8,64.0,231.5,19.4,63.3,203.7,CLEAN,CLEAN,train,1268
2019296N15066,2019-10-28 09:00:00,2019-10-27 09:00:00,2019-10-29 09:00:00,18.4,64.5,231.5,18.7,64.1,231.5,18.9,63.8,231.5,19.5,63.1,194.5,CLEAN,CLEAN,train,1269
2019296N15066,2019-10-28 12:00:00,2019-10-27 12:00:00,2019-10-29 12:00:00,18.5,64.4,231.5,18.8,64.0,231.5,19.1,63.6,222.2,19.6,63.1,185.2,CLEAN,CLEAN,train,1270
2019296N15066,2019-10-28 15:00:00,2019-10-27 15:00:00,2019-10-29 15:00:00,18.7,64.1,231.5,18.9,63.8,231.5,19.2,63.4,213.0,19.6,62.9,185.2,CLEAN,CLEAN,train,1271
2019296N15066,2019-10-28 18:00:00,2019-10-27 18:00:00,2019-10-29 18:00:00,18.8,64.0,231.5,19.1,63.6,222.2,19.4,63.3,203.7,19.6,62.8,175.9,CLEAN,CLEAN,train,1272
2019296N15066,2019-10-28 21:00:00,2019-10-27 21:00:00,2019-10-29 21:00:00,18.9,63.8,231.5,19.2,63.4,213.0,19.5,63.1,194.5,19.6,62.5,166.7,CLEAN,CLEAN,train,1273
2019296N15066,2019-10-29 00:00:00,2019-10-28 00:00:00,2019-10-30 00:00:00,19.1,63.6,222.2,19.4,63.3,203.7,19.6,63.1,185.2,19.6,62.3,157.4,CLEAN,CLEAN,train,1274
2019296N15066,2019-10-29 03:00:00,2019-10-28 03:00:00,2019-10-30 03:00:00,19.2,63.4,213.0,19.5,63.1,194.5,19.6,62.9,185.2,19.5,62.1,148.2,CLEAN,CLEAN,train,1275
2019296N15066,2019-10-29 06:00:00,2019-10-28 06:00:00,2019-10-30 06:00:00,19.4,63.3,203.7,19.6,63.1,185.2,19.6,62.8,175.9,19.3,61.8,138.9,CLEAN,CLEAN,train,1276
2019296N15066,2019-10-29 09:00:00,2019-10-28 09:00:00,2019-10-30 09:00:00,19.5,63.1,194.5,19.6,62.9,185.2,19.6,62.5,166.7,19.2,61.6,129.6,CLEAN,CLEAN,train,1277
2019296N15066,2019-10-29 12:00:00,2019-10-28 12:00:00,2019-10-30 12:00:00,19.6,63.1,185.2,19.6,62.8,175.9,19.6,62.3,157.4,18.9,61.4,120.4,CLEAN,CLEAN,train,1278
2019296N15066,2019-10-29 15:00:00,2019-10-28 15:00:00,2019-10-30 15:00:00,19.6,62.9,185.2,19.6,62.5,166.7,19.5,62.1,148.2,18.9,61.1,111.1,CLEAN,CLEAN,train,1279
2019296N15066,2019-10-29 18:00:00,2019-10-28 18:00:00,2019-10-30 18:00:00,19.6,62.8,175.9,19.6,62.3,157.4,19.3,61.8,138.9,18.7,60.8,101.9,CLEAN,CLEAN,train,1280
2019296N15066,2019-10-29 21:00:00,2019-10-28 21:00:00,2019-10-30 21:00:00,19.6,62.5,166.7,19.5,62.1,148.2,19.2,61.6,129.6,18.5,60.5,101.9,CLEAN,CLEAN,train,1281
2019296N15066,2019-10-30 00:00:00,2019-10-29 00:00:00,2019-10-31 00:00:00,19.6,62.3,157.4,19.3,61.8,138.9,18.9,61.4,120.4,18.3,60.4,92.6,CLEAN,CLEAN,train,1282
2019296N15066,2019-10-30 03:00:00,2019-10-29 03:00:00,2019-10-31 03:00:00,19.5,62.1,148.2,19.2,61.6,129.6,18.9,61.1,111.1,18.0,60.1,83.3,CLEAN,CLEAN,train,1283
2019296N15066,2019-10-30 06:00:00,2019-10-29 06:00:00,2019-10-31 06:00:00,19.3,61.8,138.9,18.9,61.4,120.4,18.7,60.8,101.9,17.7,60.0,74.1,CLEAN,CLEAN,train,1284
2019296N15066,2019-10-30 09:00:00,2019-10-29 09:00:00,2019-10-31 09:00:00,19.2,61.6,129.6,18.9,61.1,111.1,18.5,60.5,101.9,17.5,59.9,74.1,CLEAN,CLEAN,train,1285
2019296N15066,2019-10-30 12:00:00,2019-10-29 12:00:00,2019-10-31 12:00:00,18.9,61.4,120.4,18.7,60.8,101.9,18.3,60.4,92.6,17.4,59.9,64.8,CLEAN,CLEAN,train,1286
2019296N15066,2019-10-30 15:00:00,2019-10-29 15:00:00,2019-10-31 15:00:00,18.9,61.1,111.1,18.5,60.5,101.9,18.0,60.1,83.3,17.2,59.7,55.6,CLEAN,CLEAN,train,1287
2019296N15066,2019-10-30 18:00:00,2019-10-29 18:00:00,2019-10-31 18:00:00,18.7,60.8,101.9,18.3,60.4,92.6,17.7,60.0,74.1,16.9,59.6,55.6,CLEAN,CLEAN,train,1288
2019296N15066,2019-10-30 21:00:00,2019-10-29 21:00:00,2019-10-31 21:00:00,18.5,60.5,101.9,18.0,60.1,83.3,17.5,59.9,74.1,16.7,59.5,55.6,CLEAN,CLEAN,train,1289
2019296N15066,2019-10-31 00:00:00,2019-10-30 00:00:00,2019-11-01 00:00:00,18.3,60.4,92.6,17.7,60.0,74.1,17.4,59.9,64.8,16.5,59.3,46.3,CLEAN,CLEAN,train,1290
2019296N15066,2019-10-31 03:00:00,2019-10-30 03:00:00,2019-11-01 03:00:00,18.0,60.1,83.3,17.5,59.9,74.1,17.2,59.7,55.6,16.2,59.0,46.3,CLEAN,CLEAN,train,1291
2019296N15066,2019-10-31 06:00:00,2019-10-30 06:00:00,2019-11-01 06:00:00,17.7,60.0,74.1,17.4,59.9,64.8,16.9,59.6,55.6,16.0,58.6,46.3,CLEAN,CLEAN,train,1292
2019296N15066,2019-10-31 09:00:00,2019-10-30 09:00:00,2019-11-01 09:00:00,17.5,59.9,74.1,17.2,59.7,55.6,16.7,59.5,55.6,15.7,58.2,46.3,CLEAN,CLEAN,train,1293
2019296N15066,2019-10-31 12:00:00,2019-10-30 12:00:00,2019-11-01 12:00:00,17.4,59.9,64.8,16.9,59.6,55.6,16.5,59.3,46.3,15.4,57.6,46.3,CLEAN,CLEAN,train,1294
2019296N15066,2019-10-31 15:00:00,2019-10-30 15:00:00,2019-11-01 15:00:00,17.2,59.7,55.6,16.7,59.5,55.6,16.2,59.0,46.3,14.9,57.4,46.3,CLEAN,CLEAN,train,1295
2019296N15066,2019-10-31 18:00:00,2019-10-30 18:00:00,2019-11-01 18:00:00,16.9,59.6,55.6,16.5,59.3,46.3,16.0,58.6,46.3,14.4,57.1,46.3,CLEAN,CLEAN,train,1296
2019296N15066,2019-10-31 21:00:00,2019-10-30 21:00:00,2019-11-01 21:00:00,16.7,59.5,55.6,16.2,59.0,46.3,15.7,58.2,46.3,14.0,56.6,46.3,CLEAN,CLEAN,train,1297
2019296N15066,2019-11-01 00:00:00,2019-10-31 00:00:00,2019-11-02 00:00:00,16.5,59.3,46.3,16.0,58.6,46.3,15.4,57.6,46.3,13.8,56.1,46.3,CLEAN,CLEAN,train,1298
2019296N15066,2019-11-01 03:00:00,2019-10-31 03:00:00,2019-11-02 03:00:00,16.2,59.0,46.3,15.7,58.2,46.3,14.9,57.4,46.3,13.6,55.2,46.3,CLEAN,CLEAN,train,1299
2019296N15066,2019-11-01 06:00:00,2019-10-31 06:00:00,2019-11-02 06:00:00,16.0,58.6,46.3,15.4,57.6,46.3,14.4,57.1,46.3,13.3,54.3,46.3,CLEAN,CLEAN,train,1300
2019296N15066,2019-11-01 09:00:00,2019-10-31 09:00:00,2019-11-02 09:00:00,15.7,58.2,46.3,14.9,57.4,46.3,14.0,56.6,46.3,12.9,53.8,46.3,CLEAN,CLEAN,train,1301
2019296N15066,2019-11-01 12:00:00,2019-10-31 12:00:00,2019-11-02 12:00:00,15.4,57.6,46.3,14.4,57.1,46.3,13.8,56.1,46.3,12.6,53.0,37.0,CLEAN,CLEAN,train,1302
2019296N15066,2019-11-01 15:00:00,2019-10-31 15:00:00,2019-11-02 15:00:00,14.9,57.4,46.3,14.0,56.6,46.3,13.6,55.2,46.3,12.1,52.3,37.0,CLEAN,CLEAN,train,1303
2019335N05058,2019-12-03 12:00:00,2019-12-02 12:00:00,2019-12-04 12:00:00,7.0,57.0,55.6,7.1,57.1,55.6,7.3,57.1,55.6,7.8,56.9,55.6,CLEAN,CLEAN,train,1323
2019335N05058,2019-12-03 15:00:00,2019-12-02 15:00:00,2019-12-04 15:00:00,7.0,57.0,55.6,7.2,57.1,55.6,7.4,57.1,55.6,8.1,56.9,55.6,CLEAN,CLEAN,train,1324
2019335N05058,2019-12-03 18:00:00,2019-12-02 18:00:00,2019-12-04 18:00:00,7.1,57.1,55.6,7.3,57.1,55.6,7.5,57.1,55.6,8.6,56.9,55.6,CLEAN,CLEAN,train,1325
2019335N05058,2019-12-03 21:00:00,2019-12-02 21:00:00,2019-12-04 21:00:00,7.2,57.1,55.6,7.4,57.1,55.6,7.6,57.0,55.6,9.0,56.7,61.1,CLEAN,CLEAN,train,1326
2019335N05058,2019-12-04 00:00:00,2019-12-03 00:00:00,2019-12-05 00:00:00,7.3,57.1,55.6,7.5,57.1,55.6,7.8,56.9,55.6,9.3,56.6,64.8,CLEAN,CLEAN,train,1327
2019335N05058,2019-12-04 03:00:00,2019-12-03 03:00:00,2019-12-05 03:00:00,7.4,57.1,55.6,7.6,57.0,55.6,8.1,56.9,55.6,9.3,56.4,64.8,CLEAN,CLEAN,train,1328
2019335N05058,2019-12-04 06:00:00,2019-12-03 06:00:00,2019-12-05 06:00:00,7.5,57.1,55.6,7.8,56.9,55.6,8.6,56.9,55.6,9.4,56.1,64.8,CLEAN,CLEAN,train,1329
2019335N05058,2019-12-04 09:00:00,2019-12-03 09:00:00,2019-12-05 09:00:00,7.6,57.0,55.6,8.1,56.9,55.6,9.0,56.7,61.1,9.3,55.4,64.8,CLEAN,CLEAN,train,1330
2019335N05058,2019-12-04 12:00:00,2019-12-03 12:00:00,2019-12-05 12:00:00,7.8,56.9,55.6,8.6,56.9,55.6,9.3,56.6,64.8,9.3,55.0,74.1,CLEAN,CLEAN,train,1331
2019335N05058,2019-12-04 15:00:00,2019-12-03 15:00:00,2019-12-05 15:00:00,8.1,56.9,55.6,9.0,56.7,61.1,9.3,56.4,64.8,9.1,54.7,64.8,CLEAN,CLEAN,train,1332
2019335N05058,2019-12-04 18:00:00,2019-12-03 18:00:00,2019-12-05 18:00:00,8.6,56.9,55.6,9.3,56.6,64.8,9.4,56.1,64.8,8.9,54.3,64.8,CLEAN,CLEAN,train,1333
2019335N05058,2019-12-04 21:00:00,2019-12-03 21:00:00,2019-12-05 21:00:00,9.0,56.7,61.1,9.3,56.4,64.8,9.3,55.4,64.8,8.6,53.9,64.8,CLEAN,CLEAN,train,1334
2019335N05058,2019-12-05 00:00:00,2019-12-04 00:00:00,2019-12-06 00:00:00,9.3,56.6,64.8,9.4,56.1,64.8,9.3,55.0,74.1,8.3,53.4,64.8,CLEAN,CLEAN,train,1335
2019335N05058,2019-12-05 03:00:00,2019-12-04 03:00:00,2019-12-06 03:00:00,9.3,56.4,64.8,9.3,55.4,64.8,9.1,54.7,64.8,8.1,53.1,64.8,CLEAN,CLEAN,train,1336
2019335N05058,2019-12-05 06:00:00,2019-12-04 06:00:00,2019-12-06 06:00:00,9.4,56.1,64.8,9.3,55.0,74.1,8.9,54.3,64.8,8.0,52.8,64.8,CLEAN,CLEAN,train,1337
2019335N05058,2019-12-05 09:00:00,2019-12-04 09:00:00,2019-12-06 09:00:00,9.3,55.4,64.8,9.1,54.7,64.8,8.6,53.9,64.8,7.9,52.5,64.8,CLEAN,CLEAN,train,1338
2019335N05058,2019-12-05 12:00:00,2019-12-04 12:00:00,2019-12-06 12:00:00,9.3,55.0,74.1,8.9,54.3,64.8,8.3,53.4,64.8,7.9,52.2,64.8,CLEAN,CLEAN,train,1339
2019335N05058,2019-12-05 15:00:00,2019-12-04 15:00:00,2019-12-06 15:00:00,9.1,54.7,64.8,8.6,53.9,64.8,8.1,53.1,64.8,7.8,51.6,64.8,CLEAN,CLEAN,train,1340
2019335N05058,2019-12-05 18:00:00,2019-12-04 18:00:00,2019-12-06 18:00:00,8.9,54.3,64.8,8.3,53.4,64.8,8.0,52.8,64.8,7.8,51.1,64.8,CLEAN,CLEAN,train,1341
2019335N05058,2019-12-05 21:00:00,2019-12-04 21:00:00,2019-12-06 21:00:00,8.6,53.9,64.8,8.1,53.1,64.8,7.9,52.5,64.8,7.7,50.6,64.8,CLEAN,CLEAN,train,1342
2019335N05058,2019-12-06 00:00:00,2019-12-05 00:00:00,2019-12-07 00:00:00,8.3,53.4,64.8,8.0,52.8,64.8,7.9,52.2,64.8,7.7,49.8,64.8,CLEAN,CLEAN,train,1343
2019335N05058,2019-12-06 03:00:00,2019-12-05 03:00:00,2019-12-07 03:00:00,8.1,53.1,64.8,7.9,52.5,64.8,7.8,51.6,64.8,7.6,49.4,55.6,CLEAN,CLEAN,train,1344
2019335N05058,2019-12-06 06:00:00,2019-12-05 06:00:00,2019-12-07 06:00:00,8.0,52.8,64.8,7.9,52.2,64.8,7.8,51.1,64.8,7.5,48.9,55.6,CLEAN,CLEAN,train,1345
2019335N05058,2019-12-06 09:00:00,2019-12-05 09:00:00,2019-12-07 09:00:00,7.9,52.5,64.8,7.8,51.6,64.8,7.7,50.6,64.8,7.4,48.5,46.3,CLEAN,CLEAN,train,1346
2020136N10088,2020-05-17 00:00:00,2020-05-16 00:00:00,2020-05-18 00:00:00,11.2,86.1,83.3,11.5,86.2,101.9,11.9,86.2,129.6,13.2,86.4,185.2,CLEAN,CLEAN,train,1356
2020136N10088,2020-05-17 03:00:00,2020-05-16 03:00:00,2020-05-18 03:00:00,11.3,86.1,92.6,11.6,86.2,120.4,12.5,86.4,138.9,13.3,86.2,213.0,CLEAN,CLEAN,train,1357
2020136N10088,2020-05-17 06:00:00,2020-05-16 06:00:00,2020-05-18 06:00:00,11.5,86.2,101.9,11.9,86.2,129.6,12.5,86.4,148.2,13.4,86.2,222.2,CLEAN,CLEAN,train,1358
2020136N10088,2020-05-17 09:00:00,2020-05-16 09:00:00,2020-05-18 09:00:00,11.6,86.2,120.4,12.5,86.4,138.9,12.9,86.5,166.7,13.7,86.2,222.2,CLEAN,CLEAN,train,1359
2020136N10088,2020-05-17 12:00:00,2020-05-16 12:00:00,2020-05-18 12:00:00,11.9,86.2,129.6,12.5,86.4,148.2,13.2,86.4,185.2,14.1,86.4,231.5,CLEAN,CLEAN,train,1360
2020136N10088,2020-05-17 15:00:00,2020-05-16 15:00:00,2020-05-18 15:00:00,12.5,86.4,138.9,12.9,86.5,166.7,13.3,86.2,213.0,14.5,86.5,231.5,CLEAN,CLEAN,train,1361
2020136N10088,2020-05-17 18:00:00,2020-05-16 18:00:00,2020-05-18 18:00:00,12.5,86.4,148.2,13.2,86.4,185.2,13.4,86.2,222.2,14.9,86.6,240.8,CLEAN,CLEAN,train,1362
2020136N10088,2020-05-17 21:00:00,2020-05-16 21:00:00,2020-05-18 21:00:00,12.9,86.5,166.7,13.3,86.2,213.0,13.7,86.2,222.2,15.2,86.7,240.8,CLEAN,CLEAN,train,1363
2020136N10088,2020-05-18 00:00:00,2020-05-17 00:00:00,2020-05-19 00:00:00,13.2,86.4,185.2,13.4,86.2,222.2,14.1,86.4,231.5,15.6,86.8,231.5,CLEAN,CLEAN,train,1364
2020136N10088,2020-05-18 03:00:00,2020-05-17 03:00:00,2020-05-19 03:00:00,13.3,86.2,213.0,13.7,86.2,222.2,14.5,86.5,231.5,16.0,86.9,222.2,CLEAN,CLEAN,train,1365
2020136N10088,2020-05-18 06:00:00,2020-05-17 06:00:00,2020-05-19 06:00:00,13.4,86.2,222.2,14.1,86.4,231.5,14.9,86.6,240.8,16.5,87.0,213.0,CLEAN,CLEAN,train,1366
2020136N10088,2020-05-18 09:00:00,2020-05-17 09:00:00,2020-05-19 09:00:00,13.7,86.2,222.2,14.5,86.5,231.5,15.2,86.7,240.8,16.9,87.0,203.7,CLEAN,CLEAN,train,1367
2020136N10088,2020-05-18 12:00:00,2020-05-17 12:00:00,2020-05-19 12:00:00,14.1,86.4,231.5,14.9,86.6,240.8,15.6,86.8,231.5,17.3,87.1,194.5,CLEAN,CLEAN,train,1368
2020136N10088,2020-05-18 15:00:00,2020-05-17 15:00:00,2020-05-19 15:00:00,14.5,86.5,231.5,15.2,86.7,240.8,16.0,86.9,222.2,17.9,87.1,185.2,CLEAN,CLEAN,train,1369
2020136N10088,2020-05-18 18:00:00,2020-05-17 18:00:00,2020-05-19 18:00:00,14.9,86.6,240.8,15.6,86.8,231.5,16.5,87.0,213.0,18.3,87.2,185.2,CLEAN,CLEAN,train,1370
2020136N10088,2020-05-18 21:00:00,2020-05-17 21:00:00,2020-05-19 21:00:00,15.2,86.7,240.8,16.0,86.9,222.2,16.9,87.0,203.7,18.7,87.3,185.2,CLEAN,CLEAN,train,1371
2020136N10088,2020-05-19 00:00:00,2020-05-18 00:00:00,2020-05-20 00:00:00,15.6,86.8,231.5,16.5,87.0,213.0,17.3,87.1,194.5,19.2,87.5,175.9,CLEAN,CLEAN,train,1372
2020136N10088,2020-05-19 03:00:00,2020-05-18 03:00:00,2020-05-20 03:00:00,16.0,86.9,222.2,16.9,87.0,203.7,17.9,87.1,185.2,19.8,87.7,175.9,CLEAN,CLEAN,train,1373
2020136N10088,2020-05-19 06:00:00,2020-05-18 06:00:00,2020-05-20 06:00:00,16.5,87.0,213.0,17.3,87.1,194.5,18.3,87.2,185.2,20.6,88.0,166.7,CLEAN,CLEAN,train,1374
2020136N10088,2020-05-19 09:00:00,2020-05-18 09:00:00,2020-05-20 09:00:00,16.9,87.0,203.7,17.9,87.1,185.2,18.7,87.3,185.2,21.4,88.1,166.7,CLEAN,CLEAN,train,1375
2020136N10088,2020-05-19 12:00:00,2020-05-18 12:00:00,2020-05-20 12:00:00,17.3,87.1,194.5,18.3,87.2,185.2,19.2,87.5,175.9,22.1,88.4,157.4,CLEAN,CLEAN,train,1376
2020136N10088,2020-05-19 15:00:00,2020-05-18 15:00:00,2020-05-20 15:00:00,17.9,87.1,185.2,18.7,87.3,185.2,19.8,87.7,175.9,22.8,88.6,120.4,CLEAN,CLEAN,train,1377
2020136N10088,2020-05-19 18:00:00,2020-05-18 18:00:00,2020-05-20 18:00:00,18.3,87.2,185.2,19.2,87.5,175.9,20.6,88.0,166.7,23.5,89.1,92.6,CLEAN,CLEAN,train,1378
2020136N10088,2020-05-19 21:00:00,2020-05-18 21:00:00,2020-05-20 21:00:00,18.7,87.3,185.2,19.8,87.7,175.9,21.4,88.1,166.7,24.3,89.3,83.3,CLEAN,CLEAN,train,1379
2020136N10088,2020-05-20 00:00:00,2020-05-19 00:00:00,2020-05-21 00:00:00,19.2,87.5,175.9,20.6,88.0,166.7,22.1,88.4,157.4,24.6,89.6,74.1,CLEAN,CLEAN,train,1380
2020136N10088,2020-05-20 03:00:00,2020-05-19 03:00:00,2020-05-21 03:00:00,19.8,87.7,175.9,21.4,88.1,166.7,22.8,88.6,120.4,25.1,89.9,64.8,CLEAN,CLEAN,train,1381
2020136N10088,2020-05-20 06:00:00,2020-05-19 06:00:00,2020-05-21 06:00:00,20.6,88.0,166.7,22.1,88.4,157.4,23.5,89.1,92.6,25.4,90.1,55.6,CLEAN,CLEAN,train,1382
2020136N10088,2020-05-20 09:00:00,2020-05-19 09:00:00,2020-05-21 09:00:00,21.4,88.1,166.7,22.8,88.6,120.4,24.3,89.3,83.3,25.2,89.6,46.3,CLEAN,CLEAN,train,1383
2020153N13072,2020-06-02 00:00:00,2020-06-01 00:00:00,2020-06-03 00:00:00,15.0,71.3,55.6,15.7,71.3,64.8,16.3,71.4,74.1,17.3,72.1,92.6,CLEAN,CLEAN,train,1387
2020153N13072,2020-06-02 03:00:00,2020-06-01 03:00:00,2020-06-03 03:00:00,15.3,71.3,55.6,16.0,71.3,64.8,16.2,71.5,74.1,17.6,72.4,101.9,CLEAN,CLEAN,train,1388
2020153N13072,2020-06-02 06:00:00,2020-06-01 06:00:00,2020-06-03 06:00:00,15.7,71.3,64.8,16.3,71.4,74.1,16.8,71.6,74.1,18.1,72.9,111.1,CLEAN,CLEAN,train,1389
2020153N13072,2020-06-02 09:00:00,2020-06-01 09:00:00,2020-06-03 09:00:00,16.0,71.3,64.8,16.2,71.5,74.1,17.0,71.9,83.3,18.5,73.2,101.9,CLEAN,CLEAN,train,1390
2020153N13072,2020-06-02 12:00:00,2020-06-01 12:00:00,2020-06-03 12:00:00,16.3,71.4,74.1,16.8,71.6,74.1,17.3,72.1,92.6,19.1,73.7,74.1,CLEAN,CLEAN,train,1391
2020153N13072,2020-06-02 15:00:00,2020-06-01 15:00:00,2020-06-03 15:00:00,16.2,71.5,74.1,17.0,71.9,83.3,17.6,72.4,101.9,19.6,74.0,55.6,CLEAN,CLEAN,train,1392
2020153N13072,2020-06-02 18:00:00,2020-06-01 18:00:00,2020-06-03 18:00:00,16.8,71.6,74.1,17.3,72.1,92.6,18.1,72.9,111.1,20.0,74.7,55.6,CLEAN,CLEAN,train,1393
2020153N13072,2020-06-02 21:00:00,2020-06-01 21:00:00,2020-06-03 21:00:00,17.0,71.9,83.3,17.6,72.4,101.9,18.5,73.2,101.9,20.3,75.3,51.9,CLEAN,CLEAN,train,1394
2020153N13072,2020-06-03 00:00:00,2020-06-02 00:00:00,2020-06-04 00:00:00,17.3,72.1,92.6,18.1,72.9,111.1,19.1,73.7,74.1,20.9,76.0,46.3,CLEAN,CLEAN,train,1395
2020153N13072,2020-06-03 03:00:00,2020-06-02 03:00:00,2020-06-04 03:00:00,17.6,72.4,101.9,18.5,73.2,101.9,19.6,74.0,55.6,21.5,76.8,37.0,CLEAN,CLEAN,train,1396
2020327N08086,2020-11-23 21:00:00,2020-11-22 21:00:00,2020-11-24 21:00:00,9.9,83.3,61.1,9.8,83.1,64.8,9.9,82.9,83.3,10.4,82.4,101.9,CLEAN,CLEAN,train,1420
2020327N08086,2020-11-24 00:00:00,2020-11-23 00:00:00,2020-11-25 00:00:00,9.8,83.2,64.8,9.8,83.0,74.1,10.0,82.8,83.3,10.6,82.2,111.1,CLEAN,CLEAN,train,1421
2020327N08086,2020-11-24 03:00:00,2020-11-23 03:00:00,2020-11-25 03:00:00,9.8,83.1,64.8,9.9,82.9,83.3,10.1,82.7,83.3,10.8,81.8,111.1,CLEAN,CLEAN,train,1422
2020327N08086,2020-11-24 06:00:00,2020-11-23 06:00:00,2020-11-25 06:00:00,9.8,83.0,74.1,10.0,82.8,83.3,10.2,82.6,92.6,11.1,81.4,111.1,CLEAN,CLEAN,train,1423
2020327N08086,2020-11-24 09:00:00,2020-11-23 09:00:00,2020-11-25 09:00:00,9.9,82.9,83.3,10.1,82.7,83.3,10.4,82.4,101.9,11.3,81.1,120.4,CLEAN,CLEAN,train,1424
2020327N08086,2020-11-24 12:00:00,2020-11-23 12:00:00,2020-11-25 12:00:00,10.0,82.8,83.3,10.2,82.6,92.6,10.6,82.2,111.1,11.5,80.9,120.4,CLEAN,CLEAN,train,1425
2020327N08086,2020-11-24 15:00:00,2020-11-23 15:00:00,2020-11-25 15:00:00,10.1,82.7,83.3,10.4,82.4,101.9,10.8,81.8,111.1,11.8,80.6,120.4,CLEAN,CLEAN,train,1426
2020327N08086,2020-11-24 18:00:00,2020-11-23 18:00:00,2020-11-25 18:00:00,10.2,82.6,92.6,10.6,82.2,111.1,11.1,81.4,111.1,12.0,80.4,120.4,CLEAN,CLEAN,train,1427
2020327N08086,2020-11-24 21:00:00,2020-11-23 21:00:00,2020-11-25 21:00:00,10.4,82.4,101.9,10.8,81.8,111.1,11.3,81.1,120.4,12.2,80.1,111.1,CLEAN,CLEAN,train,1428
2020327N08086,2020-11-25 00:00:00,2020-11-24 00:00:00,2020-11-26 00:00:00,10.6,82.2,111.1,11.1,81.4,111.1,11.5,80.9,120.4,12.5,80.0,92.6,CLEAN,CLEAN,train,1429
2020327N08086,2020-11-25 03:00:00,2020-11-24 03:00:00,2020-11-26 03:00:00,10.8,81.8,111.1,11.3,81.1,120.4,11.8,80.6,120.4,12.7,79.7,74.1,CLEAN,CLEAN,train,1430
2020327N08086,2020-11-25 06:00:00,2020-11-24 06:00:00,2020-11-26 06:00:00,11.1,81.4,111.1,11.5,80.9,120.4,12.0,80.4,120.4,13.0,79.6,64.8,CLEAN,CLEAN,train,1431
2020327N08086,2020-11-25 09:00:00,2020-11-24 09:00:00,2020-11-26 09:00:00,11.3,81.1,120.4,11.8,80.6,120.4,12.2,80.1,111.1,13.3,79.6,55.6,CLEAN,CLEAN,train,1432
2020327N08086,2020-11-25 12:00:00,2020-11-24 12:00:00,2020-11-26 12:00:00,11.5,80.9,120.4,12.0,80.4,120.4,12.5,80.0,92.6,13.5,79.8,55.6,CLEAN,CLEAN,train,1433
2020327N08086,2020-11-25 15:00:00,2020-11-24 15:00:00,2020-11-26 15:00:00,11.8,80.6,120.4,12.2,80.1,111.1,12.7,79.7,74.1,13.6,80.0,46.3,CLEAN,CLEAN,train,1434
2020327N08086,2020-11-25 18:00:00,2020-11-24 18:00:00,2020-11-26 18:00:00,12.0,80.4,120.4,12.5,80.0,92.6,13.0,79.6,64.8,13.8,80.3,37.0,CLEAN,CLEAN,train,1435
2020335N06090,2020-12-01 00:00:00,2020-11-30 00:00:00,2020-12-02 00:00:00,7.4,86.1,55.6,7.5,85.4,55.6,7.7,84.9,64.8,8.5,83.3,74.1,CLEAN,CLEAN,train,1446
2020335N06090,2020-12-01 03:00:00,2020-11-30 03:00:00,2020-12-02 03:00:00,7.4,85.8,55.6,7.6,85.1,61.1,7.8,84.6,64.8,8.6,82.9,74.1,CLEAN,CLEAN,train,1447
2020335N06090,2020-12-01 06:00:00,2020-11-30 06:00:00,2020-12-02 06:00:00,7.5,85.4,55.6,7.7,84.9,64.8,8.0,84.3,64.8,8.7,82.6,83.3,CLEAN,CLEAN,train,1448
2020335N06090,2020-12-01 09:00:00,2020-11-30 09:00:00,2020-12-02 09:00:00,7.6,85.1,61.1,7.8,84.6,64.8,8.3,83.7,64.8,8.8,82.2,83.3,CLEAN,CLEAN,train,1449
2020335N06090,2020-12-01 12:00:00,2020-11-30 12:00:00,2020-12-02 12:00:00,7.7,84.9,64.8,8.0,84.3,64.8,8.5,83.3,74.1,8.8,81.9,83.3,CLEAN,CLEAN,train,1450
2020335N06090,2020-12-01 15:00:00,2020-11-30 15:00:00,2020-12-02 15:00:00,7.8,84.6,64.8,8.3,83.7,64.8,8.6,82.9,74.1,8.9,81.6,83.3,CLEAN,CLEAN,train,1451
2020335N06090,2020-12-01 18:00:00,2020-11-30 18:00:00,2020-12-02 18:00:00,8.0,84.3,64.8,8.5,83.3,74.1,8.7,82.6,83.3,9.0,81.2,83.3,CLEAN,CLEAN,train,1452
2020335N06090,2020-12-01 21:00:00,2020-11-30 21:00:00,2020-12-02 21:00:00,8.3,83.7,64.8,8.6,82.9,74.1,8.8,82.2,83.3,9.0,80.9,74.1,CLEAN,CLEAN,train,1453
2020335N06090,2020-12-02 00:00:00,2020-12-01 00:00:00,2020-12-03 00:00:00,8.5,83.3,74.1,8.7,82.6,83.3,8.8,81.9,83.3,9.0,80.5,74.1,CLEAN,CLEAN,train,1454
2020335N06090,2020-12-02 03:00:00,2020-12-01 03:00:00,2020-12-03 03:00:00,8.6,82.9,74.1,8.8,82.2,83.3,8.9,81.6,83.3,9.1,80.4,74.1,CLEAN,CLEAN,train,1455
2020335N06090,2020-12-02 06:00:00,2020-12-01 06:00:00,2020-12-03 06:00:00,8.7,82.6,83.3,8.8,81.9,83.3,9.0,81.2,83.3,9.3,80.1,74.1,CLEAN,CLEAN,train,1456
2020335N06090,2020-12-02 09:00:00,2020-12-01 09:00:00,2020-12-03 09:00:00,8.8,82.2,83.3,8.9,81.6,83.3,9.0,80.9,74.1,9.4,79.8,64.8,CLEAN,CLEAN,train,1457
2020335N06090,2020-12-02 12:00:00,2020-12-01 12:00:00,2020-12-03 12:00:00,8.8,81.9,83.3,9.0,81.2,83.3,9.0,80.5,74.1,9.4,79.6,55.6,CLEAN,CLEAN,train,1458
2020335N06090,2020-12-02 15:00:00,2020-12-01 15:00:00,2020-12-03 15:00:00,8.9,81.6,83.3,9.0,80.9,74.1,9.1,80.4,74.1,9.4,79.4,55.6,CLEAN,CLEAN,train,1459
2020335N06090,2020-12-02 18:00:00,2020-12-01 18:00:00,2020-12-03 18:00:00,9.0,81.2,83.3,9.0,80.5,74.1,9.3,80.1,74.1,9.3,79.3,55.6,CLEAN,CLEAN,train,1460
2020335N06090,2020-12-02 21:00:00,2020-12-01 21:00:00,2020-12-03 21:00:00,9.0,80.9,74.1,9.1,80.4,74.1,9.4,79.8,64.8,9.3,79.3,55.6,CLEAN,CLEAN,train,1461
2021335N08096,2021-12-03 12:00:00,2021-12-02 12:00:00,2021-12-04 12:00:00,15.0,85.1,74.1,15.5,84.9,74.1,16.0,84.8,74.1,16.8,85.1,55.6,CLEAN,CLEAN,train,1552
2021335N08096,2021-12-03 15:00:00,2021-12-02 15:00:00,2021-12-04 15:00:00,15.2,85.0,74.1,15.7,84.9,74.1,16.2,84.8,74.1,17.1,85.1,55.6,CLEAN,CLEAN,train,1553
2021335N08096,2021-12-03 18:00:00,2021-12-02 18:00:00,2021-12-04 18:00:00,15.5,84.9,74.1,16.0,84.8,74.1,16.3,84.9,64.8,17.3,85.3,55.6,CLEAN,CLEAN,train,1554
2021335N08096,2021-12-03 21:00:00,2021-12-02 21:00:00,2021-12-04 21:00:00,15.7,84.9,74.1,16.2,84.8,74.1,16.5,84.9,64.8,17.4,85.4,55.6,CLEAN,CLEAN,train,1555
2021335N08096,2021-12-04 00:00:00,2021-12-03 00:00:00,2021-12-05 00:00:00,16.0,84.8,74.1,16.3,84.9,64.8,16.8,85.1,55.6,17.7,85.7,55.6,CLEAN,CLEAN,train,1556
2021335N08096,2021-12-04 03:00:00,2021-12-03 03:00:00,2021-12-05 03:00:00,16.2,84.8,74.1,16.5,84.9,64.8,17.1,85.1,55.6,18.3,85.8,55.6,CLEAN,CLEAN,train,1557
2021335N08096,2021-12-04 06:00:00,2021-12-03 06:00:00,2021-12-05 06:00:00,16.3,84.9,64.8,16.8,85.1,55.6,17.3,85.3,55.6,18.7,86.1,55.6,CLEAN,CLEAN,train,1558
2021335N08096,2021-12-04 09:00:00,2021-12-03 09:00:00,2021-12-05 09:00:00,16.5,84.9,64.8,17.1,85.1,55.6,17.4,85.4,55.6,19.0,86.3,46.3,CLEAN,CLEAN,train,1559
2021335N08096,2021-12-04 12:00:00,2021-12-03 12:00:00,2021-12-05 12:00:00,16.8,85.1,55.6,17.3,85.3,55.6,17.7,85.7,55.6,19.5,86.7,46.3,CLEAN,CLEAN,train,1560
2021335N08096,2021-12-04 15:00:00,2021-12-03 15:00:00,2021-12-05 15:00:00,17.1,85.1,55.6,17.4,85.4,55.6,18.3,85.8,55.6,20.0,87.0,46.3,CLEAN,CLEAN,train,1561
2021335N08096,2021-12-04 18:00:00,2021-12-03 18:00:00,2021-12-05 18:00:00,17.3,85.3,55.6,17.7,85.7,55.6,18.7,86.1,55.6,20.7,87.2,46.3,CLEAN,CLEAN,train,1562
2022062N06085,2022-03-04 00:00:00,2022-03-03 00:00:00,2022-03-05 00:00:00,8.7,83.2,46.3,9.5,83.1,46.3,10.3,83.2,55.6,11.3,83.3,55.6,CLEAN,CLEAN,train,1567
2022062N06085,2022-03-04 03:00:00,2022-03-03 03:00:00,2022-03-05 03:00:00,9.1,83.1,46.3,9.9,83.1,51.9,10.6,83.3,55.6,11.5,83.2,55.6,CLEAN,CLEAN,train,1568
2022062N06085,2022-03-04 06:00:00,2022-03-03 06:00:00,2022-03-05 06:00:00,9.5,83.1,46.3,10.3,83.2,55.6,10.9,83.4,55.6,11.6,83.1,55.6,CLEAN,CLEAN,train,1569
2022062N06085,2022-03-04 09:00:00,2022-03-03 09:00:00,2022-03-05 09:00:00,9.9,83.1,51.9,10.6,83.3,55.6,11.1,83.3,55.6,11.6,83.1,55.6,CLEAN,CLEAN,train,1570
2022062N06085,2022-03-04 12:00:00,2022-03-03 12:00:00,2022-03-05 12:00:00,10.3,83.2,55.6,10.9,83.4,55.6,11.3,83.3,55.6,11.5,83.0,55.6,CLEAN,CLEAN,train,1571
2022062N06085,2022-03-04 15:00:00,2022-03-03 15:00:00,2022-03-05 15:00:00,10.6,83.3,55.6,11.1,83.3,55.6,11.5,83.2,55.6,11.4,82.8,51.9,CLEAN,CLEAN,train,1572
2022062N06085,2022-03-04 18:00:00,2022-03-03 18:00:00,2022-03-05 18:00:00,10.9,83.4,55.6,11.3,83.3,55.6,11.6,83.1,55.6,11.3,82.7,46.3,CLEAN,CLEAN,train,1573
2022062N06085,2022-03-04 21:00:00,2022-03-03 21:00:00,2022-03-05 21:00:00,11.1,83.3,55.6,11.5,83.2,55.6,11.6,83.1,55.6,11.1,82.6,46.3,CLEAN,CLEAN,train,1574
2022062N06085,2022-03-05 00:00:00,2022-03-04 00:00:00,2022-03-06 00:00:00,11.3,83.3,55.6,11.6,83.1,55.6,11.5,83.0,55.6,11.0,82.4,46.3,CLEAN,CLEAN,train,1575
2022079N10093,2022-03-21 00:00:00,2022-03-20 00:00:00,2022-03-22 00:00:00,11.9,93.7,55.6,12.6,93.9,55.6,13.3,94.0,55.6,14.9,94.2,55.6,CLEAN,CLEAN,train,1582
2022079N10093,2022-03-21 03:00:00,2022-03-20 03:00:00,2022-03-22 03:00:00,12.3,93.8,55.6,12.9,94.0,55.6,13.6,94.0,55.6,15.2,94.2,55.6,CLEAN,CLEAN,train,1583
2022079N10093,2022-03-21 06:00:00,2022-03-20 06:00:00,2022-03-22 06:00:00,12.6,93.9,55.6,13.3,94.0,55.6,14.0,94.0,55.6,15.8,94.2,55.6,CLEAN,CLEAN,train,1584
2022079N10093,2022-03-21 09:00:00,2022-03-20 09:00:00,2022-03-22 09:00:00,12.9,94.0,55.6,13.6,94.0,55.6,14.5,94.1,55.6,16.3,94.3,55.6,CLEAN,CLEAN,train,1585
2022079N10093,2022-03-21 12:00:00,2022-03-20 12:00:00,2022-03-22 12:00:00,13.3,94.0,55.6,14.0,94.0,55.6,14.9,94.2,55.6,16.6,94.4,46.3,CLEAN,CLEAN,train,1586
2022079N10093,2022-03-21 15:00:00,2022-03-20 15:00:00,2022-03-22 15:00:00,13.6,94.0,55.6,14.5,94.1,55.6,15.2,94.2,55.6,17.0,94.5,46.3,CLEAN,CLEAN,train,1587
2022079N10093,2022-03-21 18:00:00,2022-03-20 18:00:00,2022-03-22 18:00:00,14.0,94.0,55.6,14.9,94.2,55.6,15.8,94.2,55.6,17.6,94.5,46.3,CLEAN,CLEAN,train,1588
2022079N10093,2022-03-21 21:00:00,2022-03-20 21:00:00,2022-03-22 21:00:00,14.5,94.1,55.6,15.2,94.2,55.6,16.3,94.3,55.6,18.3,94.5,42.6,CLEAN,CLEAN,train,1589
2022079N10093,2022-03-22 00:00:00,2022-03-21 00:00:00,2022-03-23 00:00:00,14.9,94.2,55.6,15.8,94.2,55.6,16.6,94.4,46.3,19.0,94.6,37.0,CLEAN,CLEAN,train,1590
2022126N07095,2022-05-08 06:00:00,2022-05-07 06:00:00,2022-05-09 06:00:00,11.9,88.6,83.3,12.5,88.0,92.6,13.1,87.4,101.9,14.3,85.9,101.9,CLEAN,CLEAN,train,1605
2022126N07095,2022-05-08 09:00:00,2022-05-07 09:00:00,2022-05-09 09:00:00,12.1,88.2,83.3,12.8,87.6,92.6,13.5,86.9,101.9,14.4,85.6,101.9,CLEAN,CLEAN,train,1606
2022126N07095,2022-05-08 12:00:00,2022-05-07 12:00:00,2022-05-09 12:00:00,12.5,88.0,92.6,13.1,87.4,101.9,13.8,86.5,101.9,14.6,85.3,101.9,CLEAN,CLEAN,train,1607
2022126N07095,2022-05-08 15:00:00,2022-05-07 15:00:00,2022-05-09 15:00:00,12.8,87.6,92.6,13.5,86.9,101.9,14.0,86.2,101.9,14.7,85.0,101.9,CLEAN,CLEAN,train,1608
2022126N07095,2022-05-08 18:00:00,2022-05-07 18:00:00,2022-05-09 18:00:00,13.1,87.4,101.9,13.8,86.5,101.9,14.3,85.9,101.9,14.8,84.7,101.9,CLEAN,CLEAN,train,1609
2022126N07095,2022-05-08 21:00:00,2022-05-07 21:00:00,2022-05-09 21:00:00,13.5,86.9,101.9,14.0,86.2,101.9,14.4,85.6,101.9,14.9,84.4,101.9,CLEAN,CLEAN,train,1610
2022126N07095,2022-05-09 00:00:00,2022-05-08 00:00:00,2022-05-10 00:00:00,13.8,86.5,101.9,14.3,85.9,101.9,14.6,85.3,101.9,15.0,84.1,101.9,CLEAN,CLEAN,train,1611
2022126N07095,2022-05-09 03:00:00,2022-05-08 03:00:00,2022-05-10 03:00:00,14.0,86.2,101.9,14.4,85.6,101.9,14.7,85.0,101.9,15.1,83.6,101.9,CLEAN,CLEAN,train,1612
2022126N07095,2022-05-09 06:00:00,2022-05-08 06:00:00,2022-05-10 06:00:00,14.3,85.9,101.9,14.6,85.3,101.9,14.8,84.7,101.9,15.2,83.3,101.9,CLEAN,CLEAN,train,1613
2022126N07095,2022-05-09 09:00:00,2022-05-08 09:00:00,2022-05-10 09:00:00,14.4,85.6,101.9,14.7,85.0,101.9,14.9,84.4,101.9,15.2,82.9,101.9,CLEAN,CLEAN,train,1614
2022126N07095,2022-05-09 12:00:00,2022-05-08 12:00:00,2022-05-10 12:00:00,14.6,85.3,101.9,14.8,84.7,101.9,15.0,84.1,101.9,15.4,82.6,92.6,CLEAN,CLEAN,train,1615
2022126N07095,2022-05-09 15:00:00,2022-05-08 15:00:00,2022-05-10 15:00:00,14.7,85.0,101.9,14.9,84.4,101.9,15.1,83.6,101.9,15.4,82.2,92.6,CLEAN,CLEAN,train,1616
2022126N07095,2022-05-09 18:00:00,2022-05-08 18:00:00,2022-05-10 18:00:00,14.8,84.7,101.9,15.0,84.1,101.9,15.2,83.3,101.9,15.6,82.0,92.6,CLEAN,CLEAN,train,1617
2022126N07095,2022-05-09 21:00:00,2022-05-08 21:00:00,2022-05-10 21:00:00,14.9,84.4,101.9,15.1,83.6,101.9,15.2,82.9,101.9,15.7,81.8,83.3,CLEAN,CLEAN,train,1618
2022126N07095,2022-05-10 00:00:00,2022-05-09 00:00:00,2022-05-11 00:00:00,15.0,84.1,101.9,15.2,83.3,101.9,15.4,82.6,92.6,15.8,81.7,83.3,CLEAN,CLEAN,train,1619
2022126N07095,2022-05-10 03:00:00,2022-05-09 03:00:00,2022-05-11 03:00:00,15.1,83.6,101.9,15.2,82.9,101.9,15.4,82.2,92.6,15.9,81.6,83.3,CLEAN,CLEAN,train,1620
2022126N07095,2022-05-10 06:00:00,2022-05-09 06:00:00,2022-05-11 06:00:00,15.2,83.3,101.9,15.4,82.6,92.6,15.6,82.0,92.6,16.0,81.5,74.1,CLEAN,CLEAN,train,1621
2022126N07095,2022-05-10 09:00:00,2022-05-09 09:00:00,2022-05-11 09:00:00,15.2,82.9,101.9,15.4,82.2,92.6,15.7,81.8,83.3,16.0,81.4,74.1,CLEAN,CLEAN,train,1622
2022126N07095,2022-05-10 12:00:00,2022-05-09 12:00:00,2022-05-11 12:00:00,15.4,82.6,92.6,15.6,82.0,92.6,15.8,81.7,83.3,16.1,81.3,55.6,CLEAN,CLEAN,train,1623
2022126N07095,2022-05-10 15:00:00,2022-05-09 15:00:00,2022-05-11 15:00:00,15.4,82.2,92.6,15.7,81.8,83.3,15.9,81.6,83.3,16.0,81.1,55.6,CLEAN,CLEAN,train,1624
2022126N07095,2022-05-10 18:00:00,2022-05-09 18:00:00,2022-05-11 18:00:00,15.6,82.0,92.6,15.8,81.7,83.3,16.0,81.5,74.1,15.9,80.9,55.6,CLEAN,CLEAN,train,1625
2022126N07095,2022-05-10 21:00:00,2022-05-09 21:00:00,2022-05-11 21:00:00,15.7,81.8,83.3,15.9,81.6,83.3,16.0,81.4,74.1,15.8,80.6,51.9,CLEAN,CLEAN,train,1626
2022126N07095,2022-05-11 00:00:00,2022-05-10 00:00:00,2022-05-12 00:00:00,15.8,81.7,83.3,16.0,81.5,74.1,16.1,81.3,55.6,15.6,80.4,46.3,CLEAN,CLEAN,train,1627
2013310N06066,2013-11-09 06:00:00,2013-11-08 06:00:00,2013-11-10 06:00:00,8.0,52.7,55.6,8.0,52.1,55.6,8.0,51.9,55.6,8.0,51.3,55.6,CLEAN,CLEAN,train,1656
2013310N06066,2013-11-09 09:00:00,2013-11-08 09:00:00,2013-11-10 09:00:00,8.0,52.4,55.6,8.0,51.9,55.6,8.0,51.8,55.6,8.0,51.2,55.6,CLEAN,CLEAN,train,1657
2013310N06066,2013-11-09 12:00:00,2013-11-08 12:00:00,2013-11-10 12:00:00,8.0,52.1,55.6,8.0,51.9,55.6,8.0,51.8,55.6,8.1,51.2,55.6,CLEAN,CLEAN,train,1658
2013310N06066,2013-11-09 15:00:00,2013-11-08 15:00:00,2013-11-10 15:00:00,8.0,51.9,55.6,8.0,51.8,55.6,8.0,51.6,55.6,8.1,50.9,55.6,CLEAN,CLEAN,train,1659
2013310N06066,2013-11-09 18:00:00,2013-11-08 18:00:00,2013-11-10 18:00:00,8.0,51.9,55.6,8.0,51.8,55.6,8.0,51.3,55.6,8.2,50.6,55.6,CLEAN,CLEAN,train,1660
2013310N06066,2013-11-09 21:00:00,2013-11-08 21:00:00,2013-11-10 21:00:00,8.0,51.8,55.6,8.0,51.6,55.6,8.0,51.2,55.6,8.3,50.4,55.6,CLEAN,CLEAN,train,1661
2013310N06066,2013-11-10 00:00:00,2013-11-09 00:00:00,2013-11-11 00:00:00,8.0,51.8,55.6,8.0,51.3,55.6,8.1,51.2,55.6,8.4,50.1,55.6,CLEAN,CLEAN,train,1662
2013310N06066,2013-11-10 03:00:00,2013-11-09 03:00:00,2013-11-11 03:00:00,8.0,51.6,55.6,8.0,51.2,55.6,8.1,50.9,55.6,8.7,49.7,55.6,CLEAN,CLEAN,train,1663
2013310N06066,2013-11-10 06:00:00,2013-11-09 06:00:00,2013-11-11 06:00:00,8.0,51.3,55.6,8.1,51.2,55.6,8.2,50.6,55.6,8.9,49.2,46.3,CLEAN,CLEAN,train,1664
2017104N08085,2017-04-16 00:00:00,2017-04-15 00:00:00,2017-04-17 00:00:00,16.0,92.0,74.1,17.2,92.9,74.1,18.1,93.6,74.1,19.8,95.4,37.0,CLEAN,CLEAN,train,1679
2018263N17089,2018-09-20 15:00:00,2018-09-19 15:00:00,2018-09-21 15:00:00,18.6,85.8,64.8,19.4,84.4,64.8,20.1,82.5,55.6,21.4,79.5,46.3,CLEAN,CLEAN,train,1680
2018263N17089,2018-09-20 18:00:00,2018-09-19 18:00:00,2018-09-21 18:00:00,19.1,85.2,64.8,19.8,83.6,55.6,20.5,81.5,55.6,21.4,78.7,46.3,CLEAN,CLEAN,train,1681
2018281N14088,2018-10-09 03:00:00,2018-10-08 03:00:00,2018-10-10 03:00:00,14.7,86.9,55.6,14.9,86.7,64.8,15.3,86.5,74.1,16.5,85.9,111.1,CLEAN,CLEAN,train,1687
2018281N14088,2018-10-09 06:00:00,2018-10-08 06:00:00,2018-10-10 06:00:00,14.8,86.8,64.8,15.1,86.6,74.1,15.6,86.3,83.3,17.0,85.6,129.6,CLEAN,CLEAN,train,1688
2018281N14088,2018-10-09 09:00:00,2018-10-08 09:00:00,2018-10-10 09:00:00,14.9,86.7,64.8,15.3,86.5,74.1,15.8,86.1,92.6,17.3,85.4,138.9,CLEAN,CLEAN,train,1689
2018281N14088,2018-10-09 12:00:00,2018-10-08 12:00:00,2018-10-10 12:00:00,15.1,86.6,74.1,15.6,86.3,83.3,16.1,86.0,101.9,17.6,85.3,148.2,CLEAN,CLEAN,train,1690
2018281N14088,2018-10-09 15:00:00,2018-10-08 15:00:00,2018-10-10 15:00:00,15.3,86.5,74.1,15.8,86.1,92.6,16.5,85.9,111.1,17.8,85.1,148.2,CLEAN,CLEAN,train,1691
2018281N14088,2018-10-09 18:00:00,2018-10-08 18:00:00,2018-10-10 18:00:00,15.6,86.3,83.3,16.1,86.0,101.9,17.0,85.6,129.6,18.3,85.0,148.2,CLEAN,CLEAN,train,1692
2018281N14088,2018-10-09 21:00:00,2018-10-08 21:00:00,2018-10-10 21:00:00,15.8,86.1,92.6,16.5,85.9,111.1,17.3,85.4,138.9,18.6,84.6,148.2,CLEAN,CLEAN,train,1693
2018281N14088,2018-10-10 00:00:00,2018-10-09 00:00:00,2018-10-11 00:00:00,16.1,86.0,101.9,17.0,85.6,129.6,17.6,85.3,148.2,18.8,84.4,148.2,CLEAN,CLEAN,train,1694
2018281N14088,2018-10-10 03:00:00,2018-10-09 03:00:00,2018-10-11 03:00:00,16.5,85.9,111.1,17.3,85.4,138.9,17.8,85.1,148.2,18.9,84.1,120.4,CLEAN,CLEAN,train,1695
2018281N14088,2018-10-10 06:00:00,2018-10-09 06:00:00,2018-10-11 06:00:00,17.0,85.6,129.6,17.6,85.3,148.2,18.3,85.0,148.2,19.2,83.9,111.1,CLEAN,CLEAN,train,1696
2018281N14088,2018-10-10 09:00:00,2018-10-09 09:00:00,2018-10-11 09:00:00,17.3,85.4,138.9,17.8,85.1,148.2,18.6,84.6,148.2,19.4,83.8,92.6,CLEAN,CLEAN,train,1697
2018281N14088,2018-10-10 12:00:00,2018-10-09 12:00:00,2018-10-11 12:00:00,17.6,85.3,148.2,18.3,85.0,148.2,18.8,84.4,148.2,19.7,83.8,83.3,CLEAN,CLEAN,train,1698
2018281N14088,2018-10-10 15:00:00,2018-10-09 15:00:00,2018-10-11 15:00:00,17.8,85.1,148.2,18.6,84.6,148.2,18.9,84.1,120.4,19.9,83.9,74.1,CLEAN,CLEAN,train,1699
2018281N14088,2018-10-10 18:00:00,2018-10-09 18:00:00,2018-10-11 18:00:00,18.3,85.0,148.2,18.8,84.4,148.2,19.2,83.9,111.1,20.1,84.2,55.6,CLEAN,CLEAN,train,1700
2018281N14088,2018-10-10 21:00:00,2018-10-09 21:00:00,2018-10-11 21:00:00,18.6,84.6,148.2,18.9,84.1,120.4,19.4,83.8,92.6,20.3,84.4,55.6,CLEAN,CLEAN,train,1701
2018347N07089,2018-12-14 00:00:00,2018-12-13 00:00:00,2018-12-15 00:00:00,7.9,87.6,55.6,8.2,87.4,55.6,8.3,86.8,55.6,9.0,85.7,55.6,CLEAN,CLEAN,train,1710
2018347N07089,2018-12-14 03:00:00,2018-12-13 03:00:00,2018-12-15 03:00:00,8.1,87.5,55.6,8.2,87.1,55.6,8.5,86.5,55.6,9.3,85.4,55.6,CLEAN,CLEAN,train,1711
2018347N07089,2018-12-14 06:00:00,2018-12-13 06:00:00,2018-12-15 06:00:00,8.2,87.4,55.6,8.3,86.8,55.6,8.7,86.3,55.6,9.5,85.3,55.6,CLEAN,CLEAN,train,1712
2018347N07089,2018-12-14 09:00:00,2018-12-13 09:00:00,2018-12-15 09:00:00,8.2,87.1,55.6,8.5,86.5,55.6,8.8,86.0,55.6,9.9,85.1,61.1,CLEAN,CLEAN,train,1713
2018347N07089,2018-12-14 12:00:00,2018-12-13 12:00:00,2018-12-15 12:00:00,8.3,86.8,55.6,8.7,86.3,55.6,9.0,85.7,55.6,10.2,84.9,64.8,CLEAN,CLEAN,train,1714
2018347N07089,2018-12-14 15:00:00,2018-12-13 15:00:00,2018-12-15 15:00:00,8.5,86.5,55.6,8.8,86.0,55.6,9.3,85.4,55.6,10.5,84.7,64.8,CLEAN,CLEAN,train,1715
2018347N07089,2018-12-14 18:00:00,2018-12-13 18:00:00,2018-12-15 18:00:00,8.7,86.3,55.6,9.0,85.7,55.6,9.5,85.3,55.6,10.8,84.6,64.8,CLEAN,CLEAN,train,1716
2018347N07089,2018-12-14 21:00:00,2018-12-13 21:00:00,2018-12-15 21:00:00,8.8,86.0,55.6,9.3,85.4,55.6,9.9,85.1,61.1,11.0,84.4,64.8,CLEAN,CLEAN,train,1717
2018347N07089,2018-12-15 00:00:00,2018-12-14 00:00:00,2018-12-16 00:00:00,9.0,85.7,55.6,9.5,85.3,55.6,10.2,84.9,64.8,11.3,84.3,74.1,CLEAN,CLEAN,train,1718
2018347N07089,2018-12-15 03:00:00,2018-12-14 03:00:00,2018-12-16 03:00:00,9.3,85.4,55.6,9.9,85.1,61.1,10.5,84.7,64.8,11.8,84.1,83.3,CLEAN,CLEAN,train,1719
2018347N07089,2018-12-15 06:00:00,2018-12-14 06:00:00,2018-12-16 06:00:00,9.5,85.3,55.6,10.2,84.9,64.8,10.8,84.6,64.8,12.3,83.9,83.3,CLEAN,CLEAN,train,1720
2018347N07089,2018-12-15 09:00:00,2018-12-14 09:00:00,2018-12-16 09:00:00,9.9,85.1,61.1,10.5,84.7,64.8,11.0,84.4,64.8,12.4,83.5,92.6,CLEAN,CLEAN,train,1721
2018347N07089,2018-12-15 12:00:00,2018-12-14 12:00:00,2018-12-16 12:00:00,10.2,84.9,64.8,10.8,84.6,64.8,11.3,84.3,74.1,13.4,83.1,101.9,CLEAN,CLEAN,train,1722
2018347N07089,2018-12-15 15:00:00,2018-12-14 15:00:00,2018-12-16 15:00:00,10.5,84.7,64.8,11.0,84.4,64.8,11.8,84.1,83.3,13.8,82.8,101.9,CLEAN,CLEAN,train,1723
2018347N07089,2018-12-15 18:00:00,2018-12-14 18:00:00,2018-12-16 18:00:00,10.8,84.6,64.8,11.3,84.3,74.1,12.3,83.9,83.3,14.1,82.7,101.9,CLEAN,CLEAN,train,1724
2018347N07089,2018-12-15 21:00:00,2018-12-14 21:00:00,2018-12-16 21:00:00,11.0,84.4,64.8,11.8,84.1,83.3,12.4,83.5,92.6,14.5,82.4,101.9,CLEAN,CLEAN,train,1725
2018347N07089,2018-12-16 00:00:00,2018-12-15 00:00:00,2018-12-17 00:00:00,11.3,84.3,74.1,12.3,83.9,83.3,13.4,83.1,101.9,15.0,82.4,92.6,CLEAN,CLEAN,train,1726
2018347N07089,2018-12-16 03:00:00,2018-12-15 03:00:00,2018-12-17 03:00:00,11.8,84.1,83.3,12.4,83.5,92.6,13.8,82.8,101.9,15.5,82.3,83.3,CLEAN,CLEAN,train,1727
2018347N07089,2018-12-16 06:00:00,2018-12-15 06:00:00,2018-12-17 06:00:00,12.3,83.9,83.3,13.4,83.1,101.9,14.1,82.7,101.9,16.0,82.3,83.3,CLEAN,CLEAN,train,1728
2018347N07089,2018-12-16 09:00:00,2018-12-15 09:00:00,2018-12-17 09:00:00,12.4,83.5,92.6,13.8,82.8,101.9,14.5,82.4,101.9,16.5,82.3,74.1,CLEAN,CLEAN,train,1729
2018347N07089,2018-12-16 12:00:00,2018-12-15 12:00:00,2018-12-17 12:00:00,13.4,83.1,101.9,14.1,82.7,101.9,15.0,82.4,92.6,16.8,82.5,55.6,CLEAN,CLEAN,train,1730
2018347N07089,2018-12-16 15:00:00,2018-12-15 15:00:00,2018-12-17 15:00:00,13.8,82.8,101.9,14.5,82.4,101.9,15.5,82.3,83.3,17.4,82.6,55.6,CLEAN,CLEAN,train,1731
2018347N07089,2018-12-16 18:00:00,2018-12-15 18:00:00,2018-12-17 18:00:00,14.1,82.7,101.9,15.0,82.4,92.6,16.0,82.3,83.3,17.8,82.8,46.3,CLEAN,CLEAN,train,1732
2019302N11118,2019-11-06 00:00:00,2019-11-05 00:00:00,2019-11-07 00:00:00,13.3,89.8,55.6,13.3,89.7,55.6,13.4,89.7,55.6,14.4,89.3,64.8,CLEAN,CLEAN,train,1793
2019302N11118,2019-11-06 03:00:00,2019-11-05 03:00:00,2019-11-07 03:00:00,13.3,89.8,55.6,13.3,89.7,55.6,13.6,89.6,61.1,14.8,89.1,64.8,CLEAN,CLEAN,train,1794
2019302N11118,2019-11-06 06:00:00,2019-11-05 06:00:00,2019-11-07 06:00:00,13.3,89.7,55.6,13.4,89.7,55.6,13.9,89.6,64.8,15.2,88.7,74.1,CLEAN,CLEAN,train,1795
2019302N11118,2019-11-06 09:00:00,2019-11-05 09:00:00,2019-11-07 09:00:00,13.3,89.7,55.6,13.6,89.6,61.1,14.1,89.4,64.8,15.4,88.4,83.3,CLEAN,CLEAN,train,1796
2019302N11118,2019-11-06 12:00:00,2019-11-05 12:00:00,2019-11-07 12:00:00,13.4,89.7,55.6,13.9,89.6,64.8,14.4,89.3,64.8,15.8,88.2,83.3,CLEAN,CLEAN,train,1797
2019302N11118,2019-11-06 15:00:00,2019-11-05 15:00:00,2019-11-07 15:00:00,13.6,89.6,61.1,14.1,89.4,64.8,14.8,89.1,64.8,16.0,88.0,92.6,CLEAN,CLEAN,train,1798
2019302N11118,2019-11-06 18:00:00,2019-11-05 18:00:00,2019-11-07 18:00:00,13.9,89.6,64.8,14.4,89.3,64.8,15.2,88.7,74.1,16.3,87.8,101.9,CLEAN,CLEAN,train,1799
2019302N11118,2019-11-06 21:00:00,2019-11-05 21:00:00,2019-11-07 21:00:00,14.1,89.4,64.8,14.8,89.1,64.8,15.4,88.4,83.3,16.6,87.7,111.1,CLEAN,CLEAN,train,1800
2019302N11118,2019-11-07 00:00:00,2019-11-06 00:00:00,2019-11-08 00:00:00,14.4,89.3,64.8,15.2,88.7,74.1,15.8,88.2,83.3,17.0,87.7,120.4,CLEAN,CLEAN,train,1801
2019302N11118,2019-11-07 03:00:00,2019-11-06 03:00:00,2019-11-08 03:00:00,14.8,89.1,64.8,15.4,88.4,83.3,16.0,88.0,92.6,17.3,87.7,120.4,CLEAN,CLEAN,train,1802
2019302N11118,2019-11-07 06:00:00,2019-11-06 06:00:00,2019-11-08 06:00:00,15.2,88.7,74.1,15.8,88.2,83.3,16.3,87.8,101.9,17.7,87.8,129.6,CLEAN,CLEAN,train,1803
2019302N11118,2019-11-07 09:00:00,2019-11-06 09:00:00,2019-11-08 09:00:00,15.4,88.4,83.3,16.0,88.0,92.6,16.6,87.7,111.1,18.2,87.8,129.6,CLEAN,CLEAN,train,1804
2019302N11118,2019-11-07 12:00:00,2019-11-06 12:00:00,2019-11-08 12:00:00,15.8,88.2,83.3,16.3,87.8,101.9,17.0,87.7,120.4,18.6,87.8,138.9,CLEAN,CLEAN,train,1805
2019302N11118,2019-11-07 15:00:00,2019-11-06 15:00:00,2019-11-08 15:00:00,16.0,88.0,92.6,16.6,87.7,111.1,17.3,87.7,120.4,19.1,87.8,138.9,CLEAN,CLEAN,train,1806
2019302N11118,2019-11-07 18:00:00,2019-11-06 18:00:00,2019-11-08 18:00:00,16.3,87.8,101.9,17.0,87.7,120.4,17.7,87.8,129.6,19.3,87.7,138.9,CLEAN,CLEAN,train,1807
2019302N11118,2019-11-07 21:00:00,2019-11-06 21:00:00,2019-11-08 21:00:00,16.6,87.7,111.1,17.3,87.7,120.4,18.2,87.8,129.6,19.6,87.7,138.9,CLEAN,CLEAN,train,1808
2019302N11118,2019-11-08 00:00:00,2019-11-07 00:00:00,2019-11-09 00:00:00,17.0,87.7,120.4,17.7,87.8,129.6,18.6,87.8,138.9,20.0,87.6,138.9,CLEAN,CLEAN,train,1809
2019302N11118,2019-11-08 03:00:00,2019-11-07 03:00:00,2019-11-09 03:00:00,17.3,87.7,120.4,18.2,87.8,129.6,19.1,87.8,138.9,20.4,87.6,129.6,CLEAN,CLEAN,train,1810
2019302N11118,2019-11-08 06:00:00,2019-11-07 06:00:00,2019-11-09 06:00:00,17.7,87.8,129.6,18.6,87.8,138.9,19.3,87.7,138.9,20.6,87.8,129.6,CLEAN,CLEAN,train,1811
2019302N11118,2019-11-08 09:00:00,2019-11-07 09:00:00,2019-11-09 09:00:00,18.2,87.8,129.6,19.1,87.8,138.9,19.6,87.7,138.9,20.9,87.9,129.6,CLEAN,CLEAN,train,1812
2019302N11118,2019-11-08 12:00:00,2019-11-07 12:00:00,2019-11-09 12:00:00,18.6,87.8,138.9,19.3,87.7,138.9,20.0,87.6,138.9,21.2,88.1,129.6,CLEAN,CLEAN,train,1813
2019302N11118,2019-11-08 15:00:00,2019-11-07 15:00:00,2019-11-09 15:00:00,19.1,87.8,138.9,19.6,87.7,138.9,20.4,87.6,129.6,21.4,88.3,111.1,CLEAN,CLEAN,train,1814
2019302N11118,2019-11-08 18:00:00,2019-11-07 18:00:00,2019-11-09 18:00:00,19.3,87.7,138.9,20.0,87.6,138.9,20.6,87.8,129.6,21.6,88.6,111.1,CLEAN,CLEAN,train,1815
2019302N11118,2019-11-08 21:00:00,2019-11-07 21:00:00,2019-11-09 21:00:00,19.6,87.7,138.9,20.4,87.6,129.6,20.9,87.9,129.6,21.8,89.1,92.6,CLEAN,CLEAN,train,1816
2019302N11118,2019-11-09 00:00:00,2019-11-08 00:00:00,2019-11-10 00:00:00,20.0,87.6,138.9,20.6,87.8,129.6,21.2,88.1,129.6,22.0,89.5,83.3,CLEAN,CLEAN,train,1817
2019302N11118,2019-11-09 03:00:00,2019-11-08 03:00:00,2019-11-10 03:00:00,20.4,87.6,129.6,20.9,87.9,129.6,21.4,88.3,111.1,22.2,89.8,74.1,CLEAN,CLEAN,train,1818
2019302N11118,2019-11-09 06:00:00,2019-11-08 06:00:00,2019-11-10 06:00:00,20.6,87.8,129.6,21.2,88.1,129.6,21.6,88.6,111.1,22.3,90.1,74.1,CLEAN,CLEAN,train,1819
2019302N11118,2019-11-09 09:00:00,2019-11-08 09:00:00,2019-11-10 09:00:00,20.9,87.9,129.6,21.4,88.3,111.1,21.8,89.1,92.6,22.4,90.3,55.6,CLEAN,CLEAN,train,1820
2019302N11118,2019-11-09 12:00:00,2019-11-08 12:00:00,2019-11-10 12:00:00,21.2,88.1,129.6,21.6,88.6,111.1,22.0,89.5,83.3,22.6,90.6,55.6,CLEAN,CLEAN,train,1821
2019302N11118,2019-11-09 15:00:00,2019-11-08 15:00:00,2019-11-10 15:00:00,21.4,88.3,111.1,21.8,89.1,92.6,22.2,89.8,74.1,22.6,90.8,55.6,CLEAN,CLEAN,train,1822
2019302N11118,2019-11-09 18:00:00,2019-11-08 18:00:00,2019-11-10 18:00:00,21.6,88.6,111.1,22.0,89.5,83.3,22.3,90.1,74.1,22.8,91.1,55.6,CLEAN,CLEAN,train,1823
2020285N15087,2020-10-12 00:00:00,2020-10-11 00:00:00,2020-10-13 00:00:00,15.7,85.0,46.3,15.9,84.8,55.6,16.1,84.6,55.6,16.9,82.5,55.6,CLEAN,CLEAN,train,1826
2020285N15087,2020-10-12 03:00:00,2020-10-11 03:00:00,2020-10-13 03:00:00,15.7,85.0,55.6,16.0,84.7,55.6,16.3,84.1,55.6,17.0,82.1,55.6,CLEAN,CLEAN,train,1827
2020285N15087,2020-10-12 06:00:00,2020-10-11 06:00:00,2020-10-13 06:00:00,15.9,84.8,55.6,16.1,84.6,55.6,16.5,83.4,55.6,17.3,81.5,46.3,CLEAN,CLEAN,train,1828
2020285N15087,2020-10-12 09:00:00,2020-10-11 09:00:00,2020-10-13 09:00:00,16.0,84.7,55.6,16.3,84.1,55.6,16.7,82.9,55.6,17.4,81.0,46.3,CLEAN,CLEAN,train,1829
2020285N15087,2020-10-12 12:00:00,2020-10-11 12:00:00,2020-10-13 12:00:00,16.1,84.6,55.6,16.5,83.4,55.6,16.9,82.5,55.6,17.5,80.5,46.3,CLEAN,CLEAN,train,1830
2020285N15087,2020-10-12 15:00:00,2020-10-11 15:00:00,2020-10-13 15:00:00,16.3,84.1,55.6,16.7,82.9,55.6,17.0,82.1,55.6,17.6,80.0,46.3,CLEAN,CLEAN,train,1831
2020285N15087,2020-10-12 18:00:00,2020-10-11 18:00:00,2020-10-13 18:00:00,16.5,83.4,55.6,16.9,82.5,55.6,17.3,81.5,46.3,17.6,79.5,46.3,CLEAN,CLEAN,train,1832
2020285N15087,2020-10-12 21:00:00,2020-10-11 21:00:00,2020-10-13 21:00:00,16.7,82.9,55.6,17.0,82.1,55.6,17.4,81.0,46.3,17.7,78.8,42.6,CLEAN,CLEAN,train,1833
2020285N15087,2020-10-13 00:00:00,2020-10-12 00:00:00,2020-10-14 00:00:00,16.9,82.5,55.6,17.3,81.5,46.3,17.5,80.5,46.3,17.7,78.1,37.0,CLEAN,CLEAN,train,1834
2021267N18094,2021-09-25 12:00:00,2021-09-24 12:00:00,2021-09-26 12:00:00,18.3,88.5,64.8,18.3,88.2,64.8,18.3,87.3,74.1,18.4,84.6,83.3,CLEAN,CLEAN,train,1843
2021267N18094,2021-09-25 15:00:00,2021-09-24 15:00:00,2021-09-26 15:00:00,18.2,88.4,64.8,18.3,87.7,64.8,18.4,86.5,74.1,18.3,83.9,83.3,CLEAN,CLEAN,train,1844
2021267N18094,2021-09-25 18:00:00,2021-09-24 18:00:00,2021-09-26 18:00:00,18.3,88.2,64.8,18.3,87.3,74.1,18.5,86.0,83.3,18.3,83.4,64.8,CLEAN,CLEAN,train,1845
2021267N18094,2021-09-25 21:00:00,2021-09-24 21:00:00,2021-09-26 21:00:00,18.3,87.7,64.8,18.4,86.5,74.1,18.4,85.3,83.3,18.2,82.9,55.6,CLEAN,CLEAN,train,1846
2021267N18094,2021-09-26 00:00:00,2021-09-25 00:00:00,2021-09-27 00:00:00,18.3,87.3,74.1,18.5,86.0,83.3,18.4,84.6,83.3,18.2,82.6,55.6,CLEAN,CLEAN,train,1847
2021267N18094,2021-09-26 03:00:00,2021-09-25 03:00:00,2021-09-27 03:00:00,18.4,86.5,74.1,18.4,85.3,83.3,18.3,83.9,83.3,18.2,82.2,55.6,CLEAN,CLEAN,train,1848
2021267N18094,2021-09-26 06:00:00,2021-09-25 06:00:00,2021-09-27 06:00:00,18.5,86.0,83.3,18.4,84.6,83.3,18.3,83.4,64.8,18.5,81.7,55.6,CLEAN,CLEAN,train,1849
2021267N18094,2021-09-26 09:00:00,2021-09-25 09:00:00,2021-09-27 09:00:00,18.4,85.3,83.3,18.3,83.9,83.3,18.2,82.9,55.6,18.6,80.8,51.9,CLEAN,CLEAN,train,1850
2021267N18094,2021-09-26 12:00:00,2021-09-25 12:00:00,2021-09-27 12:00:00,18.4,84.6,83.3,18.3,83.4,64.8,18.2,82.6,55.6,18.8,80.0,46.3,CLEAN,CLEAN,train,1851
2021267N18094,2021-10-01 00:00:00,2021-09-30 00:00:00,2021-10-02 00:00:00,23.1,65.4,64.8,23.2,64.6,83.3,23.5,63.9,101.9,23.8,62.5,111.1,CLEAN,CLEAN,train,1887
2021267N18094,2021-10-01 06:00:00,2021-09-30 06:00:00,2021-10-02 06:00:00,23.2,64.6,83.3,23.5,63.9,101.9,23.7,63.2,111.1,24.1,61.7,111.1,CLEAN,CLEAN,train,1889
2021267N18094,2021-10-01 12:00:00,2021-09-30 12:00:00,2021-10-02 12:00:00,23.5,63.9,101.9,23.7,63.2,111.1,23.8,62.5,111.1,24.4,60.9,111.1,CLEAN,CLEAN,train,1891
2021267N18094,2021-10-01 18:00:00,2021-09-30 18:00:00,2021-10-02 18:00:00,23.7,63.2,111.1,23.8,62.5,111.1,24.1,61.7,111.1,24.3,60.1,111.1,CLEAN,CLEAN,train,1893
2021267N18094,2021-10-02 00:00:00,2021-10-01 00:00:00,2021-10-03 00:00:00,23.8,62.5,111.1,24.1,61.7,111.1,24.4,60.9,111.1,24.2,59.5,111.1,CLEAN,CLEAN,train,1895
2021267N18094,2021-10-02 03:00:00,2021-10-01 03:00:00,2021-10-03 03:00:00,24.0,62.1,111.1,24.2,61.3,111.1,24.4,60.5,111.1,24.1,59.1,111.1,CLEAN,CLEAN,train,1896
2021267N18094,2021-10-02 06:00:00,2021-10-01 06:00:00,2021-10-03 06:00:00,24.1,61.7,111.1,24.4,60.9,111.1,24.3,60.1,111.1,24.1,58.8,111.1,CLEAN,CLEAN,train,1897
2021267N18094,2021-10-02 09:00:00,2021-10-01 09:00:00,2021-10-03 09:00:00,24.2,61.3,111.1,24.4,60.5,111.1,24.3,59.7,111.1,24.1,58.4,111.1,CLEAN,CLEAN,train,1898
2021267N18094,2021-10-02 12:00:00,2021-10-01 12:00:00,2021-10-03 12:00:00,24.4,60.9,111.1,24.3,60.1,111.1,24.2,59.5,111.1,24.0,58.1,111.1,CLEAN,CLEAN,train,1899
2021267N18094,2021-10-02 15:00:00,2021-10-01 15:00:00,2021-10-03 15:00:00,24.4,60.5,111.1,24.3,59.7,111.1,24.1,59.1,111.1,24.0,57.8,111.1,CLEAN,CLEAN,train,1900
2021267N18094,2021-10-02 18:00:00,2021-10-01 18:00:00,2021-10-03 18:00:00,24.3,60.1,111.1,24.2,59.5,111.1,24.1,58.8,111.1,23.9,57.6,101.9,CLEAN,CLEAN,train,1901
2021267N18094,2021-10-02 21:00:00,2021-10-01 21:00:00,2021-10-03 21:00:00,24.3,59.7,111.1,24.1,59.1,111.1,24.1,58.4,111.1,23.8,57.3,101.9,CLEAN,CLEAN,train,1902
2021267N18094,2021-10-03 00:00:00,2021-10-02 00:00:00,2021-10-04 00:00:00,24.2,59.5,111.1,24.1,58.8,111.1,24.0,58.1,111.1,23.7,56.9,74.1,CLEAN,CLEAN,train,1903
2021267N18094,2021-10-03 03:00:00,2021-10-02 03:00:00,2021-10-04 03:00:00,24.1,59.1,111.1,24.1,58.4,111.1,24.0,57.8,111.1,23.5,56.5,55.6,CLEAN,CLEAN,train,1904
2021267N18094,2021-10-03 06:00:00,2021-10-02 06:00:00,2021-10-04 06:00:00,24.1,58.8,111.1,24.0,58.1,111.1,23.9,57.6,101.9,23.4,56.1,37.0,CLEAN,CLEAN,train,1905
2015173N20067,2015-06-23 03:00:00,2015-06-22 03:00:00,2015-06-24 03:00:00,20.5,70.5,55.6,21.1,71.2,55.6,21.3,71.4,55.6,22.4,72.0,55.6,CLEAN,CLEAN,train,1922
2016341N08092,2016-12-07 09:00:00,2016-12-06 09:00:00,2016-12-08 09:00:00,10.1,91.2,46.3,10.5,91.3,51.9,11.0,91.3,61.1,11.4,91.2,64.8,CLEAN,CLEAN,train,1929
2016341N08092,2016-12-07 12:00:00,2016-12-06 12:00:00,2016-12-08 12:00:00,10.3,91.3,46.3,10.8,91.3,55.6,11.1,91.3,64.8,11.4,91.2,74.1,CLEAN,CLEAN,train,1930
2016341N08092,2016-12-07 15:00:00,2016-12-06 15:00:00,2016-12-08 15:00:00,10.5,91.3,51.9,11.0,91.3,61.1,11.3,91.3,64.8,11.5,91.1,74.1,CLEAN,CLEAN,train,1931
2016341N08092,2016-12-07 18:00:00,2016-12-06 18:00:00,2016-12-08 18:00:00,10.8,91.3,55.6,11.1,91.3,64.8,11.4,91.3,64.8,11.6,91.0,74.1,CLEAN,CLEAN,train,1932
2016341N08092,2016-12-07 21:00:00,2016-12-06 21:00:00,2016-12-08 21:00:00,11.0,91.3,61.1,11.3,91.3,64.8,11.4,91.2,64.8,11.7,90.9,74.1,CLEAN,CLEAN,train,1933
2016341N08092,2016-12-08 00:00:00,2016-12-07 00:00:00,2016-12-09 00:00:00,11.1,91.3,64.8,11.4,91.3,64.8,11.4,91.2,74.1,11.8,90.7,83.3,CLEAN,CLEAN,train,1934
2016341N08092,2016-12-08 03:00:00,2016-12-07 03:00:00,2016-12-09 03:00:00,11.3,91.3,64.8,11.4,91.2,64.8,11.5,91.1,74.1,11.9,90.6,83.3,CLEAN,CLEAN,train,1935
2016341N08092,2016-12-08 06:00:00,2016-12-07 06:00:00,2016-12-09 06:00:00,11.4,91.3,64.8,11.4,91.2,74.1,11.6,91.0,74.1,12.0,90.5,83.3,CLEAN,CLEAN,train,1936
2016341N08092,2016-12-08 09:00:00,2016-12-07 09:00:00,2016-12-09 09:00:00,11.4,91.2,64.8,11.5,91.1,74.1,11.7,90.9,74.1,12.1,90.3,83.3,CLEAN,CLEAN,train,1937
2016341N08092,2016-12-08 12:00:00,2016-12-07 12:00:00,2016-12-09 12:00:00,11.4,91.2,74.1,11.6,91.0,74.1,11.8,90.7,83.3,12.2,90.0,83.3,CLEAN,CLEAN,train,1938
2016341N08092,2016-12-08 15:00:00,2016-12-07 15:00:00,2016-12-09 15:00:00,11.5,91.1,74.1,11.7,90.9,74.1,11.9,90.6,83.3,12.2,89.7,83.3,CLEAN,CLEAN,train,1939
2016341N08092,2016-12-08 18:00:00,2016-12-07 18:00:00,2016-12-09 18:00:00,11.6,91.0,74.1,11.8,90.7,83.3,12.0,90.5,83.3,12.3,89.4,92.6,CLEAN,CLEAN,train,1940
2016341N08092,2016-12-08 21:00:00,2016-12-07 21:00:00,2016-12-09 21:00:00,11.7,90.9,74.1,11.9,90.6,83.3,12.1,90.3,83.3,12.5,88.8,101.9,CLEAN,CLEAN,train,1941
2016341N08092,2016-12-09 00:00:00,2016-12-08 00:00:00,2016-12-10 00:00:00,11.8,90.7,83.3,12.0,90.5,83.3,12.2,90.0,83.3,12.6,88.3,101.9,CLEAN,CLEAN,train,1942
2016341N08092,2016-12-09 03:00:00,2016-12-08 03:00:00,2016-12-10 03:00:00,11.9,90.6,83.3,12.1,90.3,83.3,12.2,89.7,83.3,12.7,87.8,101.9,CLEAN,CLEAN,train,1943
2016341N08092,2016-12-09 06:00:00,2016-12-08 06:00:00,2016-12-10 06:00:00,12.0,90.5,83.3,12.2,90.0,83.3,12.3,89.4,92.6,12.9,87.3,101.9,CLEAN,CLEAN,train,1944
2016341N08092,2016-12-09 09:00:00,2016-12-08 09:00:00,2016-12-10 09:00:00,12.1,90.3,83.3,12.2,89.7,83.3,12.5,88.8,101.9,13.0,86.7,111.1,CLEAN,CLEAN,train,1945
2016341N08092,2016-12-09 12:00:00,2016-12-08 12:00:00,2016-12-10 12:00:00,12.2,90.0,83.3,12.3,89.4,92.6,12.6,88.3,101.9,13.0,86.4,120.4,CLEAN,CLEAN,train,1946
2016341N08092,2016-12-09 15:00:00,2016-12-08 15:00:00,2016-12-10 15:00:00,12.2,89.7,83.3,12.5,88.8,101.9,12.7,87.8,101.9,13.1,85.9,120.4,CLEAN,CLEAN,train,1947
2016341N08092,2016-12-09 18:00:00,2016-12-08 18:00:00,2016-12-10 18:00:00,12.3,89.4,92.6,12.6,88.3,101.9,12.9,87.3,101.9,13.1,85.4,120.4,CLEAN,CLEAN,train,1948
2016341N08092,2016-12-09 21:00:00,2016-12-08 21:00:00,2016-12-10 21:00:00,12.5,88.8,101.9,12.7,87.8,101.9,13.0,86.7,111.1,13.0,85.1,120.4,CLEAN,CLEAN,train,1949
2016341N08092,2016-12-10 00:00:00,2016-12-09 00:00:00,2016-12-11 00:00:00,12.6,88.3,101.9,12.9,87.3,101.9,13.0,86.4,120.4,13.1,84.8,129.6,CLEAN,CLEAN,train,1950
2016341N08092,2016-12-10 03:00:00,2016-12-09 03:00:00,2016-12-11 03:00:00,12.7,87.8,101.9,13.0,86.7,111.1,13.1,85.9,120.4,13.0,84.4,129.6,CLEAN,CLEAN,train,1951
2016341N08092,2016-12-10 06:00:00,2016-12-09 06:00:00,2016-12-11 06:00:00,12.9,87.3,101.9,13.0,86.4,120.4,13.1,85.4,120.4,13.1,83.8,129.6,CLEAN,CLEAN,train,1952
2016341N08092,2016-12-10 09:00:00,2016-12-09 09:00:00,2016-12-11 09:00:00,13.0,86.7,111.1,13.1,85.9,120.4,13.0,85.1,120.4,13.1,83.4,129.6,CLEAN,CLEAN,train,1953
2016341N08092,2016-12-10 12:00:00,2016-12-09 12:00:00,2016-12-11 12:00:00,13.0,86.4,120.4,13.1,85.4,120.4,13.1,84.8,129.6,13.2,83.2,129.6,CLEAN,CLEAN,train,1954
2016341N08092,2016-12-10 15:00:00,2016-12-09 15:00:00,2016-12-11 15:00:00,13.1,85.9,120.4,13.0,85.1,120.4,13.0,84.4,129.6,13.2,82.7,129.6,CLEAN,CLEAN,train,1955
2016341N08092,2016-12-10 18:00:00,2016-12-09 18:00:00,2016-12-11 18:00:00,13.1,85.4,120.4,13.1,84.8,129.6,13.1,83.8,129.6,13.1,82.4,129.6,CLEAN,CLEAN,train,1956
2016341N08092,2016-12-10 21:00:00,2016-12-09 21:00:00,2016-12-11 21:00:00,13.0,85.1,120.4,13.0,84.4,129.6,13.1,83.4,129.6,13.2,82.0,129.6,CLEAN,CLEAN,train,1957
2016341N08092,2016-12-11 00:00:00,2016-12-10 00:00:00,2016-12-12 00:00:00,13.1,84.8,129.6,13.1,83.8,129.6,13.2,83.2,129.6,13.2,81.7,129.6,CLEAN,CLEAN,train,1958
2016341N08092,2016-12-11 03:00:00,2016-12-10 03:00:00,2016-12-12 03:00:00,13.0,84.4,129.6,13.1,83.4,129.6,13.2,82.7,129.6,13.2,81.3,129.6,CLEAN,CLEAN,train,1959
2016341N08092,2016-12-11 06:00:00,2016-12-10 06:00:00,2016-12-12 06:00:00,13.1,83.8,129.6,13.2,83.2,129.6,13.1,82.4,129.6,13.2,80.8,129.6,CLEAN,CLEAN,train,1960
2016341N08092,2016-12-11 09:00:00,2016-12-10 09:00:00,2016-12-12 09:00:00,13.1,83.4,129.6,13.2,82.7,129.6,13.2,82.0,129.6,13.2,80.3,111.1,CLEAN,CLEAN,train,1961
2016341N08092,2016-12-11 12:00:00,2016-12-10 12:00:00,2016-12-12 12:00:00,13.2,83.2,129.6,13.1,82.4,129.6,13.2,81.7,129.6,13.1,79.9,92.6,CLEAN,CLEAN,train,1962
2016341N08092,2016-12-11 15:00:00,2016-12-10 15:00:00,2016-12-12 15:00:00,13.2,82.7,129.6,13.2,82.0,129.6,13.2,81.3,129.6,13.1,79.4,74.1,CLEAN,CLEAN,train,1963
2016341N08092,2016-12-11 18:00:00,2016-12-10 18:00:00,2016-12-12 18:00:00,13.1,82.4,129.6,13.2,81.7,129.6,13.2,80.8,129.6,13.0,78.9,55.6,CLEAN,CLEAN,train,1964
2016341N08092,2016-12-11 21:00:00,2016-12-10 21:00:00,2016-12-12 21:00:00,13.2,82.0,129.6,13.2,81.3,129.6,13.2,80.3,111.1,13.0,78.4,46.3,CLEAN,CLEAN,train,1965
2016341N08092,2016-12-12 00:00:00,2016-12-11 00:00:00,2016-12-13 00:00:00,13.2,81.7,129.6,13.2,80.8,129.6,13.1,79.9,92.6,13.0,77.8,37.0,CLEAN,CLEAN,train,1966
2017333N06082,2017-11-30 03:00:00,2017-11-29 03:00:00,2017-12-01 03:00:00,7.5,77.4,64.8,7.9,76.3,83.3,8.3,75.4,83.3,8.8,73.8,101.9,CLEAN,CLEAN,train,2018
2017333N06082,2017-11-30 09:00:00,2017-11-29 09:00:00,2017-12-01 09:00:00,7.9,76.3,83.3,8.3,75.4,83.3,8.6,74.5,83.3,8.9,73.0,120.4,CLEAN,CLEAN,train,2020
2017333N06082,2017-11-30 12:00:00,2017-11-29 12:00:00,2017-12-01 12:00:00,8.2,75.8,83.3,8.5,74.9,83.3,8.8,74.1,92.6,9.0,72.8,120.4,CLEAN,CLEAN,train,2021
2017333N06082,2017-11-30 15:00:00,2017-11-29 15:00:00,2017-12-01 15:00:00,8.3,75.4,83.3,8.6,74.5,83.3,8.8,73.8,101.9,9.1,72.5,120.4,CLEAN,CLEAN,train,2022
2017333N06082,2017-11-30 18:00:00,2017-11-29 18:00:00,2017-12-01 18:00:00,8.5,74.9,83.3,8.8,74.1,92.6,8.9,73.4,111.1,9.2,72.1,129.6,CLEAN,CLEAN,train,2023
2017333N06082,2017-11-30 21:00:00,2017-11-29 21:00:00,2017-12-01 21:00:00,8.6,74.5,83.3,8.8,73.8,101.9,8.9,73.0,120.4,9.3,71.8,138.9,CLEAN,CLEAN,train,2024
2017333N06082,2017-12-01 00:00:00,2017-11-30 00:00:00,2017-12-02 00:00:00,8.8,74.1,92.6,8.9,73.4,111.1,9.0,72.8,120.4,9.5,71.5,148.2,CLEAN,CLEAN,train,2025
2017333N06082,2017-12-01 03:00:00,2017-11-30 03:00:00,2017-12-02 03:00:00,8.8,73.8,101.9,8.9,73.0,120.4,9.1,72.5,120.4,9.6,71.2,148.2,CLEAN,CLEAN,train,2026
2017333N06082,2017-12-01 06:00:00,2017-11-30 06:00:00,2017-12-02 06:00:00,8.9,73.4,111.1,9.0,72.8,120.4,9.2,72.1,129.6,9.8,71.0,157.4,CLEAN,CLEAN,train,2027
2017333N06082,2017-12-01 09:00:00,2017-11-30 09:00:00,2017-12-02 09:00:00,8.9,73.0,120.4,9.1,72.5,120.4,9.3,71.8,138.9,10.2,70.6,157.4,CLEAN,CLEAN,train,2028
2017333N06082,2017-12-01 12:00:00,2017-11-30 12:00:00,2017-12-02 12:00:00,9.0,72.8,120.4,9.2,72.1,129.6,9.5,71.5,148.2,10.5,70.3,157.4,CLEAN,CLEAN,train,2029
2017333N06082,2017-12-01 15:00:00,2017-11-30 15:00:00,2017-12-02 15:00:00,9.1,72.5,120.4,9.3,71.8,138.9,9.6,71.2,148.2,10.7,70.0,157.4,CLEAN,CLEAN,train,2030
2017333N06082,2017-12-01 18:00:00,2017-11-30 18:00:00,2017-12-02 18:00:00,9.2,72.1,129.6,9.5,71.5,148.2,9.8,71.0,157.4,11.0,69.7,157.4,CLEAN,CLEAN,train,2031
2017333N06082,2017-12-01 21:00:00,2017-11-30 21:00:00,2017-12-02 21:00:00,9.3,71.8,138.9,9.6,71.2,148.2,10.2,70.6,157.4,11.2,69.5,157.4,CLEAN,CLEAN,train,2032
2017333N06082,2017-12-02 00:00:00,2017-12-01 00:00:00,2017-12-03 00:00:00,9.5,71.5,148.2,9.8,71.0,157.4,10.5,70.3,157.4,11.5,69.3,157.4,CLEAN,CLEAN,train,2033
2017333N06082,2017-12-02 03:00:00,2017-12-01 03:00:00,2017-12-03 03:00:00,9.6,71.2,148.2,10.2,70.6,157.4,10.7,70.0,157.4,11.9,69.0,148.2,CLEAN,CLEAN,train,2034
2017333N06082,2017-12-02 06:00:00,2017-12-01 06:00:00,2017-12-03 06:00:00,9.8,71.0,157.4,10.5,70.3,157.4,11.0,69.7,157.4,12.2,68.9,138.9,CLEAN,CLEAN,train,2035
2017333N06082,2017-12-02 09:00:00,2017-12-01 09:00:00,2017-12-03 09:00:00,10.2,70.6,157.4,10.7,70.0,157.4,11.2,69.5,157.4,12.4,68.8,138.9,CLEAN,CLEAN,train,2036
2017333N06082,2017-12-02 12:00:00,2017-12-01 12:00:00,2017-12-03 12:00:00,10.5,70.3,157.4,11.0,69.7,157.4,11.5,69.3,157.4,12.9,68.7,138.9,CLEAN,CLEAN,train,2037
2017333N06082,2017-12-02 15:00:00,2017-12-01 15:00:00,2017-12-03 15:00:00,10.7,70.0,157.4,11.2,69.5,157.4,11.9,69.0,148.2,13.1,68.6,138.9,CLEAN,CLEAN,train,2038
2017333N06082,2017-12-02 18:00:00,2017-12-01 18:00:00,2017-12-03 18:00:00,11.0,69.7,157.4,11.5,69.3,157.4,12.2,68.9,138.9,13.5,68.5,138.9,CLEAN,CLEAN,train,2039
2017333N06082,2017-12-02 21:00:00,2017-12-01 21:00:00,2017-12-03 21:00:00,11.2,69.5,157.4,11.9,69.0,148.2,12.4,68.8,138.9,13.9,68.5,138.9,CLEAN,CLEAN,train,2040
2017333N06082,2017-12-03 00:00:00,2017-12-02 00:00:00,2017-12-04 00:00:00,11.5,69.3,157.4,12.2,68.9,138.9,12.9,68.7,138.9,14.3,68.5,129.6,CLEAN,CLEAN,train,2041
2017333N06082,2017-12-03 03:00:00,2017-12-02 03:00:00,2017-12-04 03:00:00,11.9,69.0,148.2,12.4,68.8,138.9,13.1,68.6,138.9,14.5,68.5,120.4,CLEAN,CLEAN,train,2042
2017333N06082,2017-12-03 06:00:00,2017-12-02 06:00:00,2017-12-04 06:00:00,12.2,68.9,138.9,12.9,68.7,138.9,13.5,68.5,138.9,14.8,68.7,120.4,CLEAN,CLEAN,train,2043
2017333N06082,2017-12-03 09:00:00,2017-12-02 09:00:00,2017-12-04 09:00:00,12.4,68.8,138.9,13.1,68.6,138.9,13.9,68.5,138.9,15.1,69.0,120.4,CLEAN,CLEAN,train,2044
2017333N06082,2017-12-03 12:00:00,2017-12-02 12:00:00,2017-12-04 12:00:00,12.9,68.7,138.9,13.5,68.5,138.9,14.3,68.5,129.6,15.6,69.2,111.1,CLEAN,CLEAN,train,2045
2017333N06082,2017-12-03 15:00:00,2017-12-02 15:00:00,2017-12-04 15:00:00,13.1,68.6,138.9,13.9,68.5,138.9,14.5,68.5,120.4,16.1,69.5,111.1,CLEAN,CLEAN,train,2046
2017333N06082,2017-12-03 18:00:00,2017-12-02 18:00:00,2017-12-04 18:00:00,13.5,68.5,138.9,14.3,68.5,129.6,14.8,68.7,120.4,16.6,69.9,101.9,CLEAN,CLEAN,train,2047
2017333N06082,2017-12-03 21:00:00,2017-12-02 21:00:00,2017-12-04 21:00:00,13.9,68.5,138.9,14.5,68.5,120.4,15.1,69.0,120.4,17.0,70.3,101.9,CLEAN,CLEAN,train,2048
2017333N06082,2017-12-04 00:00:00,2017-12-03 00:00:00,2017-12-05 00:00:00,14.3,68.5,129.6,14.8,68.7,120.4,15.6,69.2,111.1,17.5,70.7,92.6,CLEAN,CLEAN,train,2049
2017333N06082,2017-12-04 03:00:00,2017-12-03 03:00:00,2017-12-05 03:00:00,14.5,68.5,120.4,15.1,69.0,120.4,16.1,69.5,111.1,17.9,71.0,83.3,CLEAN,CLEAN,train,2050
2017333N06082,2017-12-04 06:00:00,2017-12-03 06:00:00,2017-12-05 06:00:00,14.8,68.7,120.4,15.6,69.2,111.1,16.6,69.9,101.9,18.2,71.2,74.1,CLEAN,CLEAN,train,2051
2017333N06082,2017-12-04 09:00:00,2017-12-03 09:00:00,2017-12-05 09:00:00,15.1,69.0,120.4,16.1,69.5,111.1,17.0,70.3,101.9,18.3,71.4,55.6,CLEAN,CLEAN,train,2052
2017333N06082,2017-12-04 12:00:00,2017-12-03 12:00:00,2017-12-05 12:00:00,15.6,69.2,111.1,16.6,69.9,101.9,17.5,70.7,92.6,18.5,71.5,55.6,CLEAN,CLEAN,train,2053
2017333N06082,2017-12-04 15:00:00,2017-12-03 15:00:00,2017-12-05 15:00:00,16.1,69.5,111.1,17.0,70.3,101.9,17.9,71.0,83.3,18.8,71.6,46.3,CLEAN,CLEAN,train,2054
2017333N06082,2017-12-04 18:00:00,2017-12-03 18:00:00,2017-12-05 18:00:00,16.6,69.9,101.9,17.5,70.7,92.6,18.2,71.2,74.1,19.2,71.9,37.0,CLEAN,CLEAN,train,2055
2018141N08059,2018-05-22 12:00:00,2018-05-21 12:00:00,2018-05-23 12:00:00,10.2,56.8,64.8,10.7,56.4,74.1,11.0,56.1,83.3,12.0,56.0,120.4,CLEAN,CLEAN,train,2058
2018141N08059,2018-05-22 15:00:00,2018-05-21 15:00:00,2018-05-23 15:00:00,10.5,56.6,64.8,10.8,56.2,74.1,11.2,56.0,101.9,12.3,55.9,129.6,CLEAN,CLEAN,train,2059
2018141N08059,2018-05-22 18:00:00,2018-05-21 18:00:00,2018-05-23 18:00:00,10.7,56.4,74.1,11.0,56.1,83.3,11.4,56.1,111.1,12.5,55.8,129.6,CLEAN,CLEAN,train,2060
2018141N08059,2018-05-22 21:00:00,2018-05-21 21:00:00,2018-05-23 21:00:00,10.8,56.2,74.1,11.2,56.0,101.9,11.7,56.0,120.4,12.8,55.7,129.6,CLEAN,CLEAN,train,2061
2018141N08059,2018-05-23 00:00:00,2018-05-22 00:00:00,2018-05-24 00:00:00,11.0,56.1,83.3,11.4,56.1,111.1,12.0,56.0,120.4,13.0,55.7,129.6,CLEAN,CLEAN,train,2062
2018141N08059,2018-05-23 03:00:00,2018-05-22 03:00:00,2018-05-24 03:00:00,11.2,56.0,101.9,11.7,56.0,120.4,12.3,55.9,129.6,13.3,55.5,138.9,CLEAN,CLEAN,train,2063
2018141N08059,2018-05-23 06:00:00,2018-05-22 06:00:00,2018-05-24 06:00:00,11.4,56.1,111.1,12.0,56.0,120.4,12.5,55.8,129.6,13.7,55.5,148.2,CLEAN,CLEAN,train,2064
2018141N08059,2018-05-23 09:00:00,2018-05-22 09:00:00,2018-05-24 09:00:00,11.7,56.0,120.4,12.3,55.9,129.6,12.8,55.7,129.6,14.0,55.4,148.2,CLEAN,CLEAN,train,2065
2018141N08059,2018-05-23 12:00:00,2018-05-22 12:00:00,2018-05-24 12:00:00,12.0,56.0,120.4,12.5,55.8,129.6,13.0,55.7,129.6,14.3,55.3,148.2,CLEAN,CLEAN,train,2066
2018141N08059,2018-05-23 15:00:00,2018-05-22 15:00:00,2018-05-24 15:00:00,12.3,55.9,129.6,12.8,55.7,129.6,13.3,55.5,138.9,14.6,55.2,148.2,CLEAN,CLEAN,train,2067
2018141N08059,2018-05-23 18:00:00,2018-05-22 18:00:00,2018-05-24 18:00:00,12.5,55.8,129.6,13.0,55.7,129.6,13.7,55.5,148.2,14.9,54.9,148.2,CLEAN,CLEAN,train,2068
2018141N08059,2018-05-23 21:00:00,2018-05-22 21:00:00,2018-05-24 21:00:00,12.8,55.7,129.6,13.3,55.5,138.9,14.0,55.4,148.2,15.1,54.7,148.2,CLEAN,CLEAN,train,2069
2018141N08059,2018-05-24 00:00:00,2018-05-23 00:00:00,2018-05-25 00:00:00,13.0,55.7,129.6,13.7,55.5,148.2,14.3,55.3,148.2,15.2,54.6,157.4,CLEAN,CLEAN,train,2070
2018141N08059,2018-05-24 03:00:00,2018-05-23 03:00:00,2018-05-25 03:00:00,13.3,55.5,138.9,14.0,55.4,148.2,14.6,55.2,148.2,15.4,54.6,166.7,CLEAN,CLEAN,train,2071
2018141N08059,2018-05-24 06:00:00,2018-05-23 06:00:00,2018-05-25 06:00:00,13.7,55.5,148.2,14.3,55.3,148.2,14.9,54.9,148.2,15.8,54.5,166.7,CLEAN,CLEAN,train,2072
2018141N08059,2018-05-24 09:00:00,2018-05-23 09:00:00,2018-05-25 09:00:00,14.0,55.4,148.2,14.6,55.2,148.2,15.1,54.7,148.2,16.1,54.4,166.7,CLEAN,CLEAN,train,2073
2018141N08059,2018-05-24 12:00:00,2018-05-23 12:00:00,2018-05-25 12:00:00,14.3,55.3,148.2,14.9,54.9,148.2,15.2,54.6,157.4,16.3,54.3,175.9,CLEAN,CLEAN,train,2074
2018141N08059,2018-05-24 15:00:00,2018-05-23 15:00:00,2018-05-25 15:00:00,14.6,55.2,148.2,15.1,54.7,148.2,15.4,54.6,166.7,16.5,54.1,175.9,CLEAN,CLEAN,train,2075
2018141N08059,2018-05-24 18:00:00,2018-05-23 18:00:00,2018-05-25 18:00:00,14.9,54.9,148.2,15.2,54.6,157.4,15.8,54.5,166.7,16.7,53.9,175.9,CLEAN,CLEAN,train,2076
2018141N08059,2018-05-24 21:00:00,2018-05-23 21:00:00,2018-05-25 21:00:00,15.1,54.7,148.2,15.4,54.6,166.7,16.1,54.4,166.7,17.0,53.6,166.7,CLEAN,CLEAN,train,2077
2018141N08059,2018-05-25 00:00:00,2018-05-24 00:00:00,2018-05-26 00:00:00,15.2,54.6,157.4,15.8,54.5,166.7,16.3,54.3,175.9,17.2,53.5,138.9,CLEAN,CLEAN,train,2078
2018141N08059,2018-05-25 03:00:00,2018-05-24 03:00:00,2018-05-26 03:00:00,15.4,54.6,166.7,16.1,54.4,166.7,16.5,54.1,175.9,17.5,53.4,111.1,CLEAN,CLEAN,train,2079
2018141N08059,2018-05-25 06:00:00,2018-05-24 06:00:00,2018-05-26 06:00:00,15.8,54.5,166.7,16.3,54.3,175.9,16.7,53.9,175.9,17.8,53.3,92.6,CLEAN,CLEAN,train,2080
2018141N08059,2018-05-25 09:00:00,2018-05-24 09:00:00,2018-05-26 09:00:00,16.1,54.4,166.7,16.5,54.1,175.9,17.0,53.6,166.7,18.2,53.2,83.3,CLEAN,CLEAN,train,2081
2018141N08059,2018-05-25 12:00:00,2018-05-24 12:00:00,2018-05-26 12:00:00,16.3,54.3,175.9,16.7,53.9,175.9,17.2,53.5,138.9,18.5,53.1,74.1,CLEAN,CLEAN,train,2082
2018141N08059,2018-05-25 15:00:00,2018-05-24 15:00:00,2018-05-26 15:00:00,16.5,54.1,175.9,17.0,53.6,166.7,17.5,53.4,111.1,18.6,52.9,64.8,CLEAN,CLEAN,train,2083
2018141N08059,2018-05-25 18:00:00,2018-05-24 18:00:00,2018-05-26 18:00:00,16.7,53.9,175.9,17.2,53.5,138.9,17.8,53.3,92.6,18.8,52.7,55.6,CLEAN,CLEAN,train,2084
2019301N05081,2019-10-31 00:00:00,2019-10-30 00:00:00,2019-11-01 00:00:00,11.1,73.3,83.3,12.0,73.1,92.6,13.0,72.9,92.6,14.6,71.6,101.9,CLEAN,CLEAN,train,2103
2019301N05081,2019-10-31 03:00:00,2019-10-30 03:00:00,2019-11-01 03:00:00,11.6,73.1,83.3,12.5,73.1,92.6,13.5,72.6,101.9,14.8,70.9,101.9,CLEAN,CLEAN,train,2104
2019301N05081,2019-10-31 06:00:00,2019-10-30 06:00:00,2019-11-01 06:00:00,12.0,73.1,92.6,13.0,72.9,92.6,13.9,72.3,101.9,15.2,70.4,101.9,CLEAN,CLEAN,train,2105
2019301N05081,2019-10-31 09:00:00,2019-10-30 09:00:00,2019-11-01 09:00:00,12.5,73.1,92.6,13.5,72.6,101.9,14.1,72.0,101.9,15.3,70.0,101.9,CLEAN,CLEAN,train,2106
2019301N05081,2019-10-31 12:00:00,2019-10-30 12:00:00,2019-11-01 12:00:00,13.0,72.9,92.6,13.9,72.3,101.9,14.6,71.6,101.9,15.5,69.7,92.6,CLEAN,CLEAN,train,2107
2019301N05081,2019-10-31 15:00:00,2019-10-30 15:00:00,2019-11-01 15:00:00,13.5,72.6,101.9,14.1,72.0,101.9,14.8,70.9,101.9,15.7,69.4,92.6,CLEAN,CLEAN,train,2108
2019301N05081,2019-10-31 18:00:00,2019-10-30 18:00:00,2019-11-01 18:00:00,13.9,72.3,101.9,14.6,71.6,101.9,15.2,70.4,101.9,15.9,69.1,92.6,CLEAN,CLEAN,train,2109
2019301N05081,2019-10-31 21:00:00,2019-10-30 21:00:00,2019-11-01 21:00:00,14.1,72.0,101.9,14.8,70.9,101.9,15.3,70.0,101.9,16.0,68.9,92.6,CLEAN,CLEAN,train,2110
2019301N05081,2019-11-01 00:00:00,2019-10-31 00:00:00,2019-11-02 00:00:00,14.6,71.6,101.9,15.2,70.4,101.9,15.5,69.7,92.6,16.2,68.6,92.6,CLEAN,CLEAN,train,2111
2019301N05081,2019-11-01 03:00:00,2019-10-31 03:00:00,2019-11-02 03:00:00,14.8,70.9,101.9,15.3,70.0,101.9,15.7,69.4,92.6,16.3,68.4,92.6,CLEAN,CLEAN,train,2112
2019301N05081,2019-11-01 06:00:00,2019-10-31 06:00:00,2019-11-02 06:00:00,15.2,70.4,101.9,15.5,69.7,92.6,15.9,69.1,92.6,16.6,68.2,92.6,CLEAN,CLEAN,train,2113
2019301N05081,2019-11-01 09:00:00,2019-10-31 09:00:00,2019-11-02 09:00:00,15.3,70.0,101.9,15.7,69.4,92.6,16.0,68.9,92.6,16.8,67.9,92.6,CLEAN,CLEAN,train,2114
2019301N05081,2019-11-01 12:00:00,2019-10-31 12:00:00,2019-11-02 12:00:00,15.5,69.7,92.6,15.9,69.1,92.6,16.2,68.6,92.6,17.0,67.6,101.9,CLEAN,CLEAN,train,2115
2019301N05081,2019-11-01 15:00:00,2019-10-31 15:00:00,2019-11-02 15:00:00,15.7,69.4,92.6,16.0,68.9,92.6,16.3,68.4,92.6,17.1,67.3,101.9,CLEAN,CLEAN,train,2116
2019301N05081,2019-11-01 18:00:00,2019-10-31 18:00:00,2019-11-02 18:00:00,15.9,69.1,92.6,16.2,68.6,92.6,16.6,68.2,92.6,17.2,67.1,111.1,CLEAN,CLEAN,train,2117
2019301N05081,2019-11-01 21:00:00,2019-10-31 21:00:00,2019-11-02 21:00:00,16.0,68.9,92.6,16.3,68.4,92.6,16.8,67.9,92.6,17.4,66.8,111.1,CLEAN,CLEAN,train,2118
2019301N05081,2019-11-02 00:00:00,2019-11-01 00:00:00,2019-11-03 00:00:00,16.2,68.6,92.6,16.6,68.2,92.6,17.0,67.6,101.9,17.5,66.6,111.1,CLEAN,CLEAN,train,2119
2019301N05081,2019-11-02 03:00:00,2019-11-01 03:00:00,2019-11-03 03:00:00,16.3,68.4,92.6,16.8,67.9,92.6,17.1,67.3,101.9,17.5,66.4,111.1,CLEAN,CLEAN,train,2120
2019301N05081,2019-11-02 06:00:00,2019-11-01 06:00:00,2019-11-03 06:00:00,16.6,68.2,92.6,17.0,67.6,101.9,17.2,67.1,111.1,17.6,66.2,111.1,CLEAN,CLEAN,train,2121
2019301N05081,2019-11-02 09:00:00,2019-11-01 09:00:00,2019-11-03 09:00:00,16.8,67.9,92.6,17.1,67.3,101.9,17.4,66.8,111.1,17.6,65.9,120.4,CLEAN,CLEAN,train,2122
2019301N05081,2019-11-02 12:00:00,2019-11-01 12:00:00,2019-11-03 12:00:00,17.0,67.6,101.9,17.2,67.1,111.1,17.5,66.6,111.1,17.7,65.7,129.6,CLEAN,CLEAN,train,2123
2019301N05081,2019-11-02 15:00:00,2019-11-01 15:00:00,2019-11-03 15:00:00,17.1,67.3,101.9,17.4,66.8,111.1,17.5,66.4,111.1,17.8,65.5,138.9,CLEAN,CLEAN,train,2124
2019301N05081,2019-11-02 18:00:00,2019-11-01 18:00:00,2019-11-03 18:00:00,17.2,67.1,111.1,17.5,66.6,111.1,17.6,66.2,111.1,17.9,65.4,148.2,CLEAN,CLEAN,train,2125
2019301N05081,2019-11-02 21:00:00,2019-11-01 21:00:00,2019-11-03 21:00:00,17.4,66.8,111.1,17.5,66.4,111.1,17.6,65.9,120.4,18.0,65.1,157.4,CLEAN,CLEAN,train,2126
2019301N05081,2019-11-03 00:00:00,2019-11-02 00:00:00,2019-11-04 00:00:00,17.5,66.6,111.1,17.6,66.2,111.1,17.7,65.7,129.6,18.1,64.9,166.7,CLEAN,CLEAN,train,2127
2019301N05081,2019-11-03 03:00:00,2019-11-02 03:00:00,2019-11-04 03:00:00,17.5,66.4,111.1,17.6,65.9,120.4,17.8,65.5,138.9,18.3,64.6,166.7,CLEAN,CLEAN,train,2128
2019301N05081,2019-11-03 06:00:00,2019-11-02 06:00:00,2019-11-04 06:00:00,17.6,66.2,111.1,17.7,65.7,129.6,17.9,65.4,148.2,18.6,64.4,166.7,CLEAN,CLEAN,train,2129
2019301N05081,2019-11-03 09:00:00,2019-11-02 09:00:00,2019-11-04 09:00:00,17.6,65.9,120.4,17.8,65.5,138.9,18.0,65.1,157.4,18.7,64.2,175.9,CLEAN,CLEAN,train,2130
2019301N05081,2019-11-03 12:00:00,2019-11-02 12:00:00,2019-11-04 12:00:00,17.7,65.7,129.6,17.9,65.4,148.2,18.1,64.9,166.7,18.9,64.1,185.2,CLEAN,CLEAN,train,2131
2019301N05081,2019-11-03 15:00:00,2019-11-02 15:00:00,2019-11-04 15:00:00,17.8,65.5,138.9,18.0,65.1,157.4,18.3,64.6,166.7,19.2,63.9,185.2,CLEAN,CLEAN,train,2132
2019301N05081,2019-11-03 18:00:00,2019-11-02 18:00:00,2019-11-04 18:00:00,17.9,65.4,148.2,18.1,64.9,166.7,18.6,64.4,166.7,19.3,63.7,185.2,CLEAN,CLEAN,train,2133
2019301N05081,2019-11-03 21:00:00,2019-11-02 21:00:00,2019-11-04 21:00:00,18.0,65.1,157.4,18.3,64.6,166.7,18.7,64.2,175.9,19.4,63.6,185.2,CLEAN,CLEAN,train,2134
2019301N05081,2019-11-04 00:00:00,2019-11-03 00:00:00,2019-11-05 00:00:00,18.1,64.9,166.7,18.6,64.4,166.7,18.9,64.1,185.2,19.5,63.5,166.7,CLEAN,CLEAN,train,2135
2019301N05081,2019-11-04 03:00:00,2019-11-03 03:00:00,2019-11-05 03:00:00,18.3,64.6,166.7,18.7,64.2,175.9,19.2,63.9,185.2,19.6,63.5,157.4,CLEAN,CLEAN,train,2136
2019301N05081,2019-11-04 06:00:00,2019-11-03 06:00:00,2019-11-05 06:00:00,18.6,64.4,166.7,18.9,64.1,185.2,19.3,63.7,185.2,19.7,63.6,148.2,CLEAN,CLEAN,train,2137
2019301N05081,2019-11-04 09:00:00,2019-11-03 09:00:00,2019-11-05 09:00:00,18.7,64.2,175.9,19.2,63.9,185.2,19.4,63.6,185.2,19.7,63.7,148.2,CLEAN,CLEAN,train,2138
2019301N05081,2019-11-04 12:00:00,2019-11-03 12:00:00,2019-11-05 12:00:00,18.9,64.1,185.2,19.3,63.7,185.2,19.5,63.5,166.7,19.8,64.0,129.6,CLEAN,CLEAN,train,2139
2019301N05081,2019-11-04 15:00:00,2019-11-03 15:00:00,2019-11-05 15:00:00,19.2,63.9,185.2,19.4,63.6,185.2,19.6,63.5,157.4,19.8,64.3,129.6,CLEAN,CLEAN,train,2140
2019301N05081,2019-11-04 18:00:00,2019-11-03 18:00:00,2019-11-05 18:00:00,19.3,63.7,185.2,19.5,63.5,166.7,19.7,63.6,148.2,19.8,64.8,129.6,CLEAN,CLEAN,train,2141
2019301N05081,2019-11-04 21:00:00,2019-11-03 21:00:00,2019-11-05 21:00:00,19.4,63.6,185.2,19.6,63.5,157.4,19.7,63.7,148.2,19.8,65.3,129.6,CLEAN,CLEAN,train,2142
2019301N05081,2019-11-05 00:00:00,2019-11-04 00:00:00,2019-11-06 00:00:00,19.5,63.5,166.7,19.7,63.6,148.2,19.8,64.0,129.6,19.8,65.6,111.1,CLEAN,CLEAN,train,2143
2019301N05081,2019-11-05 03:00:00,2019-11-04 03:00:00,2019-11-06 03:00:00,19.6,63.5,157.4,19.7,63.7,148.2,19.8,64.3,129.6,19.7,66.0,101.9,CLEAN,CLEAN,train,2144
2019301N05081,2019-11-05 06:00:00,2019-11-04 06:00:00,2019-11-06 06:00:00,19.7,63.6,148.2,19.8,64.0,129.6,19.8,64.8,129.6,19.7,66.4,92.6,CLEAN,CLEAN,train,2145
2019301N05081,2019-11-05 09:00:00,2019-11-04 09:00:00,2019-11-06 09:00:00,19.7,63.7,148.2,19.8,64.3,129.6,19.8,65.3,129.6,19.6,66.9,92.6,CLEAN,CLEAN,train,2146
2019301N05081,2019-11-05 12:00:00,2019-11-04 12:00:00,2019-11-06 12:00:00,19.8,64.0,129.6,19.8,64.8,129.6,19.8,65.6,111.1,19.6,67.5,83.3,CLEAN,CLEAN,train,2147
2019301N05081,2019-11-05 15:00:00,2019-11-04 15:00:00,2019-11-06 15:00:00,19.8,64.3,129.6,19.8,65.3,129.6,19.7,66.0,101.9,19.6,68.1,74.1,CLEAN,CLEAN,train,2148
2019301N05081,2019-11-05 18:00:00,2019-11-04 18:00:00,2019-11-06 18:00:00,19.8,64.8,129.6,19.8,65.6,111.1,19.7,66.4,92.6,19.6,68.5,74.1,CLEAN,CLEAN,train,2149
2019301N05081,2019-11-05 21:00:00,2019-11-04 21:00:00,2019-11-06 21:00:00,19.8,65.3,129.6,19.7,66.0,101.9,19.6,66.9,92.6,19.6,69.0,64.8,CLEAN,CLEAN,train,2150
2019301N05081,2019-11-06 00:00:00,2019-11-05 00:00:00,2019-11-07 00:00:00,19.8,65.6,111.1,19.7,66.4,92.6,19.6,67.5,83.3,19.7,69.6,55.6,CLEAN,CLEAN,train,2151
2019301N05081,2019-11-06 03:00:00,2019-11-05 03:00:00,2019-11-07 03:00:00,19.7,66.0,101.9,19.6,66.9,92.6,19.6,68.1,74.1,19.9,70.1,55.6,CLEAN,CLEAN,train,2152
2019301N05081,2019-11-06 06:00:00,2019-11-05 06:00:00,2019-11-07 06:00:00,19.7,66.4,92.6,19.6,67.5,83.3,19.6,68.5,74.1,20.1,70.4,46.3,CLEAN,CLEAN,train,2153
2019301N05081,2019-11-06 09:00:00,2019-11-05 09:00:00,2019-11-07 09:00:00,19.6,66.9,92.6,19.6,68.1,74.1,19.6,69.0,64.8,20.2,70.8,37.0,CLEAN,CLEAN,train,2154
2021133N10071,2021-05-15 03:00:00,2021-05-14 03:00:00,2021-05-16 03:00:00,13.0,72.9,74.1,13.6,73.0,83.3,14.2,72.9,101.9,15.4,72.8,129.6,CLEAN,CLEAN,train,2206
2021133N10071,2021-05-15 06:00:00,2021-05-14 06:00:00,2021-05-16 06:00:00,13.3,73.0,83.3,13.9,73.0,101.9,14.5,72.8,111.1,15.8,72.8,129.6,CLEAN,CLEAN,train,2207
2021133N10071,2021-05-15 09:00:00,2021-05-14 09:00:00,2021-05-16 09:00:00,13.6,73.0,83.3,14.2,72.9,101.9,14.7,72.8,111.1,16.3,72.7,129.6,CLEAN,CLEAN,train,2208
2021133N10071,2021-05-15 12:00:00,2021-05-14 12:00:00,2021-05-16 12:00:00,13.9,73.0,101.9,14.5,72.8,111.1,15.0,72.8,120.4,16.8,72.5,138.9,CLEAN,CLEAN,train,2209
2021133N10071,2021-05-15 15:00:00,2021-05-14 15:00:00,2021-05-16 15:00:00,14.2,72.9,101.9,14.7,72.8,111.1,15.4,72.8,129.6,17.3,72.3,148.2,CLEAN,CLEAN,train,2210
2021133N10071,2021-05-15 18:00:00,2021-05-14 18:00:00,2021-05-16 18:00:00,14.5,72.8,111.1,15.0,72.8,120.4,15.8,72.8,129.6,17.7,72.0,157.4,CLEAN,CLEAN,train,2211
2021133N10071,2021-05-15 21:00:00,2021-05-14 21:00:00,2021-05-16 21:00:00,14.7,72.8,111.1,15.4,72.8,129.6,16.3,72.7,129.6,18.0,71.8,166.7,CLEAN,CLEAN,train,2212
2021133N10071,2021-05-16 00:00:00,2021-05-15 00:00:00,2021-05-17 00:00:00,15.0,72.8,120.4,15.8,72.8,129.6,16.8,72.5,138.9,18.4,71.7,185.2,CLEAN,CLEAN,train,2213
2021133N10071,2021-05-16 03:00:00,2021-05-15 03:00:00,2021-05-17 03:00:00,15.4,72.8,129.6,16.3,72.7,129.6,17.3,72.3,148.2,18.8,71.6,185.2,CLEAN,CLEAN,train,2214
2021133N10071,2021-05-16 06:00:00,2021-05-15 06:00:00,2021-05-17 06:00:00,15.8,72.8,129.6,16.8,72.5,138.9,17.7,72.0,157.4,19.3,71.5,185.2,CLEAN,CLEAN,train,2215
2021133N10071,2021-05-16 09:00:00,2021-05-15 09:00:00,2021-05-17 09:00:00,16.3,72.7,129.6,17.3,72.3,148.2,18.0,71.8,166.7,19.6,71.4,185.2,CLEAN,CLEAN,train,2216
2021133N10071,2021-05-16 12:00:00,2021-05-15 12:00:00,2021-05-17 12:00:00,16.8,72.5,138.9,17.7,72.0,157.4,18.4,71.7,185.2,20.1,71.4,175.9,CLEAN,CLEAN,train,2217
2021133N10071,2021-05-16 15:00:00,2021-05-15 15:00:00,2021-05-17 15:00:00,17.3,72.3,148.2,18.0,71.8,166.7,18.8,71.6,185.2,20.5,71.3,166.7,CLEAN,CLEAN,train,2218
2021133N10071,2021-05-16 18:00:00,2021-05-15 18:00:00,2021-05-17 18:00:00,17.7,72.0,157.4,18.4,71.7,185.2,19.3,71.5,185.2,20.9,71.2,157.4,CLEAN,CLEAN,train,2219
2021133N10071,2021-05-16 21:00:00,2021-05-15 21:00:00,2021-05-17 21:00:00,18.0,71.8,166.7,18.8,71.6,185.2,19.6,71.4,185.2,21.2,71.2,138.9,CLEAN,CLEAN,train,2220
2021133N10071,2021-05-17 00:00:00,2021-05-16 00:00:00,2021-05-18 00:00:00,18.4,71.7,185.2,19.3,71.5,185.2,20.1,71.4,175.9,21.5,71.2,120.4,CLEAN,CLEAN,train,2221
2021133N10071,2021-05-17 03:00:00,2021-05-16 03:00:00,2021-05-18 03:00:00,18.8,71.6,185.2,19.6,71.4,185.2,20.5,71.3,166.7,21.7,71.3,101.9,CLEAN,CLEAN,train,2222
2021133N10071,2021-05-17 06:00:00,2021-05-16 06:00:00,2021-05-18 06:00:00,19.3,71.5,185.2,20.1,71.4,175.9,20.9,71.2,157.4,22.1,71.6,83.3,CLEAN,CLEAN,train,2223
2021133N10071,2021-05-17 09:00:00,2021-05-16 09:00:00,2021-05-18 09:00:00,19.6,71.4,185.2,20.5,71.3,166.7,21.2,71.2,138.9,22.6,71.7,74.1,CLEAN,CLEAN,train,2224
2021133N10071,2021-05-17 12:00:00,2021-05-16 12:00:00,2021-05-18 12:00:00,20.1,71.4,175.9,20.9,71.2,157.4,21.5,71.2,120.4,23.2,72.1,64.8,CLEAN,CLEAN,train,2225
2021133N10071,2021-05-17 15:00:00,2021-05-16 15:00:00,2021-05-18 15:00:00,20.5,71.3,166.7,21.2,71.2,138.9,21.7,71.3,101.9,23.7,72.5,55.6,CLEAN,CLEAN,train,2226
2021143N15090,2021-05-24 06:00:00,2021-05-23 06:00:00,2021-05-25 06:00:00,16.6,89.6,74.1,17.2,89.4,83.3,17.6,89.0,92.6,18.8,88.2,111.1,CLEAN,CLEAN,train,2234
2021143N15090,2021-05-24 09:00:00,2021-05-23 09:00:00,2021-05-25 09:00:00,16.9,89.6,74.1,17.4,89.2,83.3,17.8,88.9,101.9,19.1,88.2,111.1,CLEAN,CLEAN,train,2235
2021143N15090,2021-05-24 12:00:00,2021-05-23 12:00:00,2021-05-25 12:00:00,17.2,89.4,83.3,17.6,89.0,92.6,18.1,88.6,101.9,19.5,88.2,120.4,CLEAN,CLEAN,train,2236
2021143N15090,2021-05-24 15:00:00,2021-05-23 15:00:00,2021-05-25 15:00:00,17.4,89.2,83.3,17.8,88.9,101.9,18.4,88.4,101.9,19.9,88.0,120.4,CLEAN,CLEAN,train,2237
2021143N15090,2021-05-24 18:00:00,2021-05-23 18:00:00,2021-05-25 18:00:00,17.6,89.0,92.6,18.1,88.6,101.9,18.8,88.2,111.1,20.3,87.8,129.6,CLEAN,CLEAN,train,2238
2021143N15090,2021-05-24 21:00:00,2021-05-23 21:00:00,2021-05-25 21:00:00,17.8,88.9,101.9,18.4,88.4,101.9,19.1,88.2,111.1,20.4,87.7,138.9,CLEAN,CLEAN,train,2239
2021143N15090,2021-05-25 00:00:00,2021-05-24 00:00:00,2021-05-26 00:00:00,18.1,88.6,101.9,18.8,88.2,111.1,19.5,88.2,120.4,20.6,87.6,138.9,CLEAN,CLEAN,train,2240
2021143N15090,2021-05-25 03:00:00,2021-05-24 03:00:00,2021-05-26 03:00:00,18.4,88.4,101.9,19.1,88.2,111.1,19.9,88.0,120.4,21.1,87.2,138.9,CLEAN,CLEAN,train,2241
2021143N15090,2021-05-25 06:00:00,2021-05-24 06:00:00,2021-05-26 06:00:00,18.8,88.2,111.1,19.5,88.2,120.4,20.3,87.8,129.6,21.5,86.9,138.9,CLEAN,CLEAN,train,2242
2021143N15090,2021-05-25 09:00:00,2021-05-24 09:00:00,2021-05-26 09:00:00,19.1,88.2,111.1,19.9,88.0,120.4,20.4,87.7,138.9,21.7,86.6,101.9,CLEAN,CLEAN,train,2243
2021143N15090,2021-05-25 12:00:00,2021-05-24 12:00:00,2021-05-26 12:00:00,19.5,88.2,120.4,20.3,87.8,129.6,20.6,87.6,138.9,21.9,86.5,83.3,CLEAN,CLEAN,train,2244
2021143N15090,2021-05-25 15:00:00,2021-05-24 15:00:00,2021-05-26 15:00:00,19.9,88.0,120.4,20.4,87.7,138.9,21.1,87.2,138.9,22.2,86.1,74.1,CLEAN,CLEAN,train,2245
2021143N15090,2021-05-25 18:00:00,2021-05-24 18:00:00,2021-05-26 18:00:00,20.3,87.8,129.6,20.6,87.6,138.9,21.5,86.9,138.9,22.5,85.8,55.6,CLEAN,CLEAN,train,2246
2021143N15090,2021-05-25 21:00:00,2021-05-24 21:00:00,2021-05-26 21:00:00,20.4,87.7,138.9,21.1,87.2,138.9,21.7,86.6,101.9,22.8,85.7,55.6,CLEAN,CLEAN,train,2247
2021143N15090,2021-05-26 00:00:00,2021-05-25 00:00:00,2021-05-27 00:00:00,20.6,87.6,138.9,21.5,86.9,138.9,21.9,86.5,83.3,23.1,85.7,55.6,CLEAN,CLEAN,train,2248
2021143N15090,2021-05-26 03:00:00,2021-05-25 03:00:00,2021-05-27 03:00:00,21.1,87.2,138.9,21.7,86.6,101.9,22.2,86.1,74.1,23.3,85.7,55.6,CLEAN,CLEAN,train,2249
2021143N15090,2021-05-26 06:00:00,2021-05-25 06:00:00,2021-05-27 06:00:00,21.5,86.9,138.9,21.9,86.5,83.3,22.5,85.8,55.6,23.6,85.6,46.3,CLEAN,CLEAN,train,2250
