split,sample_index,cyclone_id,t_zero,input_start,input_end,target_start,target_end,leakage_detected,reason
train,0,2013130N04093,2013-05-10 18:00:00,2013-05-09 18:00:00,2013-05-10 18:00:00,2013-05-11 00:00:00,2013-05-11 18:00:00,False,none
train,1,2013130N04093,2013-05-10 21:00:00,2013-05-09 21:00:00,2013-05-10 21:00:00,2013-05-11 03:00:00,2013-05-11 21:00:00,False,none
train,2,2013130N04093,2013-05-11 00:00:00,2013-05-10 00:00:00,2013-05-11 00:00:00,2013-05-11 06:00:00,2013-05-12 00:00:00,False,none
train,3,2013130N04093,2013-05-11 03:00:00,2013-05-10 03:00:00,2013-05-11 03:00:00,2013-05-11 09:00:00,2013-05-12 03:00:00,False,none
train,4,2013130N04093,2013-05-11 06:00:00,2013-05-10 06:00:00,2013-05-11 06:00:00,2013-05-11 12:00:00,2013-05-12 06:00:00,False,none
train,5,2013130N04093,2013-05-11 09:00:00,2013-05-10 09:00:00,2013-05-11 09:00:00,2013-05-11 15:00:00,2013-05-12 09:00:00,False,none
train,6,2013130N04093,2013-05-11 12:00:00,2013-05-10 12:00:00,2013-05-11 12:00:00,2013-05-11 18:00:00,2013-05-12 12:00:00,False,none
train,7,2013130N04093,2013-05-11 15:00:00,2013-05-10 15:00:00,2013-05-11 15:00:00,2013-05-11 21:00:00,2013-05-12 15:00:00,False,none
train,8,2013130N04093,2013-05-11 18:00:00,2013-05-10 18:00:00,2013-05-11 18:00:00,2013-05-12 00:00:00,2013-05-12 18:00:00,False,none
train,9,2013130N04093,2013-05-11 21:00:00,2013-05-10 21:00:00,2013-05-11 21:00:00,2013-05-12 03:00:00,2013-05-12 21:00:00,False,none
train,10,2013130N04093,2013-05-12 00:00:00,2013-05-11 00:00:00,2013-05-12 00:00:00,2013-05-12 06:00:00,2013-05-13 00:00:00,False,none
train,11,2013130N04093,2013-05-12 03:00:00,2013-05-11 03:00:00,2013-05-12 03:00:00,2013-05-12 09:00:00,2013-05-13 03:00:00,False,none
train,12,2013130N04093,2013-05-12 06:00:00,2013-05-11 06:00:00,2013-05-12 06:00:00,2013-05-12 12:00:00,2013-05-13 06:00:00,False,none
train,13,2013130N04093,2013-05-12 09:00:00,2013-05-11 09:00:00,2013-05-12 09:00:00,2013-05-12 15:00:00,2013-05-13 09:00:00,False,none
train,14,2013130N04093,2013-05-12 12:00:00,2013-05-11 12:00:00,2013-05-12 12:00:00,2013-05-12 18:00:00,2013-05-13 12:00:00,False,none
train,15,2013130N04093,2013-05-12 15:00:00,2013-05-11 15:00:00,2013-05-12 15:00:00,2013-05-12 21:00:00,2013-05-13 15:00:00,False,none
train,16,2013130N04093,2013-05-12 18:00:00,2013-05-11 18:00:00,2013-05-12 18:00:00,2013-05-13 00:00:00,2013-05-13 18:00:00,False,none
train,17,2013130N04093,2013-05-12 21:00:00,2013-05-11 21:00:00,2013-05-12 21:00:00,2013-05-13 03:00:00,2013-05-13 21:00:00,False,none
train,18,2013130N04093,2013-05-13 00:00:00,2013-05-12 00:00:00,2013-05-13 00:00:00,2013-05-13 06:00:00,2013-05-14 00:00:00,False,none
train,19,2013130N04093,2013-05-13 03:00:00,2013-05-12 03:00:00,2013-05-13 03:00:00,2013-05-13 09:00:00,2013-05-14 03:00:00,False,none
train,20,2013130N04093,2013-05-13 06:00:00,2013-05-12 06:00:00,2013-05-13 06:00:00,2013-05-13 12:00:00,2013-05-14 06:00:00,False,none
train,21,2013130N04093,2013-05-13 09:00:00,2013-05-12 09:00:00,2013-05-13 09:00:00,2013-05-13 15:00:00,2013-05-14 09:00:00,False,none
train,22,2013130N04093,2013-05-13 12:00:00,2013-05-12 12:00:00,2013-05-13 12:00:00,2013-05-13 18:00:00,2013-05-14 12:00:00,False,none
train,23,2013130N04093,2013-05-13 15:00:00,2013-05-12 15:00:00,2013-05-13 15:00:00,2013-05-13 21:00:00,2013-05-14 15:00:00,False,none
train,24,2013130N04093,2013-05-13 18:00:00,2013-05-12 18:00:00,2013-05-13 18:00:00,2013-05-14 00:00:00,2013-05-14 18:00:00,False,none
train,25,2013130N04093,2013-05-13 21:00:00,2013-05-12 21:00:00,2013-05-13 21:00:00,2013-05-14 03:00:00,2013-05-14 21:00:00,False,none
train,26,2013130N04093,2013-05-14 00:00:00,2013-05-13 00:00:00,2013-05-14 00:00:00,2013-05-14 06:00:00,2013-05-15 00:00:00,False,none
train,27,2013130N04093,2013-05-14 03:00:00,2013-05-13 03:00:00,2013-05-14 03:00:00,2013-05-14 09:00:00,2013-05-15 03:00:00,False,none
train,28,2013130N04093,2013-05-14 06:00:00,2013-05-13 06:00:00,2013-05-14 06:00:00,2013-05-14 12:00:00,2013-05-15 06:00:00,False,none
train,29,2013130N04093,2013-05-14 09:00:00,2013-05-13 09:00:00,2013-05-14 09:00:00,2013-05-14 15:00:00,2013-05-15 09:00:00,False,none
train,30,2013130N04093,2013-05-14 12:00:00,2013-05-13 12:00:00,2013-05-14 12:00:00,2013-05-14 18:00:00,2013-05-15 12:00:00,False,none
train,31,2013130N04093,2013-05-14 15:00:00,2013-05-13 15:00:00,2013-05-14 15:00:00,2013-05-14 21:00:00,2013-05-15 15:00:00,False,none
train,32,2013130N04093,2013-05-14 18:00:00,2013-05-13 18:00:00,2013-05-14 18:00:00,2013-05-15 00:00:00,2013-05-15 18:00:00,False,none
train,33,2013130N04093,2013-05-14 21:00:00,2013-05-13 21:00:00,2013-05-14 21:00:00,2013-05-15 03:00:00,2013-05-15 21:00:00,False,none
train,34,2013130N04093,2013-05-15 00:00:00,2013-05-14 00:00:00,2013-05-15 00:00:00,2013-05-15 06:00:00,2013-05-16 00:00:00,False,none
train,35,2013130N04093,2013-05-15 03:00:00,2013-05-14 03:00:00,2013-05-15 03:00:00,2013-05-15 09:00:00,2013-05-16 03:00:00,False,none
train,36,2013130N04093,2013-05-15 06:00:00,2013-05-14 06:00:00,2013-05-15 06:00:00,2013-05-15 12:00:00,2013-05-16 06:00:00,False,none
train,37,2013130N04093,2013-05-15 09:00:00,2013-05-14 09:00:00,2013-05-15 09:00:00,2013-05-15 15:00:00,2013-05-16 09:00:00,False,none
train,38,2013130N04093,2013-05-15 12:00:00,2013-05-14 12:00:00,2013-05-15 12:00:00,2013-05-15 18:00:00,2013-05-16 12:00:00,False,none
train,39,2013130N04093,2013-05-15 15:00:00,2013-05-14 15:00:00,2013-05-15 15:00:00,2013-05-15 21:00:00,2013-05-16 15:00:00,False,none
train,40,2013130N04093,2013-05-15 18:00:00,2013-05-14 18:00:00,2013-05-15 18:00:00,2013-05-16 00:00:00,2013-05-16 18:00:00,False,none
train,41,2013281N12098,2013-10-08 12:00:00,2013-10-07 12:00:00,2013-10-08 12:00:00,2013-10-08 18:00:00,2013-10-09 12:00:00,False,none
train,42,2013281N12098,2013-10-08 15:00:00,2013-10-07 15:00:00,2013-10-08 15:00:00,2013-10-08 21:00:00,2013-10-09 15:00:00,False,none
train,43,2013281N12098,2013-10-08 18:00:00,2013-10-07 18:00:00,2013-10-08 18:00:00,2013-10-09 00:00:00,2013-10-09 18:00:00,False,none
train,44,2013281N12098,2013-10-08 21:00:00,2013-10-07 21:00:00,2013-10-08 21:00:00,2013-10-09 03:00:00,2013-10-09 21:00:00,False,none
train,45,2013281N12098,2013-10-09 00:00:00,2013-10-08 00:00:00,2013-10-09 00:00:00,2013-10-09 06:00:00,2013-10-10 00:00:00,False,none
train,46,2013281N12098,2013-10-09 03:00:00,2013-10-08 03:00:00,2013-10-09 03:00:00,2013-10-09 09:00:00,2013-10-10 03:00:00,False,none
train,47,2013281N12098,2013-10-09 06:00:00,2013-10-08 06:00:00,2013-10-09 06:00:00,2013-10-09 12:00:00,2013-10-10 06:00:00,False,none
train,48,2013281N12098,2013-10-09 09:00:00,2013-10-08 09:00:00,2013-10-09 09:00:00,2013-10-09 15:00:00,2013-10-10 09:00:00,False,none
train,49,2013281N12098,2013-10-09 12:00:00,2013-10-08 12:00:00,2013-10-09 12:00:00,2013-10-09 18:00:00,2013-10-10 12:00:00,False,none
train,50,2013281N12098,2013-10-09 15:00:00,2013-10-08 15:00:00,2013-10-09 15:00:00,2013-10-09 21:00:00,2013-10-10 15:00:00,False,none
train,51,2013281N12098,2013-10-09 18:00:00,2013-10-08 18:00:00,2013-10-09 18:00:00,2013-10-10 00:00:00,2013-10-10 18:00:00,False,none
train,52,2013281N12098,2013-10-09 21:00:00,2013-10-08 21:00:00,2013-10-09 21:00:00,2013-10-10 03:00:00,2013-10-10 21:00:00,False,none
train,53,2013281N12098,2013-10-10 00:00:00,2013-10-09 00:00:00,2013-10-10 00:00:00,2013-10-10 06:00:00,2013-10-11 00:00:00,False,none
train,54,2013281N12098,2013-10-10 03:00:00,2013-10-09 03:00:00,2013-10-10 03:00:00,2013-10-10 09:00:00,2013-10-11 03:00:00,False,none
train,55,2013281N12098,2013-10-10 06:00:00,2013-10-09 06:00:00,2013-10-10 06:00:00,2013-10-10 12:00:00,2013-10-11 06:00:00,False,none
train,56,2013281N12098,2013-10-10 09:00:00,2013-10-09 09:00:00,2013-10-10 09:00:00,2013-10-10 15:00:00,2013-10-11 09:00:00,False,none
train,57,2013281N12098,2013-10-10 12:00:00,2013-10-09 12:00:00,2013-10-10 12:00:00,2013-10-10 18:00:00,2013-10-11 12:00:00,False,none
train,58,2013281N12098,2013-10-10 15:00:00,2013-10-09 15:00:00,2013-10-10 15:00:00,2013-10-10 21:00:00,2013-10-11 15:00:00,False,none
train,59,2013281N12098,2013-10-10 18:00:00,2013-10-09 18:00:00,2013-10-10 18:00:00,2013-10-11 00:00:00,2013-10-11 18:00:00,False,none
train,60,2013281N12098,2013-10-10 21:00:00,2013-10-09 21:00:00,2013-10-10 21:00:00,2013-10-11 03:00:00,2013-10-11 21:00:00,False,none
train,61,2013281N12098,2013-10-11 00:00:00,2013-10-10 00:00:00,2013-10-11 00:00:00,2013-10-11 06:00:00,2013-10-12 00:00:00,False,none
train,62,2013281N12098,2013-10-11 03:00:00,2013-10-10 03:00:00,2013-10-11 03:00:00,2013-10-11 09:00:00,2013-10-12 03:00:00,False,none
train,63,2013281N12098,2013-10-11 06:00:00,2013-10-10 06:00:00,2013-10-11 06:00:00,2013-10-11 12:00:00,2013-10-12 06:00:00,False,none
train,64,2013281N12098,2013-10-11 09:00:00,2013-10-10 09:00:00,2013-10-11 09:00:00,2013-10-11 15:00:00,2013-10-12 09:00:00,False,none
train,65,2013281N12098,2013-10-11 12:00:00,2013-10-10 12:00:00,2013-10-11 12:00:00,2013-10-11 18:00:00,2013-10-12 12:00:00,False,none
train,66,2013281N12098,2013-10-11 15:00:00,2013-10-10 15:00:00,2013-10-11 15:00:00,2013-10-11 21:00:00,2013-10-12 15:00:00,False,none
train,67,2013281N12098,2013-10-11 18:00:00,2013-10-10 18:00:00,2013-10-11 18:00:00,2013-10-12 00:00:00,2013-10-12 18:00:00,False,none
train,68,2013281N12098,2013-10-11 21:00:00,2013-10-10 21:00:00,2013-10-11 21:00:00,2013-10-12 03:00:00,2013-10-12 21:00:00,False,none
train,69,2013281N12098,2013-10-12 00:00:00,2013-10-11 00:00:00,2013-10-12 00:00:00,2013-10-12 06:00:00,2013-10-13 00:00:00,False,none
train,70,2013281N12098,2013-10-12 03:00:00,2013-10-11 03:00:00,2013-10-12 03:00:00,2013-10-12 09:00:00,2013-10-13 03:00:00,False,none
train,71,2013281N12098,2013-10-12 06:00:00,2013-10-11 06:00:00,2013-10-12 06:00:00,2013-10-12 12:00:00,2013-10-13 06:00:00,False,none
train,72,2013281N12098,2013-10-12 09:00:00,2013-10-11 09:00:00,2013-10-12 09:00:00,2013-10-12 15:00:00,2013-10-13 09:00:00,False,none
train,73,2013281N12098,2013-10-12 12:00:00,2013-10-11 12:00:00,2013-10-12 12:00:00,2013-10-12 18:00:00,2013-10-13 12:00:00,False,none
train,74,2013281N12098,2013-10-12 15:00:00,2013-10-11 15:00:00,2013-10-12 15:00:00,2013-10-12 21:00:00,2013-10-13 15:00:00,False,none
train,75,2013281N12098,2013-10-12 18:00:00,2013-10-11 18:00:00,2013-10-12 18:00:00,2013-10-13 00:00:00,2013-10-13 18:00:00,False,none
train,76,2013281N12098,2013-10-12 21:00:00,2013-10-11 21:00:00,2013-10-12 21:00:00,2013-10-13 03:00:00,2013-10-13 21:00:00,False,none
train,77,2013281N12098,2013-10-13 00:00:00,2013-10-12 00:00:00,2013-10-13 00:00:00,2013-10-13 06:00:00,2013-10-14 00:00:00,False,none
train,78,2013281N12098,2013-10-13 03:00:00,2013-10-12 03:00:00,2013-10-13 03:00:00,2013-10-13 09:00:00,2013-10-14 03:00:00,False,none
train,79,2013281N12098,2013-10-13 06:00:00,2013-10-12 06:00:00,2013-10-13 06:00:00,2013-10-13 12:00:00,2013-10-14 06:00:00,False,none
train,80,2013305N07141,2013-11-02 06:00:00,2013-11-01 06:00:00,2013-11-02 06:00:00,2013-11-02 12:00:00,2013-11-03 06:00:00,False,none
train,81,2013305N07141,2013-11-02 09:00:00,2013-11-01 09:00:00,2013-11-02 09:00:00,2013-11-02 15:00:00,2013-11-03 09:00:00,False,none
train,82,2013305N07141,2013-11-02 12:00:00,2013-11-01 12:00:00,2013-11-02 12:00:00,2013-11-02 18:00:00,2013-11-03 12:00:00,False,none
train,83,2013305N07141,2013-11-02 15:00:00,2013-11-01 15:00:00,2013-11-02 15:00:00,2013-11-02 21:00:00,2013-11-03 15:00:00,False,none
train,84,2013305N07141,2013-11-02 18:00:00,2013-11-01 18:00:00,2013-11-02 18:00:00,2013-11-03 00:00:00,2013-11-03 18:00:00,False,none
train,85,2013305N07141,2013-11-02 21:00:00,2013-11-01 21:00:00,2013-11-02 21:00:00,2013-11-03 03:00:00,2013-11-03 21:00:00,False,none
train,86,2013305N07141,2013-11-03 00:00:00,2013-11-02 00:00:00,2013-11-03 00:00:00,2013-11-03 06:00:00,2013-11-04 00:00:00,False,none
train,87,2013305N07141,2013-11-03 03:00:00,2013-11-02 03:00:00,2013-11-03 03:00:00,2013-11-03 09:00:00,2013-11-04 03:00:00,False,none
train,88,2013305N07141,2013-11-03 06:00:00,2013-11-02 06:00:00,2013-11-03 06:00:00,2013-11-03 12:00:00,2013-11-04 06:00:00,False,none
train,89,2013305N07141,2013-11-03 09:00:00,2013-11-02 09:00:00,2013-11-03 09:00:00,2013-11-03 15:00:00,2013-11-04 09:00:00,False,none
train,90,2013305N07141,2013-11-03 12:00:00,2013-11-02 12:00:00,2013-11-03 12:00:00,2013-11-03 18:00:00,2013-11-04 12:00:00,False,none
train,91,2013305N07141,2013-11-03 15:00:00,2013-11-02 15:00:00,2013-11-03 15:00:00,2013-11-03 21:00:00,2013-11-04 15:00:00,False,none
train,92,2013305N07141,2013-11-03 18:00:00,2013-11-02 18:00:00,2013-11-03 18:00:00,2013-11-04 00:00:00,2013-11-04 18:00:00,False,none
train,93,2013305N07141,2013-11-03 21:00:00,2013-11-02 21:00:00,2013-11-03 21:00:00,2013-11-04 03:00:00,2013-11-04 21:00:00,False,none
train,94,2013305N07141,2013-11-04 00:00:00,2013-11-03 00:00:00,2013-11-04 00:00:00,2013-11-04 06:00:00,2013-11-05 00:00:00,False,none
train,95,2013305N07141,2013-11-04 03:00:00,2013-11-03 03:00:00,2013-11-04 03:00:00,2013-11-04 09:00:00,2013-11-05 03:00:00,False,none
train,96,2013305N07141,2013-11-04 06:00:00,2013-11-03 06:00:00,2013-11-04 06:00:00,2013-11-04 12:00:00,2013-11-05 06:00:00,False,none
train,97,2013305N07141,2013-11-04 09:00:00,2013-11-03 09:00:00,2013-11-04 09:00:00,2013-11-04 15:00:00,2013-11-05 09:00:00,False,none
train,98,2013305N07141,2013-11-04 12:00:00,2013-11-03 12:00:00,2013-11-04 12:00:00,2013-11-04 18:00:00,2013-11-05 12:00:00,False,none
train,99,2013305N07141,2013-11-04 15:00:00,2013-11-03 15:00:00,2013-11-04 15:00:00,2013-11-04 21:00:00,2013-11-05 15:00:00,False,none
train,100,2013305N07141,2013-11-04 18:00:00,2013-11-03 18:00:00,2013-11-04 18:00:00,2013-11-05 00:00:00,2013-11-05 18:00:00,False,none
train,101,2013305N07141,2013-11-04 21:00:00,2013-11-03 21:00:00,2013-11-04 21:00:00,2013-11-05 03:00:00,2013-11-05 21:00:00,False,none
train,102,2013305N07141,2013-11-05 00:00:00,2013-11-04 00:00:00,2013-11-05 00:00:00,2013-11-05 06:00:00,2013-11-06 00:00:00,False,none
train,103,2013305N07141,2013-11-05 03:00:00,2013-11-04 03:00:00,2013-11-05 03:00:00,2013-11-05 09:00:00,2013-11-06 03:00:00,False,none
train,104,2013305N07141,2013-11-05 06:00:00,2013-11-04 06:00:00,2013-11-05 06:00:00,2013-11-05 12:00:00,2013-11-06 06:00:00,False,none
train,105,2013305N07141,2013-11-05 09:00:00,2013-11-04 09:00:00,2013-11-05 09:00:00,2013-11-05 15:00:00,2013-11-06 09:00:00,False,none
train,106,2013305N07141,2013-11-05 12:00:00,2013-11-04 12:00:00,2013-11-05 12:00:00,2013-11-05 18:00:00,2013-11-06 12:00:00,False,none
train,107,2013305N07141,2013-11-05 15:00:00,2013-11-04 15:00:00,2013-11-05 15:00:00,2013-11-05 21:00:00,2013-11-06 15:00:00,False,none
train,108,2013305N07141,2013-11-05 18:00:00,2013-11-04 18:00:00,2013-11-05 18:00:00,2013-11-06 00:00:00,2013-11-06 18:00:00,False,none
train,109,2013305N07141,2013-11-05 21:00:00,2013-11-04 21:00:00,2013-11-05 21:00:00,2013-11-06 03:00:00,2013-11-06 21:00:00,False,none
train,110,2013305N07141,2013-11-06 00:00:00,2013-11-05 00:00:00,2013-11-06 00:00:00,2013-11-06 06:00:00,2013-11-07 00:00:00,False,none
train,111,2013305N07141,2013-11-06 03:00:00,2013-11-05 03:00:00,2013-11-06 03:00:00,2013-11-06 09:00:00,2013-11-07 03:00:00,False,none
train,112,2013305N07141,2013-11-06 06:00:00,2013-11-05 06:00:00,2013-11-06 06:00:00,2013-11-06 12:00:00,2013-11-07 06:00:00,False,none
train,113,2013305N07141,2013-11-06 09:00:00,2013-11-05 09:00:00,2013-11-06 09:00:00,2013-11-06 15:00:00,2013-11-07 09:00:00,False,none
train,114,2013305N07141,2013-11-06 12:00:00,2013-11-05 12:00:00,2013-11-06 12:00:00,2013-11-06 18:00:00,2013-11-07 12:00:00,False,none
train,115,2013305N07141,2013-11-06 15:00:00,2013-11-05 15:00:00,2013-11-06 15:00:00,2013-11-06 21:00:00,2013-11-07 15:00:00,False,none
train,116,2013305N07141,2013-11-06 18:00:00,2013-11-05 18:00:00,2013-11-06 18:00:00,2013-11-07 00:00:00,2013-11-07 18:00:00,False,none
train,117,2013305N07141,2013-11-06 21:00:00,2013-11-05 21:00:00,2013-11-06 21:00:00,2013-11-07 03:00:00,2013-11-07 21:00:00,False,none
train,118,2013305N07141,2013-11-07 00:00:00,2013-11-06 00:00:00,2013-11-07 00:00:00,2013-11-07 06:00:00,2013-11-08 00:00:00,False,none
train,119,2013305N07141,2013-11-07 03:00:00,2013-11-06 03:00:00,2013-11-07 03:00:00,2013-11-07 09:00:00,2013-11-08 03:00:00,False,none
train,120,2013305N07141,2013-11-07 06:00:00,2013-11-06 06:00:00,2013-11-07 06:00:00,2013-11-07 12:00:00,2013-11-08 06:00:00,False,none
train,121,2013305N07141,2013-11-07 09:00:00,2013-11-06 09:00:00,2013-11-07 09:00:00,2013-11-07 15:00:00,2013-11-08 09:00:00,False,none
train,122,2013305N07141,2013-11-07 12:00:00,2013-11-06 12:00:00,2013-11-07 12:00:00,2013-11-07 18:00:00,2013-11-08 12:00:00,False,none
train,123,2013305N07141,2013-11-07 15:00:00,2013-11-06 15:00:00,2013-11-07 15:00:00,2013-11-07 21:00:00,2013-11-08 15:00:00,False,none
train,124,2013305N07141,2013-11-07 18:00:00,2013-11-06 18:00:00,2013-11-07 18:00:00,2013-11-08 00:00:00,2013-11-08 18:00:00,False,none
train,125,2013305N07141,2013-11-07 21:00:00,2013-11-06 21:00:00,2013-11-07 21:00:00,2013-11-08 03:00:00,2013-11-08 21:00:00,False,none
train,126,2013305N07141,2013-11-08 00:00:00,2013-11-07 00:00:00,2013-11-08 00:00:00,2013-11-08 06:00:00,2013-11-09 00:00:00,False,none
train,127,2013305N07141,2013-11-08 03:00:00,2013-11-07 03:00:00,2013-11-08 03:00:00,2013-11-08 09:00:00,2013-11-09 03:00:00,False,none
train,128,2013305N07141,2013-11-08 06:00:00,2013-11-07 06:00:00,2013-11-08 06:00:00,2013-11-08 12:00:00,2013-11-09 06:00:00,False,none
train,129,2013305N07141,2013-11-08 09:00:00,2013-11-07 09:00:00,2013-11-08 09:00:00,2013-11-08 15:00:00,2013-11-09 09:00:00,False,none
train,130,2013305N07141,2013-11-08 12:00:00,2013-11-07 12:00:00,2013-11-08 12:00:00,2013-11-08 18:00:00,2013-11-09 12:00:00,False,none
train,131,2013305N07141,2013-11-08 15:00:00,2013-11-07 15:00:00,2013-11-08 15:00:00,2013-11-08 21:00:00,2013-11-09 15:00:00,False,none
train,132,2013305N07141,2013-11-08 18:00:00,2013-11-07 18:00:00,2013-11-08 18:00:00,2013-11-09 00:00:00,2013-11-09 18:00:00,False,none
train,133,2013305N07141,2013-11-08 21:00:00,2013-11-07 21:00:00,2013-11-08 21:00:00,2013-11-09 03:00:00,2013-11-09 21:00:00,False,none
train,134,2013305N07141,2013-11-09 00:00:00,2013-11-08 00:00:00,2013-11-09 00:00:00,2013-11-09 06:00:00,2013-11-10 00:00:00,False,none
train,135,2013305N07141,2013-11-09 03:00:00,2013-11-08 03:00:00,2013-11-09 03:00:00,2013-11-09 09:00:00,2013-11-10 03:00:00,False,none
train,136,2013305N07141,2013-11-09 06:00:00,2013-11-08 06:00:00,2013-11-09 06:00:00,2013-11-09 12:00:00,2013-11-10 06:00:00,False,none
train,137,2013305N07141,2013-11-09 09:00:00,2013-11-08 09:00:00,2013-11-09 09:00:00,2013-11-09 15:00:00,2013-11-10 09:00:00,False,none
train,138,2013305N07141,2013-11-09 12:00:00,2013-11-08 12:00:00,2013-11-09 12:00:00,2013-11-09 18:00:00,2013-11-10 12:00:00,False,none
train,139,2013305N07141,2013-11-09 15:00:00,2013-11-08 15:00:00,2013-11-09 15:00:00,2013-11-09 21:00:00,2013-11-10 15:00:00,False,none
train,140,2013305N07141,2013-11-09 18:00:00,2013-11-08 18:00:00,2013-11-09 18:00:00,2013-11-10 00:00:00,2013-11-10 18:00:00,False,none
train,141,2013305N07141,2013-11-09 21:00:00,2013-11-08 21:00:00,2013-11-09 21:00:00,2013-11-10 03:00:00,2013-11-10 21:00:00,False,none
train,142,2013305N07141,2013-11-10 00:00:00,2013-11-09 00:00:00,2013-11-10 00:00:00,2013-11-10 06:00:00,2013-11-11 00:00:00,False,none
train,143,2013305N07141,2013-11-10 03:00:00,2013-11-09 03:00:00,2013-11-10 03:00:00,2013-11-10 09:00:00,2013-11-11 03:00:00,False,none
train,144,2013305N07141,2013-11-10 06:00:00,2013-11-09 06:00:00,2013-11-10 06:00:00,2013-11-10 12:00:00,2013-11-11 06:00:00,False,none
train,145,2013305N07141,2013-11-10 09:00:00,2013-11-09 09:00:00,2013-11-10 09:00:00,2013-11-10 15:00:00,2013-11-11 09:00:00,False,none
train,146,2013305N07141,2013-11-10 12:00:00,2013-11-09 12:00:00,2013-11-10 12:00:00,2013-11-10 18:00:00,2013-11-11 12:00:00,False,none
train,147,2013305N07141,2013-11-10 15:00:00,2013-11-09 15:00:00,2013-11-10 15:00:00,2013-11-10 21:00:00,2013-11-11 15:00:00,False,none
train,148,2013305N07141,2013-11-10 18:00:00,2013-11-09 18:00:00,2013-11-10 18:00:00,2013-11-11 00:00:00,2013-11-11 18:00:00,False,none
train,149,2013305N07141,2013-11-10 21:00:00,2013-11-09 21:00:00,2013-11-10 21:00:00,2013-11-11 03:00:00,2013-11-11 21:00:00,False,none
train,150,2013305N07141,2013-11-11 00:00:00,2013-11-10 00:00:00,2013-11-11 00:00:00,2013-11-11 06:00:00,2013-11-12 00:00:00,False,none
train,151,2013305N07141,2013-11-11 03:00:00,2013-11-10 03:00:00,2013-11-11 03:00:00,2013-11-11 09:00:00,2013-11-12 03:00:00,False,none
train,152,2013305N07141,2013-11-11 06:00:00,2013-11-10 06:00:00,2013-11-11 06:00:00,2013-11-11 12:00:00,2013-11-12 06:00:00,False,none
train,153,2013305N07141,2013-11-11 09:00:00,2013-11-10 09:00:00,2013-11-11 09:00:00,2013-11-11 15:00:00,2013-11-12 09:00:00,False,none
train,154,2013305N07141,2013-11-11 12:00:00,2013-11-10 12:00:00,2013-11-11 12:00:00,2013-11-11 18:00:00,2013-11-12 12:00:00,False,none
train,155,2013305N07141,2013-11-11 15:00:00,2013-11-10 15:00:00,2013-11-11 15:00:00,2013-11-11 21:00:00,2013-11-12 15:00:00,False,none
train,156,2013305N07141,2013-11-11 18:00:00,2013-11-10 18:00:00,2013-11-11 18:00:00,2013-11-12 00:00:00,2013-11-12 18:00:00,False,none
train,157,2013305N07141,2013-11-11 21:00:00,2013-11-10 21:00:00,2013-11-11 21:00:00,2013-11-12 03:00:00,2013-11-12 21:00:00,False,none
train,158,2013305N07141,2013-11-12 00:00:00,2013-11-11 00:00:00,2013-11-12 00:00:00,2013-11-12 06:00:00,2013-11-13 00:00:00,False,none
train,159,2013305N07141,2013-11-12 03:00:00,2013-11-11 03:00:00,2013-11-12 03:00:00,2013-11-12 09:00:00,2013-11-13 03:00:00,False,none
train,160,2013305N07141,2013-11-12 06:00:00,2013-11-11 06:00:00,2013-11-12 06:00:00,2013-11-12 12:00:00,2013-11-13 06:00:00,False,none
train,161,2013305N07141,2013-11-12 09:00:00,2013-11-11 09:00:00,2013-11-12 09:00:00,2013-11-12 15:00:00,2013-11-13 09:00:00,False,none
train,162,2013305N07141,2013-11-12 12:00:00,2013-11-11 12:00:00,2013-11-12 12:00:00,2013-11-12 18:00:00,2013-11-13 12:00:00,False,none
train,163,2013305N07141,2013-11-12 15:00:00,2013-11-11 15:00:00,2013-11-12 15:00:00,2013-11-12 21:00:00,2013-11-13 15:00:00,False,none
train,164,2013305N07141,2013-11-12 18:00:00,2013-11-11 18:00:00,2013-11-12 18:00:00,2013-11-13 00:00:00,2013-11-13 18:00:00,False,none
train,165,2013305N07141,2013-11-12 21:00:00,2013-11-11 21:00:00,2013-11-12 21:00:00,2013-11-13 03:00:00,2013-11-13 21:00:00,False,none
train,166,2013305N07141,2013-11-13 00:00:00,2013-11-12 00:00:00,2013-11-13 00:00:00,2013-11-13 06:00:00,2013-11-14 00:00:00,False,none
train,167,2013305N07141,2013-11-13 03:00:00,2013-11-12 03:00:00,2013-11-13 03:00:00,2013-11-13 09:00:00,2013-11-14 03:00:00,False,none
train,168,2013305N07141,2013-11-13 06:00:00,2013-11-12 06:00:00,2013-11-13 06:00:00,2013-11-13 12:00:00,2013-11-14 06:00:00,False,none
train,169,2013305N07141,2013-11-13 09:00:00,2013-11-12 09:00:00,2013-11-13 09:00:00,2013-11-13 15:00:00,2013-11-14 09:00:00,False,none
train,170,2013305N07141,2013-11-13 12:00:00,2013-11-12 12:00:00,2013-11-13 12:00:00,2013-11-13 18:00:00,2013-11-14 12:00:00,False,none
train,171,2013305N07141,2013-11-13 15:00:00,2013-11-12 15:00:00,2013-11-13 15:00:00,2013-11-13 21:00:00,2013-11-14 15:00:00,False,none
train,172,2013305N07141,2013-11-13 18:00:00,2013-11-12 18:00:00,2013-11-13 18:00:00,2013-11-14 00:00:00,2013-11-14 18:00:00,False,none
train,173,2013305N07141,2013-11-13 21:00:00,2013-11-12 21:00:00,2013-11-13 21:00:00,2013-11-14 03:00:00,2013-11-14 21:00:00,False,none
train,174,2013305N07141,2013-11-14 00:00:00,2013-11-13 00:00:00,2013-11-14 00:00:00,2013-11-14 06:00:00,2013-11-15 00:00:00,False,none
train,175,2013305N07141,2013-11-14 03:00:00,2013-11-13 03:00:00,2013-11-14 03:00:00,2013-11-14 09:00:00,2013-11-15 03:00:00,False,none
train,176,2013305N07141,2013-11-14 06:00:00,2013-11-13 06:00:00,2013-11-14 06:00:00,2013-11-14 12:00:00,2013-11-15 06:00:00,False,none
train,177,2013305N07141,2013-11-14 09:00:00,2013-11-13 09:00:00,2013-11-14 09:00:00,2013-11-14 15:00:00,2013-11-15 09:00:00,False,none
train,178,2013305N07141,2013-11-14 12:00:00,2013-11-13 12:00:00,2013-11-14 12:00:00,2013-11-14 18:00:00,2013-11-15 12:00:00,False,none
train,179,2013305N07141,2013-11-14 15:00:00,2013-11-13 15:00:00,2013-11-14 15:00:00,2013-11-14 21:00:00,2013-11-15 15:00:00,False,none
train,180,2013305N07141,2013-11-14 18:00:00,2013-11-13 18:00:00,2013-11-14 18:00:00,2013-11-15 00:00:00,2013-11-15 18:00:00,False,none
train,181,2013305N07141,2013-11-14 21:00:00,2013-11-13 21:00:00,2013-11-14 21:00:00,2013-11-15 03:00:00,2013-11-15 21:00:00,False,none
train,182,2013305N07141,2013-11-15 00:00:00,2013-11-14 00:00:00,2013-11-15 00:00:00,2013-11-15 06:00:00,2013-11-16 00:00:00,False,none
train,183,2013305N07141,2013-11-15 03:00:00,2013-11-14 03:00:00,2013-11-15 03:00:00,2013-11-15 09:00:00,2013-11-16 03:00:00,False,none
train,184,2013305N07141,2013-11-15 06:00:00,2013-11-14 06:00:00,2013-11-15 06:00:00,2013-11-15 12:00:00,2013-11-16 06:00:00,False,none
train,185,2013305N07141,2013-11-15 09:00:00,2013-11-14 09:00:00,2013-11-15 09:00:00,2013-11-15 15:00:00,2013-11-16 09:00:00,False,none
train,186,2013305N07141,2013-11-15 12:00:00,2013-11-14 12:00:00,2013-11-15 12:00:00,2013-11-15 18:00:00,2013-11-16 12:00:00,False,none
train,187,2013305N07141,2013-11-15 15:00:00,2013-11-14 15:00:00,2013-11-15 15:00:00,2013-11-15 21:00:00,2013-11-16 15:00:00,False,none
train,188,2013305N07141,2013-11-15 18:00:00,2013-11-14 18:00:00,2013-11-15 18:00:00,2013-11-16 00:00:00,2013-11-16 18:00:00,False,none
train,189,2013305N07141,2013-11-15 21:00:00,2013-11-14 21:00:00,2013-11-15 21:00:00,2013-11-16 03:00:00,2013-11-16 21:00:00,False,none
train,190,2013305N07141,2013-11-16 00:00:00,2013-11-15 00:00:00,2013-11-16 00:00:00,2013-11-16 06:00:00,2013-11-17 00:00:00,False,none
train,191,2013305N07141,2013-11-16 03:00:00,2013-11-15 03:00:00,2013-11-16 03:00:00,2013-11-16 09:00:00,2013-11-17 03:00:00,False,none
train,192,2013305N07141,2013-11-16 06:00:00,2013-11-15 06:00:00,2013-11-16 06:00:00,2013-11-16 12:00:00,2013-11-17 06:00:00,False,none
train,193,2013305N07141,2013-11-16 09:00:00,2013-11-15 09:00:00,2013-11-16 09:00:00,2013-11-16 15:00:00,2013-11-17 09:00:00,False,none
train,194,2013305N07141,2013-11-16 12:00:00,2013-11-15 12:00:00,2013-11-16 12:00:00,2013-11-16 18:00:00,2013-11-17 12:00:00,False,none
train,195,2013305N07141,2013-11-16 15:00:00,2013-11-15 15:00:00,2013-11-16 15:00:00,2013-11-16 21:00:00,2013-11-17 15:00:00,False,none
train,196,2013305N07141,2013-11-16 18:00:00,2013-11-15 18:00:00,2013-11-16 18:00:00,2013-11-17 00:00:00,2013-11-17 18:00:00,False,none
train,197,2013305N07141,2013-11-16 21:00:00,2013-11-15 21:00:00,2013-11-16 21:00:00,2013-11-17 03:00:00,2013-11-17 21:00:00,False,none
train,198,2013305N07141,2013-11-17 00:00:00,2013-11-16 00:00:00,2013-11-17 00:00:00,2013-11-17 06:00:00,2013-11-18 00:00:00,False,none
train,199,2013305N07141,2013-11-17 03:00:00,2013-11-16 03:00:00,2013-11-17 03:00:00,2013-11-17 09:00:00,2013-11-18 03:00:00,False,none
train,200,2013305N07141,2013-11-17 06:00:00,2013-11-16 06:00:00,2013-11-17 06:00:00,2013-11-17 12:00:00,2013-11-18 06:00:00,False,none
train,201,2013305N07141,2013-11-17 09:00:00,2013-11-16 09:00:00,2013-11-17 09:00:00,2013-11-17 15:00:00,2013-11-18 09:00:00,False,none
train,202,2013305N07141,2013-11-17 12:00:00,2013-11-16 12:00:00,2013-11-17 12:00:00,2013-11-17 18:00:00,2013-11-18 12:00:00,False,none
train,203,2013305N07141,2013-11-17 15:00:00,2013-11-16 15:00:00,2013-11-17 15:00:00,2013-11-17 21:00:00,2013-11-18 15:00:00,False,none
train,204,2013305N07141,2013-11-17 18:00:00,2013-11-16 18:00:00,2013-11-17 18:00:00,2013-11-18 00:00:00,2013-11-18 18:00:00,False,none
train,205,2013305N07141,2013-11-17 21:00:00,2013-11-16 21:00:00,2013-11-17 21:00:00,2013-11-18 03:00:00,2013-11-18 21:00:00,False,none
train,206,2013305N07141,2013-11-18 00:00:00,2013-11-17 00:00:00,2013-11-18 00:00:00,2013-11-18 06:00:00,2013-11-19 00:00:00,False,none
train,207,2013305N07141,2013-11-18 03:00:00,2013-11-17 03:00:00,2013-11-18 03:00:00,2013-11-18 09:00:00,2013-11-19 03:00:00,False,none
train,208,2013305N07141,2013-11-18 06:00:00,2013-11-17 06:00:00,2013-11-18 06:00:00,2013-11-18 12:00:00,2013-11-19 06:00:00,False,none
train,209,2013305N07141,2013-11-18 09:00:00,2013-11-17 09:00:00,2013-11-18 09:00:00,2013-11-18 15:00:00,2013-11-19 09:00:00,False,none
train,210,2013305N07141,2013-11-18 12:00:00,2013-11-17 12:00:00,2013-11-18 12:00:00,2013-11-18 18:00:00,2013-11-19 12:00:00,False,none
train,211,2013305N07141,2013-11-18 15:00:00,2013-11-17 15:00:00,2013-11-18 15:00:00,2013-11-18 21:00:00,2013-11-19 15:00:00,False,none
train,212,2013305N07141,2013-11-18 18:00:00,2013-11-17 18:00:00,2013-11-18 18:00:00,2013-11-19 00:00:00,2013-11-19 18:00:00,False,none
train,213,2013305N07141,2013-11-18 21:00:00,2013-11-17 21:00:00,2013-11-18 21:00:00,2013-11-19 03:00:00,2013-11-19 21:00:00,False,none
train,214,2013305N07141,2013-11-19 00:00:00,2013-11-18 00:00:00,2013-11-19 00:00:00,2013-11-19 06:00:00,2013-11-20 00:00:00,False,none
train,215,2013305N07141,2013-11-19 03:00:00,2013-11-18 03:00:00,2013-11-19 03:00:00,2013-11-19 09:00:00,2013-11-20 03:00:00,False,none
train,216,2013305N07141,2013-11-19 06:00:00,2013-11-18 06:00:00,2013-11-19 06:00:00,2013-11-19 12:00:00,2013-11-20 06:00:00,False,none
train,217,2013305N07141,2013-11-19 09:00:00,2013-11-18 09:00:00,2013-11-19 09:00:00,2013-11-19 15:00:00,2013-11-20 09:00:00,False,none
train,218,2013305N07141,2013-11-19 12:00:00,2013-11-18 12:00:00,2013-11-19 12:00:00,2013-11-19 18:00:00,2013-11-20 12:00:00,False,none
train,219,2013305N07141,2013-11-19 15:00:00,2013-11-18 15:00:00,2013-11-19 15:00:00,2013-11-19 21:00:00,2013-11-20 15:00:00,False,none
train,220,2013305N07141,2013-11-19 18:00:00,2013-11-18 18:00:00,2013-11-19 18:00:00,2013-11-20 00:00:00,2013-11-20 18:00:00,False,none
train,221,2013305N07141,2013-11-19 21:00:00,2013-11-18 21:00:00,2013-11-19 21:00:00,2013-11-20 03:00:00,2013-11-20 21:00:00,False,none
train,222,2013305N07141,2013-11-20 00:00:00,2013-11-19 00:00:00,2013-11-20 00:00:00,2013-11-20 06:00:00,2013-11-21 00:00:00,False,none
train,223,2013322N13090,2013-11-19 00:00:00,2013-11-18 00:00:00,2013-11-19 00:00:00,2013-11-19 06:00:00,2013-11-20 00:00:00,False,none
train,224,2013322N13090,2013-11-19 03:00:00,2013-11-18 03:00:00,2013-11-19 03:00:00,2013-11-19 09:00:00,2013-11-20 03:00:00,False,none
train,225,2013322N13090,2013-11-19 06:00:00,2013-11-18 06:00:00,2013-11-19 06:00:00,2013-11-19 12:00:00,2013-11-20 06:00:00,False,none
train,226,2013322N13090,2013-11-19 09:00:00,2013-11-18 09:00:00,2013-11-19 09:00:00,2013-11-19 15:00:00,2013-11-20 09:00:00,False,none
train,227,2013322N13090,2013-11-19 12:00:00,2013-11-18 12:00:00,2013-11-19 12:00:00,2013-11-19 18:00:00,2013-11-20 12:00:00,False,none
train,228,2013322N13090,2013-11-19 15:00:00,2013-11-18 15:00:00,2013-11-19 15:00:00,2013-11-19 21:00:00,2013-11-20 15:00:00,False,none
train,229,2013322N13090,2013-11-19 18:00:00,2013-11-18 18:00:00,2013-11-19 18:00:00,2013-11-20 00:00:00,2013-11-20 18:00:00,False,none
train,230,2013322N13090,2013-11-19 21:00:00,2013-11-18 21:00:00,2013-11-19 21:00:00,2013-11-20 03:00:00,2013-11-20 21:00:00,False,none
train,231,2013322N13090,2013-11-20 00:00:00,2013-11-19 00:00:00,2013-11-20 00:00:00,2013-11-20 06:00:00,2013-11-21 00:00:00,False,none
train,232,2013322N13090,2013-11-20 03:00:00,2013-11-19 03:00:00,2013-11-20 03:00:00,2013-11-20 09:00:00,2013-11-21 03:00:00,False,none
train,233,2013322N13090,2013-11-20 06:00:00,2013-11-19 06:00:00,2013-11-20 06:00:00,2013-11-20 12:00:00,2013-11-21 06:00:00,False,none
train,234,2013322N13090,2013-11-20 09:00:00,2013-11-19 09:00:00,2013-11-20 09:00:00,2013-11-20 15:00:00,2013-11-21 09:00:00,False,none
train,235,2013322N13090,2013-11-20 12:00:00,2013-11-19 12:00:00,2013-11-20 12:00:00,2013-11-20 18:00:00,2013-11-21 12:00:00,False,none
train,236,2013322N13090,2013-11-20 15:00:00,2013-11-19 15:00:00,2013-11-20 15:00:00,2013-11-20 21:00:00,2013-11-21 15:00:00,False,none
train,237,2013322N13090,2013-11-20 18:00:00,2013-11-19 18:00:00,2013-11-20 18:00:00,2013-11-21 00:00:00,2013-11-21 18:00:00,False,none
train,238,2013322N13090,2013-11-20 21:00:00,2013-11-19 21:00:00,2013-11-20 21:00:00,2013-11-21 03:00:00,2013-11-21 21:00:00,False,none
train,239,2013322N13090,2013-11-21 00:00:00,2013-11-20 00:00:00,2013-11-21 00:00:00,2013-11-21 06:00:00,2013-11-22 00:00:00,False,none
train,240,2013322N13090,2013-11-21 03:00:00,2013-11-20 03:00:00,2013-11-21 03:00:00,2013-11-21 09:00:00,2013-11-22 03:00:00,False,none
train,241,2013322N13090,2013-11-21 06:00:00,2013-11-20 06:00:00,2013-11-21 06:00:00,2013-11-21 12:00:00,2013-11-22 06:00:00,False,none
train,242,2013322N13090,2013-11-21 09:00:00,2013-11-20 09:00:00,2013-11-21 09:00:00,2013-11-21 15:00:00,2013-11-22 09:00:00,False,none
train,243,2013322N13090,2013-11-21 12:00:00,2013-11-20 12:00:00,2013-11-21 12:00:00,2013-11-21 18:00:00,2013-11-22 12:00:00,False,none
train,244,2013322N13090,2013-11-21 15:00:00,2013-11-20 15:00:00,2013-11-21 15:00:00,2013-11-21 21:00:00,2013-11-22 15:00:00,False,none
train,245,2013322N13090,2013-11-21 18:00:00,2013-11-20 18:00:00,2013-11-21 18:00:00,2013-11-22 00:00:00,2013-11-22 18:00:00,False,none
train,246,2013322N13090,2013-11-21 21:00:00,2013-11-20 21:00:00,2013-11-21 21:00:00,2013-11-22 03:00:00,2013-11-22 21:00:00,False,none
train,247,2013322N13090,2013-11-22 00:00:00,2013-11-21 00:00:00,2013-11-22 00:00:00,2013-11-22 06:00:00,2013-11-23 00:00:00,False,none
train,248,2013322N13090,2013-11-22 03:00:00,2013-11-21 03:00:00,2013-11-22 03:00:00,2013-11-22 09:00:00,2013-11-23 03:00:00,False,none
train,249,2013322N13090,2013-11-22 06:00:00,2013-11-21 06:00:00,2013-11-22 06:00:00,2013-11-22 12:00:00,2013-11-23 06:00:00,False,none
train,250,2013324N07103,2013-11-20 18:00:00,2013-11-19 18:00:00,2013-11-20 18:00:00,2013-11-21 00:00:00,2013-11-21 18:00:00,False,none
train,251,2013324N07103,2013-11-20 21:00:00,2013-11-19 21:00:00,2013-11-20 21:00:00,2013-11-21 03:00:00,2013-11-21 21:00:00,False,none
train,252,2013324N07103,2013-11-21 00:00:00,2013-11-20 00:00:00,2013-11-21 00:00:00,2013-11-21 06:00:00,2013-11-22 00:00:00,False,none
train,253,2013324N07103,2013-11-21 03:00:00,2013-11-20 03:00:00,2013-11-21 03:00:00,2013-11-21 09:00:00,2013-11-22 03:00:00,False,none
train,254,2013324N07103,2013-11-21 06:00:00,2013-11-20 06:00:00,2013-11-21 06:00:00,2013-11-21 12:00:00,2013-11-22 06:00:00,False,none
train,255,2013324N07103,2013-11-21 09:00:00,2013-11-20 09:00:00,2013-11-21 09:00:00,2013-11-21 15:00:00,2013-11-22 09:00:00,False,none
train,256,2013324N07103,2013-11-21 12:00:00,2013-11-20 12:00:00,2013-11-21 12:00:00,2013-11-21 18:00:00,2013-11-22 12:00:00,False,none
train,257,2013324N07103,2013-11-21 15:00:00,2013-11-20 15:00:00,2013-11-21 15:00:00,2013-11-21 21:00:00,2013-11-22 15:00:00,False,none
train,258,2013324N07103,2013-11-21 18:00:00,2013-11-20 18:00:00,2013-11-21 18:00:00,2013-11-22 00:00:00,2013-11-22 18:00:00,False,none
train,259,2013324N07103,2013-11-21 21:00:00,2013-11-20 21:00:00,2013-11-21 21:00:00,2013-11-22 03:00:00,2013-11-22 21:00:00,False,none
train,260,2013324N07103,2013-11-22 00:00:00,2013-11-21 00:00:00,2013-11-22 00:00:00,2013-11-22 06:00:00,2013-11-23 00:00:00,False,none
train,261,2013324N07103,2013-11-22 03:00:00,2013-11-21 03:00:00,2013-11-22 03:00:00,2013-11-22 09:00:00,2013-11-23 03:00:00,False,none
train,262,2013324N07103,2013-11-22 06:00:00,2013-11-21 06:00:00,2013-11-22 06:00:00,2013-11-22 12:00:00,2013-11-23 06:00:00,False,none
train,263,2013324N07103,2013-11-22 09:00:00,2013-11-21 09:00:00,2013-11-22 09:00:00,2013-11-22 15:00:00,2013-11-23 09:00:00,False,none
train,264,2013324N07103,2013-11-22 12:00:00,2013-11-21 12:00:00,2013-11-22 12:00:00,2013-11-22 18:00:00,2013-11-23 12:00:00,False,none
train,265,2013324N07103,2013-11-22 15:00:00,2013-11-21 15:00:00,2013-11-22 15:00:00,2013-11-22 21:00:00,2013-11-23 15:00:00,False,none
train,266,2013324N07103,2013-11-22 18:00:00,2013-11-21 18:00:00,2013-11-22 18:00:00,2013-11-23 00:00:00,2013-11-23 18:00:00,False,none
train,267,2013324N07103,2013-11-22 21:00:00,2013-11-21 21:00:00,2013-11-22 21:00:00,2013-11-23 03:00:00,2013-11-23 21:00:00,False,none
train,268,2013324N07103,2013-11-23 00:00:00,2013-11-22 00:00:00,2013-11-23 00:00:00,2013-11-23 06:00:00,2013-11-24 00:00:00,False,none
train,269,2013324N07103,2013-11-23 03:00:00,2013-11-22 03:00:00,2013-11-23 03:00:00,2013-11-23 09:00:00,2013-11-24 03:00:00,False,none
train,270,2013324N07103,2013-11-23 06:00:00,2013-11-22 06:00:00,2013-11-23 06:00:00,2013-11-23 12:00:00,2013-11-24 06:00:00,False,none
train,271,2013324N07103,2013-11-23 09:00:00,2013-11-22 09:00:00,2013-11-23 09:00:00,2013-11-23 15:00:00,2013-11-24 09:00:00,False,none
train,272,2013324N07103,2013-11-23 12:00:00,2013-11-22 12:00:00,2013-11-23 12:00:00,2013-11-23 18:00:00,2013-11-24 12:00:00,False,none
train,273,2013324N07103,2013-11-23 15:00:00,2013-11-22 15:00:00,2013-11-23 15:00:00,2013-11-23 21:00:00,2013-11-24 15:00:00,False,none
train,274,2013324N07103,2013-11-23 18:00:00,2013-11-22 18:00:00,2013-11-23 18:00:00,2013-11-24 00:00:00,2013-11-24 18:00:00,False,none
train,275,2013324N07103,2013-11-23 21:00:00,2013-11-22 21:00:00,2013-11-23 21:00:00,2013-11-24 03:00:00,2013-11-24 21:00:00,False,none
train,276,2013324N07103,2013-11-24 00:00:00,2013-11-23 00:00:00,2013-11-24 00:00:00,2013-11-24 06:00:00,2013-11-25 00:00:00,False,none
train,277,2013324N07103,2013-11-24 03:00:00,2013-11-23 03:00:00,2013-11-24 03:00:00,2013-11-24 09:00:00,2013-11-25 03:00:00,False,none
train,278,2013324N07103,2013-11-24 06:00:00,2013-11-23 06:00:00,2013-11-24 06:00:00,2013-11-24 12:00:00,2013-11-25 06:00:00,False,none
train,279,2013324N07103,2013-11-24 09:00:00,2013-11-23 09:00:00,2013-11-24 09:00:00,2013-11-24 15:00:00,2013-11-25 09:00:00,False,none
train,280,2013324N07103,2013-11-24 12:00:00,2013-11-23 12:00:00,2013-11-24 12:00:00,2013-11-24 18:00:00,2013-11-25 12:00:00,False,none
train,281,2013324N07103,2013-11-24 15:00:00,2013-11-23 15:00:00,2013-11-24 15:00:00,2013-11-24 21:00:00,2013-11-25 15:00:00,False,none
train,282,2013324N07103,2013-11-24 18:00:00,2013-11-23 18:00:00,2013-11-24 18:00:00,2013-11-25 00:00:00,2013-11-25 18:00:00,False,none
train,283,2013324N07103,2013-11-24 21:00:00,2013-11-23 21:00:00,2013-11-24 21:00:00,2013-11-25 03:00:00,2013-11-25 21:00:00,False,none
train,284,2013324N07103,2013-11-25 00:00:00,2013-11-24 00:00:00,2013-11-25 00:00:00,2013-11-25 06:00:00,2013-11-26 00:00:00,False,none
train,285,2013324N07103,2013-11-25 03:00:00,2013-11-24 03:00:00,2013-11-25 03:00:00,2013-11-25 09:00:00,2013-11-26 03:00:00,False,none
train,286,2013324N07103,2013-11-25 06:00:00,2013-11-24 06:00:00,2013-11-25 06:00:00,2013-11-25 12:00:00,2013-11-26 06:00:00,False,none
train,287,2013324N07103,2013-11-25 09:00:00,2013-11-24 09:00:00,2013-11-25 09:00:00,2013-11-25 15:00:00,2013-11-26 09:00:00,False,none
train,288,2013324N07103,2013-11-25 12:00:00,2013-11-24 12:00:00,2013-11-25 12:00:00,2013-11-25 18:00:00,2013-11-26 12:00:00,False,none
train,289,2013324N07103,2013-11-25 15:00:00,2013-11-24 15:00:00,2013-11-25 15:00:00,2013-11-25 21:00:00,2013-11-26 15:00:00,False,none
train,290,2013324N07103,2013-11-25 18:00:00,2013-11-24 18:00:00,2013-11-25 18:00:00,2013-11-26 00:00:00,2013-11-26 18:00:00,False,none
train,291,2013324N07103,2013-11-25 21:00:00,2013-11-24 21:00:00,2013-11-25 21:00:00,2013-11-26 03:00:00,2013-11-26 21:00:00,False,none
train,292,2013324N07103,2013-11-26 00:00:00,2013-11-25 00:00:00,2013-11-26 00:00:00,2013-11-26 06:00:00,2013-11-27 00:00:00,False,none
train,293,2013324N07103,2013-11-26 03:00:00,2013-11-25 03:00:00,2013-11-26 03:00:00,2013-11-26 09:00:00,2013-11-27 03:00:00,False,none
train,294,2013324N07103,2013-11-26 06:00:00,2013-11-25 06:00:00,2013-11-26 06:00:00,2013-11-26 12:00:00,2013-11-27 06:00:00,False,none
train,295,2013324N07103,2013-11-26 09:00:00,2013-11-25 09:00:00,2013-11-26 09:00:00,2013-11-26 15:00:00,2013-11-27 09:00:00,False,none
train,296,2013324N07103,2013-11-26 12:00:00,2013-11-25 12:00:00,2013-11-26 12:00:00,2013-11-26 18:00:00,2013-11-27 12:00:00,False,none
train,297,2013324N07103,2013-11-26 15:00:00,2013-11-25 15:00:00,2013-11-26 15:00:00,2013-11-26 21:00:00,2013-11-27 15:00:00,False,none
train,298,2013324N07103,2013-11-26 18:00:00,2013-11-25 18:00:00,2013-11-26 18:00:00,2013-11-27 00:00:00,2013-11-27 18:00:00,False,none
train,299,2013324N07103,2013-11-26 21:00:00,2013-11-25 21:00:00,2013-11-26 21:00:00,2013-11-27 03:00:00,2013-11-27 21:00:00,False,none
train,300,2013324N07103,2013-11-27 00:00:00,2013-11-26 00:00:00,2013-11-27 00:00:00,2013-11-27 06:00:00,2013-11-28 00:00:00,False,none
train,301,2013324N07103,2013-11-27 03:00:00,2013-11-26 03:00:00,2013-11-27 03:00:00,2013-11-27 09:00:00,2013-11-28 03:00:00,False,none
train,302,2013324N07103,2013-11-27 06:00:00,2013-11-26 06:00:00,2013-11-27 06:00:00,2013-11-27 12:00:00,2013-11-28 06:00:00,False,none
train,303,2013324N07103,2013-11-27 09:00:00,2013-11-26 09:00:00,2013-11-27 09:00:00,2013-11-27 15:00:00,2013-11-28 09:00:00,False,none
train,304,2013324N07103,2013-11-27 12:00:00,2013-11-26 12:00:00,2013-11-27 12:00:00,2013-11-27 18:00:00,2013-11-28 12:00:00,False,none
train,305,2013324N07103,2013-11-27 15:00:00,2013-11-26 15:00:00,2013-11-27 15:00:00,2013-11-27 21:00:00,2013-11-28 15:00:00,False,none
train,306,2013324N07103,2013-11-27 18:00:00,2013-11-26 18:00:00,2013-11-27 18:00:00,2013-11-28 00:00:00,2013-11-28 18:00:00,False,none
train,307,2013324N07103,2013-11-27 21:00:00,2013-11-26 21:00:00,2013-11-27 21:00:00,2013-11-28 03:00:00,2013-11-28 21:00:00,False,none
train,308,2013324N07103,2013-11-28 00:00:00,2013-11-27 00:00:00,2013-11-28 00:00:00,2013-11-28 06:00:00,2013-11-29 00:00:00,False,none
train,309,2013339N09084,2013-12-06 00:00:00,2013-12-05 00:00:00,2013-12-06 00:00:00,2013-12-06 06:00:00,2013-12-07 00:00:00,False,none
train,310,2013339N09084,2013-12-06 03:00:00,2013-12-05 03:00:00,2013-12-06 03:00:00,2013-12-06 09:00:00,2013-12-07 03:00:00,False,none
train,311,2013339N09084,2013-12-06 06:00:00,2013-12-05 06:00:00,2013-12-06 06:00:00,2013-12-06 12:00:00,2013-12-07 06:00:00,False,none
train,312,2013339N09084,2013-12-06 09:00:00,2013-12-05 09:00:00,2013-12-06 09:00:00,2013-12-06 15:00:00,2013-12-07 09:00:00,False,none
train,313,2013339N09084,2013-12-06 12:00:00,2013-12-05 12:00:00,2013-12-06 12:00:00,2013-12-06 18:00:00,2013-12-07 12:00:00,False,none
train,314,2013339N09084,2013-12-06 15:00:00,2013-12-05 15:00:00,2013-12-06 15:00:00,2013-12-06 21:00:00,2013-12-07 15:00:00,False,none
train,315,2013339N09084,2013-12-06 18:00:00,2013-12-05 18:00:00,2013-12-06 18:00:00,2013-12-07 00:00:00,2013-12-07 18:00:00,False,none
train,316,2013339N09084,2013-12-06 21:00:00,2013-12-05 21:00:00,2013-12-06 21:00:00,2013-12-07 03:00:00,2013-12-07 21:00:00,False,none
train,317,2013339N09084,2013-12-07 00:00:00,2013-12-06 00:00:00,2013-12-07 00:00:00,2013-12-07 06:00:00,2013-12-08 00:00:00,False,none
train,318,2013339N09084,2013-12-07 03:00:00,2013-12-06 03:00:00,2013-12-07 03:00:00,2013-12-07 09:00:00,2013-12-08 03:00:00,False,none
train,319,2013339N09084,2013-12-07 06:00:00,2013-12-06 06:00:00,2013-12-07 06:00:00,2013-12-07 12:00:00,2013-12-08 06:00:00,False,none
train,320,2013339N09084,2013-12-07 09:00:00,2013-12-06 09:00:00,2013-12-07 09:00:00,2013-12-07 15:00:00,2013-12-08 09:00:00,False,none
train,321,2013339N09084,2013-12-07 12:00:00,2013-12-06 12:00:00,2013-12-07 12:00:00,2013-12-07 18:00:00,2013-12-08 12:00:00,False,none
train,322,2013339N09084,2013-12-07 15:00:00,2013-12-06 15:00:00,2013-12-07 15:00:00,2013-12-07 21:00:00,2013-12-08 15:00:00,False,none
train,323,2013339N09084,2013-12-07 18:00:00,2013-12-06 18:00:00,2013-12-07 18:00:00,2013-12-08 00:00:00,2013-12-08 18:00:00,False,none
train,324,2013339N09084,2013-12-07 21:00:00,2013-12-06 21:00:00,2013-12-07 21:00:00,2013-12-08 03:00:00,2013-12-08 21:00:00,False,none
train,325,2013339N09084,2013-12-08 00:00:00,2013-12-07 00:00:00,2013-12-08 00:00:00,2013-12-08 06:00:00,2013-12-09 00:00:00,False,none
train,326,2013339N09084,2013-12-08 03:00:00,2013-12-07 03:00:00,2013-12-08 03:00:00,2013-12-08 09:00:00,2013-12-09 03:00:00,False,none
train,327,2013339N09084,2013-12-08 06:00:00,2013-12-07 06:00:00,2013-12-08 06:00:00,2013-12-08 12:00:00,2013-12-09 06:00:00,False,none
train,328,2013339N09084,2013-12-08 09:00:00,2013-12-07 09:00:00,2013-12-08 09:00:00,2013-12-08 15:00:00,2013-12-09 09:00:00,False,none
train,329,2013339N09084,2013-12-08 12:00:00,2013-12-07 12:00:00,2013-12-08 12:00:00,2013-12-08 18:00:00,2013-12-09 12:00:00,False,none
train,330,2013339N09084,2013-12-08 15:00:00,2013-12-07 15:00:00,2013-12-08 15:00:00,2013-12-08 21:00:00,2013-12-09 15:00:00,False,none
train,331,2013339N09084,2013-12-08 18:00:00,2013-12-07 18:00:00,2013-12-08 18:00:00,2013-12-09 00:00:00,2013-12-09 18:00:00,False,none
train,332,2013339N09084,2013-12-08 21:00:00,2013-12-07 21:00:00,2013-12-08 21:00:00,2013-12-09 03:00:00,2013-12-09 21:00:00,False,none
train,333,2013339N09084,2013-12-09 00:00:00,2013-12-08 00:00:00,2013-12-09 00:00:00,2013-12-09 06:00:00,2013-12-10 00:00:00,False,none
train,334,2013339N09084,2013-12-09 03:00:00,2013-12-08 03:00:00,2013-12-09 03:00:00,2013-12-09 09:00:00,2013-12-10 03:00:00,False,none
train,335,2013339N09084,2013-12-09 06:00:00,2013-12-08 06:00:00,2013-12-09 06:00:00,2013-12-09 12:00:00,2013-12-10 06:00:00,False,none
train,336,2013339N09084,2013-12-09 09:00:00,2013-12-08 09:00:00,2013-12-09 09:00:00,2013-12-09 15:00:00,2013-12-10 09:00:00,False,none
train,337,2013339N09084,2013-12-09 12:00:00,2013-12-08 12:00:00,2013-12-09 12:00:00,2013-12-09 18:00:00,2013-12-10 12:00:00,False,none
train,338,2013339N09084,2013-12-09 15:00:00,2013-12-08 15:00:00,2013-12-09 15:00:00,2013-12-09 21:00:00,2013-12-10 15:00:00,False,none
train,339,2013339N09084,2013-12-09 18:00:00,2013-12-08 18:00:00,2013-12-09 18:00:00,2013-12-10 00:00:00,2013-12-10 18:00:00,False,none
train,340,2013339N09084,2013-12-09 21:00:00,2013-12-08 21:00:00,2013-12-09 21:00:00,2013-12-10 03:00:00,2013-12-10 21:00:00,False,none
train,341,2013339N09084,2013-12-10 00:00:00,2013-12-09 00:00:00,2013-12-10 00:00:00,2013-12-10 06:00:00,2013-12-11 00:00:00,False,none
train,342,2013339N09084,2013-12-10 03:00:00,2013-12-09 03:00:00,2013-12-10 03:00:00,2013-12-10 09:00:00,2013-12-11 03:00:00,False,none
train,343,2013339N09084,2013-12-10 06:00:00,2013-12-09 06:00:00,2013-12-10 06:00:00,2013-12-10 12:00:00,2013-12-11 06:00:00,False,none
train,344,2013339N09084,2013-12-10 09:00:00,2013-12-09 09:00:00,2013-12-10 09:00:00,2013-12-10 15:00:00,2013-12-11 09:00:00,False,none
train,345,2013339N09084,2013-12-10 12:00:00,2013-12-09 12:00:00,2013-12-10 12:00:00,2013-12-10 18:00:00,2013-12-11 12:00:00,False,none
train,346,2013339N09084,2013-12-10 15:00:00,2013-12-09 15:00:00,2013-12-10 15:00:00,2013-12-10 21:00:00,2013-12-11 15:00:00,False,none
train,347,2013339N09084,2013-12-10 18:00:00,2013-12-09 18:00:00,2013-12-10 18:00:00,2013-12-11 00:00:00,2013-12-11 18:00:00,False,none
train,348,2013339N09084,2013-12-10 21:00:00,2013-12-09 21:00:00,2013-12-10 21:00:00,2013-12-11 03:00:00,2013-12-11 21:00:00,False,none
train,349,2013339N09084,2013-12-11 00:00:00,2013-12-10 00:00:00,2013-12-11 00:00:00,2013-12-11 06:00:00,2013-12-12 00:00:00,False,none
train,350,2013339N09084,2013-12-11 03:00:00,2013-12-10 03:00:00,2013-12-11 03:00:00,2013-12-11 09:00:00,2013-12-12 03:00:00,False,none
train,351,2013339N09084,2013-12-11 06:00:00,2013-12-10 06:00:00,2013-12-11 06:00:00,2013-12-11 12:00:00,2013-12-12 06:00:00,False,none
train,352,2013339N09084,2013-12-11 09:00:00,2013-12-10 09:00:00,2013-12-11 09:00:00,2013-12-11 15:00:00,2013-12-12 09:00:00,False,none
train,353,2013339N09084,2013-12-11 12:00:00,2013-12-10 12:00:00,2013-12-11 12:00:00,2013-12-11 18:00:00,2013-12-12 12:00:00,False,none
train,354,2013339N09084,2013-12-11 15:00:00,2013-12-10 15:00:00,2013-12-11 15:00:00,2013-12-11 21:00:00,2013-12-12 15:00:00,False,none
train,355,2013339N09084,2013-12-11 18:00:00,2013-12-10 18:00:00,2013-12-11 18:00:00,2013-12-12 00:00:00,2013-12-12 18:00:00,False,none
train,356,2014003N08086,2014-01-03 18:00:00,2014-01-02 18:00:00,2014-01-03 18:00:00,2014-01-04 00:00:00,2014-01-04 18:00:00,False,none
train,357,2014003N08086,2014-01-03 21:00:00,2014-01-02 21:00:00,2014-01-03 21:00:00,2014-01-04 03:00:00,2014-01-04 21:00:00,False,none
train,358,2014003N08086,2014-01-04 00:00:00,2014-01-03 00:00:00,2014-01-04 00:00:00,2014-01-04 06:00:00,2014-01-05 00:00:00,False,none
train,359,2014003N08086,2014-01-04 03:00:00,2014-01-03 03:00:00,2014-01-04 03:00:00,2014-01-04 09:00:00,2014-01-05 03:00:00,False,none
train,360,2014003N08086,2014-01-04 06:00:00,2014-01-03 06:00:00,2014-01-04 06:00:00,2014-01-04 12:00:00,2014-01-05 06:00:00,False,none
train,361,2014003N08086,2014-01-04 09:00:00,2014-01-03 09:00:00,2014-01-04 09:00:00,2014-01-04 15:00:00,2014-01-05 09:00:00,False,none
train,362,2014003N08086,2014-01-04 12:00:00,2014-01-03 12:00:00,2014-01-04 12:00:00,2014-01-04 18:00:00,2014-01-05 12:00:00,False,none
train,363,2014003N08086,2014-01-04 15:00:00,2014-01-03 15:00:00,2014-01-04 15:00:00,2014-01-04 21:00:00,2014-01-05 15:00:00,False,none
train,364,2014003N08086,2014-01-04 18:00:00,2014-01-03 18:00:00,2014-01-04 18:00:00,2014-01-05 00:00:00,2014-01-05 18:00:00,False,none
train,365,2014003N08086,2014-01-04 21:00:00,2014-01-03 21:00:00,2014-01-04 21:00:00,2014-01-05 03:00:00,2014-01-05 21:00:00,False,none
train,366,2014003N08086,2014-01-05 00:00:00,2014-01-04 00:00:00,2014-01-05 00:00:00,2014-01-05 06:00:00,2014-01-06 00:00:00,False,none
train,367,2014003N08086,2014-01-05 03:00:00,2014-01-04 03:00:00,2014-01-05 03:00:00,2014-01-05 09:00:00,2014-01-06 03:00:00,False,none
train,368,2014003N08086,2014-01-05 06:00:00,2014-01-04 06:00:00,2014-01-05 06:00:00,2014-01-05 12:00:00,2014-01-06 06:00:00,False,none
train,369,2014003N08086,2014-01-05 09:00:00,2014-01-04 09:00:00,2014-01-05 09:00:00,2014-01-05 15:00:00,2014-01-06 09:00:00,False,none
train,370,2014003N08086,2014-01-05 12:00:00,2014-01-04 12:00:00,2014-01-05 12:00:00,2014-01-05 18:00:00,2014-01-06 12:00:00,False,none
train,371,2014003N08086,2014-01-05 15:00:00,2014-01-04 15:00:00,2014-01-05 15:00:00,2014-01-05 21:00:00,2014-01-06 15:00:00,False,none
train,372,2014003N08086,2014-01-05 18:00:00,2014-01-04 18:00:00,2014-01-05 18:00:00,2014-01-06 00:00:00,2014-01-06 18:00:00,False,none
train,373,2014003N08086,2014-01-05 21:00:00,2014-01-04 21:00:00,2014-01-05 21:00:00,2014-01-06 03:00:00,2014-01-06 21:00:00,False,none
train,374,2014003N08086,2014-01-06 00:00:00,2014-01-05 00:00:00,2014-01-06 00:00:00,2014-01-06 06:00:00,2014-01-07 00:00:00,False,none
train,375,2014003N08086,2014-01-06 03:00:00,2014-01-05 03:00:00,2014-01-06 03:00:00,2014-01-06 09:00:00,2014-01-07 03:00:00,False,none
train,376,2014003N08086,2014-01-06 06:00:00,2014-01-05 06:00:00,2014-01-06 06:00:00,2014-01-06 12:00:00,2014-01-07 06:00:00,False,none
train,377,2014003N08086,2014-01-06 09:00:00,2014-01-05 09:00:00,2014-01-06 09:00:00,2014-01-06 15:00:00,2014-01-07 09:00:00,False,none
train,378,2014003N08086,2014-01-06 12:00:00,2014-01-05 12:00:00,2014-01-06 12:00:00,2014-01-06 18:00:00,2014-01-07 12:00:00,False,none
train,379,2014003N08086,2014-01-06 15:00:00,2014-01-05 15:00:00,2014-01-06 15:00:00,2014-01-06 21:00:00,2014-01-07 15:00:00,False,none
train,380,2014003N08086,2014-01-06 18:00:00,2014-01-05 18:00:00,2014-01-06 18:00:00,2014-01-07 00:00:00,2014-01-07 18:00:00,False,none
train,381,2014003N08086,2014-01-06 21:00:00,2014-01-05 21:00:00,2014-01-06 21:00:00,2014-01-07 03:00:00,2014-01-07 21:00:00,False,none
train,382,2014003N08086,2014-01-07 00:00:00,2014-01-06 00:00:00,2014-01-07 00:00:00,2014-01-07 06:00:00,2014-01-08 00:00:00,False,none
train,383,2014003N08086,2014-01-07 03:00:00,2014-01-06 03:00:00,2014-01-07 03:00:00,2014-01-07 09:00:00,2014-01-08 03:00:00,False,none
train,384,2014003N08086,2014-01-07 06:00:00,2014-01-06 06:00:00,2014-01-07 06:00:00,2014-01-07 12:00:00,2014-01-08 06:00:00,False,none
train,385,2014003N08086,2014-01-07 09:00:00,2014-01-06 09:00:00,2014-01-07 09:00:00,2014-01-07 15:00:00,2014-01-08 09:00:00,False,none
train,386,2014003N08086,2014-01-07 12:00:00,2014-01-06 12:00:00,2014-01-07 12:00:00,2014-01-07 18:00:00,2014-01-08 12:00:00,False,none
train,387,2014159N12068,2014-06-09 06:00:00,2014-06-08 06:00:00,2014-06-09 06:00:00,2014-06-09 12:00:00,2014-06-10 06:00:00,False,none
train,388,2014159N12068,2014-06-09 09:00:00,2014-06-08 09:00:00,2014-06-09 09:00:00,2014-06-09 15:00:00,2014-06-10 09:00:00,False,none
train,389,2014159N12068,2014-06-09 12:00:00,2014-06-08 12:00:00,2014-06-09 12:00:00,2014-06-09 18:00:00,2014-06-10 12:00:00,False,none
train,390,2014159N12068,2014-06-09 15:00:00,2014-06-08 15:00:00,2014-06-09 15:00:00,2014-06-09 21:00:00,2014-06-10 15:00:00,False,none
train,391,2014159N12068,2014-06-09 18:00:00,2014-06-08 18:00:00,2014-06-09 18:00:00,2014-06-10 00:00:00,2014-06-10 18:00:00,False,none
train,392,2014159N12068,2014-06-09 21:00:00,2014-06-08 21:00:00,2014-06-09 21:00:00,2014-06-10 03:00:00,2014-06-10 21:00:00,False,none
train,393,2014159N12068,2014-06-10 00:00:00,2014-06-09 00:00:00,2014-06-10 00:00:00,2014-06-10 06:00:00,2014-06-11 00:00:00,False,none
train,394,2014159N12068,2014-06-10 03:00:00,2014-06-09 03:00:00,2014-06-10 03:00:00,2014-06-10 09:00:00,2014-06-11 03:00:00,False,none
train,395,2014159N12068,2014-06-10 06:00:00,2014-06-09 06:00:00,2014-06-10 06:00:00,2014-06-10 12:00:00,2014-06-11 06:00:00,False,none
train,396,2014159N12068,2014-06-10 09:00:00,2014-06-09 09:00:00,2014-06-10 09:00:00,2014-06-10 15:00:00,2014-06-11 09:00:00,False,none
train,397,2014159N12068,2014-06-10 12:00:00,2014-06-09 12:00:00,2014-06-10 12:00:00,2014-06-10 18:00:00,2014-06-11 12:00:00,False,none
train,398,2014159N12068,2014-06-10 15:00:00,2014-06-09 15:00:00,2014-06-10 15:00:00,2014-06-10 21:00:00,2014-06-11 15:00:00,False,none
train,399,2014159N12068,2014-06-10 18:00:00,2014-06-09 18:00:00,2014-06-10 18:00:00,2014-06-11 00:00:00,2014-06-11 18:00:00,False,none
train,400,2014159N12068,2014-06-10 21:00:00,2014-06-09 21:00:00,2014-06-10 21:00:00,2014-06-11 03:00:00,2014-06-11 21:00:00,False,none
train,401,2014159N12068,2014-06-11 00:00:00,2014-06-10 00:00:00,2014-06-11 00:00:00,2014-06-11 06:00:00,2014-06-12 00:00:00,False,none
train,402,2014159N12068,2014-06-11 03:00:00,2014-06-10 03:00:00,2014-06-11 03:00:00,2014-06-11 09:00:00,2014-06-12 03:00:00,False,none
train,403,2014159N12068,2014-06-11 06:00:00,2014-06-10 06:00:00,2014-06-11 06:00:00,2014-06-11 12:00:00,2014-06-12 06:00:00,False,none
train,404,2014159N12068,2014-06-11 09:00:00,2014-06-10 09:00:00,2014-06-11 09:00:00,2014-06-11 15:00:00,2014-06-12 09:00:00,False,none
train,405,2014159N12068,2014-06-11 12:00:00,2014-06-10 12:00:00,2014-06-11 12:00:00,2014-06-11 18:00:00,2014-06-12 12:00:00,False,none
train,406,2014159N12068,2014-06-11 15:00:00,2014-06-10 15:00:00,2014-06-11 15:00:00,2014-06-11 21:00:00,2014-06-12 15:00:00,False,none
train,407,2014159N12068,2014-06-11 18:00:00,2014-06-10 18:00:00,2014-06-11 18:00:00,2014-06-12 00:00:00,2014-06-12 18:00:00,False,none
train,408,2014159N12068,2014-06-11 21:00:00,2014-06-10 21:00:00,2014-06-11 21:00:00,2014-06-12 03:00:00,2014-06-12 21:00:00,False,none
train,409,2014159N12068,2014-06-12 00:00:00,2014-06-11 00:00:00,2014-06-12 00:00:00,2014-06-12 06:00:00,2014-06-13 00:00:00,False,none
train,410,2014159N12068,2014-06-12 03:00:00,2014-06-11 03:00:00,2014-06-12 03:00:00,2014-06-12 09:00:00,2014-06-13 03:00:00,False,none
train,411,2014159N12068,2014-06-12 06:00:00,2014-06-11 06:00:00,2014-06-12 06:00:00,2014-06-12 12:00:00,2014-06-13 06:00:00,False,none
train,412,2014159N12068,2014-06-12 09:00:00,2014-06-11 09:00:00,2014-06-12 09:00:00,2014-06-12 15:00:00,2014-06-13 09:00:00,False,none
train,413,2014159N12068,2014-06-12 12:00:00,2014-06-11 12:00:00,2014-06-12 12:00:00,2014-06-12 18:00:00,2014-06-13 12:00:00,False,none
train,414,2014159N12068,2014-06-12 15:00:00,2014-06-11 15:00:00,2014-06-12 15:00:00,2014-06-12 21:00:00,2014-06-13 15:00:00,False,none
train,415,2014159N12068,2014-06-12 18:00:00,2014-06-11 18:00:00,2014-06-12 18:00:00,2014-06-13 00:00:00,2014-06-13 18:00:00,False,none
train,416,2014159N12068,2014-06-12 21:00:00,2014-06-11 21:00:00,2014-06-12 21:00:00,2014-06-13 03:00:00,2014-06-13 21:00:00,False,none
train,417,2014159N12068,2014-06-13 00:00:00,2014-06-12 00:00:00,2014-06-13 00:00:00,2014-06-13 06:00:00,2014-06-14 00:00:00,False,none
train,418,2014159N12068,2014-06-13 03:00:00,2014-06-12 03:00:00,2014-06-13 03:00:00,2014-06-13 09:00:00,2014-06-14 03:00:00,False,none
train,419,2014159N12068,2014-06-13 06:00:00,2014-06-12 06:00:00,2014-06-13 06:00:00,2014-06-13 12:00:00,2014-06-14 06:00:00,False,none
train,420,2014159N12068,2014-06-13 09:00:00,2014-06-12 09:00:00,2014-06-13 09:00:00,2014-06-13 15:00:00,2014-06-14 09:00:00,False,none
train,421,2014159N12068,2014-06-13 12:00:00,2014-06-12 12:00:00,2014-06-13 12:00:00,2014-06-13 18:00:00,2014-06-14 12:00:00,False,none
train,422,2014279N11096,2014-10-07 06:00:00,2014-10-06 06:00:00,2014-10-07 06:00:00,2014-10-07 12:00:00,2014-10-08 06:00:00,False,none
train,423,2014279N11096,2014-10-07 09:00:00,2014-10-06 09:00:00,2014-10-07 09:00:00,2014-10-07 15:00:00,2014-10-08 09:00:00,False,none
train,424,2014279N11096,2014-10-07 12:00:00,2014-10-06 12:00:00,2014-10-07 12:00:00,2014-10-07 18:00:00,2014-10-08 12:00:00,False,none
train,425,2014279N11096,2014-10-07 15:00:00,2014-10-06 15:00:00,2014-10-07 15:00:00,2014-10-07 21:00:00,2014-10-08 15:00:00,False,none
train,426,2014279N11096,2014-10-07 18:00:00,2014-10-06 18:00:00,2014-10-07 18:00:00,2014-10-08 00:00:00,2014-10-08 18:00:00,False,none
train,427,2014279N11096,2014-10-07 21:00:00,2014-10-06 21:00:00,2014-10-07 21:00:00,2014-10-08 03:00:00,2014-10-08 21:00:00,False,none
train,428,2014279N11096,2014-10-08 00:00:00,2014-10-07 00:00:00,2014-10-08 00:00:00,2014-10-08 06:00:00,2014-10-09 00:00:00,False,none
train,429,2014279N11096,2014-10-08 03:00:00,2014-10-07 03:00:00,2014-10-08 03:00:00,2014-10-08 09:00:00,2014-10-09 03:00:00,False,none
train,430,2014279N11096,2014-10-08 06:00:00,2014-10-07 06:00:00,2014-10-08 06:00:00,2014-10-08 12:00:00,2014-10-09 06:00:00,False,none
train,431,2014279N11096,2014-10-08 09:00:00,2014-10-07 09:00:00,2014-10-08 09:00:00,2014-10-08 15:00:00,2014-10-09 09:00:00,False,none
train,432,2014279N11096,2014-10-08 12:00:00,2014-10-07 12:00:00,2014-10-08 12:00:00,2014-10-08 18:00:00,2014-10-09 12:00:00,False,none
train,433,2014279N11096,2014-10-08 15:00:00,2014-10-07 15:00:00,2014-10-08 15:00:00,2014-10-08 21:00:00,2014-10-09 15:00:00,False,none
train,434,2014279N11096,2014-10-08 18:00:00,2014-10-07 18:00:00,2014-10-08 18:00:00,2014-10-09 00:00:00,2014-10-09 18:00:00,False,none
train,435,2014279N11096,2014-10-08 21:00:00,2014-10-07 21:00:00,2014-10-08 21:00:00,2014-10-09 03:00:00,2014-10-09 21:00:00,False,none
train,436,2014279N11096,2014-10-09 00:00:00,2014-10-08 00:00:00,2014-10-09 00:00:00,2014-10-09 06:00:00,2014-10-10 00:00:00,False,none
train,437,2014279N11096,2014-10-09 03:00:00,2014-10-08 03:00:00,2014-10-09 03:00:00,2014-10-09 09:00:00,2014-10-10 03:00:00,False,none
train,438,2014279N11096,2014-10-09 06:00:00,2014-10-08 06:00:00,2014-10-09 06:00:00,2014-10-09 12:00:00,2014-10-10 06:00:00,False,none
train,439,2014279N11096,2014-10-09 09:00:00,2014-10-08 09:00:00,2014-10-09 09:00:00,2014-10-09 15:00:00,2014-10-10 09:00:00,False,none
train,440,2014279N11096,2014-10-09 12:00:00,2014-10-08 12:00:00,2014-10-09 12:00:00,2014-10-09 18:00:00,2014-10-10 12:00:00,False,none
train,441,2014279N11096,2014-10-09 15:00:00,2014-10-08 15:00:00,2014-10-09 15:00:00,2014-10-09 21:00:00,2014-10-10 15:00:00,False,none
train,442,2014279N11096,2014-10-09 18:00:00,2014-10-08 18:00:00,2014-10-09 18:00:00,2014-10-10 00:00:00,2014-10-10 18:00:00,False,none
train,443,2014279N11096,2014-10-09 21:00:00,2014-10-08 21:00:00,2014-10-09 21:00:00,2014-10-10 03:00:00,2014-10-10 21:00:00,False,none
train,444,2014279N11096,2014-10-10 00:00:00,2014-10-09 00:00:00,2014-10-10 00:00:00,2014-10-10 06:00:00,2014-10-11 00:00:00,False,none
train,445,2014279N11096,2014-10-10 03:00:00,2014-10-09 03:00:00,2014-10-10 03:00:00,2014-10-10 09:00:00,2014-10-11 03:00:00,False,none
train,446,2014279N11096,2014-10-10 06:00:00,2014-10-09 06:00:00,2014-10-10 06:00:00,2014-10-10 12:00:00,2014-10-11 06:00:00,False,none
train,447,2014279N11096,2014-10-10 09:00:00,2014-10-09 09:00:00,2014-10-10 09:00:00,2014-10-10 15:00:00,2014-10-11 09:00:00,False,none
train,448,2014279N11096,2014-10-10 12:00:00,2014-10-09 12:00:00,2014-10-10 12:00:00,2014-10-10 18:00:00,2014-10-11 12:00:00,False,none
train,449,2014279N11096,2014-10-10 15:00:00,2014-10-09 15:00:00,2014-10-10 15:00:00,2014-10-10 21:00:00,2014-10-11 15:00:00,False,none
train,450,2014279N11096,2014-10-10 18:00:00,2014-10-09 18:00:00,2014-10-10 18:00:00,2014-10-11 00:00:00,2014-10-11 18:00:00,False,none
train,451,2014279N11096,2014-10-10 21:00:00,2014-10-09 21:00:00,2014-10-10 21:00:00,2014-10-11 03:00:00,2014-10-11 21:00:00,False,none
train,452,2014279N11096,2014-10-11 00:00:00,2014-10-10 00:00:00,2014-10-11 00:00:00,2014-10-11 06:00:00,2014-10-12 00:00:00,False,none
train,453,2014279N11096,2014-10-11 03:00:00,2014-10-10 03:00:00,2014-10-11 03:00:00,2014-10-11 09:00:00,2014-10-12 03:00:00,False,none
train,454,2014279N11096,2014-10-11 06:00:00,2014-10-10 06:00:00,2014-10-11 06:00:00,2014-10-11 12:00:00,2014-10-12 06:00:00,False,none
train,455,2014279N11096,2014-10-11 09:00:00,2014-10-10 09:00:00,2014-10-11 09:00:00,2014-10-11 15:00:00,2014-10-12 09:00:00,False,none
train,456,2014279N11096,2014-10-11 12:00:00,2014-10-10 12:00:00,2014-10-11 12:00:00,2014-10-11 18:00:00,2014-10-12 12:00:00,False,none
train,457,2014279N11096,2014-10-11 15:00:00,2014-10-10 15:00:00,2014-10-11 15:00:00,2014-10-11 21:00:00,2014-10-12 15:00:00,False,none
train,458,2014279N11096,2014-10-11 18:00:00,2014-10-10 18:00:00,2014-10-11 18:00:00,2014-10-12 00:00:00,2014-10-12 18:00:00,False,none
train,459,2014279N11096,2014-10-11 21:00:00,2014-10-10 21:00:00,2014-10-11 21:00:00,2014-10-12 03:00:00,2014-10-12 21:00:00,False,none
train,460,2014279N11096,2014-10-12 00:00:00,2014-10-11 00:00:00,2014-10-12 00:00:00,2014-10-12 06:00:00,2014-10-13 00:00:00,False,none
train,461,2014279N11096,2014-10-12 03:00:00,2014-10-11 03:00:00,2014-10-12 03:00:00,2014-10-12 09:00:00,2014-10-13 03:00:00,False,none
train,462,2014279N11096,2014-10-12 06:00:00,2014-10-11 06:00:00,2014-10-12 06:00:00,2014-10-12 12:00:00,2014-10-13 06:00:00,False,none
train,463,2014279N11096,2014-10-12 09:00:00,2014-10-11 09:00:00,2014-10-12 09:00:00,2014-10-12 15:00:00,2014-10-13 09:00:00,False,none
train,464,2014279N11096,2014-10-12 12:00:00,2014-10-11 12:00:00,2014-10-12 12:00:00,2014-10-12 18:00:00,2014-10-13 12:00:00,False,none
train,465,2014279N11096,2014-10-12 15:00:00,2014-10-11 15:00:00,2014-10-12 15:00:00,2014-10-12 21:00:00,2014-10-13 15:00:00,False,none
train,466,2014279N11096,2014-10-12 18:00:00,2014-10-11 18:00:00,2014-10-12 18:00:00,2014-10-13 00:00:00,2014-10-13 18:00:00,False,none
train,467,2014279N11096,2014-10-12 21:00:00,2014-10-11 21:00:00,2014-10-12 21:00:00,2014-10-13 03:00:00,2014-10-13 21:00:00,False,none
train,468,2014279N11096,2014-10-13 00:00:00,2014-10-12 00:00:00,2014-10-13 00:00:00,2014-10-13 06:00:00,2014-10-14 00:00:00,False,none
train,469,2014279N11096,2014-10-13 03:00:00,2014-10-12 03:00:00,2014-10-13 03:00:00,2014-10-13 09:00:00,2014-10-14 03:00:00,False,none
train,470,2014279N11096,2014-10-13 06:00:00,2014-10-12 06:00:00,2014-10-13 06:00:00,2014-10-13 12:00:00,2014-10-14 06:00:00,False,none
train,471,2014279N11096,2014-10-13 09:00:00,2014-10-12 09:00:00,2014-10-13 09:00:00,2014-10-13 15:00:00,2014-10-14 09:00:00,False,none
train,472,2014297N11062,2014-10-24 12:00:00,2014-10-23 12:00:00,2014-10-24 12:00:00,2014-10-24 18:00:00,2014-10-25 12:00:00,False,none
train,473,2014297N11062,2014-10-24 15:00:00,2014-10-23 15:00:00,2014-10-24 15:00:00,2014-10-24 21:00:00,2014-10-25 15:00:00,False,none
train,474,2014297N11062,2014-10-24 18:00:00,2014-10-23 18:00:00,2014-10-24 18:00:00,2014-10-25 00:00:00,2014-10-25 18:00:00,False,none
train,475,2014297N11062,2014-10-24 21:00:00,2014-10-23 21:00:00,2014-10-24 21:00:00,2014-10-25 03:00:00,2014-10-25 21:00:00,False,none
train,476,2014297N11062,2014-10-25 00:00:00,2014-10-24 00:00:00,2014-10-25 00:00:00,2014-10-25 06:00:00,2014-10-26 00:00:00,False,none
train,477,2014297N11062,2014-10-25 03:00:00,2014-10-24 03:00:00,2014-10-25 03:00:00,2014-10-25 09:00:00,2014-10-26 03:00:00,False,none
train,478,2014297N11062,2014-10-25 06:00:00,2014-10-24 06:00:00,2014-10-25 06:00:00,2014-10-25 12:00:00,2014-10-26 06:00:00,False,none
train,479,2014297N11062,2014-10-25 09:00:00,2014-10-24 09:00:00,2014-10-25 09:00:00,2014-10-25 15:00:00,2014-10-26 09:00:00,False,none
train,480,2014297N11062,2014-10-25 12:00:00,2014-10-24 12:00:00,2014-10-25 12:00:00,2014-10-25 18:00:00,2014-10-26 12:00:00,False,none
train,481,2014297N11062,2014-10-25 15:00:00,2014-10-24 15:00:00,2014-10-25 15:00:00,2014-10-25 21:00:00,2014-10-26 15:00:00,False,none
train,482,2014297N11062,2014-10-25 18:00:00,2014-10-24 18:00:00,2014-10-25 18:00:00,2014-10-26 00:00:00,2014-10-26 18:00:00,False,none
train,483,2014297N11062,2014-10-25 21:00:00,2014-10-24 21:00:00,2014-10-25 21:00:00,2014-10-26 03:00:00,2014-10-26 21:00:00,False,none
train,484,2014297N11062,2014-10-26 00:00:00,2014-10-25 00:00:00,2014-10-26 00:00:00,2014-10-26 06:00:00,2014-10-27 00:00:00,False,none
train,485,2014297N11062,2014-10-26 03:00:00,2014-10-25 03:00:00,2014-10-26 03:00:00,2014-10-26 09:00:00,2014-10-27 03:00:00,False,none
train,486,2014297N11062,2014-10-26 06:00:00,2014-10-25 06:00:00,2014-10-26 06:00:00,2014-10-26 12:00:00,2014-10-27 06:00:00,False,none
train,487,2014297N11062,2014-10-26 09:00:00,2014-10-25 09:00:00,2014-10-26 09:00:00,2014-10-26 15:00:00,2014-10-27 09:00:00,False,none
train,488,2014297N11062,2014-10-26 12:00:00,2014-10-25 12:00:00,2014-10-26 12:00:00,2014-10-26 18:00:00,2014-10-27 12:00:00,False,none
train,489,2014297N11062,2014-10-26 15:00:00,2014-10-25 15:00:00,2014-10-26 15:00:00,2014-10-26 21:00:00,2014-10-27 15:00:00,False,none
train,490,2014297N11062,2014-10-26 18:00:00,2014-10-25 18:00:00,2014-10-26 18:00:00,2014-10-27 00:00:00,2014-10-27 18:00:00,False,none
train,491,2014297N11062,2014-10-26 21:00:00,2014-10-25 21:00:00,2014-10-26 21:00:00,2014-10-27 03:00:00,2014-10-27 21:00:00,False,none
train,492,2014297N11062,2014-10-27 00:00:00,2014-10-26 00:00:00,2014-10-27 00:00:00,2014-10-27 06:00:00,2014-10-28 00:00:00,False,none
train,493,2014297N11062,2014-10-27 03:00:00,2014-10-26 03:00:00,2014-10-27 03:00:00,2014-10-27 09:00:00,2014-10-28 03:00:00,False,none
train,494,2014297N11062,2014-10-27 06:00:00,2014-10-26 06:00:00,2014-10-27 06:00:00,2014-10-27 12:00:00,2014-10-28 06:00:00,False,none
train,495,2014297N11062,2014-10-27 09:00:00,2014-10-26 09:00:00,2014-10-27 09:00:00,2014-10-27 15:00:00,2014-10-28 09:00:00,False,none
train,496,2014297N11062,2014-10-27 12:00:00,2014-10-26 12:00:00,2014-10-27 12:00:00,2014-10-27 18:00:00,2014-10-28 12:00:00,False,none
train,497,2014297N11062,2014-10-27 15:00:00,2014-10-26 15:00:00,2014-10-27 15:00:00,2014-10-27 21:00:00,2014-10-28 15:00:00,False,none
train,498,2014297N11062,2014-10-27 18:00:00,2014-10-26 18:00:00,2014-10-27 18:00:00,2014-10-28 00:00:00,2014-10-28 18:00:00,False,none
train,499,2014297N11062,2014-10-27 21:00:00,2014-10-26 21:00:00,2014-10-27 21:00:00,2014-10-28 03:00:00,2014-10-28 21:00:00,False,none
train,500,2014297N11062,2014-10-28 00:00:00,2014-10-27 00:00:00,2014-10-28 00:00:00,2014-10-28 06:00:00,2014-10-29 00:00:00,False,none
train,501,2014297N11062,2014-10-28 03:00:00,2014-10-27 03:00:00,2014-10-28 03:00:00,2014-10-28 09:00:00,2014-10-29 03:00:00,False,none
train,502,2014297N11062,2014-10-28 06:00:00,2014-10-27 06:00:00,2014-10-28 06:00:00,2014-10-28 12:00:00,2014-10-29 06:00:00,False,none
train,503,2014297N11062,2014-10-28 09:00:00,2014-10-27 09:00:00,2014-10-28 09:00:00,2014-10-28 15:00:00,2014-10-29 09:00:00,False,none
train,504,2014297N11062,2014-10-28 12:00:00,2014-10-27 12:00:00,2014-10-28 12:00:00,2014-10-28 18:00:00,2014-10-29 12:00:00,False,none
train,505,2014297N11062,2014-10-28 15:00:00,2014-10-27 15:00:00,2014-10-28 15:00:00,2014-10-28 21:00:00,2014-10-29 15:00:00,False,none
train,506,2014297N11062,2014-10-28 18:00:00,2014-10-27 18:00:00,2014-10-28 18:00:00,2014-10-29 00:00:00,2014-10-29 18:00:00,False,none
train,507,2014297N11062,2014-10-28 21:00:00,2014-10-27 21:00:00,2014-10-28 21:00:00,2014-10-29 03:00:00,2014-10-29 21:00:00,False,none
train,508,2014297N11062,2014-10-29 00:00:00,2014-10-28 00:00:00,2014-10-29 00:00:00,2014-10-29 06:00:00,2014-10-30 00:00:00,False,none
train,509,2014297N11062,2014-10-29 03:00:00,2014-10-28 03:00:00,2014-10-29 03:00:00,2014-10-29 09:00:00,2014-10-30 03:00:00,False,none
train,510,2014297N11062,2014-10-29 06:00:00,2014-10-28 06:00:00,2014-10-29 06:00:00,2014-10-29 12:00:00,2014-10-30 06:00:00,False,none
train,511,2014297N11062,2014-10-29 09:00:00,2014-10-28 09:00:00,2014-10-29 09:00:00,2014-10-29 15:00:00,2014-10-30 09:00:00,False,none
train,512,2014297N11062,2014-10-29 12:00:00,2014-10-28 12:00:00,2014-10-29 12:00:00,2014-10-29 18:00:00,2014-10-30 12:00:00,False,none
train,513,2014297N11062,2014-10-29 15:00:00,2014-10-28 15:00:00,2014-10-29 15:00:00,2014-10-29 21:00:00,2014-10-30 15:00:00,False,none
train,514,2014297N11062,2014-10-29 18:00:00,2014-10-28 18:00:00,2014-10-29 18:00:00,2014-10-30 00:00:00,2014-10-30 18:00:00,False,none
train,515,2014297N11062,2014-10-29 21:00:00,2014-10-28 21:00:00,2014-10-29 21:00:00,2014-10-30 03:00:00,2014-10-30 21:00:00,False,none
train,516,2014297N11062,2014-10-30 00:00:00,2014-10-29 00:00:00,2014-10-30 00:00:00,2014-10-30 06:00:00,2014-10-31 00:00:00,False,none
train,517,2014297N11062,2014-10-30 03:00:00,2014-10-29 03:00:00,2014-10-30 03:00:00,2014-10-30 09:00:00,2014-10-31 03:00:00,False,none
train,518,2014297N11062,2014-10-30 06:00:00,2014-10-29 06:00:00,2014-10-30 06:00:00,2014-10-30 12:00:00,2014-10-31 06:00:00,False,none
train,519,2014297N11062,2014-10-30 09:00:00,2014-10-29 09:00:00,2014-10-30 09:00:00,2014-10-30 15:00:00,2014-10-31 09:00:00,False,none
train,520,2014297N11062,2014-10-30 12:00:00,2014-10-29 12:00:00,2014-10-30 12:00:00,2014-10-30 18:00:00,2014-10-31 12:00:00,False,none
train,521,2014297N11062,2014-10-30 15:00:00,2014-10-29 15:00:00,2014-10-30 15:00:00,2014-10-30 21:00:00,2014-10-31 15:00:00,False,none
train,522,2014297N11062,2014-10-30 18:00:00,2014-10-29 18:00:00,2014-10-30 18:00:00,2014-10-31 00:00:00,2014-10-31 18:00:00,False,none
train,523,2014297N11062,2014-10-30 21:00:00,2014-10-29 21:00:00,2014-10-30 21:00:00,2014-10-31 03:00:00,2014-10-31 21:00:00,False,none
train,524,2014297N11062,2014-10-31 00:00:00,2014-10-30 00:00:00,2014-10-31 00:00:00,2014-10-31 06:00:00,2014-11-01 00:00:00,False,none
train,525,2014297N11062,2014-10-31 03:00:00,2014-10-30 03:00:00,2014-10-31 03:00:00,2014-10-31 09:00:00,2014-11-01 03:00:00,False,none
train,526,2014297N11062,2014-10-31 06:00:00,2014-10-30 06:00:00,2014-10-31 06:00:00,2014-10-31 12:00:00,2014-11-01 06:00:00,False,none
train,527,2014297N11062,2014-10-31 09:00:00,2014-10-30 09:00:00,2014-10-31 09:00:00,2014-10-31 15:00:00,2014-11-01 09:00:00,False,none
train,528,2014297N11062,2014-10-31 12:00:00,2014-10-30 12:00:00,2014-10-31 12:00:00,2014-10-31 18:00:00,2014-11-01 12:00:00,False,none
train,529,2014309N13088,2014-11-06 00:00:00,2014-11-05 00:00:00,2014-11-06 00:00:00,2014-11-06 06:00:00,2014-11-07 00:00:00,False,none
train,530,2014309N13088,2014-11-06 03:00:00,2014-11-05 03:00:00,2014-11-06 03:00:00,2014-11-06 09:00:00,2014-11-07 03:00:00,False,none
train,531,2014309N13088,2014-11-06 06:00:00,2014-11-05 06:00:00,2014-11-06 06:00:00,2014-11-06 12:00:00,2014-11-07 06:00:00,False,none
train,532,2014309N13088,2014-11-06 09:00:00,2014-11-05 09:00:00,2014-11-06 09:00:00,2014-11-06 15:00:00,2014-11-07 09:00:00,False,none
train,533,2014309N13088,2014-11-06 12:00:00,2014-11-05 12:00:00,2014-11-06 12:00:00,2014-11-06 18:00:00,2014-11-07 12:00:00,False,none
train,534,2014309N13088,2014-11-06 15:00:00,2014-11-05 15:00:00,2014-11-06 15:00:00,2014-11-06 21:00:00,2014-11-07 15:00:00,False,none
train,535,2014309N13088,2014-11-06 18:00:00,2014-11-05 18:00:00,2014-11-06 18:00:00,2014-11-07 00:00:00,2014-11-07 18:00:00,False,none
train,536,2014309N13088,2014-11-06 21:00:00,2014-11-05 21:00:00,2014-11-06 21:00:00,2014-11-07 03:00:00,2014-11-07 21:00:00,False,none
train,537,2014309N13088,2014-11-07 00:00:00,2014-11-06 00:00:00,2014-11-07 00:00:00,2014-11-07 06:00:00,2014-11-08 00:00:00,False,none
train,538,2014309N13088,2014-11-07 03:00:00,2014-11-06 03:00:00,2014-11-07 03:00:00,2014-11-07 09:00:00,2014-11-08 03:00:00,False,none
train,539,2014309N13088,2014-11-07 06:00:00,2014-11-06 06:00:00,2014-11-07 06:00:00,2014-11-07 12:00:00,2014-11-08 06:00:00,False,none
train,540,2014309N13088,2014-11-07 09:00:00,2014-11-06 09:00:00,2014-11-07 09:00:00,2014-11-07 15:00:00,2014-11-08 09:00:00,False,none
train,541,2014309N13088,2014-11-07 12:00:00,2014-11-06 12:00:00,2014-11-07 12:00:00,2014-11-07 18:00:00,2014-11-08 12:00:00,False,none
train,542,2014309N13088,2014-11-07 15:00:00,2014-11-06 15:00:00,2014-11-07 15:00:00,2014-11-07 21:00:00,2014-11-08 15:00:00,False,none
train,543,2014309N13088,2014-11-07 18:00:00,2014-11-06 18:00:00,2014-11-07 18:00:00,2014-11-08 00:00:00,2014-11-08 18:00:00,False,none
train,544,2014309N13088,2014-11-07 21:00:00,2014-11-06 21:00:00,2014-11-07 21:00:00,2014-11-08 03:00:00,2014-11-08 21:00:00,False,none
train,545,2014309N13088,2014-11-08 00:00:00,2014-11-07 00:00:00,2014-11-08 00:00:00,2014-11-08 06:00:00,2014-11-09 00:00:00,False,none
train,546,2014309N13088,2014-11-08 03:00:00,2014-11-07 03:00:00,2014-11-08 03:00:00,2014-11-08 09:00:00,2014-11-09 03:00:00,False,none
train,547,2014309N13088,2014-11-08 06:00:00,2014-11-07 06:00:00,2014-11-08 06:00:00,2014-11-08 12:00:00,2014-11-09 06:00:00,False,none
train,548,2015157N13069,2015-06-07 06:00:00,2015-06-06 06:00:00,2015-06-07 06:00:00,2015-06-07 12:00:00,2015-06-08 06:00:00,False,none
train,549,2015157N13069,2015-06-07 09:00:00,2015-06-06 09:00:00,2015-06-07 09:00:00,2015-06-07 15:00:00,2015-06-08 09:00:00,False,none
train,550,2015157N13069,2015-06-07 12:00:00,2015-06-06 12:00:00,2015-06-07 12:00:00,2015-06-07 18:00:00,2015-06-08 12:00:00,False,none
train,551,2015157N13069,2015-06-07 15:00:00,2015-06-06 15:00:00,2015-06-07 15:00:00,2015-06-07 21:00:00,2015-06-08 15:00:00,False,none
train,552,2015157N13069,2015-06-07 18:00:00,2015-06-06 18:00:00,2015-06-07 18:00:00,2015-06-08 00:00:00,2015-06-08 18:00:00,False,none
train,553,2015157N13069,2015-06-07 21:00:00,2015-06-06 21:00:00,2015-06-07 21:00:00,2015-06-08 03:00:00,2015-06-08 21:00:00,False,none
train,554,2015157N13069,2015-06-08 00:00:00,2015-06-07 00:00:00,2015-06-08 00:00:00,2015-06-08 06:00:00,2015-06-09 00:00:00,False,none
train,555,2015157N13069,2015-06-08 03:00:00,2015-06-07 03:00:00,2015-06-08 03:00:00,2015-06-08 09:00:00,2015-06-09 03:00:00,False,none
train,556,2015157N13069,2015-06-08 06:00:00,2015-06-07 06:00:00,2015-06-08 06:00:00,2015-06-08 12:00:00,2015-06-09 06:00:00,False,none
train,557,2015157N13069,2015-06-08 09:00:00,2015-06-07 09:00:00,2015-06-08 09:00:00,2015-06-08 15:00:00,2015-06-09 09:00:00,False,none
train,558,2015157N13069,2015-06-08 12:00:00,2015-06-07 12:00:00,2015-06-08 12:00:00,2015-06-08 18:00:00,2015-06-09 12:00:00,False,none
train,559,2015157N13069,2015-06-08 15:00:00,2015-06-07 15:00:00,2015-06-08 15:00:00,2015-06-08 21:00:00,2015-06-09 15:00:00,False,none
train,560,2015157N13069,2015-06-08 18:00:00,2015-06-07 18:00:00,2015-06-08 18:00:00,2015-06-09 00:00:00,2015-06-09 18:00:00,False,none
train,561,2015157N13069,2015-06-08 21:00:00,2015-06-07 21:00:00,2015-06-08 21:00:00,2015-06-09 03:00:00,2015-06-09 21:00:00,False,none
train,562,2015157N13069,2015-06-09 00:00:00,2015-06-08 00:00:00,2015-06-09 00:00:00,2015-06-09 06:00:00,2015-06-10 00:00:00,False,none
train,563,2015157N13069,2015-06-09 03:00:00,2015-06-08 03:00:00,2015-06-09 03:00:00,2015-06-09 09:00:00,2015-06-10 03:00:00,False,none
train,564,2015157N13069,2015-06-09 06:00:00,2015-06-08 06:00:00,2015-06-09 06:00:00,2015-06-09 12:00:00,2015-06-10 06:00:00,False,none
train,565,2015157N13069,2015-06-09 09:00:00,2015-06-08 09:00:00,2015-06-09 09:00:00,2015-06-09 15:00:00,2015-06-10 09:00:00,False,none
train,566,2015157N13069,2015-06-09 12:00:00,2015-06-08 12:00:00,2015-06-09 12:00:00,2015-06-09 18:00:00,2015-06-10 12:00:00,False,none
train,567,2015157N13069,2015-06-09 15:00:00,2015-06-08 15:00:00,2015-06-09 15:00:00,2015-06-09 21:00:00,2015-06-10 15:00:00,False,none
train,568,2015157N13069,2015-06-09 18:00:00,2015-06-08 18:00:00,2015-06-09 18:00:00,2015-06-10 00:00:00,2015-06-10 18:00:00,False,none
train,569,2015157N13069,2015-06-09 21:00:00,2015-06-08 21:00:00,2015-06-09 21:00:00,2015-06-10 03:00:00,2015-06-10 21:00:00,False,none
train,570,2015157N13069,2015-06-10 00:00:00,2015-06-09 00:00:00,2015-06-10 00:00:00,2015-06-10 06:00:00,2015-06-11 00:00:00,False,none
train,571,2015157N13069,2015-06-10 03:00:00,2015-06-09 03:00:00,2015-06-10 03:00:00,2015-06-10 09:00:00,2015-06-11 03:00:00,False,none
train,572,2015157N13069,2015-06-10 06:00:00,2015-06-09 06:00:00,2015-06-10 06:00:00,2015-06-10 12:00:00,2015-06-11 06:00:00,False,none
train,573,2015157N13069,2015-06-10 09:00:00,2015-06-09 09:00:00,2015-06-10 09:00:00,2015-06-10 15:00:00,2015-06-11 09:00:00,False,none
train,574,2015157N13069,2015-06-10 12:00:00,2015-06-09 12:00:00,2015-06-10 12:00:00,2015-06-10 18:00:00,2015-06-11 12:00:00,False,none
train,575,2015157N13069,2015-06-10 15:00:00,2015-06-09 15:00:00,2015-06-10 15:00:00,2015-06-10 21:00:00,2015-06-11 15:00:00,False,none
train,576,2015157N13069,2015-06-10 18:00:00,2015-06-09 18:00:00,2015-06-10 18:00:00,2015-06-11 00:00:00,2015-06-11 18:00:00,False,none
train,577,2015157N13069,2015-06-10 21:00:00,2015-06-09 21:00:00,2015-06-10 21:00:00,2015-06-11 03:00:00,2015-06-11 21:00:00,False,none
train,578,2015157N13069,2015-06-11 00:00:00,2015-06-10 00:00:00,2015-06-11 00:00:00,2015-06-11 06:00:00,2015-06-12 00:00:00,False,none
train,579,2015157N13069,2015-06-11 03:00:00,2015-06-10 03:00:00,2015-06-11 03:00:00,2015-06-11 09:00:00,2015-06-12 03:00:00,False,none
train,580,2015157N13069,2015-06-11 06:00:00,2015-06-10 06:00:00,2015-06-11 06:00:00,2015-06-11 12:00:00,2015-06-12 06:00:00,False,none
train,581,2015207N22091,2015-07-27 00:00:00,2015-07-26 00:00:00,2015-07-27 00:00:00,2015-07-27 06:00:00,2015-07-28 00:00:00,False,none
train,582,2015207N22091,2015-07-27 03:00:00,2015-07-26 03:00:00,2015-07-27 03:00:00,2015-07-27 09:00:00,2015-07-28 03:00:00,False,none
train,583,2015207N22091,2015-07-27 06:00:00,2015-07-26 06:00:00,2015-07-27 06:00:00,2015-07-27 12:00:00,2015-07-28 06:00:00,False,none
train,584,2015207N22091,2015-07-27 09:00:00,2015-07-26 09:00:00,2015-07-27 09:00:00,2015-07-27 15:00:00,2015-07-28 09:00:00,False,none
train,585,2015207N22091,2015-07-27 12:00:00,2015-07-26 12:00:00,2015-07-27 12:00:00,2015-07-27 18:00:00,2015-07-28 12:00:00,False,none
train,586,2015207N22091,2015-07-27 15:00:00,2015-07-26 15:00:00,2015-07-27 15:00:00,2015-07-27 21:00:00,2015-07-28 15:00:00,False,none
train,587,2015207N22091,2015-07-27 18:00:00,2015-07-26 18:00:00,2015-07-27 18:00:00,2015-07-28 00:00:00,2015-07-28 18:00:00,False,none
train,588,2015207N22091,2015-07-27 21:00:00,2015-07-26 21:00:00,2015-07-27 21:00:00,2015-07-28 03:00:00,2015-07-28 21:00:00,False,none
train,589,2015207N22091,2015-07-28 00:00:00,2015-07-27 00:00:00,2015-07-28 00:00:00,2015-07-28 06:00:00,2015-07-29 00:00:00,False,none
train,590,2015207N22091,2015-07-28 03:00:00,2015-07-27 03:00:00,2015-07-28 03:00:00,2015-07-28 09:00:00,2015-07-29 03:00:00,False,none
train,591,2015207N22091,2015-07-28 06:00:00,2015-07-27 06:00:00,2015-07-28 06:00:00,2015-07-28 12:00:00,2015-07-29 06:00:00,False,none
train,592,2015207N22091,2015-07-28 09:00:00,2015-07-27 09:00:00,2015-07-28 09:00:00,2015-07-28 15:00:00,2015-07-29 09:00:00,False,none
train,593,2015207N22091,2015-07-28 12:00:00,2015-07-27 12:00:00,2015-07-28 12:00:00,2015-07-28 18:00:00,2015-07-29 12:00:00,False,none
train,594,2015207N22091,2015-07-28 15:00:00,2015-07-27 15:00:00,2015-07-28 15:00:00,2015-07-28 21:00:00,2015-07-29 15:00:00,False,none
train,595,2015207N22091,2015-07-28 18:00:00,2015-07-27 18:00:00,2015-07-28 18:00:00,2015-07-29 00:00:00,2015-07-29 18:00:00,False,none
train,596,2015207N22091,2015-07-28 21:00:00,2015-07-27 21:00:00,2015-07-28 21:00:00,2015-07-29 03:00:00,2015-07-29 21:00:00,False,none
train,597,2015207N22091,2015-07-29 00:00:00,2015-07-28 00:00:00,2015-07-29 00:00:00,2015-07-29 06:00:00,2015-07-30 00:00:00,False,none
train,598,2015207N22091,2015-07-29 03:00:00,2015-07-28 03:00:00,2015-07-29 03:00:00,2015-07-29 09:00:00,2015-07-30 03:00:00,False,none
train,599,2015207N22091,2015-07-29 06:00:00,2015-07-28 06:00:00,2015-07-29 06:00:00,2015-07-29 12:00:00,2015-07-30 06:00:00,False,none
train,600,2015207N22091,2015-07-29 09:00:00,2015-07-28 09:00:00,2015-07-29 09:00:00,2015-07-29 15:00:00,2015-07-30 09:00:00,False,none
train,601,2015207N22091,2015-07-29 12:00:00,2015-07-28 12:00:00,2015-07-29 12:00:00,2015-07-29 18:00:00,2015-07-30 12:00:00,False,none
train,602,2015207N22091,2015-07-29 15:00:00,2015-07-28 15:00:00,2015-07-29 15:00:00,2015-07-29 21:00:00,2015-07-30 15:00:00,False,none
train,603,2015207N22091,2015-07-29 18:00:00,2015-07-28 18:00:00,2015-07-29 18:00:00,2015-07-30 00:00:00,2015-07-30 18:00:00,False,none
train,604,2015207N22091,2015-07-29 21:00:00,2015-07-28 21:00:00,2015-07-29 21:00:00,2015-07-30 03:00:00,2015-07-30 21:00:00,False,none
train,605,2015207N22091,2015-07-30 00:00:00,2015-07-29 00:00:00,2015-07-30 00:00:00,2015-07-30 06:00:00,2015-07-31 00:00:00,False,none
train,606,2015207N22091,2015-07-30 03:00:00,2015-07-29 03:00:00,2015-07-30 03:00:00,2015-07-30 09:00:00,2015-07-31 03:00:00,False,none
train,607,2015207N22091,2015-07-30 06:00:00,2015-07-29 06:00:00,2015-07-30 06:00:00,2015-07-30 12:00:00,2015-07-31 06:00:00,False,none
train,608,2015207N22091,2015-07-30 09:00:00,2015-07-29 09:00:00,2015-07-30 09:00:00,2015-07-30 15:00:00,2015-07-31 09:00:00,False,none
train,609,2015207N22091,2015-07-30 12:00:00,2015-07-29 12:00:00,2015-07-30 12:00:00,2015-07-30 18:00:00,2015-07-31 12:00:00,False,none
train,610,2015207N22091,2015-07-30 15:00:00,2015-07-29 15:00:00,2015-07-30 15:00:00,2015-07-30 21:00:00,2015-07-31 15:00:00,False,none
train,611,2015207N22091,2015-07-30 18:00:00,2015-07-29 18:00:00,2015-07-30 18:00:00,2015-07-31 00:00:00,2015-07-31 18:00:00,False,none
train,612,2015207N22091,2015-07-30 21:00:00,2015-07-29 21:00:00,2015-07-30 21:00:00,2015-07-31 03:00:00,2015-07-31 21:00:00,False,none
train,613,2015207N22091,2015-07-31 00:00:00,2015-07-30 00:00:00,2015-07-31 00:00:00,2015-07-31 06:00:00,2015-08-01 00:00:00,False,none
train,614,2015207N22091,2015-07-31 03:00:00,2015-07-30 03:00:00,2015-07-31 03:00:00,2015-07-31 09:00:00,2015-08-01 03:00:00,False,none
train,615,2015207N22091,2015-07-31 06:00:00,2015-07-30 06:00:00,2015-07-31 06:00:00,2015-07-31 12:00:00,2015-08-01 06:00:00,False,none
train,616,2015207N22091,2015-07-31 09:00:00,2015-07-30 09:00:00,2015-07-31 09:00:00,2015-07-31 15:00:00,2015-08-01 09:00:00,False,none
train,617,2015207N22091,2015-07-31 12:00:00,2015-07-30 12:00:00,2015-07-31 12:00:00,2015-07-31 18:00:00,2015-08-01 12:00:00,False,none
train,618,2015207N22091,2015-07-31 15:00:00,2015-07-30 15:00:00,2015-07-31 15:00:00,2015-07-31 21:00:00,2015-08-01 15:00:00,False,none
train,619,2015207N22091,2015-07-31 18:00:00,2015-07-30 18:00:00,2015-07-31 18:00:00,2015-08-01 00:00:00,2015-08-01 18:00:00,False,none
train,620,2015207N22091,2015-07-31 21:00:00,2015-07-30 21:00:00,2015-07-31 21:00:00,2015-08-01 03:00:00,2015-08-01 21:00:00,False,none
train,621,2015207N22091,2015-08-01 00:00:00,2015-07-31 00:00:00,2015-08-01 00:00:00,2015-08-01 06:00:00,2015-08-02 00:00:00,False,none
train,622,2015207N22091,2015-08-01 03:00:00,2015-07-31 03:00:00,2015-08-01 03:00:00,2015-08-01 09:00:00,2015-08-02 03:00:00,False,none
train,623,2015207N22091,2015-08-01 06:00:00,2015-07-31 06:00:00,2015-08-01 06:00:00,2015-08-01 12:00:00,2015-08-02 06:00:00,False,none
train,624,2015207N22091,2015-08-01 09:00:00,2015-07-31 09:00:00,2015-08-01 09:00:00,2015-08-01 15:00:00,2015-08-02 09:00:00,False,none
train,625,2015280N13071,2015-10-08 00:00:00,2015-10-07 00:00:00,2015-10-08 00:00:00,2015-10-08 06:00:00,2015-10-09 00:00:00,False,none
train,626,2015280N13071,2015-10-08 03:00:00,2015-10-07 03:00:00,2015-10-08 03:00:00,2015-10-08 09:00:00,2015-10-09 03:00:00,False,none
train,627,2015280N13071,2015-10-08 06:00:00,2015-10-07 06:00:00,2015-10-08 06:00:00,2015-10-08 12:00:00,2015-10-09 06:00:00,False,none
train,628,2015280N13071,2015-10-08 09:00:00,2015-10-07 09:00:00,2015-10-08 09:00:00,2015-10-08 15:00:00,2015-10-09 09:00:00,False,none
train,629,2015280N13071,2015-10-08 12:00:00,2015-10-07 12:00:00,2015-10-08 12:00:00,2015-10-08 18:00:00,2015-10-09 12:00:00,False,none
train,630,2015280N13071,2015-10-08 15:00:00,2015-10-07 15:00:00,2015-10-08 15:00:00,2015-10-08 21:00:00,2015-10-09 15:00:00,False,none
train,631,2015280N13071,2015-10-08 18:00:00,2015-10-07 18:00:00,2015-10-08 18:00:00,2015-10-09 00:00:00,2015-10-09 18:00:00,False,none
train,632,2015280N13071,2015-10-08 21:00:00,2015-10-07 21:00:00,2015-10-08 21:00:00,2015-10-09 03:00:00,2015-10-09 21:00:00,False,none
train,633,2015280N13071,2015-10-09 00:00:00,2015-10-08 00:00:00,2015-10-09 00:00:00,2015-10-09 06:00:00,2015-10-10 00:00:00,False,none
train,634,2015280N13071,2015-10-09 03:00:00,2015-10-08 03:00:00,2015-10-09 03:00:00,2015-10-09 09:00:00,2015-10-10 03:00:00,False,none
train,635,2015280N13071,2015-10-09 06:00:00,2015-10-08 06:00:00,2015-10-09 06:00:00,2015-10-09 12:00:00,2015-10-10 06:00:00,False,none
train,636,2015280N13071,2015-10-09 09:00:00,2015-10-08 09:00:00,2015-10-09 09:00:00,2015-10-09 15:00:00,2015-10-10 09:00:00,False,none
train,637,2015280N13071,2015-10-09 12:00:00,2015-10-08 12:00:00,2015-10-09 12:00:00,2015-10-09 18:00:00,2015-10-10 12:00:00,False,none
train,638,2015280N13071,2015-10-09 15:00:00,2015-10-08 15:00:00,2015-10-09 15:00:00,2015-10-09 21:00:00,2015-10-10 15:00:00,False,none
train,639,2015280N13071,2015-10-09 18:00:00,2015-10-08 18:00:00,2015-10-09 18:00:00,2015-10-10 00:00:00,2015-10-10 18:00:00,False,none
train,640,2015280N13071,2015-10-09 21:00:00,2015-10-08 21:00:00,2015-10-09 21:00:00,2015-10-10 03:00:00,2015-10-10 21:00:00,False,none
train,641,2015280N13071,2015-10-10 00:00:00,2015-10-09 00:00:00,2015-10-10 00:00:00,2015-10-10 06:00:00,2015-10-11 00:00:00,False,none
train,642,2015280N13071,2015-10-10 03:00:00,2015-10-09 03:00:00,2015-10-10 03:00:00,2015-10-10 09:00:00,2015-10-11 03:00:00,False,none
train,643,2015280N13071,2015-10-10 06:00:00,2015-10-09 06:00:00,2015-10-10 06:00:00,2015-10-10 12:00:00,2015-10-11 06:00:00,False,none
train,644,2015280N13071,2015-10-10 09:00:00,2015-10-09 09:00:00,2015-10-10 09:00:00,2015-10-10 15:00:00,2015-10-11 09:00:00,False,none
train,645,2015280N13071,2015-10-10 12:00:00,2015-10-09 12:00:00,2015-10-10 12:00:00,2015-10-10 18:00:00,2015-10-11 12:00:00,False,none
train,646,2015280N13071,2015-10-10 15:00:00,2015-10-09 15:00:00,2015-10-10 15:00:00,2015-10-10 21:00:00,2015-10-11 15:00:00,False,none
train,647,2015280N13071,2015-10-10 18:00:00,2015-10-09 18:00:00,2015-10-10 18:00:00,2015-10-11 00:00:00,2015-10-11 18:00:00,False,none
train,648,2015280N13071,2015-10-10 21:00:00,2015-10-09 21:00:00,2015-10-10 21:00:00,2015-10-11 03:00:00,2015-10-11 21:00:00,False,none
train,649,2015280N13071,2015-10-11 00:00:00,2015-10-10 00:00:00,2015-10-11 00:00:00,2015-10-11 06:00:00,2015-10-12 00:00:00,False,none
train,650,2015301N11065,2015-10-28 12:00:00,2015-10-27 12:00:00,2015-10-28 12:00:00,2015-10-28 18:00:00,2015-10-29 12:00:00,False,none
train,651,2015301N11065,2015-10-28 15:00:00,2015-10-27 15:00:00,2015-10-28 15:00:00,2015-10-28 21:00:00,2015-10-29 15:00:00,False,none
train,652,2015301N11065,2015-10-28 18:00:00,2015-10-27 18:00:00,2015-10-28 18:00:00,2015-10-29 00:00:00,2015-10-29 18:00:00,False,none
train,653,2015301N11065,2015-10-28 21:00:00,2015-10-27 21:00:00,2015-10-28 21:00:00,2015-10-29 03:00:00,2015-10-29 21:00:00,False,none
train,654,2015301N11065,2015-10-29 00:00:00,2015-10-28 00:00:00,2015-10-29 00:00:00,2015-10-29 06:00:00,2015-10-30 00:00:00,False,none
train,655,2015301N11065,2015-10-29 03:00:00,2015-10-28 03:00:00,2015-10-29 03:00:00,2015-10-29 09:00:00,2015-10-30 03:00:00,False,none
train,656,2015301N11065,2015-10-29 06:00:00,2015-10-28 06:00:00,2015-10-29 06:00:00,2015-10-29 12:00:00,2015-10-30 06:00:00,False,none
train,657,2015301N11065,2015-10-29 09:00:00,2015-10-28 09:00:00,2015-10-29 09:00:00,2015-10-29 15:00:00,2015-10-30 09:00:00,False,none
train,658,2015301N11065,2015-10-29 12:00:00,2015-10-28 12:00:00,2015-10-29 12:00:00,2015-10-29 18:00:00,2015-10-30 12:00:00,False,none
train,659,2015301N11065,2015-10-29 15:00:00,2015-10-28 15:00:00,2015-10-29 15:00:00,2015-10-29 21:00:00,2015-10-30 15:00:00,False,none
train,660,2015301N11065,2015-10-29 18:00:00,2015-10-28 18:00:00,2015-10-29 18:00:00,2015-10-30 00:00:00,2015-10-30 18:00:00,False,none
train,661,2015301N11065,2015-10-29 21:00:00,2015-10-28 21:00:00,2015-10-29 21:00:00,2015-10-30 03:00:00,2015-10-30 21:00:00,False,none
train,662,2015301N11065,2015-10-30 00:00:00,2015-10-29 00:00:00,2015-10-30 00:00:00,2015-10-30 06:00:00,2015-10-31 00:00:00,False,none
train,663,2015301N11065,2015-10-30 03:00:00,2015-10-29 03:00:00,2015-10-30 03:00:00,2015-10-30 09:00:00,2015-10-31 03:00:00,False,none
train,664,2015301N11065,2015-10-30 06:00:00,2015-10-29 06:00:00,2015-10-30 06:00:00,2015-10-30 12:00:00,2015-10-31 06:00:00,False,none
train,665,2015301N11065,2015-10-30 09:00:00,2015-10-29 09:00:00,2015-10-30 09:00:00,2015-10-30 15:00:00,2015-10-31 09:00:00,False,none
train,666,2015301N11065,2015-10-30 12:00:00,2015-10-29 12:00:00,2015-10-30 12:00:00,2015-10-30 18:00:00,2015-10-31 12:00:00,False,none
train,667,2015301N11065,2015-10-30 15:00:00,2015-10-29 15:00:00,2015-10-30 15:00:00,2015-10-30 21:00:00,2015-10-31 15:00:00,False,none
train,668,2015301N11065,2015-10-30 18:00:00,2015-10-29 18:00:00,2015-10-30 18:00:00,2015-10-31 00:00:00,2015-10-31 18:00:00,False,none
train,669,2015301N11065,2015-10-30 21:00:00,2015-10-29 21:00:00,2015-10-30 21:00:00,2015-10-31 03:00:00,2015-10-31 21:00:00,False,none
train,670,2015301N11065,2015-10-31 00:00:00,2015-10-30 00:00:00,2015-10-31 00:00:00,2015-10-31 06:00:00,2015-11-01 00:00:00,False,none
train,671,2015301N11065,2015-10-31 03:00:00,2015-10-30 03:00:00,2015-10-31 03:00:00,2015-10-31 09:00:00,2015-11-01 03:00:00,False,none
train,672,2015301N11065,2015-10-31 06:00:00,2015-10-30 06:00:00,2015-10-31 06:00:00,2015-10-31 12:00:00,2015-11-01 06:00:00,False,none
train,673,2015301N11065,2015-10-31 09:00:00,2015-10-30 09:00:00,2015-10-31 09:00:00,2015-10-31 15:00:00,2015-11-01 09:00:00,False,none
train,674,2015301N11065,2015-10-31 12:00:00,2015-10-30 12:00:00,2015-10-31 12:00:00,2015-10-31 18:00:00,2015-11-01 12:00:00,False,none
train,675,2015301N11065,2015-10-31 15:00:00,2015-10-30 15:00:00,2015-10-31 15:00:00,2015-10-31 21:00:00,2015-11-01 15:00:00,False,none
train,676,2015301N11065,2015-10-31 18:00:00,2015-10-30 18:00:00,2015-10-31 18:00:00,2015-11-01 00:00:00,2015-11-01 18:00:00,False,none
train,677,2015301N11065,2015-10-31 21:00:00,2015-10-30 21:00:00,2015-10-31 21:00:00,2015-11-01 03:00:00,2015-11-01 21:00:00,False,none
train,678,2015301N11065,2015-11-01 00:00:00,2015-10-31 00:00:00,2015-11-01 00:00:00,2015-11-01 06:00:00,2015-11-02 00:00:00,False,none
train,679,2015301N11065,2015-11-01 03:00:00,2015-10-31 03:00:00,2015-11-01 03:00:00,2015-11-01 09:00:00,2015-11-02 03:00:00,False,none
train,680,2015301N11065,2015-11-01 06:00:00,2015-10-31 06:00:00,2015-11-01 06:00:00,2015-11-01 12:00:00,2015-11-02 06:00:00,False,none
train,681,2015301N11065,2015-11-01 09:00:00,2015-10-31 09:00:00,2015-11-01 09:00:00,2015-11-01 15:00:00,2015-11-02 09:00:00,False,none
train,682,2015301N11065,2015-11-01 12:00:00,2015-10-31 12:00:00,2015-11-01 12:00:00,2015-11-01 18:00:00,2015-11-02 12:00:00,False,none
train,683,2015301N11065,2015-11-01 15:00:00,2015-10-31 15:00:00,2015-11-01 15:00:00,2015-11-01 21:00:00,2015-11-02 15:00:00,False,none
train,684,2015301N11065,2015-11-01 18:00:00,2015-10-31 18:00:00,2015-11-01 18:00:00,2015-11-02 00:00:00,2015-11-02 18:00:00,False,none
train,685,2015301N11065,2015-11-01 21:00:00,2015-10-31 21:00:00,2015-11-01 21:00:00,2015-11-02 03:00:00,2015-11-02 21:00:00,False,none
train,686,2015301N11065,2015-11-02 00:00:00,2015-11-01 00:00:00,2015-11-02 00:00:00,2015-11-02 06:00:00,2015-11-03 00:00:00,False,none
train,687,2015301N11065,2015-11-02 03:00:00,2015-11-01 03:00:00,2015-11-02 03:00:00,2015-11-02 09:00:00,2015-11-03 03:00:00,False,none
train,688,2015301N11065,2015-11-02 06:00:00,2015-11-01 06:00:00,2015-11-02 06:00:00,2015-11-02 12:00:00,2015-11-03 06:00:00,False,none
train,689,2015301N11065,2015-11-02 09:00:00,2015-11-01 09:00:00,2015-11-02 09:00:00,2015-11-02 15:00:00,2015-11-03 09:00:00,False,none
train,690,2015301N11065,2015-11-02 12:00:00,2015-11-01 12:00:00,2015-11-02 12:00:00,2015-11-02 18:00:00,2015-11-03 12:00:00,False,none
train,691,2015301N11065,2015-11-02 15:00:00,2015-11-01 15:00:00,2015-11-02 15:00:00,2015-11-02 21:00:00,2015-11-03 15:00:00,False,none
train,692,2015301N11065,2015-11-02 18:00:00,2015-11-01 18:00:00,2015-11-02 18:00:00,2015-11-03 00:00:00,2015-11-03 18:00:00,False,none
train,693,2015301N11065,2015-11-02 21:00:00,2015-11-01 21:00:00,2015-11-02 21:00:00,2015-11-03 03:00:00,2015-11-03 21:00:00,False,none
train,694,2015301N11065,2015-11-03 00:00:00,2015-11-02 00:00:00,2015-11-03 00:00:00,2015-11-03 06:00:00,2015-11-04 00:00:00,False,none
train,695,2015309N14067,2015-11-05 12:00:00,2015-11-04 12:00:00,2015-11-05 12:00:00,2015-11-05 18:00:00,2015-11-06 12:00:00,False,none
train,696,2015309N14067,2015-11-05 15:00:00,2015-11-04 15:00:00,2015-11-05 15:00:00,2015-11-05 21:00:00,2015-11-06 15:00:00,False,none
train,697,2015309N14067,2015-11-05 18:00:00,2015-11-04 18:00:00,2015-11-05 18:00:00,2015-11-06 00:00:00,2015-11-06 18:00:00,False,none
train,698,2015309N14067,2015-11-05 21:00:00,2015-11-04 21:00:00,2015-11-05 21:00:00,2015-11-06 03:00:00,2015-11-06 21:00:00,False,none
train,699,2015309N14067,2015-11-06 00:00:00,2015-11-05 00:00:00,2015-11-06 00:00:00,2015-11-06 06:00:00,2015-11-07 00:00:00,False,none
train,700,2015309N14067,2015-11-06 03:00:00,2015-11-05 03:00:00,2015-11-06 03:00:00,2015-11-06 09:00:00,2015-11-07 03:00:00,False,none
train,701,2015309N14067,2015-11-06 06:00:00,2015-11-05 06:00:00,2015-11-06 06:00:00,2015-11-06 12:00:00,2015-11-07 06:00:00,False,none
train,702,2015309N14067,2015-11-06 09:00:00,2015-11-05 09:00:00,2015-11-06 09:00:00,2015-11-06 15:00:00,2015-11-07 09:00:00,False,none
train,703,2015309N14067,2015-11-06 12:00:00,2015-11-05 12:00:00,2015-11-06 12:00:00,2015-11-06 18:00:00,2015-11-07 12:00:00,False,none
train,704,2015309N14067,2015-11-06 15:00:00,2015-11-05 15:00:00,2015-11-06 15:00:00,2015-11-06 21:00:00,2015-11-07 15:00:00,False,none
train,705,2015309N14067,2015-11-06 18:00:00,2015-11-05 18:00:00,2015-11-06 18:00:00,2015-11-07 00:00:00,2015-11-07 18:00:00,False,none
train,706,2015309N14067,2015-11-06 21:00:00,2015-11-05 21:00:00,2015-11-06 21:00:00,2015-11-07 03:00:00,2015-11-07 21:00:00,False,none
train,707,2015309N14067,2015-11-07 00:00:00,2015-11-06 00:00:00,2015-11-07 00:00:00,2015-11-07 06:00:00,2015-11-08 00:00:00,False,none
train,708,2015309N14067,2015-11-07 03:00:00,2015-11-06 03:00:00,2015-11-07 03:00:00,2015-11-07 09:00:00,2015-11-08 03:00:00,False,none
train,709,2015309N14067,2015-11-07 06:00:00,2015-11-06 06:00:00,2015-11-07 06:00:00,2015-11-07 12:00:00,2015-11-08 06:00:00,False,none
train,710,2015309N14067,2015-11-07 09:00:00,2015-11-06 09:00:00,2015-11-07 09:00:00,2015-11-07 15:00:00,2015-11-08 09:00:00,False,none
train,711,2015309N14067,2015-11-07 12:00:00,2015-11-06 12:00:00,2015-11-07 12:00:00,2015-11-07 18:00:00,2015-11-08 12:00:00,False,none
train,712,2015309N14067,2015-11-07 15:00:00,2015-11-06 15:00:00,2015-11-07 15:00:00,2015-11-07 21:00:00,2015-11-08 15:00:00,False,none
train,713,2015309N14067,2015-11-07 18:00:00,2015-11-06 18:00:00,2015-11-07 18:00:00,2015-11-08 00:00:00,2015-11-08 18:00:00,False,none
train,714,2015309N14067,2015-11-07 21:00:00,2015-11-06 21:00:00,2015-11-07 21:00:00,2015-11-08 03:00:00,2015-11-08 21:00:00,False,none
train,715,2015309N14067,2015-11-08 00:00:00,2015-11-07 00:00:00,2015-11-08 00:00:00,2015-11-08 06:00:00,2015-11-09 00:00:00,False,none
train,716,2015309N14067,2015-11-08 03:00:00,2015-11-07 03:00:00,2015-11-08 03:00:00,2015-11-08 09:00:00,2015-11-09 03:00:00,False,none
train,717,2015309N14067,2015-11-08 06:00:00,2015-11-07 06:00:00,2015-11-08 06:00:00,2015-11-08 12:00:00,2015-11-09 06:00:00,False,none
train,718,2015309N14067,2015-11-08 09:00:00,2015-11-07 09:00:00,2015-11-08 09:00:00,2015-11-08 15:00:00,2015-11-09 09:00:00,False,none
train,719,2015309N14067,2015-11-08 12:00:00,2015-11-07 12:00:00,2015-11-08 12:00:00,2015-11-08 18:00:00,2015-11-09 12:00:00,False,none
train,720,2015309N14067,2015-11-08 15:00:00,2015-11-07 15:00:00,2015-11-08 15:00:00,2015-11-08 21:00:00,2015-11-09 15:00:00,False,none
train,721,2015309N14067,2015-11-08 18:00:00,2015-11-07 18:00:00,2015-11-08 18:00:00,2015-11-09 00:00:00,2015-11-09 18:00:00,False,none
train,722,2015309N14067,2015-11-08 21:00:00,2015-11-07 21:00:00,2015-11-08 21:00:00,2015-11-09 03:00:00,2015-11-09 21:00:00,False,none
train,723,2015309N14067,2015-11-09 00:00:00,2015-11-08 00:00:00,2015-11-09 00:00:00,2015-11-09 06:00:00,2015-11-10 00:00:00,False,none
train,724,2015309N14067,2015-11-09 03:00:00,2015-11-08 03:00:00,2015-11-09 03:00:00,2015-11-09 09:00:00,2015-11-10 03:00:00,False,none
train,725,2015309N14067,2015-11-09 06:00:00,2015-11-08 06:00:00,2015-11-09 06:00:00,2015-11-09 12:00:00,2015-11-10 06:00:00,False,none
train,726,2015309N14067,2015-11-09 09:00:00,2015-11-08 09:00:00,2015-11-09 09:00:00,2015-11-09 15:00:00,2015-11-10 09:00:00,False,none
train,727,2015309N14067,2015-11-09 12:00:00,2015-11-08 12:00:00,2015-11-09 12:00:00,2015-11-09 18:00:00,2015-11-10 12:00:00,False,none
train,728,2015312N11084,2015-11-09 03:00:00,2015-11-08 03:00:00,2015-11-09 03:00:00,2015-11-09 09:00:00,2015-11-10 03:00:00,False,none
train,729,2016138N10081,2016-05-18 00:00:00,2016-05-17 00:00:00,2016-05-18 00:00:00,2016-05-18 06:00:00,2016-05-19 00:00:00,False,none
train,730,2016138N10081,2016-05-18 03:00:00,2016-05-17 03:00:00,2016-05-18 03:00:00,2016-05-18 09:00:00,2016-05-19 03:00:00,False,none
train,731,2016138N10081,2016-05-18 06:00:00,2016-05-17 06:00:00,2016-05-18 06:00:00,2016-05-18 12:00:00,2016-05-19 06:00:00,False,none
train,732,2016138N10081,2016-05-18 09:00:00,2016-05-17 09:00:00,2016-05-18 09:00:00,2016-05-18 15:00:00,2016-05-19 09:00:00,False,none
train,733,2016138N10081,2016-05-18 12:00:00,2016-05-17 12:00:00,2016-05-18 12:00:00,2016-05-18 18:00:00,2016-05-19 12:00:00,False,none
train,734,2016138N10081,2016-05-18 15:00:00,2016-05-17 15:00:00,2016-05-18 15:00:00,2016-05-18 21:00:00,2016-05-19 15:00:00,False,none
train,735,2016138N10081,2016-05-18 18:00:00,2016-05-17 18:00:00,2016-05-18 18:00:00,2016-05-19 00:00:00,2016-05-19 18:00:00,False,none
train,736,2016138N10081,2016-05-18 21:00:00,2016-05-17 21:00:00,2016-05-18 21:00:00,2016-05-19 03:00:00,2016-05-19 21:00:00,False,none
train,737,2016138N10081,2016-05-19 00:00:00,2016-05-18 00:00:00,2016-05-19 00:00:00,2016-05-19 06:00:00,2016-05-20 00:00:00,False,none
train,738,2016138N10081,2016-05-19 03:00:00,2016-05-18 03:00:00,2016-05-19 03:00:00,2016-05-19 09:00:00,2016-05-20 03:00:00,False,none
train,739,2016138N10081,2016-05-19 06:00:00,2016-05-18 06:00:00,2016-05-19 06:00:00,2016-05-19 12:00:00,2016-05-20 06:00:00,False,none
train,740,2016138N10081,2016-05-19 09:00:00,2016-05-18 09:00:00,2016-05-19 09:00:00,2016-05-19 15:00:00,2016-05-20 09:00:00,False,none
train,741,2016138N10081,2016-05-19 12:00:00,2016-05-18 12:00:00,2016-05-19 12:00:00,2016-05-19 18:00:00,2016-05-20 12:00:00,False,none
train,742,2016138N10081,2016-05-19 15:00:00,2016-05-18 15:00:00,2016-05-19 15:00:00,2016-05-19 21:00:00,2016-05-20 15:00:00,False,none
train,743,2016138N10081,2016-05-19 18:00:00,2016-05-18 18:00:00,2016-05-19 18:00:00,2016-05-20 00:00:00,2016-05-20 18:00:00,False,none
train,744,2016138N10081,2016-05-19 21:00:00,2016-05-18 21:00:00,2016-05-19 21:00:00,2016-05-20 03:00:00,2016-05-20 21:00:00,False,none
train,745,2016138N10081,2016-05-20 00:00:00,2016-05-19 00:00:00,2016-05-20 00:00:00,2016-05-20 06:00:00,2016-05-21 00:00:00,False,none
train,746,2016138N10081,2016-05-20 03:00:00,2016-05-19 03:00:00,2016-05-20 03:00:00,2016-05-20 09:00:00,2016-05-21 03:00:00,False,none
train,747,2016138N10081,2016-05-20 06:00:00,2016-05-19 06:00:00,2016-05-20 06:00:00,2016-05-20 12:00:00,2016-05-21 06:00:00,False,none
train,748,2016138N10081,2016-05-20 09:00:00,2016-05-19 09:00:00,2016-05-20 09:00:00,2016-05-20 15:00:00,2016-05-21 09:00:00,False,none
train,749,2016138N10081,2016-05-20 12:00:00,2016-05-19 12:00:00,2016-05-20 12:00:00,2016-05-20 18:00:00,2016-05-21 12:00:00,False,none
train,750,2016138N10081,2016-05-20 15:00:00,2016-05-19 15:00:00,2016-05-20 15:00:00,2016-05-20 21:00:00,2016-05-21 15:00:00,False,none
train,751,2016138N10081,2016-05-20 18:00:00,2016-05-19 18:00:00,2016-05-20 18:00:00,2016-05-21 00:00:00,2016-05-21 18:00:00,False,none
train,752,2016138N10081,2016-05-20 21:00:00,2016-05-19 21:00:00,2016-05-20 21:00:00,2016-05-21 03:00:00,2016-05-21 21:00:00,False,none
train,753,2016138N10081,2016-05-21 00:00:00,2016-05-20 00:00:00,2016-05-21 00:00:00,2016-05-21 06:00:00,2016-05-22 00:00:00,False,none
train,754,2016178N22068,2016-06-27 06:00:00,2016-06-26 06:00:00,2016-06-27 06:00:00,2016-06-27 12:00:00,2016-06-28 06:00:00,False,none
train,755,2016178N22068,2016-06-27 09:00:00,2016-06-26 09:00:00,2016-06-27 09:00:00,2016-06-27 15:00:00,2016-06-28 09:00:00,False,none
train,756,2016178N22068,2016-06-27 12:00:00,2016-06-26 12:00:00,2016-06-27 12:00:00,2016-06-27 18:00:00,2016-06-28 12:00:00,False,none
train,757,2016178N22068,2016-06-27 15:00:00,2016-06-26 15:00:00,2016-06-27 15:00:00,2016-06-27 21:00:00,2016-06-28 15:00:00,False,none
train,758,2016178N22068,2016-06-27 18:00:00,2016-06-26 18:00:00,2016-06-27 18:00:00,2016-06-28 00:00:00,2016-06-28 18:00:00,False,none
train,759,2016178N22068,2016-06-27 21:00:00,2016-06-26 21:00:00,2016-06-27 21:00:00,2016-06-28 03:00:00,2016-06-28 21:00:00,False,none
train,760,2016178N22068,2016-06-28 00:00:00,2016-06-27 00:00:00,2016-06-28 00:00:00,2016-06-28 06:00:00,2016-06-29 00:00:00,False,none
train,761,2016230N21089,2016-08-17 12:00:00,2016-08-16 12:00:00,2016-08-17 12:00:00,2016-08-17 18:00:00,2016-08-18 12:00:00,False,none
train,762,2016230N21089,2016-08-17 15:00:00,2016-08-16 15:00:00,2016-08-17 15:00:00,2016-08-17 21:00:00,2016-08-18 15:00:00,False,none
train,763,2016230N21089,2016-08-17 18:00:00,2016-08-16 18:00:00,2016-08-17 18:00:00,2016-08-18 00:00:00,2016-08-18 18:00:00,False,none
train,764,2016230N21089,2016-08-17 21:00:00,2016-08-16 21:00:00,2016-08-17 21:00:00,2016-08-18 03:00:00,2016-08-18 21:00:00,False,none
train,765,2016230N21089,2016-08-18 00:00:00,2016-08-17 00:00:00,2016-08-18 00:00:00,2016-08-18 06:00:00,2016-08-19 00:00:00,False,none
train,766,2016230N21089,2016-08-18 03:00:00,2016-08-17 03:00:00,2016-08-18 03:00:00,2016-08-18 09:00:00,2016-08-19 03:00:00,False,none
train,767,2016230N21089,2016-08-18 06:00:00,2016-08-17 06:00:00,2016-08-18 06:00:00,2016-08-18 12:00:00,2016-08-19 06:00:00,False,none
train,768,2016230N21089,2016-08-18 09:00:00,2016-08-17 09:00:00,2016-08-18 09:00:00,2016-08-18 15:00:00,2016-08-19 09:00:00,False,none
train,769,2016230N21089,2016-08-18 12:00:00,2016-08-17 12:00:00,2016-08-18 12:00:00,2016-08-18 18:00:00,2016-08-19 12:00:00,False,none
train,770,2016230N21089,2016-08-18 15:00:00,2016-08-17 15:00:00,2016-08-18 15:00:00,2016-08-18 21:00:00,2016-08-19 15:00:00,False,none
train,771,2016230N21089,2016-08-18 18:00:00,2016-08-17 18:00:00,2016-08-18 18:00:00,2016-08-19 00:00:00,2016-08-19 18:00:00,False,none
train,772,2016230N21089,2016-08-18 21:00:00,2016-08-17 21:00:00,2016-08-18 21:00:00,2016-08-19 03:00:00,2016-08-19 21:00:00,False,none
train,773,2016230N21089,2016-08-19 00:00:00,2016-08-18 00:00:00,2016-08-19 00:00:00,2016-08-19 06:00:00,2016-08-20 00:00:00,False,none
train,774,2016230N21089,2016-08-19 03:00:00,2016-08-18 03:00:00,2016-08-19 03:00:00,2016-08-19 09:00:00,2016-08-20 03:00:00,False,none
train,775,2016230N21089,2016-08-19 06:00:00,2016-08-18 06:00:00,2016-08-19 06:00:00,2016-08-19 12:00:00,2016-08-20 06:00:00,False,none
train,776,2016230N21089,2016-08-19 09:00:00,2016-08-18 09:00:00,2016-08-19 09:00:00,2016-08-19 15:00:00,2016-08-20 09:00:00,False,none
train,777,2016230N21089,2016-08-19 12:00:00,2016-08-18 12:00:00,2016-08-19 12:00:00,2016-08-19 18:00:00,2016-08-20 12:00:00,False,none
train,778,2016230N21089,2016-08-19 15:00:00,2016-08-18 15:00:00,2016-08-19 15:00:00,2016-08-19 21:00:00,2016-08-20 15:00:00,False,none
train,779,2016230N21089,2016-08-19 18:00:00,2016-08-18 18:00:00,2016-08-19 18:00:00,2016-08-20 00:00:00,2016-08-20 18:00:00,False,none
train,780,2016295N13089,2016-10-22 00:00:00,2016-10-21 00:00:00,2016-10-22 00:00:00,2016-10-22 06:00:00,2016-10-23 00:00:00,False,none
train,781,2016295N13089,2016-10-22 03:00:00,2016-10-21 03:00:00,2016-10-22 03:00:00,2016-10-22 09:00:00,2016-10-23 03:00:00,False,none
train,782,2016295N13089,2016-10-22 06:00:00,2016-10-21 06:00:00,2016-10-22 06:00:00,2016-10-22 12:00:00,2016-10-23 06:00:00,False,none
train,783,2016295N13089,2016-10-22 09:00:00,2016-10-21 09:00:00,2016-10-22 09:00:00,2016-10-22 15:00:00,2016-10-23 09:00:00,False,none
train,784,2016295N13089,2016-10-22 12:00:00,2016-10-21 12:00:00,2016-10-22 12:00:00,2016-10-22 18:00:00,2016-10-23 12:00:00,False,none
train,785,2016295N13089,2016-10-22 15:00:00,2016-10-21 15:00:00,2016-10-22 15:00:00,2016-10-22 21:00:00,2016-10-23 15:00:00,False,none
train,786,2016295N13089,2016-10-22 18:00:00,2016-10-21 18:00:00,2016-10-22 18:00:00,2016-10-23 00:00:00,2016-10-23 18:00:00,False,none
train,787,2016295N13089,2016-10-22 21:00:00,2016-10-21 21:00:00,2016-10-22 21:00:00,2016-10-23 03:00:00,2016-10-23 21:00:00,False,none
train,788,2016295N13089,2016-10-23 00:00:00,2016-10-22 00:00:00,2016-10-23 00:00:00,2016-10-23 06:00:00,2016-10-24 00:00:00,False,none
train,789,2016295N13089,2016-10-23 03:00:00,2016-10-22 03:00:00,2016-10-23 03:00:00,2016-10-23 09:00:00,2016-10-24 03:00:00,False,none
train,790,2016295N13089,2016-10-23 06:00:00,2016-10-22 06:00:00,2016-10-23 06:00:00,2016-10-23 12:00:00,2016-10-24 06:00:00,False,none
train,791,2016295N13089,2016-10-23 09:00:00,2016-10-22 09:00:00,2016-10-23 09:00:00,2016-10-23 15:00:00,2016-10-24 09:00:00,False,none
train,792,2016295N13089,2016-10-23 12:00:00,2016-10-22 12:00:00,2016-10-23 12:00:00,2016-10-23 18:00:00,2016-10-24 12:00:00,False,none
train,793,2016295N13089,2016-10-23 15:00:00,2016-10-22 15:00:00,2016-10-23 15:00:00,2016-10-23 21:00:00,2016-10-24 15:00:00,False,none
train,794,2016295N13089,2016-10-23 18:00:00,2016-10-22 18:00:00,2016-10-23 18:00:00,2016-10-24 00:00:00,2016-10-24 18:00:00,False,none
train,795,2016295N13089,2016-10-23 21:00:00,2016-10-22 21:00:00,2016-10-23 21:00:00,2016-10-24 03:00:00,2016-10-24 21:00:00,False,none
train,796,2016295N13089,2016-10-24 00:00:00,2016-10-23 00:00:00,2016-10-24 00:00:00,2016-10-24 06:00:00,2016-10-25 00:00:00,False,none
train,797,2016295N13089,2016-10-24 03:00:00,2016-10-23 03:00:00,2016-10-24 03:00:00,2016-10-24 09:00:00,2016-10-25 03:00:00,False,none
train,798,2016295N13089,2016-10-24 06:00:00,2016-10-23 06:00:00,2016-10-24 06:00:00,2016-10-24 12:00:00,2016-10-25 06:00:00,False,none
train,799,2016295N13089,2016-10-24 09:00:00,2016-10-23 09:00:00,2016-10-24 09:00:00,2016-10-24 15:00:00,2016-10-25 09:00:00,False,none
train,800,2016295N13089,2016-10-24 12:00:00,2016-10-23 12:00:00,2016-10-24 12:00:00,2016-10-24 18:00:00,2016-10-25 12:00:00,False,none
train,801,2016295N13089,2016-10-24 15:00:00,2016-10-23 15:00:00,2016-10-24 15:00:00,2016-10-24 21:00:00,2016-10-25 15:00:00,False,none
train,802,2016295N13089,2016-10-24 18:00:00,2016-10-23 18:00:00,2016-10-24 18:00:00,2016-10-25 00:00:00,2016-10-25 18:00:00,False,none
train,803,2016295N13089,2016-10-24 21:00:00,2016-10-23 21:00:00,2016-10-24 21:00:00,2016-10-25 03:00:00,2016-10-25 21:00:00,False,none
train,804,2016295N13089,2016-10-25 00:00:00,2016-10-24 00:00:00,2016-10-25 00:00:00,2016-10-25 06:00:00,2016-10-26 00:00:00,False,none
train,805,2016295N13089,2016-10-25 03:00:00,2016-10-24 03:00:00,2016-10-25 03:00:00,2016-10-25 09:00:00,2016-10-26 03:00:00,False,none
train,806,2016295N13089,2016-10-25 06:00:00,2016-10-24 06:00:00,2016-10-25 06:00:00,2016-10-25 12:00:00,2016-10-26 06:00:00,False,none
train,807,2016295N13089,2016-10-25 09:00:00,2016-10-24 09:00:00,2016-10-25 09:00:00,2016-10-25 15:00:00,2016-10-26 09:00:00,False,none
train,808,2016295N13089,2016-10-25 12:00:00,2016-10-24 12:00:00,2016-10-25 12:00:00,2016-10-25 18:00:00,2016-10-26 12:00:00,False,none
train,809,2016295N13089,2016-10-25 15:00:00,2016-10-24 15:00:00,2016-10-25 15:00:00,2016-10-25 21:00:00,2016-10-26 15:00:00,False,none
train,810,2016295N13089,2016-10-25 18:00:00,2016-10-24 18:00:00,2016-10-25 18:00:00,2016-10-26 00:00:00,2016-10-26 18:00:00,False,none
train,811,2016295N13089,2016-10-25 21:00:00,2016-10-24 21:00:00,2016-10-25 21:00:00,2016-10-26 03:00:00,2016-10-26 21:00:00,False,none
train,812,2016295N13089,2016-10-26 00:00:00,2016-10-25 00:00:00,2016-10-26 00:00:00,2016-10-26 06:00:00,2016-10-27 00:00:00,False,none
train,813,2016295N13089,2016-10-26 03:00:00,2016-10-25 03:00:00,2016-10-26 03:00:00,2016-10-26 09:00:00,2016-10-27 03:00:00,False,none
train,814,2016295N13089,2016-10-26 06:00:00,2016-10-25 06:00:00,2016-10-26 06:00:00,2016-10-26 12:00:00,2016-10-27 06:00:00,False,none
train,815,2016295N13089,2016-10-26 09:00:00,2016-10-25 09:00:00,2016-10-26 09:00:00,2016-10-26 15:00:00,2016-10-27 09:00:00,False,none
train,816,2016295N13089,2016-10-26 12:00:00,2016-10-25 12:00:00,2016-10-26 12:00:00,2016-10-26 18:00:00,2016-10-27 12:00:00,False,none
train,817,2016295N13089,2016-10-26 15:00:00,2016-10-25 15:00:00,2016-10-26 15:00:00,2016-10-26 21:00:00,2016-10-27 15:00:00,False,none
train,818,2016295N13089,2016-10-26 18:00:00,2016-10-25 18:00:00,2016-10-26 18:00:00,2016-10-27 00:00:00,2016-10-27 18:00:00,False,none
train,819,2016295N13089,2016-10-26 21:00:00,2016-10-25 21:00:00,2016-10-26 21:00:00,2016-10-27 03:00:00,2016-10-27 21:00:00,False,none
train,820,2016295N13089,2016-10-27 00:00:00,2016-10-26 00:00:00,2016-10-27 00:00:00,2016-10-27 06:00:00,2016-10-28 00:00:00,False,none
train,821,2016295N13089,2016-10-27 03:00:00,2016-10-26 03:00:00,2016-10-27 03:00:00,2016-10-27 09:00:00,2016-10-28 03:00:00,False,none
train,822,2016295N13089,2016-10-27 06:00:00,2016-10-26 06:00:00,2016-10-27 06:00:00,2016-10-27 12:00:00,2016-10-28 06:00:00,False,none
train,823,2016295N13089,2016-10-27 09:00:00,2016-10-26 09:00:00,2016-10-27 09:00:00,2016-10-27 15:00:00,2016-10-28 09:00:00,False,none
train,824,2016295N13089,2016-10-27 12:00:00,2016-10-26 12:00:00,2016-10-27 12:00:00,2016-10-27 18:00:00,2016-10-28 12:00:00,False,none
train,825,2016295N13089,2016-10-27 15:00:00,2016-10-26 15:00:00,2016-10-27 15:00:00,2016-10-27 21:00:00,2016-10-28 15:00:00,False,none
train,826,2016295N13089,2016-10-27 18:00:00,2016-10-26 18:00:00,2016-10-27 18:00:00,2016-10-28 00:00:00,2016-10-28 18:00:00,False,none
train,827,2016295N13089,2016-10-27 21:00:00,2016-10-26 21:00:00,2016-10-27 21:00:00,2016-10-28 03:00:00,2016-10-28 21:00:00,False,none
train,828,2016295N13089,2016-10-28 00:00:00,2016-10-27 00:00:00,2016-10-28 00:00:00,2016-10-28 06:00:00,2016-10-29 00:00:00,False,none
train,829,2016295N13089,2016-10-28 03:00:00,2016-10-27 03:00:00,2016-10-28 03:00:00,2016-10-28 09:00:00,2016-10-29 03:00:00,False,none
train,830,2016295N13089,2016-10-28 06:00:00,2016-10-27 06:00:00,2016-10-28 06:00:00,2016-10-28 12:00:00,2016-10-29 06:00:00,False,none
train,831,2016308N13088,2016-11-03 18:00:00,2016-11-02 18:00:00,2016-11-03 18:00:00,2016-11-04 00:00:00,2016-11-04 18:00:00,False,none
train,832,2016308N13088,2016-11-03 21:00:00,2016-11-02 21:00:00,2016-11-03 21:00:00,2016-11-04 03:00:00,2016-11-04 21:00:00,False,none
train,833,2016308N13088,2016-11-04 00:00:00,2016-11-03 00:00:00,2016-11-04 00:00:00,2016-11-04 06:00:00,2016-11-05 00:00:00,False,none
train,834,2016308N13088,2016-11-04 03:00:00,2016-11-03 03:00:00,2016-11-04 03:00:00,2016-11-04 09:00:00,2016-11-05 03:00:00,False,none
train,835,2016308N13088,2016-11-04 06:00:00,2016-11-03 06:00:00,2016-11-04 06:00:00,2016-11-04 12:00:00,2016-11-05 06:00:00,False,none
train,836,2016308N13088,2016-11-04 09:00:00,2016-11-03 09:00:00,2016-11-04 09:00:00,2016-11-04 15:00:00,2016-11-05 09:00:00,False,none
train,837,2016308N13088,2016-11-04 12:00:00,2016-11-03 12:00:00,2016-11-04 12:00:00,2016-11-04 18:00:00,2016-11-05 12:00:00,False,none
train,838,2016308N13088,2016-11-04 15:00:00,2016-11-03 15:00:00,2016-11-04 15:00:00,2016-11-04 21:00:00,2016-11-05 15:00:00,False,none
train,839,2016308N13088,2016-11-04 18:00:00,2016-11-03 18:00:00,2016-11-04 18:00:00,2016-11-05 00:00:00,2016-11-05 18:00:00,False,none
train,840,2016308N13088,2016-11-04 21:00:00,2016-11-03 21:00:00,2016-11-04 21:00:00,2016-11-05 03:00:00,2016-11-05 21:00:00,False,none
train,841,2016308N13088,2016-11-05 00:00:00,2016-11-04 00:00:00,2016-11-05 00:00:00,2016-11-05 06:00:00,2016-11-06 00:00:00,False,none
train,842,2016308N13088,2016-11-05 03:00:00,2016-11-04 03:00:00,2016-11-05 03:00:00,2016-11-05 09:00:00,2016-11-06 03:00:00,False,none
train,843,2016308N13088,2016-11-05 06:00:00,2016-11-04 06:00:00,2016-11-05 06:00:00,2016-11-05 12:00:00,2016-11-06 06:00:00,False,none
train,844,2016308N13088,2016-11-05 09:00:00,2016-11-04 09:00:00,2016-11-05 09:00:00,2016-11-05 15:00:00,2016-11-06 09:00:00,False,none
train,845,2016335N07088,2016-11-30 12:00:00,2016-11-29 12:00:00,2016-11-30 12:00:00,2016-11-30 18:00:00,2016-12-01 12:00:00,False,none
train,846,2016335N07088,2016-11-30 15:00:00,2016-11-29 15:00:00,2016-11-30 15:00:00,2016-11-30 21:00:00,2016-12-01 15:00:00,False,none
train,847,2016335N07088,2016-11-30 18:00:00,2016-11-29 18:00:00,2016-11-30 18:00:00,2016-12-01 00:00:00,2016-12-01 18:00:00,False,none
train,848,2016335N07088,2016-11-30 21:00:00,2016-11-29 21:00:00,2016-11-30 21:00:00,2016-12-01 03:00:00,2016-12-01 21:00:00,False,none
train,849,2016335N07088,2016-12-01 00:00:00,2016-11-30 00:00:00,2016-12-01 00:00:00,2016-12-01 06:00:00,2016-12-02 00:00:00,False,none
train,850,2016335N07088,2016-12-01 03:00:00,2016-11-30 03:00:00,2016-12-01 03:00:00,2016-12-01 09:00:00,2016-12-02 03:00:00,False,none
train,851,2016335N07088,2016-12-01 06:00:00,2016-11-30 06:00:00,2016-12-01 06:00:00,2016-12-01 12:00:00,2016-12-02 06:00:00,False,none
train,852,2017147N14087,2017-05-28 06:00:00,2017-05-27 06:00:00,2017-05-28 06:00:00,2017-05-28 12:00:00,2017-05-29 06:00:00,False,none
train,853,2017147N14087,2017-05-28 09:00:00,2017-05-27 09:00:00,2017-05-28 09:00:00,2017-05-28 15:00:00,2017-05-29 09:00:00,False,none
train,854,2017147N14087,2017-05-28 12:00:00,2017-05-27 12:00:00,2017-05-28 12:00:00,2017-05-28 18:00:00,2017-05-29 12:00:00,False,none
train,855,2017147N14087,2017-05-28 15:00:00,2017-05-27 15:00:00,2017-05-28 15:00:00,2017-05-28 21:00:00,2017-05-29 15:00:00,False,none
train,856,2017147N14087,2017-05-28 18:00:00,2017-05-27 18:00:00,2017-05-28 18:00:00,2017-05-29 00:00:00,2017-05-29 18:00:00,False,none
train,857,2017147N14087,2017-05-28 21:00:00,2017-05-27 21:00:00,2017-05-28 21:00:00,2017-05-29 03:00:00,2017-05-29 21:00:00,False,none
train,858,2017147N14087,2017-05-29 00:00:00,2017-05-28 00:00:00,2017-05-29 00:00:00,2017-05-29 06:00:00,2017-05-30 00:00:00,False,none
train,859,2017147N14087,2017-05-29 03:00:00,2017-05-28 03:00:00,2017-05-29 03:00:00,2017-05-29 09:00:00,2017-05-30 03:00:00,False,none
train,860,2017147N14087,2017-05-29 06:00:00,2017-05-28 06:00:00,2017-05-29 06:00:00,2017-05-29 12:00:00,2017-05-30 06:00:00,False,none
train,861,2017147N14087,2017-05-29 09:00:00,2017-05-28 09:00:00,2017-05-29 09:00:00,2017-05-29 15:00:00,2017-05-30 09:00:00,False,none
train,862,2017147N14087,2017-05-29 12:00:00,2017-05-28 12:00:00,2017-05-29 12:00:00,2017-05-29 18:00:00,2017-05-30 12:00:00,False,none
train,863,2017147N14087,2017-05-29 15:00:00,2017-05-28 15:00:00,2017-05-29 15:00:00,2017-05-29 21:00:00,2017-05-30 15:00:00,False,none
train,864,2017147N14087,2017-05-29 18:00:00,2017-05-28 18:00:00,2017-05-29 18:00:00,2017-05-30 00:00:00,2017-05-30 18:00:00,False,none
train,865,2017319N15083,2017-11-16 03:00:00,2017-11-15 03:00:00,2017-11-16 03:00:00,2017-11-16 09:00:00,2017-11-17 03:00:00,False,none
train,866,2017340N09089,2017-12-07 03:00:00,2017-12-06 03:00:00,2017-12-07 03:00:00,2017-12-07 09:00:00,2017-12-08 03:00:00,False,none
train,867,2017340N09089,2017-12-07 06:00:00,2017-12-06 06:00:00,2017-12-07 06:00:00,2017-12-07 12:00:00,2017-12-08 06:00:00,False,none
train,868,2017340N09089,2017-12-07 09:00:00,2017-12-06 09:00:00,2017-12-07 09:00:00,2017-12-07 15:00:00,2017-12-08 09:00:00,False,none
train,869,2017340N09089,2017-12-07 12:00:00,2017-12-06 12:00:00,2017-12-07 12:00:00,2017-12-07 18:00:00,2017-12-08 12:00:00,False,none
train,870,2017340N09089,2017-12-07 15:00:00,2017-12-06 15:00:00,2017-12-07 15:00:00,2017-12-07 21:00:00,2017-12-08 15:00:00,False,none
train,871,2017340N09089,2017-12-07 18:00:00,2017-12-06 18:00:00,2017-12-07 18:00:00,2017-12-08 00:00:00,2017-12-08 18:00:00,False,none
train,872,2017340N09089,2017-12-07 21:00:00,2017-12-06 21:00:00,2017-12-07 21:00:00,2017-12-08 03:00:00,2017-12-08 21:00:00,False,none
train,873,2017340N09089,2017-12-08 00:00:00,2017-12-07 00:00:00,2017-12-08 00:00:00,2017-12-08 06:00:00,2017-12-09 00:00:00,False,none
train,874,2017340N09089,2017-12-08 03:00:00,2017-12-07 03:00:00,2017-12-08 03:00:00,2017-12-08 09:00:00,2017-12-09 03:00:00,False,none
train,875,2017340N09089,2017-12-08 06:00:00,2017-12-07 06:00:00,2017-12-08 06:00:00,2017-12-08 12:00:00,2017-12-09 06:00:00,False,none
train,876,2017340N09089,2017-12-08 09:00:00,2017-12-07 09:00:00,2017-12-08 09:00:00,2017-12-08 15:00:00,2017-12-09 09:00:00,False,none
train,877,2017340N09089,2017-12-08 12:00:00,2017-12-07 12:00:00,2017-12-08 12:00:00,2017-12-08 18:00:00,2017-12-09 12:00:00,False,none
train,878,2017340N09089,2017-12-08 15:00:00,2017-12-07 15:00:00,2017-12-08 15:00:00,2017-12-08 21:00:00,2017-12-09 15:00:00,False,none
train,879,2017340N09089,2017-12-08 18:00:00,2017-12-07 18:00:00,2017-12-08 18:00:00,2017-12-09 00:00:00,2017-12-09 18:00:00,False,none
train,880,2017340N09089,2017-12-08 21:00:00,2017-12-07 21:00:00,2017-12-08 21:00:00,2017-12-09 03:00:00,2017-12-09 21:00:00,False,none
train,881,2017340N09089,2017-12-09 00:00:00,2017-12-08 00:00:00,2017-12-09 00:00:00,2017-12-09 06:00:00,2017-12-10 00:00:00,False,none
train,882,2017340N09089,2017-12-09 03:00:00,2017-12-08 03:00:00,2017-12-09 03:00:00,2017-12-09 09:00:00,2017-12-10 03:00:00,False,none
train,883,2017340N09089,2017-12-09 06:00:00,2017-12-08 06:00:00,2017-12-09 06:00:00,2017-12-09 12:00:00,2017-12-10 06:00:00,False,none
train,884,2018136N11054,2018-05-16 18:00:00,2018-05-15 18:00:00,2018-05-16 18:00:00,2018-05-17 00:00:00,2018-05-17 18:00:00,False,none
train,885,2018136N11054,2018-05-16 21:00:00,2018-05-15 21:00:00,2018-05-16 21:00:00,2018-05-17 03:00:00,2018-05-17 21:00:00,False,none
train,886,2018136N11054,2018-05-17 00:00:00,2018-05-16 00:00:00,2018-05-17 00:00:00,2018-05-17 06:00:00,2018-05-18 00:00:00,False,none
train,887,2018136N11054,2018-05-17 03:00:00,2018-05-16 03:00:00,2018-05-17 03:00:00,2018-05-17 09:00:00,2018-05-18 03:00:00,False,none
train,888,2018136N11054,2018-05-17 06:00:00,2018-05-16 06:00:00,2018-05-17 06:00:00,2018-05-17 12:00:00,2018-05-18 06:00:00,False,none
train,889,2018136N11054,2018-05-17 09:00:00,2018-05-16 09:00:00,2018-05-17 09:00:00,2018-05-17 15:00:00,2018-05-18 09:00:00,False,none
train,890,2018136N11054,2018-05-17 12:00:00,2018-05-16 12:00:00,2018-05-17 12:00:00,2018-05-17 18:00:00,2018-05-18 12:00:00,False,none
train,891,2018136N11054,2018-05-17 15:00:00,2018-05-16 15:00:00,2018-05-17 15:00:00,2018-05-17 21:00:00,2018-05-18 15:00:00,False,none
train,892,2018136N11054,2018-05-17 18:00:00,2018-05-16 18:00:00,2018-05-17 18:00:00,2018-05-18 00:00:00,2018-05-18 18:00:00,False,none
train,893,2018136N11054,2018-05-17 21:00:00,2018-05-16 21:00:00,2018-05-17 21:00:00,2018-05-18 03:00:00,2018-05-18 21:00:00,False,none
train,894,2018136N11054,2018-05-18 00:00:00,2018-05-17 00:00:00,2018-05-18 00:00:00,2018-05-18 06:00:00,2018-05-19 00:00:00,False,none
train,895,2018136N11054,2018-05-18 03:00:00,2018-05-17 03:00:00,2018-05-18 03:00:00,2018-05-18 09:00:00,2018-05-19 03:00:00,False,none
train,896,2018136N11054,2018-05-18 06:00:00,2018-05-17 06:00:00,2018-05-18 06:00:00,2018-05-18 12:00:00,2018-05-19 06:00:00,False,none
train,897,2018136N11054,2018-05-18 09:00:00,2018-05-17 09:00:00,2018-05-18 09:00:00,2018-05-18 15:00:00,2018-05-19 09:00:00,False,none
train,898,2018136N11054,2018-05-18 12:00:00,2018-05-17 12:00:00,2018-05-18 12:00:00,2018-05-18 18:00:00,2018-05-19 12:00:00,False,none
train,899,2018136N11054,2018-05-18 15:00:00,2018-05-17 15:00:00,2018-05-18 15:00:00,2018-05-18 21:00:00,2018-05-19 15:00:00,False,none
train,900,2018136N11054,2018-05-18 18:00:00,2018-05-17 18:00:00,2018-05-18 18:00:00,2018-05-19 00:00:00,2018-05-19 18:00:00,False,none
train,901,2018136N11054,2018-05-18 21:00:00,2018-05-17 21:00:00,2018-05-18 21:00:00,2018-05-19 03:00:00,2018-05-19 21:00:00,False,none
train,902,2018136N11054,2018-05-19 00:00:00,2018-05-18 00:00:00,2018-05-19 00:00:00,2018-05-19 06:00:00,2018-05-20 00:00:00,False,none
train,903,2018136N11054,2018-05-19 03:00:00,2018-05-18 03:00:00,2018-05-19 03:00:00,2018-05-19 09:00:00,2018-05-20 03:00:00,False,none
train,904,2018136N11054,2018-05-19 06:00:00,2018-05-18 06:00:00,2018-05-19 06:00:00,2018-05-19 12:00:00,2018-05-20 06:00:00,False,none
train,905,2018148N17090,2018-05-29 00:00:00,2018-05-28 00:00:00,2018-05-29 00:00:00,2018-05-29 06:00:00,2018-05-30 00:00:00,False,none
train,906,2018148N17090,2018-05-29 03:00:00,2018-05-28 03:00:00,2018-05-29 03:00:00,2018-05-29 09:00:00,2018-05-30 03:00:00,False,none
train,907,2018279N11069,2018-10-06 18:00:00,2018-10-05 18:00:00,2018-10-06 18:00:00,2018-10-07 00:00:00,2018-10-07 18:00:00,False,none
train,908,2018279N11069,2018-10-06 21:00:00,2018-10-05 21:00:00,2018-10-06 21:00:00,2018-10-07 03:00:00,2018-10-07 21:00:00,False,none
train,909,2018279N11069,2018-10-07 00:00:00,2018-10-06 00:00:00,2018-10-07 00:00:00,2018-10-07 06:00:00,2018-10-08 00:00:00,False,none
train,910,2018279N11069,2018-10-07 03:00:00,2018-10-06 03:00:00,2018-10-07 03:00:00,2018-10-07 09:00:00,2018-10-08 03:00:00,False,none
train,911,2018279N11069,2018-10-07 06:00:00,2018-10-06 06:00:00,2018-10-07 06:00:00,2018-10-07 12:00:00,2018-10-08 06:00:00,False,none
train,912,2018279N11069,2018-10-07 09:00:00,2018-10-06 09:00:00,2018-10-07 09:00:00,2018-10-07 15:00:00,2018-10-08 09:00:00,False,none
train,913,2018279N11069,2018-10-07 12:00:00,2018-10-06 12:00:00,2018-10-07 12:00:00,2018-10-07 18:00:00,2018-10-08 12:00:00,False,none
train,914,2018279N11069,2018-10-07 15:00:00,2018-10-06 15:00:00,2018-10-07 15:00:00,2018-10-07 21:00:00,2018-10-08 15:00:00,False,none
train,915,2018279N11069,2018-10-07 18:00:00,2018-10-06 18:00:00,2018-10-07 18:00:00,2018-10-08 00:00:00,2018-10-08 18:00:00,False,none
train,916,2018279N11069,2018-10-07 21:00:00,2018-10-06 21:00:00,2018-10-07 21:00:00,2018-10-08 03:00:00,2018-10-08 21:00:00,False,none
train,917,2018279N11069,2018-10-08 00:00:00,2018-10-07 00:00:00,2018-10-08 00:00:00,2018-10-08 06:00:00,2018-10-09 00:00:00,False,none
train,918,2018279N11069,2018-10-08 03:00:00,2018-10-07 03:00:00,2018-10-08 03:00:00,2018-10-08 09:00:00,2018-10-09 03:00:00,False,none
train,919,2018279N11069,2018-10-08 06:00:00,2018-10-07 06:00:00,2018-10-08 06:00:00,2018-10-08 12:00:00,2018-10-09 06:00:00,False,none
train,920,2018279N11069,2018-10-08 09:00:00,2018-10-07 09:00:00,2018-10-08 09:00:00,2018-10-08 15:00:00,2018-10-09 09:00:00,False,none
train,921,2018279N11069,2018-10-08 12:00:00,2018-10-07 12:00:00,2018-10-08 12:00:00,2018-10-08 18:00:00,2018-10-09 12:00:00,False,none
train,922,2018279N11069,2018-10-08 15:00:00,2018-10-07 15:00:00,2018-10-08 15:00:00,2018-10-08 21:00:00,2018-10-09 15:00:00,False,none
train,923,2018279N11069,2018-10-08 18:00:00,2018-10-07 18:00:00,2018-10-08 18:00:00,2018-10-09 00:00:00,2018-10-09 18:00:00,False,none
train,924,2018279N11069,2018-10-08 21:00:00,2018-10-07 21:00:00,2018-10-08 21:00:00,2018-10-09 03:00:00,2018-10-09 21:00:00,False,none
train,925,2018279N11069,2018-10-09 00:00:00,2018-10-08 00:00:00,2018-10-09 00:00:00,2018-10-09 06:00:00,2018-10-10 00:00:00,False,none
train,926,2018279N11069,2018-10-09 03:00:00,2018-10-08 03:00:00,2018-10-09 03:00:00,2018-10-09 09:00:00,2018-10-10 03:00:00,False,none
train,927,2018279N11069,2018-10-09 06:00:00,2018-10-08 06:00:00,2018-10-09 06:00:00,2018-10-09 12:00:00,2018-10-10 06:00:00,False,none
train,928,2018279N11069,2018-10-09 09:00:00,2018-10-08 09:00:00,2018-10-09 09:00:00,2018-10-09 15:00:00,2018-10-10 09:00:00,False,none
train,929,2018279N11069,2018-10-09 12:00:00,2018-10-08 12:00:00,2018-10-09 12:00:00,2018-10-09 18:00:00,2018-10-10 12:00:00,False,none
train,930,2018279N11069,2018-10-09 15:00:00,2018-10-08 15:00:00,2018-10-09 15:00:00,2018-10-09 21:00:00,2018-10-10 15:00:00,False,none
train,931,2018279N11069,2018-10-09 18:00:00,2018-10-08 18:00:00,2018-10-09 18:00:00,2018-10-10 00:00:00,2018-10-10 18:00:00,False,none
train,932,2018279N11069,2018-10-09 21:00:00,2018-10-08 21:00:00,2018-10-09 21:00:00,2018-10-10 03:00:00,2018-10-10 21:00:00,False,none
train,933,2018279N11069,2018-10-10 00:00:00,2018-10-09 00:00:00,2018-10-10 00:00:00,2018-10-10 06:00:00,2018-10-11 00:00:00,False,none
train,934,2018279N11069,2018-10-10 03:00:00,2018-10-09 03:00:00,2018-10-10 03:00:00,2018-10-10 09:00:00,2018-10-11 03:00:00,False,none
train,935,2018279N11069,2018-10-10 06:00:00,2018-10-09 06:00:00,2018-10-10 06:00:00,2018-10-10 12:00:00,2018-10-11 06:00:00,False,none
train,936,2018279N11069,2018-10-10 09:00:00,2018-10-09 09:00:00,2018-10-10 09:00:00,2018-10-10 15:00:00,2018-10-11 09:00:00,False,none
train,937,2018279N11069,2018-10-10 12:00:00,2018-10-09 12:00:00,2018-10-10 12:00:00,2018-10-10 18:00:00,2018-10-11 12:00:00,False,none
train,938,2018279N11069,2018-10-10 15:00:00,2018-10-09 15:00:00,2018-10-10 15:00:00,2018-10-10 21:00:00,2018-10-11 15:00:00,False,none
train,939,2018279N11069,2018-10-10 18:00:00,2018-10-09 18:00:00,2018-10-10 18:00:00,2018-10-11 00:00:00,2018-10-11 18:00:00,False,none
train,940,2018279N11069,2018-10-10 21:00:00,2018-10-09 21:00:00,2018-10-10 21:00:00,2018-10-11 03:00:00,2018-10-11 21:00:00,False,none
train,941,2018279N11069,2018-10-11 00:00:00,2018-10-10 00:00:00,2018-10-11 00:00:00,2018-10-11 06:00:00,2018-10-12 00:00:00,False,none
train,942,2018279N11069,2018-10-11 03:00:00,2018-10-10 03:00:00,2018-10-11 03:00:00,2018-10-11 09:00:00,2018-10-12 03:00:00,False,none
train,943,2018279N11069,2018-10-11 06:00:00,2018-10-10 06:00:00,2018-10-11 06:00:00,2018-10-11 12:00:00,2018-10-12 06:00:00,False,none
train,944,2018279N11069,2018-10-11 09:00:00,2018-10-10 09:00:00,2018-10-11 09:00:00,2018-10-11 15:00:00,2018-10-12 09:00:00,False,none
train,945,2018279N11069,2018-10-11 12:00:00,2018-10-10 12:00:00,2018-10-11 12:00:00,2018-10-11 18:00:00,2018-10-12 12:00:00,False,none
train,946,2018279N11069,2018-10-11 15:00:00,2018-10-10 15:00:00,2018-10-11 15:00:00,2018-10-11 21:00:00,2018-10-12 15:00:00,False,none
train,947,2018279N11069,2018-10-11 18:00:00,2018-10-10 18:00:00,2018-10-11 18:00:00,2018-10-12 00:00:00,2018-10-12 18:00:00,False,none
train,948,2018279N11069,2018-10-11 21:00:00,2018-10-10 21:00:00,2018-10-11 21:00:00,2018-10-12 03:00:00,2018-10-12 21:00:00,False,none
train,949,2018279N11069,2018-10-12 00:00:00,2018-10-11 00:00:00,2018-10-12 00:00:00,2018-10-12 06:00:00,2018-10-13 00:00:00,False,none
train,950,2018279N11069,2018-10-12 03:00:00,2018-10-11 03:00:00,2018-10-12 03:00:00,2018-10-12 09:00:00,2018-10-13 03:00:00,False,none
train,951,2018279N11069,2018-10-12 06:00:00,2018-10-11 06:00:00,2018-10-12 06:00:00,2018-10-12 12:00:00,2018-10-13 06:00:00,False,none
train,952,2018279N11069,2018-10-12 09:00:00,2018-10-11 09:00:00,2018-10-12 09:00:00,2018-10-12 15:00:00,2018-10-13 09:00:00,False,none
train,953,2018279N11069,2018-10-12 12:00:00,2018-10-11 12:00:00,2018-10-12 12:00:00,2018-10-12 18:00:00,2018-10-13 12:00:00,False,none
train,954,2018279N11069,2018-10-12 15:00:00,2018-10-11 15:00:00,2018-10-12 15:00:00,2018-10-12 21:00:00,2018-10-13 15:00:00,False,none
train,955,2018279N11069,2018-10-12 18:00:00,2018-10-11 18:00:00,2018-10-12 18:00:00,2018-10-13 00:00:00,2018-10-13 18:00:00,False,none
train,956,2018279N11069,2018-10-12 21:00:00,2018-10-11 21:00:00,2018-10-12 21:00:00,2018-10-13 03:00:00,2018-10-13 21:00:00,False,none
train,957,2018279N11069,2018-10-13 00:00:00,2018-10-12 00:00:00,2018-10-13 00:00:00,2018-10-13 06:00:00,2018-10-14 00:00:00,False,none
train,958,2018279N11069,2018-10-13 03:00:00,2018-10-12 03:00:00,2018-10-13 03:00:00,2018-10-13 09:00:00,2018-10-14 03:00:00,False,none
train,959,2018279N11069,2018-10-13 06:00:00,2018-10-12 06:00:00,2018-10-13 06:00:00,2018-10-13 12:00:00,2018-10-14 06:00:00,False,none
train,960,2018279N11069,2018-10-13 09:00:00,2018-10-12 09:00:00,2018-10-13 09:00:00,2018-10-13 15:00:00,2018-10-14 09:00:00,False,none
train,961,2018279N11069,2018-10-13 12:00:00,2018-10-12 12:00:00,2018-10-13 12:00:00,2018-10-13 18:00:00,2018-10-14 12:00:00,False,none
train,962,2018279N11069,2018-10-13 15:00:00,2018-10-12 15:00:00,2018-10-13 15:00:00,2018-10-13 21:00:00,2018-10-14 15:00:00,False,none
train,963,2018279N11069,2018-10-13 18:00:00,2018-10-12 18:00:00,2018-10-13 18:00:00,2018-10-14 00:00:00,2018-10-14 18:00:00,False,none
train,964,2018279N11069,2018-10-13 21:00:00,2018-10-12 21:00:00,2018-10-13 21:00:00,2018-10-14 03:00:00,2018-10-14 21:00:00,False,none
train,965,2018279N11069,2018-10-14 00:00:00,2018-10-13 00:00:00,2018-10-14 00:00:00,2018-10-14 06:00:00,2018-10-15 00:00:00,False,none
train,966,2018314N12093,2018-11-11 03:00:00,2018-11-10 03:00:00,2018-11-11 03:00:00,2018-11-11 09:00:00,2018-11-12 03:00:00,False,none
train,967,2018314N12093,2018-11-11 06:00:00,2018-11-10 06:00:00,2018-11-11 06:00:00,2018-11-11 12:00:00,2018-11-12 06:00:00,False,none
train,968,2018314N12093,2018-11-11 09:00:00,2018-11-10 09:00:00,2018-11-11 09:00:00,2018-11-11 15:00:00,2018-11-12 09:00:00,False,none
train,969,2018314N12093,2018-11-11 12:00:00,2018-11-10 12:00:00,2018-11-11 12:00:00,2018-11-11 18:00:00,2018-11-12 12:00:00,False,none
train,970,2018314N12093,2018-11-11 15:00:00,2018-11-10 15:00:00,2018-11-11 15:00:00,2018-11-11 21:00:00,2018-11-12 15:00:00,False,none
train,971,2018314N12093,2018-11-11 18:00:00,2018-11-10 18:00:00,2018-11-11 18:00:00,2018-11-12 00:00:00,2018-11-12 18:00:00,False,none
train,972,2018314N12093,2018-11-11 21:00:00,2018-11-10 21:00:00,2018-11-11 21:00:00,2018-11-12 03:00:00,2018-11-12 21:00:00,False,none
train,973,2018314N12093,2018-11-12 00:00:00,2018-11-11 00:00:00,2018-11-12 00:00:00,2018-11-12 06:00:00,2018-11-13 00:00:00,False,none
train,974,2018314N12093,2018-11-12 03:00:00,2018-11-11 03:00:00,2018-11-12 03:00:00,2018-11-12 09:00:00,2018-11-13 03:00:00,False,none
train,975,2018314N12093,2018-11-12 06:00:00,2018-11-11 06:00:00,2018-11-12 06:00:00,2018-11-12 12:00:00,2018-11-13 06:00:00,False,none
train,976,2018314N12093,2018-11-12 09:00:00,2018-11-11 09:00:00,2018-11-12 09:00:00,2018-11-12 15:00:00,2018-11-13 09:00:00,False,none
train,977,2018314N12093,2018-11-12 12:00:00,2018-11-11 12:00:00,2018-11-12 12:00:00,2018-11-12 18:00:00,2018-11-13 12:00:00,False,none
train,978,2018314N12093,2018-11-12 15:00:00,2018-11-11 15:00:00,2018-11-12 15:00:00,2018-11-12 21:00:00,2018-11-13 15:00:00,False,none
train,979,2018314N12093,2018-11-12 18:00:00,2018-11-11 18:00:00,2018-11-12 18:00:00,2018-11-13 00:00:00,2018-11-13 18:00:00,False,none
train,980,2018314N12093,2018-11-12 21:00:00,2018-11-11 21:00:00,2018-11-12 21:00:00,2018-11-13 03:00:00,2018-11-13 21:00:00,False,none
train,981,2018314N12093,2018-11-13 00:00:00,2018-11-12 00:00:00,2018-11-13 00:00:00,2018-11-13 06:00:00,2018-11-14 00:00:00,False,none
train,982,2018314N12093,2018-11-13 03:00:00,2018-11-12 03:00:00,2018-11-13 03:00:00,2018-11-13 09:00:00,2018-11-14 03:00:00,False,none
train,983,2018314N12093,2018-11-13 06:00:00,2018-11-12 06:00:00,2018-11-13 06:00:00,2018-11-13 12:00:00,2018-11-14 06:00:00,False,none
train,984,2018314N12093,2018-11-13 09:00:00,2018-11-12 09:00:00,2018-11-13 09:00:00,2018-11-13 15:00:00,2018-11-14 09:00:00,False,none
train,985,2018314N12093,2018-11-13 12:00:00,2018-11-12 12:00:00,2018-11-13 12:00:00,2018-11-13 18:00:00,2018-11-14 12:00:00,False,none
train,986,2018314N12093,2018-11-13 15:00:00,2018-11-12 15:00:00,2018-11-13 15:00:00,2018-11-13 21:00:00,2018-11-14 15:00:00,False,none
train,987,2018314N12093,2018-11-13 18:00:00,2018-11-12 18:00:00,2018-11-13 18:00:00,2018-11-14 00:00:00,2018-11-14 18:00:00,False,none
train,988,2018314N12093,2018-11-13 21:00:00,2018-11-12 21:00:00,2018-11-13 21:00:00,2018-11-14 03:00:00,2018-11-14 21:00:00,False,none
train,989,2018314N12093,2018-11-14 00:00:00,2018-11-13 00:00:00,2018-11-14 00:00:00,2018-11-14 06:00:00,2018-11-15 00:00:00,False,none
train,990,2018314N12093,2018-11-14 03:00:00,2018-11-13 03:00:00,2018-11-14 03:00:00,2018-11-14 09:00:00,2018-11-15 03:00:00,False,none
train,991,2018314N12093,2018-11-14 06:00:00,2018-11-13 06:00:00,2018-11-14 06:00:00,2018-11-14 12:00:00,2018-11-15 06:00:00,False,none
train,992,2018314N12093,2018-11-14 09:00:00,2018-11-13 09:00:00,2018-11-14 09:00:00,2018-11-14 15:00:00,2018-11-15 09:00:00,False,none
train,993,2018314N12093,2018-11-14 12:00:00,2018-11-13 12:00:00,2018-11-14 12:00:00,2018-11-14 18:00:00,2018-11-15 12:00:00,False,none
train,994,2018314N12093,2018-11-14 15:00:00,2018-11-13 15:00:00,2018-11-14 15:00:00,2018-11-14 21:00:00,2018-11-15 15:00:00,False,none
train,995,2018314N12093,2018-11-14 18:00:00,2018-11-13 18:00:00,2018-11-14 18:00:00,2018-11-15 00:00:00,2018-11-15 18:00:00,False,none
train,996,2018314N12093,2018-11-14 21:00:00,2018-11-13 21:00:00,2018-11-14 21:00:00,2018-11-15 03:00:00,2018-11-15 21:00:00,False,none
train,997,2018314N12093,2018-11-15 00:00:00,2018-11-14 00:00:00,2018-11-15 00:00:00,2018-11-15 06:00:00,2018-11-16 00:00:00,False,none
train,998,2018314N12093,2018-11-15 03:00:00,2018-11-14 03:00:00,2018-11-15 03:00:00,2018-11-15 09:00:00,2018-11-16 03:00:00,False,none
train,999,2018314N12093,2018-11-15 06:00:00,2018-11-14 06:00:00,2018-11-15 06:00:00,2018-11-15 12:00:00,2018-11-16 06:00:00,False,none
train,1000,2018314N12093,2018-11-15 09:00:00,2018-11-14 09:00:00,2018-11-15 09:00:00,2018-11-15 15:00:00,2018-11-16 09:00:00,False,none
train,1001,2018314N12093,2018-11-15 12:00:00,2018-11-14 12:00:00,2018-11-15 12:00:00,2018-11-15 18:00:00,2018-11-16 12:00:00,False,none
train,1002,2018314N12093,2018-11-15 15:00:00,2018-11-14 15:00:00,2018-11-15 15:00:00,2018-11-15 21:00:00,2018-11-16 15:00:00,False,none
train,1003,2018314N12093,2018-11-15 18:00:00,2018-11-14 18:00:00,2018-11-15 18:00:00,2018-11-16 00:00:00,2018-11-16 18:00:00,False,none
train,1004,2018314N12093,2018-11-15 21:00:00,2018-11-14 21:00:00,2018-11-15 21:00:00,2018-11-16 03:00:00,2018-11-16 21:00:00,False,none
train,1005,2018314N12093,2018-11-16 00:00:00,2018-11-15 00:00:00,2018-11-16 00:00:00,2018-11-16 06:00:00,2018-11-17 00:00:00,False,none
train,1006,2018314N12093,2018-11-16 03:00:00,2018-11-15 03:00:00,2018-11-16 03:00:00,2018-11-16 09:00:00,2018-11-17 03:00:00,False,none
train,1007,2018314N12093,2018-11-16 06:00:00,2018-11-15 06:00:00,2018-11-16 06:00:00,2018-11-16 12:00:00,2018-11-17 06:00:00,False,none
train,1008,2018314N12093,2018-11-16 09:00:00,2018-11-15 09:00:00,2018-11-16 09:00:00,2018-11-16 15:00:00,2018-11-17 09:00:00,False,none
train,1009,2018314N12093,2018-11-16 12:00:00,2018-11-15 12:00:00,2018-11-16 12:00:00,2018-11-16 18:00:00,2018-11-17 12:00:00,False,none
train,1010,2018314N12093,2018-11-16 15:00:00,2018-11-15 15:00:00,2018-11-16 15:00:00,2018-11-16 21:00:00,2018-11-17 15:00:00,False,none
train,1011,2018314N12093,2018-11-16 18:00:00,2018-11-15 18:00:00,2018-11-16 18:00:00,2018-11-17 00:00:00,2018-11-17 18:00:00,False,none
train,1012,2018314N12093,2018-11-16 21:00:00,2018-11-15 21:00:00,2018-11-16 21:00:00,2018-11-17 03:00:00,2018-11-17 21:00:00,False,none
train,1013,2018314N12093,2018-11-17 00:00:00,2018-11-16 00:00:00,2018-11-17 00:00:00,2018-11-17 06:00:00,2018-11-18 00:00:00,False,none
train,1014,2018314N12093,2018-11-17 03:00:00,2018-11-16 03:00:00,2018-11-17 03:00:00,2018-11-17 09:00:00,2018-11-18 03:00:00,False,none
train,1015,2018314N12093,2018-11-17 06:00:00,2018-11-16 06:00:00,2018-11-17 06:00:00,2018-11-17 12:00:00,2018-11-18 06:00:00,False,none
train,1016,2018314N12093,2018-11-17 09:00:00,2018-11-16 09:00:00,2018-11-17 09:00:00,2018-11-17 15:00:00,2018-11-18 09:00:00,False,none
train,1017,2018314N12093,2018-11-17 12:00:00,2018-11-16 12:00:00,2018-11-17 12:00:00,2018-11-17 18:00:00,2018-11-18 12:00:00,False,none
train,1018,2018314N12093,2018-11-17 15:00:00,2018-11-16 15:00:00,2018-11-17 15:00:00,2018-11-17 21:00:00,2018-11-18 15:00:00,False,none
train,1019,2018314N12093,2018-11-17 18:00:00,2018-11-16 18:00:00,2018-11-17 18:00:00,2018-11-18 00:00:00,2018-11-18 18:00:00,False,none
train,1020,2018314N12093,2018-11-17 21:00:00,2018-11-16 21:00:00,2018-11-17 21:00:00,2018-11-18 03:00:00,2018-11-18 21:00:00,False,none
train,1021,2018314N12093,2018-11-18 00:00:00,2018-11-17 00:00:00,2018-11-18 00:00:00,2018-11-18 06:00:00,2018-11-19 00:00:00,False,none
train,1022,2018314N12093,2018-11-18 03:00:00,2018-11-17 03:00:00,2018-11-18 03:00:00,2018-11-18 09:00:00,2018-11-19 03:00:00,False,none
train,1023,2018314N12093,2018-11-18 06:00:00,2018-11-17 06:00:00,2018-11-18 06:00:00,2018-11-18 12:00:00,2018-11-19 06:00:00,False,none
train,1024,2018314N12093,2018-11-18 09:00:00,2018-11-17 09:00:00,2018-11-18 09:00:00,2018-11-18 15:00:00,2018-11-19 09:00:00,False,none
train,1025,2018314N12093,2018-11-18 12:00:00,2018-11-17 12:00:00,2018-11-18 12:00:00,2018-11-18 18:00:00,2018-11-19 12:00:00,False,none
train,1026,2018365N08115,2018-12-31 12:00:00,2018-12-30 12:00:00,2018-12-31 12:00:00,2018-12-31 18:00:00,2019-01-01 12:00:00,False,none
train,1027,2018365N08115,2018-12-31 15:00:00,2018-12-30 15:00:00,2018-12-31 15:00:00,2018-12-31 21:00:00,2019-01-01 15:00:00,False,none
train,1028,2018365N08115,2018-12-31 18:00:00,2018-12-30 18:00:00,2018-12-31 18:00:00,2019-01-01 00:00:00,2019-01-01 18:00:00,False,none
train,1029,2018365N08115,2018-12-31 21:00:00,2018-12-30 21:00:00,2018-12-31 21:00:00,2019-01-01 03:00:00,2019-01-01 21:00:00,False,none
train,1030,2018365N08115,2019-01-01 00:00:00,2018-12-31 00:00:00,2019-01-01 00:00:00,2019-01-01 06:00:00,2019-01-02 00:00:00,False,none
train,1031,2018365N08115,2019-01-01 03:00:00,2018-12-31 03:00:00,2019-01-01 03:00:00,2019-01-01 09:00:00,2019-01-02 03:00:00,False,none
train,1032,2018365N08115,2019-01-01 06:00:00,2018-12-31 06:00:00,2019-01-01 06:00:00,2019-01-01 12:00:00,2019-01-02 06:00:00,False,none
train,1033,2018365N08115,2019-01-01 09:00:00,2018-12-31 09:00:00,2019-01-01 09:00:00,2019-01-01 15:00:00,2019-01-02 09:00:00,False,none
train,1034,2018365N08115,2019-01-01 12:00:00,2018-12-31 12:00:00,2019-01-01 12:00:00,2019-01-01 18:00:00,2019-01-02 12:00:00,False,none
train,1035,2018365N08115,2019-01-01 15:00:00,2018-12-31 15:00:00,2019-01-01 15:00:00,2019-01-01 21:00:00,2019-01-02 15:00:00,False,none
train,1036,2018365N08115,2019-01-01 18:00:00,2018-12-31 18:00:00,2019-01-01 18:00:00,2019-01-02 00:00:00,2019-01-02 18:00:00,False,none
train,1037,2018365N08115,2019-01-01 21:00:00,2018-12-31 21:00:00,2019-01-01 21:00:00,2019-01-02 03:00:00,2019-01-02 21:00:00,False,none
train,1038,2018365N08115,2019-01-02 00:00:00,2019-01-01 00:00:00,2019-01-02 00:00:00,2019-01-02 06:00:00,2019-01-03 00:00:00,False,none
train,1039,2018365N08115,2019-01-02 03:00:00,2019-01-01 03:00:00,2019-01-02 03:00:00,2019-01-02 09:00:00,2019-01-03 03:00:00,False,none
train,1040,2018365N08115,2019-01-02 06:00:00,2019-01-01 06:00:00,2019-01-02 06:00:00,2019-01-02 12:00:00,2019-01-03 06:00:00,False,none
train,1041,2018365N08115,2019-01-02 09:00:00,2019-01-01 09:00:00,2019-01-02 09:00:00,2019-01-02 15:00:00,2019-01-03 09:00:00,False,none
train,1042,2018365N08115,2019-01-02 12:00:00,2019-01-01 12:00:00,2019-01-02 12:00:00,2019-01-02 18:00:00,2019-01-03 12:00:00,False,none
train,1043,2018365N08115,2019-01-02 15:00:00,2019-01-01 15:00:00,2019-01-02 15:00:00,2019-01-02 21:00:00,2019-01-03 15:00:00,False,none
train,1044,2018365N08115,2019-01-02 18:00:00,2019-01-01 18:00:00,2019-01-02 18:00:00,2019-01-03 00:00:00,2019-01-03 18:00:00,False,none
train,1045,2018365N08115,2019-01-02 21:00:00,2019-01-01 21:00:00,2019-01-02 21:00:00,2019-01-03 03:00:00,2019-01-03 21:00:00,False,none
train,1046,2018365N08115,2019-01-03 00:00:00,2019-01-02 00:00:00,2019-01-03 00:00:00,2019-01-03 06:00:00,2019-01-04 00:00:00,False,none
train,1047,2018365N08115,2019-01-03 03:00:00,2019-01-02 03:00:00,2019-01-03 03:00:00,2019-01-03 09:00:00,2019-01-04 03:00:00,False,none
train,1048,2018365N08115,2019-01-03 06:00:00,2019-01-02 06:00:00,2019-01-03 06:00:00,2019-01-03 12:00:00,2019-01-04 06:00:00,False,none
train,1049,2018365N08115,2019-01-03 09:00:00,2019-01-02 09:00:00,2019-01-03 09:00:00,2019-01-03 15:00:00,2019-01-04 09:00:00,False,none
train,1050,2018365N08115,2019-01-03 12:00:00,2019-01-02 12:00:00,2019-01-03 12:00:00,2019-01-03 18:00:00,2019-01-04 12:00:00,False,none
train,1051,2018365N08115,2019-01-03 15:00:00,2019-01-02 15:00:00,2019-01-03 15:00:00,2019-01-03 21:00:00,2019-01-04 15:00:00,False,none
train,1052,2018365N08115,2019-01-03 18:00:00,2019-01-02 18:00:00,2019-01-03 18:00:00,2019-01-04 00:00:00,2019-01-04 18:00:00,False,none
train,1053,2018365N08115,2019-01-03 21:00:00,2019-01-02 21:00:00,2019-01-03 21:00:00,2019-01-04 03:00:00,2019-01-04 21:00:00,False,none
train,1054,2018365N08115,2019-01-04 00:00:00,2019-01-03 00:00:00,2019-01-04 00:00:00,2019-01-04 06:00:00,2019-01-05 00:00:00,False,none
train,1055,2018365N08115,2019-01-04 03:00:00,2019-01-03 03:00:00,2019-01-04 03:00:00,2019-01-04 09:00:00,2019-01-05 03:00:00,False,none
train,1056,2018365N08115,2019-01-04 06:00:00,2019-01-03 06:00:00,2019-01-04 06:00:00,2019-01-04 12:00:00,2019-01-05 06:00:00,False,none
train,1057,2018365N08115,2019-01-04 09:00:00,2019-01-03 09:00:00,2019-01-04 09:00:00,2019-01-04 15:00:00,2019-01-05 09:00:00,False,none
train,1058,2018365N08115,2019-01-04 12:00:00,2019-01-03 12:00:00,2019-01-04 12:00:00,2019-01-04 18:00:00,2019-01-05 12:00:00,False,none
train,1059,2018365N08115,2019-01-04 15:00:00,2019-01-03 15:00:00,2019-01-04 15:00:00,2019-01-04 21:00:00,2019-01-05 15:00:00,False,none
train,1060,2018365N08115,2019-01-04 18:00:00,2019-01-03 18:00:00,2019-01-04 18:00:00,2019-01-05 00:00:00,2019-01-05 18:00:00,False,none
train,1061,2018365N08115,2019-01-04 21:00:00,2019-01-03 21:00:00,2019-01-04 21:00:00,2019-01-05 03:00:00,2019-01-05 21:00:00,False,none
train,1062,2018365N08115,2019-01-05 00:00:00,2019-01-04 00:00:00,2019-01-05 00:00:00,2019-01-05 06:00:00,2019-01-06 00:00:00,False,none
train,1063,2018365N08115,2019-01-05 03:00:00,2019-01-04 03:00:00,2019-01-05 03:00:00,2019-01-05 09:00:00,2019-01-06 03:00:00,False,none
train,1064,2018365N08115,2019-01-05 06:00:00,2019-01-04 06:00:00,2019-01-05 06:00:00,2019-01-05 12:00:00,2019-01-06 06:00:00,False,none
train,1065,2018365N08115,2019-01-05 09:00:00,2019-01-04 09:00:00,2019-01-05 09:00:00,2019-01-05 15:00:00,2019-01-06 09:00:00,False,none
train,1066,2018365N08115,2019-01-05 12:00:00,2019-01-04 12:00:00,2019-01-05 12:00:00,2019-01-05 18:00:00,2019-01-06 12:00:00,False,none
train,1067,2018365N08115,2019-01-05 15:00:00,2019-01-04 15:00:00,2019-01-05 15:00:00,2019-01-05 21:00:00,2019-01-06 15:00:00,False,none
train,1068,2018365N08115,2019-01-05 18:00:00,2019-01-04 18:00:00,2019-01-05 18:00:00,2019-01-06 00:00:00,2019-01-06 18:00:00,False,none
train,1069,2018365N08115,2019-01-05 21:00:00,2019-01-04 21:00:00,2019-01-05 21:00:00,2019-01-06 03:00:00,2019-01-06 21:00:00,False,none
train,1070,2018365N08115,2019-01-06 00:00:00,2019-01-05 00:00:00,2019-01-06 00:00:00,2019-01-06 06:00:00,2019-01-07 00:00:00,False,none
train,1071,2018365N08115,2019-01-06 03:00:00,2019-01-05 03:00:00,2019-01-06 03:00:00,2019-01-06 09:00:00,2019-01-07 03:00:00,False,none
train,1072,2018365N08115,2019-01-06 06:00:00,2019-01-05 06:00:00,2019-01-06 06:00:00,2019-01-06 12:00:00,2019-01-07 06:00:00,False,none
train,1073,2018365N08115,2019-01-06 09:00:00,2019-01-05 09:00:00,2019-01-06 09:00:00,2019-01-06 15:00:00,2019-01-07 09:00:00,False,none
train,1074,2018365N08115,2019-01-06 12:00:00,2019-01-05 12:00:00,2019-01-06 12:00:00,2019-01-06 18:00:00,2019-01-07 12:00:00,False,none
train,1075,2018365N08115,2019-01-06 15:00:00,2019-01-05 15:00:00,2019-01-06 15:00:00,2019-01-06 21:00:00,2019-01-07 15:00:00,False,none
train,1076,2018365N08115,2019-01-06 18:00:00,2019-01-05 18:00:00,2019-01-06 18:00:00,2019-01-07 00:00:00,2019-01-07 18:00:00,False,none
train,1077,2019116N02090,2019-04-26 18:00:00,2019-04-25 18:00:00,2019-04-26 18:00:00,2019-04-27 00:00:00,2019-04-27 18:00:00,False,none
train,1078,2019116N02090,2019-04-26 21:00:00,2019-04-25 21:00:00,2019-04-26 21:00:00,2019-04-27 03:00:00,2019-04-27 21:00:00,False,none
train,1079,2019116N02090,2019-04-27 00:00:00,2019-04-26 00:00:00,2019-04-27 00:00:00,2019-04-27 06:00:00,2019-04-28 00:00:00,False,none
train,1080,2019116N02090,2019-04-27 03:00:00,2019-04-26 03:00:00,2019-04-27 03:00:00,2019-04-27 09:00:00,2019-04-28 03:00:00,False,none
train,1081,2019116N02090,2019-04-27 06:00:00,2019-04-26 06:00:00,2019-04-27 06:00:00,2019-04-27 12:00:00,2019-04-28 06:00:00,False,none
train,1082,2019116N02090,2019-04-27 09:00:00,2019-04-26 09:00:00,2019-04-27 09:00:00,2019-04-27 15:00:00,2019-04-28 09:00:00,False,none
train,1083,2019116N02090,2019-04-27 12:00:00,2019-04-26 12:00:00,2019-04-27 12:00:00,2019-04-27 18:00:00,2019-04-28 12:00:00,False,none
train,1084,2019116N02090,2019-04-27 15:00:00,2019-04-26 15:00:00,2019-04-27 15:00:00,2019-04-27 21:00:00,2019-04-28 15:00:00,False,none
train,1085,2019116N02090,2019-04-27 18:00:00,2019-04-26 18:00:00,2019-04-27 18:00:00,2019-04-28 00:00:00,2019-04-28 18:00:00,False,none
train,1086,2019116N02090,2019-04-27 21:00:00,2019-04-26 21:00:00,2019-04-27 21:00:00,2019-04-28 03:00:00,2019-04-28 21:00:00,False,none
train,1087,2019116N02090,2019-04-28 00:00:00,2019-04-27 00:00:00,2019-04-28 00:00:00,2019-04-28 06:00:00,2019-04-29 00:00:00,False,none
train,1088,2019116N02090,2019-04-28 03:00:00,2019-04-27 03:00:00,2019-04-28 03:00:00,2019-04-28 09:00:00,2019-04-29 03:00:00,False,none
train,1089,2019116N02090,2019-04-28 06:00:00,2019-04-27 06:00:00,2019-04-28 06:00:00,2019-04-28 12:00:00,2019-04-29 06:00:00,False,none
train,1090,2019116N02090,2019-04-28 09:00:00,2019-04-27 09:00:00,2019-04-28 09:00:00,2019-04-28 15:00:00,2019-04-29 09:00:00,False,none
train,1091,2019116N02090,2019-04-28 12:00:00,2019-04-27 12:00:00,2019-04-28 12:00:00,2019-04-28 18:00:00,2019-04-29 12:00:00,False,none
train,1092,2019116N02090,2019-04-28 15:00:00,2019-04-27 15:00:00,2019-04-28 15:00:00,2019-04-28 21:00:00,2019-04-29 15:00:00,False,none
train,1093,2019116N02090,2019-04-28 18:00:00,2019-04-27 18:00:00,2019-04-28 18:00:00,2019-04-29 00:00:00,2019-04-29 18:00:00,False,none
train,1094,2019116N02090,2019-04-28 21:00:00,2019-04-27 21:00:00,2019-04-28 21:00:00,2019-04-29 03:00:00,2019-04-29 21:00:00,False,none
train,1095,2019116N02090,2019-04-29 00:00:00,2019-04-28 00:00:00,2019-04-29 00:00:00,2019-04-29 06:00:00,2019-04-30 00:00:00,False,none
train,1096,2019116N02090,2019-04-29 03:00:00,2019-04-28 03:00:00,2019-04-29 03:00:00,2019-04-29 09:00:00,2019-04-30 03:00:00,False,none
train,1097,2019116N02090,2019-04-29 06:00:00,2019-04-28 06:00:00,2019-04-29 06:00:00,2019-04-29 12:00:00,2019-04-30 06:00:00,False,none
train,1098,2019116N02090,2019-04-29 09:00:00,2019-04-28 09:00:00,2019-04-29 09:00:00,2019-04-29 15:00:00,2019-04-30 09:00:00,False,none
train,1099,2019116N02090,2019-04-29 12:00:00,2019-04-28 12:00:00,2019-04-29 12:00:00,2019-04-29 18:00:00,2019-04-30 12:00:00,False,none
train,1100,2019116N02090,2019-04-29 15:00:00,2019-04-28 15:00:00,2019-04-29 15:00:00,2019-04-29 21:00:00,2019-04-30 15:00:00,False,none
train,1101,2019116N02090,2019-04-29 18:00:00,2019-04-28 18:00:00,2019-04-29 18:00:00,2019-04-30 00:00:00,2019-04-30 18:00:00,False,none
train,1102,2019116N02090,2019-04-29 21:00:00,2019-04-28 21:00:00,2019-04-29 21:00:00,2019-04-30 03:00:00,2019-04-30 21:00:00,False,none
train,1103,2019116N02090,2019-04-30 00:00:00,2019-04-29 00:00:00,2019-04-30 00:00:00,2019-04-30 06:00:00,2019-05-01 00:00:00,False,none
train,1104,2019116N02090,2019-04-30 03:00:00,2019-04-29 03:00:00,2019-04-30 03:00:00,2019-04-30 09:00:00,2019-05-01 03:00:00,False,none
train,1105,2019116N02090,2019-04-30 06:00:00,2019-04-29 06:00:00,2019-04-30 06:00:00,2019-04-30 12:00:00,2019-05-01 06:00:00,False,none
train,1106,2019116N02090,2019-04-30 09:00:00,2019-04-29 09:00:00,2019-04-30 09:00:00,2019-04-30 15:00:00,2019-05-01 09:00:00,False,none
train,1107,2019116N02090,2019-04-30 12:00:00,2019-04-29 12:00:00,2019-04-30 12:00:00,2019-04-30 18:00:00,2019-05-01 12:00:00,False,none
train,1108,2019116N02090,2019-04-30 15:00:00,2019-04-29 15:00:00,2019-04-30 15:00:00,2019-04-30 21:00:00,2019-05-01 15:00:00,False,none
train,1109,2019116N02090,2019-04-30 18:00:00,2019-04-29 18:00:00,2019-04-30 18:00:00,2019-05-01 00:00:00,2019-05-01 18:00:00,False,none
train,1110,2019116N02090,2019-04-30 21:00:00,2019-04-29 21:00:00,2019-04-30 21:00:00,2019-05-01 03:00:00,2019-05-01 21:00:00,False,none
train,1111,2019116N02090,2019-05-01 00:00:00,2019-04-30 00:00:00,2019-05-01 00:00:00,2019-05-01 06:00:00,2019-05-02 00:00:00,False,none
train,1112,2019116N02090,2019-05-01 03:00:00,2019-04-30 03:00:00,2019-05-01 03:00:00,2019-05-01 09:00:00,2019-05-02 03:00:00,False,none
train,1113,2019116N02090,2019-05-01 06:00:00,2019-04-30 06:00:00,2019-05-01 06:00:00,2019-05-01 12:00:00,2019-05-02 06:00:00,False,none
train,1114,2019116N02090,2019-05-01 09:00:00,2019-04-30 09:00:00,2019-05-01 09:00:00,2019-05-01 15:00:00,2019-05-02 09:00:00,False,none
train,1115,2019116N02090,2019-05-01 12:00:00,2019-04-30 12:00:00,2019-05-01 12:00:00,2019-05-01 18:00:00,2019-05-02 12:00:00,False,none
train,1116,2019116N02090,2019-05-01 15:00:00,2019-04-30 15:00:00,2019-05-01 15:00:00,2019-05-01 21:00:00,2019-05-02 15:00:00,False,none
train,1117,2019116N02090,2019-05-01 18:00:00,2019-04-30 18:00:00,2019-05-01 18:00:00,2019-05-02 00:00:00,2019-05-02 18:00:00,False,none
train,1118,2019116N02090,2019-05-01 21:00:00,2019-04-30 21:00:00,2019-05-01 21:00:00,2019-05-02 03:00:00,2019-05-02 21:00:00,False,none
train,1119,2019116N02090,2019-05-02 00:00:00,2019-05-01 00:00:00,2019-05-02 00:00:00,2019-05-02 06:00:00,2019-05-03 00:00:00,False,none
train,1120,2019116N02090,2019-05-02 03:00:00,2019-05-01 03:00:00,2019-05-02 03:00:00,2019-05-02 09:00:00,2019-05-03 03:00:00,False,none
train,1121,2019116N02090,2019-05-02 06:00:00,2019-05-01 06:00:00,2019-05-02 06:00:00,2019-05-02 12:00:00,2019-05-03 06:00:00,False,none
train,1122,2019116N02090,2019-05-02 09:00:00,2019-05-01 09:00:00,2019-05-02 09:00:00,2019-05-02 15:00:00,2019-05-03 09:00:00,False,none
train,1123,2019116N02090,2019-05-02 12:00:00,2019-05-01 12:00:00,2019-05-02 12:00:00,2019-05-02 18:00:00,2019-05-03 12:00:00,False,none
train,1124,2019116N02090,2019-05-02 15:00:00,2019-05-01 15:00:00,2019-05-02 15:00:00,2019-05-02 21:00:00,2019-05-03 15:00:00,False,none
train,1125,2019116N02090,2019-05-02 18:00:00,2019-05-01 18:00:00,2019-05-02 18:00:00,2019-05-03 00:00:00,2019-05-03 18:00:00,False,none
train,1126,2019116N02090,2019-05-02 21:00:00,2019-05-01 21:00:00,2019-05-02 21:00:00,2019-05-03 03:00:00,2019-05-03 21:00:00,False,none
train,1127,2019116N02090,2019-05-03 00:00:00,2019-05-02 00:00:00,2019-05-03 00:00:00,2019-05-03 06:00:00,2019-05-04 00:00:00,False,none
train,1128,2019116N02090,2019-05-03 03:00:00,2019-05-02 03:00:00,2019-05-03 03:00:00,2019-05-03 09:00:00,2019-05-04 03:00:00,False,none
train,1129,2019116N02090,2019-05-03 06:00:00,2019-05-02 06:00:00,2019-05-03 06:00:00,2019-05-03 12:00:00,2019-05-04 06:00:00,False,none
train,1130,2019116N02090,2019-05-03 09:00:00,2019-05-02 09:00:00,2019-05-03 09:00:00,2019-05-03 15:00:00,2019-05-04 09:00:00,False,none
train,1131,2019116N02090,2019-05-03 12:00:00,2019-05-02 12:00:00,2019-05-03 12:00:00,2019-05-03 18:00:00,2019-05-04 12:00:00,False,none
train,1132,2019160N11073,2019-06-09 18:00:00,2019-06-08 18:00:00,2019-06-09 18:00:00,2019-06-10 00:00:00,2019-06-10 18:00:00,False,none
train,1133,2019160N11073,2019-06-09 21:00:00,2019-06-08 21:00:00,2019-06-09 21:00:00,2019-06-10 03:00:00,2019-06-10 21:00:00,False,none
train,1134,2019160N11073,2019-06-10 00:00:00,2019-06-09 00:00:00,2019-06-10 00:00:00,2019-06-10 06:00:00,2019-06-11 00:00:00,False,none
train,1135,2019160N11073,2019-06-10 03:00:00,2019-06-09 03:00:00,2019-06-10 03:00:00,2019-06-10 09:00:00,2019-06-11 03:00:00,False,none
train,1136,2019160N11073,2019-06-10 06:00:00,2019-06-09 06:00:00,2019-06-10 06:00:00,2019-06-10 12:00:00,2019-06-11 06:00:00,False,none
train,1137,2019160N11073,2019-06-10 09:00:00,2019-06-09 09:00:00,2019-06-10 09:00:00,2019-06-10 15:00:00,2019-06-11 09:00:00,False,none
train,1138,2019160N11073,2019-06-10 12:00:00,2019-06-09 12:00:00,2019-06-10 12:00:00,2019-06-10 18:00:00,2019-06-11 12:00:00,False,none
train,1139,2019160N11073,2019-06-10 15:00:00,2019-06-09 15:00:00,2019-06-10 15:00:00,2019-06-10 21:00:00,2019-06-11 15:00:00,False,none
train,1140,2019160N11073,2019-06-10 18:00:00,2019-06-09 18:00:00,2019-06-10 18:00:00,2019-06-11 00:00:00,2019-06-11 18:00:00,False,none
train,1141,2019160N11073,2019-06-10 21:00:00,2019-06-09 21:00:00,2019-06-10 21:00:00,2019-06-11 03:00:00,2019-06-11 21:00:00,False,none
train,1142,2019160N11073,2019-06-11 00:00:00,2019-06-10 00:00:00,2019-06-11 00:00:00,2019-06-11 06:00:00,2019-06-12 00:00:00,False,none
train,1143,2019160N11073,2019-06-11 03:00:00,2019-06-10 03:00:00,2019-06-11 03:00:00,2019-06-11 09:00:00,2019-06-12 03:00:00,False,none
train,1144,2019160N11073,2019-06-11 06:00:00,2019-06-10 06:00:00,2019-06-11 06:00:00,2019-06-11 12:00:00,2019-06-12 06:00:00,False,none
train,1145,2019160N11073,2019-06-11 09:00:00,2019-06-10 09:00:00,2019-06-11 09:00:00,2019-06-11 15:00:00,2019-06-12 09:00:00,False,none
train,1146,2019160N11073,2019-06-11 12:00:00,2019-06-10 12:00:00,2019-06-11 12:00:00,2019-06-11 18:00:00,2019-06-12 12:00:00,False,none
train,1147,2019160N11073,2019-06-11 15:00:00,2019-06-10 15:00:00,2019-06-11 15:00:00,2019-06-11 21:00:00,2019-06-12 15:00:00,False,none
train,1148,2019160N11073,2019-06-11 18:00:00,2019-06-10 18:00:00,2019-06-11 18:00:00,2019-06-12 00:00:00,2019-06-12 18:00:00,False,none
train,1149,2019160N11073,2019-06-11 21:00:00,2019-06-10 21:00:00,2019-06-11 21:00:00,2019-06-12 03:00:00,2019-06-12 21:00:00,False,none
train,1150,2019160N11073,2019-06-12 00:00:00,2019-06-11 00:00:00,2019-06-12 00:00:00,2019-06-12 06:00:00,2019-06-13 00:00:00,False,none
train,1151,2019160N11073,2019-06-12 03:00:00,2019-06-11 03:00:00,2019-06-12 03:00:00,2019-06-12 09:00:00,2019-06-13 03:00:00,False,none
train,1152,2019160N11073,2019-06-12 06:00:00,2019-06-11 06:00:00,2019-06-12 06:00:00,2019-06-12 12:00:00,2019-06-13 06:00:00,False,none
train,1153,2019160N11073,2019-06-12 09:00:00,2019-06-11 09:00:00,2019-06-12 09:00:00,2019-06-12 15:00:00,2019-06-13 09:00:00,False,none
train,1154,2019160N11073,2019-06-12 12:00:00,2019-06-11 12:00:00,2019-06-12 12:00:00,2019-06-12 18:00:00,2019-06-13 12:00:00,False,none
train,1155,2019160N11073,2019-06-12 15:00:00,2019-06-11 15:00:00,2019-06-12 15:00:00,2019-06-12 21:00:00,2019-06-13 15:00:00,False,none
train,1156,2019160N11073,2019-06-12 18:00:00,2019-06-11 18:00:00,2019-06-12 18:00:00,2019-06-13 00:00:00,2019-06-13 18:00:00,False,none
train,1157,2019160N11073,2019-06-12 21:00:00,2019-06-11 21:00:00,2019-06-12 21:00:00,2019-06-13 03:00:00,2019-06-13 21:00:00,False,none
train,1158,2019160N11073,2019-06-13 00:00:00,2019-06-12 00:00:00,2019-06-13 00:00:00,2019-06-13 06:00:00,2019-06-14 00:00:00,False,none
train,1159,2019160N11073,2019-06-13 03:00:00,2019-06-12 03:00:00,2019-06-13 03:00:00,2019-06-13 09:00:00,2019-06-14 03:00:00,False,none
train,1160,2019160N11073,2019-06-13 06:00:00,2019-06-12 06:00:00,2019-06-13 06:00:00,2019-06-13 12:00:00,2019-06-14 06:00:00,False,none
train,1161,2019160N11073,2019-06-13 09:00:00,2019-06-12 09:00:00,2019-06-13 09:00:00,2019-06-13 15:00:00,2019-06-14 09:00:00,False,none
train,1162,2019160N11073,2019-06-13 12:00:00,2019-06-12 12:00:00,2019-06-13 12:00:00,2019-06-13 18:00:00,2019-06-14 12:00:00,False,none
train,1163,2019160N11073,2019-06-13 15:00:00,2019-06-12 15:00:00,2019-06-13 15:00:00,2019-06-13 21:00:00,2019-06-14 15:00:00,False,none
train,1164,2019160N11073,2019-06-13 18:00:00,2019-06-12 18:00:00,2019-06-13 18:00:00,2019-06-14 00:00:00,2019-06-14 18:00:00,False,none
train,1165,2019160N11073,2019-06-13 21:00:00,2019-06-12 21:00:00,2019-06-13 21:00:00,2019-06-14 03:00:00,2019-06-14 21:00:00,False,none
train,1166,2019160N11073,2019-06-14 00:00:00,2019-06-13 00:00:00,2019-06-14 00:00:00,2019-06-14 06:00:00,2019-06-15 00:00:00,False,none
train,1167,2019160N11073,2019-06-14 03:00:00,2019-06-13 03:00:00,2019-06-14 03:00:00,2019-06-14 09:00:00,2019-06-15 03:00:00,False,none
train,1168,2019160N11073,2019-06-14 06:00:00,2019-06-13 06:00:00,2019-06-14 06:00:00,2019-06-14 12:00:00,2019-06-15 06:00:00,False,none
train,1169,2019160N11073,2019-06-14 09:00:00,2019-06-13 09:00:00,2019-06-14 09:00:00,2019-06-14 15:00:00,2019-06-15 09:00:00,False,none
train,1170,2019160N11073,2019-06-14 12:00:00,2019-06-13 12:00:00,2019-06-14 12:00:00,2019-06-14 18:00:00,2019-06-15 12:00:00,False,none
train,1171,2019160N11073,2019-06-14 15:00:00,2019-06-13 15:00:00,2019-06-14 15:00:00,2019-06-14 21:00:00,2019-06-15 15:00:00,False,none
train,1172,2019160N11073,2019-06-14 18:00:00,2019-06-13 18:00:00,2019-06-14 18:00:00,2019-06-15 00:00:00,2019-06-15 18:00:00,False,none
train,1173,2019160N11073,2019-06-14 21:00:00,2019-06-13 21:00:00,2019-06-14 21:00:00,2019-06-15 03:00:00,2019-06-15 21:00:00,False,none
train,1174,2019160N11073,2019-06-15 00:00:00,2019-06-14 00:00:00,2019-06-15 00:00:00,2019-06-15 06:00:00,2019-06-16 00:00:00,False,none
train,1175,2019160N11073,2019-06-15 03:00:00,2019-06-14 03:00:00,2019-06-15 03:00:00,2019-06-15 09:00:00,2019-06-16 03:00:00,False,none
train,1176,2019160N11073,2019-06-15 06:00:00,2019-06-14 06:00:00,2019-06-15 06:00:00,2019-06-15 12:00:00,2019-06-16 06:00:00,False,none
train,1177,2019160N11073,2019-06-15 09:00:00,2019-06-14 09:00:00,2019-06-15 09:00:00,2019-06-15 15:00:00,2019-06-16 09:00:00,False,none
train,1178,2019160N11073,2019-06-15 12:00:00,2019-06-14 12:00:00,2019-06-15 12:00:00,2019-06-15 18:00:00,2019-06-16 12:00:00,False,none
train,1179,2019160N11073,2019-06-15 15:00:00,2019-06-14 15:00:00,2019-06-15 15:00:00,2019-06-15 21:00:00,2019-06-16 15:00:00,False,none
train,1180,2019160N11073,2019-06-15 18:00:00,2019-06-14 18:00:00,2019-06-15 18:00:00,2019-06-16 00:00:00,2019-06-16 18:00:00,False,none
train,1181,2019160N11073,2019-06-15 21:00:00,2019-06-14 21:00:00,2019-06-15 21:00:00,2019-06-16 03:00:00,2019-06-16 21:00:00,False,none
train,1182,2019160N11073,2019-06-16 00:00:00,2019-06-15 00:00:00,2019-06-16 00:00:00,2019-06-16 06:00:00,2019-06-17 00:00:00,False,none
train,1183,2019160N11073,2019-06-16 03:00:00,2019-06-15 03:00:00,2019-06-16 03:00:00,2019-06-16 09:00:00,2019-06-17 03:00:00,False,none
train,1184,2019160N11073,2019-06-16 06:00:00,2019-06-15 06:00:00,2019-06-16 06:00:00,2019-06-16 12:00:00,2019-06-17 06:00:00,False,none
train,1185,2019160N11073,2019-06-16 09:00:00,2019-06-15 09:00:00,2019-06-16 09:00:00,2019-06-16 15:00:00,2019-06-17 09:00:00,False,none
train,1186,2019160N11073,2019-06-16 12:00:00,2019-06-15 12:00:00,2019-06-16 12:00:00,2019-06-16 18:00:00,2019-06-17 12:00:00,False,none
train,1187,2019160N11073,2019-06-16 15:00:00,2019-06-15 15:00:00,2019-06-16 15:00:00,2019-06-16 21:00:00,2019-06-17 15:00:00,False,none
train,1188,2019160N11073,2019-06-16 18:00:00,2019-06-15 18:00:00,2019-06-16 18:00:00,2019-06-17 00:00:00,2019-06-17 18:00:00,False,none
train,1189,2019160N11073,2019-06-16 21:00:00,2019-06-15 21:00:00,2019-06-16 21:00:00,2019-06-17 03:00:00,2019-06-17 21:00:00,False,none
train,1190,2019160N11073,2019-06-17 00:00:00,2019-06-16 00:00:00,2019-06-17 00:00:00,2019-06-17 06:00:00,2019-06-18 00:00:00,False,none
train,1191,2019160N11073,2019-06-17 03:00:00,2019-06-16 03:00:00,2019-06-17 03:00:00,2019-06-17 09:00:00,2019-06-18 03:00:00,False,none
train,1192,2019160N11073,2019-06-17 06:00:00,2019-06-16 06:00:00,2019-06-17 06:00:00,2019-06-17 12:00:00,2019-06-18 06:00:00,False,none
train,1193,2019218N21088,2019-08-07 03:00:00,2019-08-06 03:00:00,2019-08-07 03:00:00,2019-08-07 09:00:00,2019-08-08 03:00:00,False,none
train,1194,2019218N21088,2019-08-07 06:00:00,2019-08-06 06:00:00,2019-08-07 06:00:00,2019-08-07 12:00:00,2019-08-08 06:00:00,False,none
train,1195,2019218N21088,2019-08-07 09:00:00,2019-08-06 09:00:00,2019-08-07 09:00:00,2019-08-07 15:00:00,2019-08-08 09:00:00,False,none
train,1196,2019218N21088,2019-08-07 12:00:00,2019-08-06 12:00:00,2019-08-07 12:00:00,2019-08-07 18:00:00,2019-08-08 12:00:00,False,none
train,1197,2019218N21088,2019-08-07 15:00:00,2019-08-06 15:00:00,2019-08-07 15:00:00,2019-08-07 21:00:00,2019-08-08 15:00:00,False,none
train,1198,2019218N21088,2019-08-07 18:00:00,2019-08-06 18:00:00,2019-08-07 18:00:00,2019-08-08 00:00:00,2019-08-08 18:00:00,False,none
train,1199,2019218N21088,2019-08-07 21:00:00,2019-08-06 21:00:00,2019-08-07 21:00:00,2019-08-08 03:00:00,2019-08-08 21:00:00,False,none
train,1200,2019218N21088,2019-08-08 00:00:00,2019-08-07 00:00:00,2019-08-08 00:00:00,2019-08-08 06:00:00,2019-08-09 00:00:00,False,none
train,1201,2019218N21088,2019-08-08 03:00:00,2019-08-07 03:00:00,2019-08-08 03:00:00,2019-08-08 09:00:00,2019-08-09 03:00:00,False,none
train,1202,2019218N21088,2019-08-08 06:00:00,2019-08-07 06:00:00,2019-08-08 06:00:00,2019-08-08 12:00:00,2019-08-09 06:00:00,False,none
train,1203,2019264N19071,2019-09-21 18:00:00,2019-09-20 18:00:00,2019-09-21 18:00:00,2019-09-22 00:00:00,2019-09-22 18:00:00,False,none
train,1204,2019264N19071,2019-09-21 21:00:00,2019-09-20 21:00:00,2019-09-21 21:00:00,2019-09-22 03:00:00,2019-09-22 21:00:00,False,none
train,1205,2019264N19071,2019-09-22 00:00:00,2019-09-21 00:00:00,2019-09-22 00:00:00,2019-09-22 06:00:00,2019-09-23 00:00:00,False,none
train,1206,2019264N19071,2019-09-22 03:00:00,2019-09-21 03:00:00,2019-09-22 03:00:00,2019-09-22 09:00:00,2019-09-23 03:00:00,False,none
train,1207,2019264N19071,2019-09-22 06:00:00,2019-09-21 06:00:00,2019-09-22 06:00:00,2019-09-22 12:00:00,2019-09-23 06:00:00,False,none
train,1208,2019264N19071,2019-09-22 09:00:00,2019-09-21 09:00:00,2019-09-22 09:00:00,2019-09-22 15:00:00,2019-09-23 09:00:00,False,none
train,1209,2019264N19071,2019-09-22 12:00:00,2019-09-21 12:00:00,2019-09-22 12:00:00,2019-09-22 18:00:00,2019-09-23 12:00:00,False,none
train,1210,2019264N19071,2019-09-22 15:00:00,2019-09-21 15:00:00,2019-09-22 15:00:00,2019-09-22 21:00:00,2019-09-23 15:00:00,False,none
train,1211,2019264N19071,2019-09-22 18:00:00,2019-09-21 18:00:00,2019-09-22 18:00:00,2019-09-23 00:00:00,2019-09-23 18:00:00,False,none
train,1212,2019264N19071,2019-09-22 21:00:00,2019-09-21 21:00:00,2019-09-22 21:00:00,2019-09-23 03:00:00,2019-09-23 21:00:00,False,none
train,1213,2019264N19071,2019-09-23 00:00:00,2019-09-22 00:00:00,2019-09-23 00:00:00,2019-09-23 06:00:00,2019-09-24 00:00:00,False,none
train,1214,2019264N19071,2019-09-23 03:00:00,2019-09-22 03:00:00,2019-09-23 03:00:00,2019-09-23 09:00:00,2019-09-24 03:00:00,False,none
train,1215,2019264N19071,2019-09-23 06:00:00,2019-09-22 06:00:00,2019-09-23 06:00:00,2019-09-23 12:00:00,2019-09-24 06:00:00,False,none
train,1216,2019264N19071,2019-09-23 09:00:00,2019-09-22 09:00:00,2019-09-23 09:00:00,2019-09-23 15:00:00,2019-09-24 09:00:00,False,none
train,1217,2019264N19071,2019-09-23 12:00:00,2019-09-22 12:00:00,2019-09-23 12:00:00,2019-09-23 18:00:00,2019-09-24 12:00:00,False,none
train,1218,2019264N19071,2019-09-23 15:00:00,2019-09-22 15:00:00,2019-09-23 15:00:00,2019-09-23 21:00:00,2019-09-24 15:00:00,False,none
train,1219,2019264N19071,2019-09-23 18:00:00,2019-09-22 18:00:00,2019-09-23 18:00:00,2019-09-24 00:00:00,2019-09-24 18:00:00,False,none
train,1220,2019264N19071,2019-09-23 21:00:00,2019-09-22 21:00:00,2019-09-23 21:00:00,2019-09-24 03:00:00,2019-09-24 21:00:00,False,none
train,1221,2019264N19071,2019-09-24 00:00:00,2019-09-23 00:00:00,2019-09-24 00:00:00,2019-09-24 06:00:00,2019-09-25 00:00:00,False,none
train,1222,2019264N19071,2019-09-24 03:00:00,2019-09-23 03:00:00,2019-09-24 03:00:00,2019-09-24 09:00:00,2019-09-25 03:00:00,False,none
train,1223,2019264N19071,2019-09-24 06:00:00,2019-09-23 06:00:00,2019-09-24 06:00:00,2019-09-24 12:00:00,2019-09-25 06:00:00,False,none
train,1224,2019264N19071,2019-09-24 09:00:00,2019-09-23 09:00:00,2019-09-24 09:00:00,2019-09-24 15:00:00,2019-09-25 09:00:00,False,none
train,1225,2019264N19071,2019-09-24 12:00:00,2019-09-23 12:00:00,2019-09-24 12:00:00,2019-09-24 18:00:00,2019-09-25 12:00:00,False,none
train,1226,2019264N19071,2019-09-24 15:00:00,2019-09-23 15:00:00,2019-09-24 15:00:00,2019-09-24 21:00:00,2019-09-25 15:00:00,False,none
train,1227,2019264N19071,2019-09-24 18:00:00,2019-09-23 18:00:00,2019-09-24 18:00:00,2019-09-25 00:00:00,2019-09-25 18:00:00,False,none
train,1228,2019264N19071,2019-09-24 21:00:00,2019-09-23 21:00:00,2019-09-24 21:00:00,2019-09-25 03:00:00,2019-09-25 21:00:00,False,none
train,1229,2019264N19071,2019-09-25 00:00:00,2019-09-24 00:00:00,2019-09-25 00:00:00,2019-09-25 06:00:00,2019-09-26 00:00:00,False,none
train,1230,2019264N19071,2019-09-25 03:00:00,2019-09-24 03:00:00,2019-09-25 03:00:00,2019-09-25 09:00:00,2019-09-26 03:00:00,False,none
train,1231,2019264N19071,2019-09-25 06:00:00,2019-09-24 06:00:00,2019-09-25 06:00:00,2019-09-25 12:00:00,2019-09-26 06:00:00,False,none
train,1232,2019296N15066,2019-10-23 18:00:00,2019-10-22 18:00:00,2019-10-23 18:00:00,2019-10-24 00:00:00,2019-10-24 18:00:00,False,none
train,1233,2019296N15066,2019-10-23 21:00:00,2019-10-22 21:00:00,2019-10-23 21:00:00,2019-10-24 03:00:00,2019-10-24 21:00:00,False,none
train,1234,2019296N15066,2019-10-24 00:00:00,2019-10-23 00:00:00,2019-10-24 00:00:00,2019-10-24 06:00:00,2019-10-25 00:00:00,False,none
train,1235,2019296N15066,2019-10-24 03:00:00,2019-10-23 03:00:00,2019-10-24 03:00:00,2019-10-24 09:00:00,2019-10-25 03:00:00,False,none
train,1236,2019296N15066,2019-10-24 06:00:00,2019-10-23 06:00:00,2019-10-24 06:00:00,2019-10-24 12:00:00,2019-10-25 06:00:00,False,none
train,1237,2019296N15066,2019-10-24 09:00:00,2019-10-23 09:00:00,2019-10-24 09:00:00,2019-10-24 15:00:00,2019-10-25 09:00:00,False,none
train,1238,2019296N15066,2019-10-24 12:00:00,2019-10-23 12:00:00,2019-10-24 12:00:00,2019-10-24 18:00:00,2019-10-25 12:00:00,False,none
train,1239,2019296N15066,2019-10-24 15:00:00,2019-10-23 15:00:00,2019-10-24 15:00:00,2019-10-24 21:00:00,2019-10-25 15:00:00,False,none
train,1240,2019296N15066,2019-10-24 18:00:00,2019-10-23 18:00:00,2019-10-24 18:00:00,2019-10-25 00:00:00,2019-10-25 18:00:00,False,none
train,1241,2019296N15066,2019-10-24 21:00:00,2019-10-23 21:00:00,2019-10-24 21:00:00,2019-10-25 03:00:00,2019-10-25 21:00:00,False,none
train,1242,2019296N15066,2019-10-25 00:00:00,2019-10-24 00:00:00,2019-10-25 00:00:00,2019-10-25 06:00:00,2019-10-26 00:00:00,False,none
train,1243,2019296N15066,2019-10-25 03:00:00,2019-10-24 03:00:00,2019-10-25 03:00:00,2019-10-25 09:00:00,2019-10-26 03:00:00,False,none
train,1244,2019296N15066,2019-10-25 06:00:00,2019-10-24 06:00:00,2019-10-25 06:00:00,2019-10-25 12:00:00,2019-10-26 06:00:00,False,none
train,1245,2019296N15066,2019-10-25 09:00:00,2019-10-24 09:00:00,2019-10-25 09:00:00,2019-10-25 15:00:00,2019-10-26 09:00:00,False,none
train,1246,2019296N15066,2019-10-25 12:00:00,2019-10-24 12:00:00,2019-10-25 12:00:00,2019-10-25 18:00:00,2019-10-26 12:00:00,False,none
train,1247,2019296N15066,2019-10-25 15:00:00,2019-10-24 15:00:00,2019-10-25 15:00:00,2019-10-25 21:00:00,2019-10-26 15:00:00,False,none
train,1248,2019296N15066,2019-10-25 18:00:00,2019-10-24 18:00:00,2019-10-25 18:00:00,2019-10-26 00:00:00,2019-10-26 18:00:00,False,none
train,1249,2019296N15066,2019-10-25 21:00:00,2019-10-24 21:00:00,2019-10-25 21:00:00,2019-10-26 03:00:00,2019-10-26 21:00:00,False,none
train,1250,2019296N15066,2019-10-26 00:00:00,2019-10-25 00:00:00,2019-10-26 00:00:00,2019-10-26 06:00:00,2019-10-27 00:00:00,False,none
train,1251,2019296N15066,2019-10-26 03:00:00,2019-10-25 03:00:00,2019-10-26 03:00:00,2019-10-26 09:00:00,2019-10-27 03:00:00,False,none
train,1252,2019296N15066,2019-10-26 06:00:00,2019-10-25 06:00:00,2019-10-26 06:00:00,2019-10-26 12:00:00,2019-10-27 06:00:00,False,none
train,1253,2019296N15066,2019-10-26 09:00:00,2019-10-25 09:00:00,2019-10-26 09:00:00,2019-10-26 15:00:00,2019-10-27 09:00:00,False,none
train,1254,2019296N15066,2019-10-26 12:00:00,2019-10-25 12:00:00,2019-10-26 12:00:00,2019-10-26 18:00:00,2019-10-27 12:00:00,False,none
train,1255,2019296N15066,2019-10-26 15:00:00,2019-10-25 15:00:00,2019-10-26 15:00:00,2019-10-26 21:00:00,2019-10-27 15:00:00,False,none
train,1256,2019296N15066,2019-10-26 18:00:00,2019-10-25 18:00:00,2019-10-26 18:00:00,2019-10-27 00:00:00,2019-10-27 18:00:00,False,none
train,1257,2019296N15066,2019-10-26 21:00:00,2019-10-25 21:00:00,2019-10-26 21:00:00,2019-10-27 03:00:00,2019-10-27 21:00:00,False,none
train,1258,2019296N15066,2019-10-27 00:00:00,2019-10-26 00:00:00,2019-10-27 00:00:00,2019-10-27 06:00:00,2019-10-28 00:00:00,False,none
train,1259,2019296N15066,2019-10-27 03:00:00,2019-10-26 03:00:00,2019-10-27 03:00:00,2019-10-27 09:00:00,2019-10-28 03:00:00,False,none
train,1260,2019296N15066,2019-10-27 06:00:00,2019-10-26 06:00:00,2019-10-27 06:00:00,2019-10-27 12:00:00,2019-10-28 06:00:00,False,none
train,1261,2019296N15066,2019-10-27 09:00:00,2019-10-26 09:00:00,2019-10-27 09:00:00,2019-10-27 15:00:00,2019-10-28 09:00:00,False,none
train,1262,2019296N15066,2019-10-27 12:00:00,2019-10-26 12:00:00,2019-10-27 12:00:00,2019-10-27 18:00:00,2019-10-28 12:00:00,False,none
train,1263,2019296N15066,2019-10-27 15:00:00,2019-10-26 15:00:00,2019-10-27 15:00:00,2019-10-27 21:00:00,2019-10-28 15:00:00,False,none
train,1264,2019296N15066,2019-10-27 18:00:00,2019-10-26 18:00:00,2019-10-27 18:00:00,2019-10-28 00:00:00,2019-10-28 18:00:00,False,none
train,1265,2019296N15066,2019-10-27 21:00:00,2019-10-26 21:00:00,2019-10-27 21:00:00,2019-10-28 03:00:00,2019-10-28 21:00:00,False,none
train,1266,2019296N15066,2019-10-28 00:00:00,2019-10-27 00:00:00,2019-10-28 00:00:00,2019-10-28 06:00:00,2019-10-29 00:00:00,False,none
train,1267,2019296N15066,2019-10-28 03:00:00,2019-10-27 03:00:00,2019-10-28 03:00:00,2019-10-28 09:00:00,2019-10-29 03:00:00,False,none
train,1268,2019296N15066,2019-10-28 06:00:00,2019-10-27 06:00:00,2019-10-28 06:00:00,2019-10-28 12:00:00,2019-10-29 06:00:00,False,none
train,1269,2019296N15066,2019-10-28 09:00:00,2019-10-27 09:00:00,2019-10-28 09:00:00,2019-10-28 15:00:00,2019-10-29 09:00:00,False,none
train,1270,2019296N15066,2019-10-28 12:00:00,2019-10-27 12:00:00,2019-10-28 12:00:00,2019-10-28 18:00:00,2019-10-29 12:00:00,False,none
train,1271,2019296N15066,2019-10-28 15:00:00,2019-10-27 15:00:00,2019-10-28 15:00:00,2019-10-28 21:00:00,2019-10-29 15:00:00,False,none
train,1272,2019296N15066,2019-10-28 18:00:00,2019-10-27 18:00:00,2019-10-28 18:00:00,2019-10-29 00:00:00,2019-10-29 18:00:00,False,none
train,1273,2019296N15066,2019-10-28 21:00:00,2019-10-27 21:00:00,2019-10-28 21:00:00,2019-10-29 03:00:00,2019-10-29 21:00:00,False,none
train,1274,2019296N15066,2019-10-29 00:00:00,2019-10-28 00:00:00,2019-10-29 00:00:00,2019-10-29 06:00:00,2019-10-30 00:00:00,False,none
train,1275,2019296N15066,2019-10-29 03:00:00,2019-10-28 03:00:00,2019-10-29 03:00:00,2019-10-29 09:00:00,2019-10-30 03:00:00,False,none
train,1276,2019296N15066,2019-10-29 06:00:00,2019-10-28 06:00:00,2019-10-29 06:00:00,2019-10-29 12:00:00,2019-10-30 06:00:00,False,none
train,1277,2019296N15066,2019-10-29 09:00:00,2019-10-28 09:00:00,2019-10-29 09:00:00,2019-10-29 15:00:00,2019-10-30 09:00:00,False,none
train,1278,2019296N15066,2019-10-29 12:00:00,2019-10-28 12:00:00,2019-10-29 12:00:00,2019-10-29 18:00:00,2019-10-30 12:00:00,False,none
train,1279,2019296N15066,2019-10-29 15:00:00,2019-10-28 15:00:00,2019-10-29 15:00:00,2019-10-29 21:00:00,2019-10-30 15:00:00,False,none
train,1280,2019296N15066,2019-10-29 18:00:00,2019-10-28 18:00:00,2019-10-29 18:00:00,2019-10-30 00:00:00,2019-10-30 18:00:00,False,none
train,1281,2019296N15066,2019-10-29 21:00:00,2019-10-28 21:00:00,2019-10-29 21:00:00,2019-10-30 03:00:00,2019-10-30 21:00:00,False,none
train,1282,2019296N15066,2019-10-30 00:00:00,2019-10-29 00:00:00,2019-10-30 00:00:00,2019-10-30 06:00:00,2019-10-31 00:00:00,False,none
train,1283,2019296N15066,2019-10-30 03:00:00,2019-10-29 03:00:00,2019-10-30 03:00:00,2019-10-30 09:00:00,2019-10-31 03:00:00,False,none
train,1284,2019296N15066,2019-10-30 06:00:00,2019-10-29 06:00:00,2019-10-30 06:00:00,2019-10-30 12:00:00,2019-10-31 06:00:00,False,none
train,1285,2019296N15066,2019-10-30 09:00:00,2019-10-29 09:00:00,2019-10-30 09:00:00,2019-10-30 15:00:00,2019-10-31 09:00:00,False,none
train,1286,2019296N15066,2019-10-30 12:00:00,2019-10-29 12:00:00,2019-10-30 12:00:00,2019-10-30 18:00:00,2019-10-31 12:00:00,False,none
train,1287,2019296N15066,2019-10-30 15:00:00,2019-10-29 15:00:00,2019-10-30 15:00:00,2019-10-30 21:00:00,2019-10-31 15:00:00,False,none
train,1288,2019296N15066,2019-10-30 18:00:00,2019-10-29 18:00:00,2019-10-30 18:00:00,2019-10-31 00:00:00,2019-10-31 18:00:00,False,none
train,1289,2019296N15066,2019-10-30 21:00:00,2019-10-29 21:00:00,2019-10-30 21:00:00,2019-10-31 03:00:00,2019-10-31 21:00:00,False,none
train,1290,2019296N15066,2019-10-31 00:00:00,2019-10-30 00:00:00,2019-10-31 00:00:00,2019-10-31 06:00:00,2019-11-01 00:00:00,False,none
train,1291,2019296N15066,2019-10-31 03:00:00,2019-10-30 03:00:00,2019-10-31 03:00:00,2019-10-31 09:00:00,2019-11-01 03:00:00,False,none
train,1292,2019296N15066,2019-10-31 06:00:00,2019-10-30 06:00:00,2019-10-31 06:00:00,2019-10-31 12:00:00,2019-11-01 06:00:00,False,none
train,1293,2019296N15066,2019-10-31 09:00:00,2019-10-30 09:00:00,2019-10-31 09:00:00,2019-10-31 15:00:00,2019-11-01 09:00:00,False,none
train,1294,2019296N15066,2019-10-31 12:00:00,2019-10-30 12:00:00,2019-10-31 12:00:00,2019-10-31 18:00:00,2019-11-01 12:00:00,False,none
train,1295,2019296N15066,2019-10-31 15:00:00,2019-10-30 15:00:00,2019-10-31 15:00:00,2019-10-31 21:00:00,2019-11-01 15:00:00,False,none
train,1296,2019296N15066,2019-10-31 18:00:00,2019-10-30 18:00:00,2019-10-31 18:00:00,2019-11-01 00:00:00,2019-11-01 18:00:00,False,none
train,1297,2019296N15066,2019-10-31 21:00:00,2019-10-30 21:00:00,2019-10-31 21:00:00,2019-11-01 03:00:00,2019-11-01 21:00:00,False,none
train,1298,2019296N15066,2019-11-01 00:00:00,2019-10-31 00:00:00,2019-11-01 00:00:00,2019-11-01 06:00:00,2019-11-02 00:00:00,False,none
train,1299,2019296N15066,2019-11-01 03:00:00,2019-10-31 03:00:00,2019-11-01 03:00:00,2019-11-01 09:00:00,2019-11-02 03:00:00,False,none
train,1300,2019296N15066,2019-11-01 06:00:00,2019-10-31 06:00:00,2019-11-01 06:00:00,2019-11-01 12:00:00,2019-11-02 06:00:00,False,none
train,1301,2019296N15066,2019-11-01 09:00:00,2019-10-31 09:00:00,2019-11-01 09:00:00,2019-11-01 15:00:00,2019-11-02 09:00:00,False,none
train,1302,2019296N15066,2019-11-01 12:00:00,2019-10-31 12:00:00,2019-11-01 12:00:00,2019-11-01 18:00:00,2019-11-02 12:00:00,False,none
train,1303,2019296N15066,2019-11-01 15:00:00,2019-10-31 15:00:00,2019-11-01 15:00:00,2019-11-01 21:00:00,2019-11-02 15:00:00,False,none
train,1304,2019296N15066,2019-11-01 18:00:00,2019-10-31 18:00:00,2019-11-01 18:00:00,2019-11-02 00:00:00,2019-11-02 18:00:00,False,none
train,1305,2019296N15066,2019-11-01 21:00:00,2019-10-31 21:00:00,2019-11-01 21:00:00,2019-11-02 03:00:00,2019-11-02 21:00:00,False,none
train,1306,2019296N15066,2019-11-02 00:00:00,2019-11-01 00:00:00,2019-11-02 00:00:00,2019-11-02 06:00:00,2019-11-03 00:00:00,False,none
train,1307,2019296N15066,2019-11-02 03:00:00,2019-11-01 03:00:00,2019-11-02 03:00:00,2019-11-02 09:00:00,2019-11-03 03:00:00,False,none
train,1308,2019296N15066,2019-11-02 06:00:00,2019-11-01 06:00:00,2019-11-02 06:00:00,2019-11-02 12:00:00,2019-11-03 06:00:00,False,none
train,1309,2019335N05058,2019-12-01 18:00:00,2019-11-30 18:00:00,2019-12-01 18:00:00,2019-12-02 00:00:00,2019-12-02 18:00:00,False,none
train,1310,2019335N05058,2019-12-01 21:00:00,2019-11-30 21:00:00,2019-12-01 21:00:00,2019-12-02 03:00:00,2019-12-02 21:00:00,False,none
train,1311,2019335N05058,2019-12-02 00:00:00,2019-12-01 00:00:00,2019-12-02 00:00:00,2019-12-02 06:00:00,2019-12-03 00:00:00,False,none
train,1312,2019335N05058,2019-12-02 03:00:00,2019-12-01 03:00:00,2019-12-02 03:00:00,2019-12-02 09:00:00,2019-12-03 03:00:00,False,none
train,1313,2019335N05058,2019-12-02 06:00:00,2019-12-01 06:00:00,2019-12-02 06:00:00,2019-12-02 12:00:00,2019-12-03 06:00:00,False,none
train,1314,2019335N05058,2019-12-02 09:00:00,2019-12-01 09:00:00,2019-12-02 09:00:00,2019-12-02 15:00:00,2019-12-03 09:00:00,False,none
train,1315,2019335N05058,2019-12-02 12:00:00,2019-12-01 12:00:00,2019-12-02 12:00:00,2019-12-02 18:00:00,2019-12-03 12:00:00,False,none
train,1316,2019335N05058,2019-12-02 15:00:00,2019-12-01 15:00:00,2019-12-02 15:00:00,2019-12-02 21:00:00,2019-12-03 15:00:00,False,none
train,1317,2019335N05058,2019-12-02 18:00:00,2019-12-01 18:00:00,2019-12-02 18:00:00,2019-12-03 00:00:00,2019-12-03 18:00:00,False,none
train,1318,2019335N05058,2019-12-02 21:00:00,2019-12-01 21:00:00,2019-12-02 21:00:00,2019-12-03 03:00:00,2019-12-03 21:00:00,False,none
train,1319,2019335N05058,2019-12-03 00:00:00,2019-12-02 00:00:00,2019-12-03 00:00:00,2019-12-03 06:00:00,2019-12-04 00:00:00,False,none
train,1320,2019335N05058,2019-12-03 03:00:00,2019-12-02 03:00:00,2019-12-03 03:00:00,2019-12-03 09:00:00,2019-12-04 03:00:00,False,none
train,1321,2019335N05058,2019-12-03 06:00:00,2019-12-02 06:00:00,2019-12-03 06:00:00,2019-12-03 12:00:00,2019-12-04 06:00:00,False,none
train,1322,2019335N05058,2019-12-03 09:00:00,2019-12-02 09:00:00,2019-12-03 09:00:00,2019-12-03 15:00:00,2019-12-04 09:00:00,False,none
train,1323,2019335N05058,2019-12-03 12:00:00,2019-12-02 12:00:00,2019-12-03 12:00:00,2019-12-03 18:00:00,2019-12-04 12:00:00,False,none
train,1324,2019335N05058,2019-12-03 15:00:00,2019-12-02 15:00:00,2019-12-03 15:00:00,2019-12-03 21:00:00,2019-12-04 15:00:00,False,none
train,1325,2019335N05058,2019-12-03 18:00:00,2019-12-02 18:00:00,2019-12-03 18:00:00,2019-12-04 00:00:00,2019-12-04 18:00:00,False,none
train,1326,2019335N05058,2019-12-03 21:00:00,2019-12-02 21:00:00,2019-12-03 21:00:00,2019-12-04 03:00:00,2019-12-04 21:00:00,False,none
train,1327,2019335N05058,2019-12-04 00:00:00,2019-12-03 00:00:00,2019-12-04 00:00:00,2019-12-04 06:00:00,2019-12-05 00:00:00,False,none
train,1328,2019335N05058,2019-12-04 03:00:00,2019-12-03 03:00:00,2019-12-04 03:00:00,2019-12-04 09:00:00,2019-12-05 03:00:00,False,none
train,1329,2019335N05058,2019-12-04 06:00:00,2019-12-03 06:00:00,2019-12-04 06:00:00,2019-12-04 12:00:00,2019-12-05 06:00:00,False,none
train,1330,2019335N05058,2019-12-04 09:00:00,2019-12-03 09:00:00,2019-12-04 09:00:00,2019-12-04 15:00:00,2019-12-05 09:00:00,False,none
train,1331,2019335N05058,2019-12-04 12:00:00,2019-12-03 12:00:00,2019-12-04 12:00:00,2019-12-04 18:00:00,2019-12-05 12:00:00,False,none
train,1332,2019335N05058,2019-12-04 15:00:00,2019-12-03 15:00:00,2019-12-04 15:00:00,2019-12-04 21:00:00,2019-12-05 15:00:00,False,none
train,1333,2019335N05058,2019-12-04 18:00:00,2019-12-03 18:00:00,2019-12-04 18:00:00,2019-12-05 00:00:00,2019-12-05 18:00:00,False,none
train,1334,2019335N05058,2019-12-04 21:00:00,2019-12-03 21:00:00,2019-12-04 21:00:00,2019-12-05 03:00:00,2019-12-05 21:00:00,False,none
train,1335,2019335N05058,2019-12-05 00:00:00,2019-12-04 00:00:00,2019-12-05 00:00:00,2019-12-05 06:00:00,2019-12-06 00:00:00,False,none
train,1336,2019335N05058,2019-12-05 03:00:00,2019-12-04 03:00:00,2019-12-05 03:00:00,2019-12-05 09:00:00,2019-12-06 03:00:00,False,none
train,1337,2019335N05058,2019-12-05 06:00:00,2019-12-04 06:00:00,2019-12-05 06:00:00,2019-12-05 12:00:00,2019-12-06 06:00:00,False,none
train,1338,2019335N05058,2019-12-05 09:00:00,2019-12-04 09:00:00,2019-12-05 09:00:00,2019-12-05 15:00:00,2019-12-06 09:00:00,False,none
train,1339,2019335N05058,2019-12-05 12:00:00,2019-12-04 12:00:00,2019-12-05 12:00:00,2019-12-05 18:00:00,2019-12-06 12:00:00,False,none
train,1340,2019335N05058,2019-12-05 15:00:00,2019-12-04 15:00:00,2019-12-05 15:00:00,2019-12-05 21:00:00,2019-12-06 15:00:00,False,none
train,1341,2019335N05058,2019-12-05 18:00:00,2019-12-04 18:00:00,2019-12-05 18:00:00,2019-12-06 00:00:00,2019-12-06 18:00:00,False,none
train,1342,2019335N05058,2019-12-05 21:00:00,2019-12-04 21:00:00,2019-12-05 21:00:00,2019-12-06 03:00:00,2019-12-06 21:00:00,False,none
train,1343,2019335N05058,2019-12-06 00:00:00,2019-12-05 00:00:00,2019-12-06 00:00:00,2019-12-06 06:00:00,2019-12-07 00:00:00,False,none
train,1344,2019335N05058,2019-12-06 03:00:00,2019-12-05 03:00:00,2019-12-06 03:00:00,2019-12-06 09:00:00,2019-12-07 03:00:00,False,none
train,1345,2019335N05058,2019-12-06 06:00:00,2019-12-05 06:00:00,2019-12-06 06:00:00,2019-12-06 12:00:00,2019-12-07 06:00:00,False,none
train,1346,2019335N05058,2019-12-06 09:00:00,2019-12-05 09:00:00,2019-12-06 09:00:00,2019-12-06 15:00:00,2019-12-07 09:00:00,False,none
train,1347,2019335N05058,2019-12-06 12:00:00,2019-12-05 12:00:00,2019-12-06 12:00:00,2019-12-06 18:00:00,2019-12-07 12:00:00,False,none
train,1348,2019335N05058,2019-12-06 15:00:00,2019-12-05 15:00:00,2019-12-06 15:00:00,2019-12-06 21:00:00,2019-12-07 15:00:00,False,none
train,1349,2019335N05058,2019-12-06 18:00:00,2019-12-05 18:00:00,2019-12-06 18:00:00,2019-12-07 00:00:00,2019-12-07 18:00:00,False,none
train,1350,2020136N10088,2020-05-16 06:00:00,2020-05-15 06:00:00,2020-05-16 06:00:00,2020-05-16 12:00:00,2020-05-17 06:00:00,False,none
train,1351,2020136N10088,2020-05-16 09:00:00,2020-05-15 09:00:00,2020-05-16 09:00:00,2020-05-16 15:00:00,2020-05-17 09:00:00,False,none
train,1352,2020136N10088,2020-05-16 12:00:00,2020-05-15 12:00:00,2020-05-16 12:00:00,2020-05-16 18:00:00,2020-05-17 12:00:00,False,none
train,1353,2020136N10088,2020-05-16 15:00:00,2020-05-15 15:00:00,2020-05-16 15:00:00,2020-05-16 21:00:00,2020-05-17 15:00:00,False,none
train,1354,2020136N10088,2020-05-16 18:00:00,2020-05-15 18:00:00,2020-05-16 18:00:00,2020-05-17 00:00:00,2020-05-17 18:00:00,False,none
train,1355,2020136N10088,2020-05-16 21:00:00,2020-05-15 21:00:00,2020-05-16 21:00:00,2020-05-17 03:00:00,2020-05-17 21:00:00,False,none
train,1356,2020136N10088,2020-05-17 00:00:00,2020-05-16 00:00:00,2020-05-17 00:00:00,2020-05-17 06:00:00,2020-05-18 00:00:00,False,none
train,1357,2020136N10088,2020-05-17 03:00:00,2020-05-16 03:00:00,2020-05-17 03:00:00,2020-05-17 09:00:00,2020-05-18 03:00:00,False,none
train,1358,2020136N10088,2020-05-17 06:00:00,2020-05-16 06:00:00,2020-05-17 06:00:00,2020-05-17 12:00:00,2020-05-18 06:00:00,False,none
train,1359,2020136N10088,2020-05-17 09:00:00,2020-05-16 09:00:00,2020-05-17 09:00:00,2020-05-17 15:00:00,2020-05-18 09:00:00,False,none
train,1360,2020136N10088,2020-05-17 12:00:00,2020-05-16 12:00:00,2020-05-17 12:00:00,2020-05-17 18:00:00,2020-05-18 12:00:00,False,none
train,1361,2020136N10088,2020-05-17 15:00:00,2020-05-16 15:00:00,2020-05-17 15:00:00,2020-05-17 21:00:00,2020-05-18 15:00:00,False,none
train,1362,2020136N10088,2020-05-17 18:00:00,2020-05-16 18:00:00,2020-05-17 18:00:00,2020-05-18 00:00:00,2020-05-18 18:00:00,False,none
train,1363,2020136N10088,2020-05-17 21:00:00,2020-05-16 21:00:00,2020-05-17 21:00:00,2020-05-18 03:00:00,2020-05-18 21:00:00,False,none
train,1364,2020136N10088,2020-05-18 00:00:00,2020-05-17 00:00:00,2020-05-18 00:00:00,2020-05-18 06:00:00,2020-05-19 00:00:00,False,none
train,1365,2020136N10088,2020-05-18 03:00:00,2020-05-17 03:00:00,2020-05-18 03:00:00,2020-05-18 09:00:00,2020-05-19 03:00:00,False,none
train,1366,2020136N10088,2020-05-18 06:00:00,2020-05-17 06:00:00,2020-05-18 06:00:00,2020-05-18 12:00:00,2020-05-19 06:00:00,False,none
train,1367,2020136N10088,2020-05-18 09:00:00,2020-05-17 09:00:00,2020-05-18 09:00:00,2020-05-18 15:00:00,2020-05-19 09:00:00,False,none
train,1368,2020136N10088,2020-05-18 12:00:00,2020-05-17 12:00:00,2020-05-18 12:00:00,2020-05-18 18:00:00,2020-05-19 12:00:00,False,none
train,1369,2020136N10088,2020-05-18 15:00:00,2020-05-17 15:00:00,2020-05-18 15:00:00,2020-05-18 21:00:00,2020-05-19 15:00:00,False,none
train,1370,2020136N10088,2020-05-18 18:00:00,2020-05-17 18:00:00,2020-05-18 18:00:00,2020-05-19 00:00:00,2020-05-19 18:00:00,False,none
train,1371,2020136N10088,2020-05-18 21:00:00,2020-05-17 21:00:00,2020-05-18 21:00:00,2020-05-19 03:00:00,2020-05-19 21:00:00,False,none
train,1372,2020136N10088,2020-05-19 00:00:00,2020-05-18 00:00:00,2020-05-19 00:00:00,2020-05-19 06:00:00,2020-05-20 00:00:00,False,none
train,1373,2020136N10088,2020-05-19 03:00:00,2020-05-18 03:00:00,2020-05-19 03:00:00,2020-05-19 09:00:00,2020-05-20 03:00:00,False,none
train,1374,2020136N10088,2020-05-19 06:00:00,2020-05-18 06:00:00,2020-05-19 06:00:00,2020-05-19 12:00:00,2020-05-20 06:00:00,False,none
train,1375,2020136N10088,2020-05-19 09:00:00,2020-05-18 09:00:00,2020-05-19 09:00:00,2020-05-19 15:00:00,2020-05-20 09:00:00,False,none
train,1376,2020136N10088,2020-05-19 12:00:00,2020-05-18 12:00:00,2020-05-19 12:00:00,2020-05-19 18:00:00,2020-05-20 12:00:00,False,none
train,1377,2020136N10088,2020-05-19 15:00:00,2020-05-18 15:00:00,2020-05-19 15:00:00,2020-05-19 21:00:00,2020-05-20 15:00:00,False,none
train,1378,2020136N10088,2020-05-19 18:00:00,2020-05-18 18:00:00,2020-05-19 18:00:00,2020-05-20 00:00:00,2020-05-20 18:00:00,False,none
train,1379,2020136N10088,2020-05-19 21:00:00,2020-05-18 21:00:00,2020-05-19 21:00:00,2020-05-20 03:00:00,2020-05-20 21:00:00,False,none
train,1380,2020136N10088,2020-05-20 00:00:00,2020-05-19 00:00:00,2020-05-20 00:00:00,2020-05-20 06:00:00,2020-05-21 00:00:00,False,none
train,1381,2020136N10088,2020-05-20 03:00:00,2020-05-19 03:00:00,2020-05-20 03:00:00,2020-05-20 09:00:00,2020-05-21 03:00:00,False,none
train,1382,2020136N10088,2020-05-20 06:00:00,2020-05-19 06:00:00,2020-05-20 06:00:00,2020-05-20 12:00:00,2020-05-21 06:00:00,False,none
train,1383,2020136N10088,2020-05-20 09:00:00,2020-05-19 09:00:00,2020-05-20 09:00:00,2020-05-20 15:00:00,2020-05-21 09:00:00,False,none
train,1384,2020136N10088,2020-05-20 12:00:00,2020-05-19 12:00:00,2020-05-20 12:00:00,2020-05-20 18:00:00,2020-05-21 12:00:00,False,none
train,1385,2020153N13072,2020-06-01 18:00:00,2020-05-31 18:00:00,2020-06-01 18:00:00,2020-06-02 00:00:00,2020-06-02 18:00:00,False,none
train,1386,2020153N13072,2020-06-01 21:00:00,2020-05-31 21:00:00,2020-06-01 21:00:00,2020-06-02 03:00:00,2020-06-02 21:00:00,False,none
train,1387,2020153N13072,2020-06-02 00:00:00,2020-06-01 00:00:00,2020-06-02 00:00:00,2020-06-02 06:00:00,2020-06-03 00:00:00,False,none
train,1388,2020153N13072,2020-06-02 03:00:00,2020-06-01 03:00:00,2020-06-02 03:00:00,2020-06-02 09:00:00,2020-06-03 03:00:00,False,none
train,1389,2020153N13072,2020-06-02 06:00:00,2020-06-01 06:00:00,2020-06-02 06:00:00,2020-06-02 12:00:00,2020-06-03 06:00:00,False,none
train,1390,2020153N13072,2020-06-02 09:00:00,2020-06-01 09:00:00,2020-06-02 09:00:00,2020-06-02 15:00:00,2020-06-03 09:00:00,False,none
train,1391,2020153N13072,2020-06-02 12:00:00,2020-06-01 12:00:00,2020-06-02 12:00:00,2020-06-02 18:00:00,2020-06-03 12:00:00,False,none
train,1392,2020153N13072,2020-06-02 15:00:00,2020-06-01 15:00:00,2020-06-02 15:00:00,2020-06-02 21:00:00,2020-06-03 15:00:00,False,none
train,1393,2020153N13072,2020-06-02 18:00:00,2020-06-01 18:00:00,2020-06-02 18:00:00,2020-06-03 00:00:00,2020-06-03 18:00:00,False,none
train,1394,2020153N13072,2020-06-02 21:00:00,2020-06-01 21:00:00,2020-06-02 21:00:00,2020-06-03 03:00:00,2020-06-03 21:00:00,False,none
train,1395,2020153N13072,2020-06-03 00:00:00,2020-06-02 00:00:00,2020-06-03 00:00:00,2020-06-03 06:00:00,2020-06-04 00:00:00,False,none
train,1396,2020153N13072,2020-06-03 03:00:00,2020-06-02 03:00:00,2020-06-03 03:00:00,2020-06-03 09:00:00,2020-06-04 03:00:00,False,none
train,1397,2020153N13072,2020-06-03 06:00:00,2020-06-02 06:00:00,2020-06-03 06:00:00,2020-06-03 12:00:00,2020-06-04 06:00:00,False,none
train,1398,2020326N11063,2020-11-21 12:00:00,2020-11-20 12:00:00,2020-11-21 12:00:00,2020-11-21 18:00:00,2020-11-22 12:00:00,False,none
train,1399,2020326N11063,2020-11-21 15:00:00,2020-11-20 15:00:00,2020-11-21 15:00:00,2020-11-21 21:00:00,2020-11-22 15:00:00,False,none
train,1400,2020326N11063,2020-11-21 18:00:00,2020-11-20 18:00:00,2020-11-21 18:00:00,2020-11-22 00:00:00,2020-11-22 18:00:00,False,none
train,1401,2020326N11063,2020-11-21 21:00:00,2020-11-20 21:00:00,2020-11-21 21:00:00,2020-11-22 03:00:00,2020-11-22 21:00:00,False,none
train,1402,2020326N11063,2020-11-22 00:00:00,2020-11-21 00:00:00,2020-11-22 00:00:00,2020-11-22 06:00:00,2020-11-23 00:00:00,False,none
train,1403,2020326N11063,2020-11-22 03:00:00,2020-11-21 03:00:00,2020-11-22 03:00:00,2020-11-22 09:00:00,2020-11-23 03:00:00,False,none
train,1404,2020326N11063,2020-11-22 06:00:00,2020-11-21 06:00:00,2020-11-22 06:00:00,2020-11-22 12:00:00,2020-11-23 06:00:00,False,none
train,1405,2020326N11063,2020-11-22 09:00:00,2020-11-21 09:00:00,2020-11-22 09:00:00,2020-11-22 15:00:00,2020-11-23 09:00:00,False,none
train,1406,2020326N11063,2020-11-22 12:00:00,2020-11-21 12:00:00,2020-11-22 12:00:00,2020-11-22 18:00:00,2020-11-23 12:00:00,False,none
train,1407,2020326N11063,2020-11-22 15:00:00,2020-11-21 15:00:00,2020-11-22 15:00:00,2020-11-22 21:00:00,2020-11-23 15:00:00,False,none
train,1408,2020326N11063,2020-11-22 18:00:00,2020-11-21 18:00:00,2020-11-22 18:00:00,2020-11-23 00:00:00,2020-11-23 18:00:00,False,none
train,1409,2020326N11063,2020-11-22 21:00:00,2020-11-21 21:00:00,2020-11-22 21:00:00,2020-11-23 03:00:00,2020-11-23 21:00:00,False,none
train,1410,2020326N11063,2020-11-23 00:00:00,2020-11-22 00:00:00,2020-11-23 00:00:00,2020-11-23 06:00:00,2020-11-24 00:00:00,False,none
train,1411,2020326N11063,2020-11-23 03:00:00,2020-11-22 03:00:00,2020-11-23 03:00:00,2020-11-23 09:00:00,2020-11-24 03:00:00,False,none
train,1412,2020326N11063,2020-11-23 06:00:00,2020-11-22 06:00:00,2020-11-23 06:00:00,2020-11-23 12:00:00,2020-11-24 06:00:00,False,none
train,1413,2020326N11063,2020-11-23 09:00:00,2020-11-22 09:00:00,2020-11-23 09:00:00,2020-11-23 15:00:00,2020-11-24 09:00:00,False,none
train,1414,2020326N11063,2020-11-23 12:00:00,2020-11-22 12:00:00,2020-11-23 12:00:00,2020-11-23 18:00:00,2020-11-24 12:00:00,False,none
train,1415,2020327N08086,2020-11-23 06:00:00,2020-11-22 06:00:00,2020-11-23 06:00:00,2020-11-23 12:00:00,2020-11-24 06:00:00,False,none
train,1416,2020327N08086,2020-11-23 09:00:00,2020-11-22 09:00:00,2020-11-23 09:00:00,2020-11-23 15:00:00,2020-11-24 09:00:00,False,none
train,1417,2020327N08086,2020-11-23 12:00:00,2020-11-22 12:00:00,2020-11-23 12:00:00,2020-11-23 18:00:00,2020-11-24 12:00:00,False,none
train,1418,2020327N08086,2020-11-23 15:00:00,2020-11-22 15:00:00,2020-11-23 15:00:00,2020-11-23 21:00:00,2020-11-24 15:00:00,False,none
train,1419,2020327N08086,2020-11-23 18:00:00,2020-11-22 18:00:00,2020-11-23 18:00:00,2020-11-24 00:00:00,2020-11-24 18:00:00,False,none
train,1420,2020327N08086,2020-11-23 21:00:00,2020-11-22 21:00:00,2020-11-23 21:00:00,2020-11-24 03:00:00,2020-11-24 21:00:00,False,none
train,1421,2020327N08086,2020-11-24 00:00:00,2020-11-23 00:00:00,2020-11-24 00:00:00,2020-11-24 06:00:00,2020-11-25 00:00:00,False,none
train,1422,2020327N08086,2020-11-24 03:00:00,2020-11-23 03:00:00,2020-11-24 03:00:00,2020-11-24 09:00:00,2020-11-25 03:00:00,False,none
train,1423,2020327N08086,2020-11-24 06:00:00,2020-11-23 06:00:00,2020-11-24 06:00:00,2020-11-24 12:00:00,2020-11-25 06:00:00,False,none
train,1424,2020327N08086,2020-11-24 09:00:00,2020-11-23 09:00:00,2020-11-24 09:00:00,2020-11-24 15:00:00,2020-11-25 09:00:00,False,none
train,1425,2020327N08086,2020-11-24 12:00:00,2020-11-23 12:00:00,2020-11-24 12:00:00,2020-11-24 18:00:00,2020-11-25 12:00:00,False,none
train,1426,2020327N08086,2020-11-24 15:00:00,2020-11-23 15:00:00,2020-11-24 15:00:00,2020-11-24 21:00:00,2020-11-25 15:00:00,False,none
train,1427,2020327N08086,2020-11-24 18:00:00,2020-11-23 18:00:00,2020-11-24 18:00:00,2020-11-25 00:00:00,2020-11-25 18:00:00,False,none
train,1428,2020327N08086,2020-11-24 21:00:00,2020-11-23 21:00:00,2020-11-24 21:00:00,2020-11-25 03:00:00,2020-11-25 21:00:00,False,none
train,1429,2020327N08086,2020-11-25 00:00:00,2020-11-24 00:00:00,2020-11-25 00:00:00,2020-11-25 06:00:00,2020-11-26 00:00:00,False,none
train,1430,2020327N08086,2020-11-25 03:00:00,2020-11-24 03:00:00,2020-11-25 03:00:00,2020-11-25 09:00:00,2020-11-26 03:00:00,False,none
train,1431,2020327N08086,2020-11-25 06:00:00,2020-11-24 06:00:00,2020-11-25 06:00:00,2020-11-25 12:00:00,2020-11-26 06:00:00,False,none
train,1432,2020327N08086,2020-11-25 09:00:00,2020-11-24 09:00:00,2020-11-25 09:00:00,2020-11-25 15:00:00,2020-11-26 09:00:00,False,none
train,1433,2020327N08086,2020-11-25 12:00:00,2020-11-24 12:00:00,2020-11-25 12:00:00,2020-11-25 18:00:00,2020-11-26 12:00:00,False,none
train,1434,2020327N08086,2020-11-25 15:00:00,2020-11-24 15:00:00,2020-11-25 15:00:00,2020-11-25 21:00:00,2020-11-26 15:00:00,False,none
train,1435,2020327N08086,2020-11-25 18:00:00,2020-11-24 18:00:00,2020-11-25 18:00:00,2020-11-26 00:00:00,2020-11-26 18:00:00,False,none
train,1436,2020327N08086,2020-11-25 21:00:00,2020-11-24 21:00:00,2020-11-25 21:00:00,2020-11-26 03:00:00,2020-11-26 21:00:00,False,none
train,1437,2020327N08086,2020-11-26 00:00:00,2020-11-25 00:00:00,2020-11-26 00:00:00,2020-11-26 06:00:00,2020-11-27 00:00:00,False,none
train,1438,2020327N08086,2020-11-26 03:00:00,2020-11-25 03:00:00,2020-11-26 03:00:00,2020-11-26 09:00:00,2020-11-27 03:00:00,False,none
train,1439,2020327N08086,2020-11-26 06:00:00,2020-11-25 06:00:00,2020-11-26 06:00:00,2020-11-26 12:00:00,2020-11-27 06:00:00,False,none
train,1440,2020327N08086,2020-11-26 09:00:00,2020-11-25 09:00:00,2020-11-26 09:00:00,2020-11-26 15:00:00,2020-11-27 09:00:00,False,none
train,1441,2020327N08086,2020-11-26 12:00:00,2020-11-25 12:00:00,2020-11-26 12:00:00,2020-11-26 18:00:00,2020-11-27 12:00:00,False,none
train,1442,2020335N06090,2020-11-30 12:00:00,2020-11-29 12:00:00,2020-11-30 12:00:00,2020-11-30 18:00:00,2020-12-01 12:00:00,False,none
train,1443,2020335N06090,2020-11-30 15:00:00,2020-11-29 15:00:00,2020-11-30 15:00:00,2020-11-30 21:00:00,2020-12-01 15:00:00,False,none
train,1444,2020335N06090,2020-11-30 18:00:00,2020-11-29 18:00:00,2020-11-30 18:00:00,2020-12-01 00:00:00,2020-12-01 18:00:00,False,none
train,1445,2020335N06090,2020-11-30 21:00:00,2020-11-29 21:00:00,2020-11-30 21:00:00,2020-12-01 03:00:00,2020-12-01 21:00:00,False,none
train,1446,2020335N06090,2020-12-01 00:00:00,2020-11-30 00:00:00,2020-12-01 00:00:00,2020-12-01 06:00:00,2020-12-02 00:00:00,False,none
train,1447,2020335N06090,2020-12-01 03:00:00,2020-11-30 03:00:00,2020-12-01 03:00:00,2020-12-01 09:00:00,2020-12-02 03:00:00,False,none
train,1448,2020335N06090,2020-12-01 06:00:00,2020-11-30 06:00:00,2020-12-01 06:00:00,2020-12-01 12:00:00,2020-12-02 06:00:00,False,none
train,1449,2020335N06090,2020-12-01 09:00:00,2020-11-30 09:00:00,2020-12-01 09:00:00,2020-12-01 15:00:00,2020-12-02 09:00:00,False,none
train,1450,2020335N06090,2020-12-01 12:00:00,2020-11-30 12:00:00,2020-12-01 12:00:00,2020-12-01 18:00:00,2020-12-02 12:00:00,False,none
train,1451,2020335N06090,2020-12-01 15:00:00,2020-11-30 15:00:00,2020-12-01 15:00:00,2020-12-01 21:00:00,2020-12-02 15:00:00,False,none
train,1452,2020335N06090,2020-12-01 18:00:00,2020-11-30 18:00:00,2020-12-01 18:00:00,2020-12-02 00:00:00,2020-12-02 18:00:00,False,none
train,1453,2020335N06090,2020-12-01 21:00:00,2020-11-30 21:00:00,2020-12-01 21:00:00,2020-12-02 03:00:00,2020-12-02 21:00:00,False,none
train,1454,2020335N06090,2020-12-02 00:00:00,2020-12-01 00:00:00,2020-12-02 00:00:00,2020-12-02 06:00:00,2020-12-03 00:00:00,False,none
train,1455,2020335N06090,2020-12-02 03:00:00,2020-12-01 03:00:00,2020-12-02 03:00:00,2020-12-02 09:00:00,2020-12-03 03:00:00,False,none
train,1456,2020335N06090,2020-12-02 06:00:00,2020-12-01 06:00:00,2020-12-02 06:00:00,2020-12-02 12:00:00,2020-12-03 06:00:00,False,none
train,1457,2020335N06090,2020-12-02 09:00:00,2020-12-01 09:00:00,2020-12-02 09:00:00,2020-12-02 15:00:00,2020-12-03 09:00:00,False,none
train,1458,2020335N06090,2020-12-02 12:00:00,2020-12-01 12:00:00,2020-12-02 12:00:00,2020-12-02 18:00:00,2020-12-03 12:00:00,False,none
train,1459,2020335N06090,2020-12-02 15:00:00,2020-12-01 15:00:00,2020-12-02 15:00:00,2020-12-02 21:00:00,2020-12-03 15:00:00,False,none
train,1460,2020335N06090,2020-12-02 18:00:00,2020-12-01 18:00:00,2020-12-02 18:00:00,2020-12-03 00:00:00,2020-12-03 18:00:00,False,none
train,1461,2020335N06090,2020-12-02 21:00:00,2020-12-01 21:00:00,2020-12-02 21:00:00,2020-12-03 03:00:00,2020-12-03 21:00:00,False,none
train,1462,2020335N06090,2020-12-03 00:00:00,2020-12-02 00:00:00,2020-12-03 00:00:00,2020-12-03 06:00:00,2020-12-04 00:00:00,False,none
train,1463,2020335N06090,2020-12-03 03:00:00,2020-12-02 03:00:00,2020-12-03 03:00:00,2020-12-03 09:00:00,2020-12-04 03:00:00,False,none
train,1464,2020335N06090,2020-12-03 06:00:00,2020-12-02 06:00:00,2020-12-03 06:00:00,2020-12-03 12:00:00,2020-12-04 06:00:00,False,none
train,1465,2020335N06090,2020-12-03 09:00:00,2020-12-02 09:00:00,2020-12-03 09:00:00,2020-12-03 15:00:00,2020-12-04 09:00:00,False,none
train,1466,2020335N06090,2020-12-03 12:00:00,2020-12-02 12:00:00,2020-12-03 12:00:00,2020-12-03 18:00:00,2020-12-04 12:00:00,False,none
train,1467,2020335N06090,2020-12-03 15:00:00,2020-12-02 15:00:00,2020-12-03 15:00:00,2020-12-03 21:00:00,2020-12-04 15:00:00,False,none
train,1468,2020335N06090,2020-12-03 18:00:00,2020-12-02 18:00:00,2020-12-03 18:00:00,2020-12-04 00:00:00,2020-12-04 18:00:00,False,none
train,1469,2020335N06090,2020-12-03 21:00:00,2020-12-02 21:00:00,2020-12-03 21:00:00,2020-12-04 03:00:00,2020-12-04 21:00:00,False,none
train,1470,2020335N06090,2020-12-04 00:00:00,2020-12-03 00:00:00,2020-12-04 00:00:00,2020-12-04 06:00:00,2020-12-05 00:00:00,False,none
train,1471,2020335N06090,2020-12-04 03:00:00,2020-12-03 03:00:00,2020-12-04 03:00:00,2020-12-04 09:00:00,2020-12-05 03:00:00,False,none
train,1472,2020335N06090,2020-12-04 06:00:00,2020-12-03 06:00:00,2020-12-04 06:00:00,2020-12-04 12:00:00,2020-12-05 06:00:00,False,none
train,1473,2020353N06129,2020-12-18 12:00:00,2020-12-17 12:00:00,2020-12-18 12:00:00,2020-12-18 18:00:00,2020-12-19 12:00:00,False,none
train,1474,2020353N06129,2020-12-18 15:00:00,2020-12-17 15:00:00,2020-12-18 15:00:00,2020-12-18 21:00:00,2020-12-19 15:00:00,False,none
train,1475,2020353N06129,2020-12-18 18:00:00,2020-12-17 18:00:00,2020-12-18 18:00:00,2020-12-19 00:00:00,2020-12-19 18:00:00,False,none
train,1476,2020353N06129,2020-12-18 21:00:00,2020-12-17 21:00:00,2020-12-18 21:00:00,2020-12-19 03:00:00,2020-12-19 21:00:00,False,none
train,1477,2020353N06129,2020-12-19 00:00:00,2020-12-18 00:00:00,2020-12-19 00:00:00,2020-12-19 06:00:00,2020-12-20 00:00:00,False,none
train,1478,2020353N06129,2020-12-19 03:00:00,2020-12-18 03:00:00,2020-12-19 03:00:00,2020-12-19 09:00:00,2020-12-20 03:00:00,False,none
train,1479,2020353N06129,2020-12-19 06:00:00,2020-12-18 06:00:00,2020-12-19 06:00:00,2020-12-19 12:00:00,2020-12-20 06:00:00,False,none
train,1480,2020353N06129,2020-12-19 09:00:00,2020-12-18 09:00:00,2020-12-19 09:00:00,2020-12-19 15:00:00,2020-12-20 09:00:00,False,none
train,1481,2020353N06129,2020-12-19 12:00:00,2020-12-18 12:00:00,2020-12-19 12:00:00,2020-12-19 18:00:00,2020-12-20 12:00:00,False,none
train,1482,2020353N06129,2020-12-19 15:00:00,2020-12-18 15:00:00,2020-12-19 15:00:00,2020-12-19 21:00:00,2020-12-20 15:00:00,False,none
train,1483,2020353N06129,2020-12-19 18:00:00,2020-12-18 18:00:00,2020-12-19 18:00:00,2020-12-20 00:00:00,2020-12-20 18:00:00,False,none
train,1484,2020353N06129,2020-12-19 21:00:00,2020-12-18 21:00:00,2020-12-19 21:00:00,2020-12-20 03:00:00,2020-12-20 21:00:00,False,none
train,1485,2020353N06129,2020-12-20 00:00:00,2020-12-19 00:00:00,2020-12-20 00:00:00,2020-12-20 06:00:00,2020-12-21 00:00:00,False,none
train,1486,2020353N06129,2020-12-20 03:00:00,2020-12-19 03:00:00,2020-12-20 03:00:00,2020-12-20 09:00:00,2020-12-21 03:00:00,False,none
train,1487,2020353N06129,2020-12-20 06:00:00,2020-12-19 06:00:00,2020-12-20 06:00:00,2020-12-20 12:00:00,2020-12-21 06:00:00,False,none
train,1488,2020353N06129,2020-12-20 09:00:00,2020-12-19 09:00:00,2020-12-20 09:00:00,2020-12-20 15:00:00,2020-12-21 09:00:00,False,none
train,1489,2020353N06129,2020-12-20 12:00:00,2020-12-19 12:00:00,2020-12-20 12:00:00,2020-12-20 18:00:00,2020-12-21 12:00:00,False,none
train,1490,2020353N06129,2020-12-20 15:00:00,2020-12-19 15:00:00,2020-12-20 15:00:00,2020-12-20 21:00:00,2020-12-21 15:00:00,False,none
train,1491,2020353N06129,2020-12-20 18:00:00,2020-12-19 18:00:00,2020-12-20 18:00:00,2020-12-21 00:00:00,2020-12-21 18:00:00,False,none
train,1492,2020353N06129,2020-12-20 21:00:00,2020-12-19 21:00:00,2020-12-20 21:00:00,2020-12-21 03:00:00,2020-12-21 21:00:00,False,none
train,1493,2020353N06129,2020-12-21 00:00:00,2020-12-20 00:00:00,2020-12-21 00:00:00,2020-12-21 06:00:00,2020-12-22 00:00:00,False,none
train,1494,2020353N06129,2020-12-21 03:00:00,2020-12-20 03:00:00,2020-12-21 03:00:00,2020-12-21 09:00:00,2020-12-22 03:00:00,False,none
train,1495,2020353N06129,2020-12-21 06:00:00,2020-12-20 06:00:00,2020-12-21 06:00:00,2020-12-21 12:00:00,2020-12-22 06:00:00,False,none
train,1496,2020353N06129,2020-12-21 09:00:00,2020-12-20 09:00:00,2020-12-21 09:00:00,2020-12-21 15:00:00,2020-12-22 09:00:00,False,none
train,1497,2020353N06129,2020-12-21 12:00:00,2020-12-20 12:00:00,2020-12-21 12:00:00,2020-12-21 18:00:00,2020-12-22 12:00:00,False,none
train,1498,2020353N06129,2020-12-21 15:00:00,2020-12-20 15:00:00,2020-12-21 15:00:00,2020-12-21 21:00:00,2020-12-22 15:00:00,False,none
train,1499,2020353N06129,2020-12-21 18:00:00,2020-12-20 18:00:00,2020-12-21 18:00:00,2020-12-22 00:00:00,2020-12-22 18:00:00,False,none
train,1500,2020353N06129,2020-12-21 21:00:00,2020-12-20 21:00:00,2020-12-21 21:00:00,2020-12-22 03:00:00,2020-12-22 21:00:00,False,none
train,1501,2020353N06129,2020-12-22 00:00:00,2020-12-21 00:00:00,2020-12-22 00:00:00,2020-12-22 06:00:00,2020-12-23 00:00:00,False,none
train,1502,2020353N06129,2020-12-22 03:00:00,2020-12-21 03:00:00,2020-12-22 03:00:00,2020-12-22 09:00:00,2020-12-23 03:00:00,False,none
train,1503,2020353N06129,2020-12-22 06:00:00,2020-12-21 06:00:00,2020-12-22 06:00:00,2020-12-22 12:00:00,2020-12-23 06:00:00,False,none
train,1504,2020353N06129,2020-12-22 09:00:00,2020-12-21 09:00:00,2020-12-22 09:00:00,2020-12-22 15:00:00,2020-12-23 09:00:00,False,none
train,1505,2020353N06129,2020-12-22 12:00:00,2020-12-21 12:00:00,2020-12-22 12:00:00,2020-12-22 18:00:00,2020-12-23 12:00:00,False,none
train,1506,2020353N06129,2020-12-22 15:00:00,2020-12-21 15:00:00,2020-12-22 15:00:00,2020-12-22 21:00:00,2020-12-23 15:00:00,False,none
train,1507,2020353N06129,2020-12-22 18:00:00,2020-12-21 18:00:00,2020-12-22 18:00:00,2020-12-23 00:00:00,2020-12-23 18:00:00,False,none
train,1508,2020353N06129,2020-12-22 21:00:00,2020-12-21 21:00:00,2020-12-22 21:00:00,2020-12-23 03:00:00,2020-12-23 21:00:00,False,none
train,1509,2020353N06129,2020-12-23 00:00:00,2020-12-22 00:00:00,2020-12-23 00:00:00,2020-12-23 06:00:00,2020-12-24 00:00:00,False,none
train,1510,2020353N06129,2020-12-23 03:00:00,2020-12-22 03:00:00,2020-12-23 03:00:00,2020-12-23 09:00:00,2020-12-24 03:00:00,False,none
train,1511,2020353N06129,2020-12-23 06:00:00,2020-12-22 06:00:00,2020-12-23 06:00:00,2020-12-23 12:00:00,2020-12-24 06:00:00,False,none
train,1512,2020353N06129,2020-12-23 09:00:00,2020-12-22 09:00:00,2020-12-23 09:00:00,2020-12-23 15:00:00,2020-12-24 09:00:00,False,none
train,1513,2020353N06129,2020-12-23 12:00:00,2020-12-22 12:00:00,2020-12-23 12:00:00,2020-12-23 18:00:00,2020-12-24 12:00:00,False,none
train,1514,2020353N06129,2020-12-23 15:00:00,2020-12-22 15:00:00,2020-12-23 15:00:00,2020-12-23 21:00:00,2020-12-24 15:00:00,False,none
train,1515,2020353N06129,2020-12-23 18:00:00,2020-12-22 18:00:00,2020-12-23 18:00:00,2020-12-24 00:00:00,2020-12-24 18:00:00,False,none
train,1516,2020353N06129,2020-12-23 21:00:00,2020-12-22 21:00:00,2020-12-23 21:00:00,2020-12-24 03:00:00,2020-12-24 21:00:00,False,none
train,1517,2020353N06129,2020-12-24 00:00:00,2020-12-23 00:00:00,2020-12-24 00:00:00,2020-12-24 06:00:00,2020-12-25 00:00:00,False,none
train,1518,2020353N06129,2020-12-24 03:00:00,2020-12-23 03:00:00,2020-12-24 03:00:00,2020-12-24 09:00:00,2020-12-25 03:00:00,False,none
train,1519,2020353N06129,2020-12-24 06:00:00,2020-12-23 06:00:00,2020-12-24 06:00:00,2020-12-24 12:00:00,2020-12-25 06:00:00,False,none
train,1520,2020353N06129,2020-12-24 09:00:00,2020-12-23 09:00:00,2020-12-24 09:00:00,2020-12-24 15:00:00,2020-12-25 09:00:00,False,none
train,1521,2020353N06129,2020-12-24 12:00:00,2020-12-23 12:00:00,2020-12-24 12:00:00,2020-12-24 18:00:00,2020-12-25 12:00:00,False,none
train,1522,2021256N20087,2021-09-13 12:00:00,2021-09-12 12:00:00,2021-09-13 12:00:00,2021-09-13 18:00:00,2021-09-14 12:00:00,False,none
train,1523,2021256N20087,2021-09-13 15:00:00,2021-09-12 15:00:00,2021-09-13 15:00:00,2021-09-13 21:00:00,2021-09-14 15:00:00,False,none
train,1524,2021256N20087,2021-09-13 18:00:00,2021-09-12 18:00:00,2021-09-13 18:00:00,2021-09-14 00:00:00,2021-09-14 18:00:00,False,none
train,1525,2021312N07090,2021-11-09 06:00:00,2021-11-08 06:00:00,2021-11-09 06:00:00,2021-11-09 12:00:00,2021-11-10 06:00:00,False,none
train,1526,2021312N07090,2021-11-09 09:00:00,2021-11-08 09:00:00,2021-11-09 09:00:00,2021-11-09 15:00:00,2021-11-10 09:00:00,False,none
train,1527,2021312N07090,2021-11-09 12:00:00,2021-11-08 12:00:00,2021-11-09 12:00:00,2021-11-09 18:00:00,2021-11-10 12:00:00,False,none
train,1528,2021312N07090,2021-11-09 15:00:00,2021-11-08 15:00:00,2021-11-09 15:00:00,2021-11-09 21:00:00,2021-11-10 15:00:00,False,none
train,1529,2021312N07090,2021-11-09 18:00:00,2021-11-08 18:00:00,2021-11-09 18:00:00,2021-11-10 00:00:00,2021-11-10 18:00:00,False,none
train,1530,2021312N07090,2021-11-09 21:00:00,2021-11-08 21:00:00,2021-11-09 21:00:00,2021-11-10 03:00:00,2021-11-10 21:00:00,False,none
train,1531,2021312N07090,2021-11-10 00:00:00,2021-11-09 00:00:00,2021-11-10 00:00:00,2021-11-10 06:00:00,2021-11-11 00:00:00,False,none
train,1532,2021312N07090,2021-11-10 03:00:00,2021-11-09 03:00:00,2021-11-10 03:00:00,2021-11-10 09:00:00,2021-11-11 03:00:00,False,none
train,1533,2021312N07090,2021-11-10 06:00:00,2021-11-09 06:00:00,2021-11-10 06:00:00,2021-11-10 12:00:00,2021-11-11 06:00:00,False,none
train,1534,2021312N07090,2021-11-10 09:00:00,2021-11-09 09:00:00,2021-11-10 09:00:00,2021-11-10 15:00:00,2021-11-11 09:00:00,False,none
train,1535,2021312N07090,2021-11-10 12:00:00,2021-11-09 12:00:00,2021-11-10 12:00:00,2021-11-10 18:00:00,2021-11-11 12:00:00,False,none
train,1536,2021312N07090,2021-11-10 15:00:00,2021-11-09 15:00:00,2021-11-10 15:00:00,2021-11-10 21:00:00,2021-11-11 15:00:00,False,none
train,1537,2021312N07090,2021-11-10 18:00:00,2021-11-09 18:00:00,2021-11-10 18:00:00,2021-11-11 00:00:00,2021-11-11 18:00:00,False,none
train,1538,2021335N08096,2021-12-01 18:00:00,2021-11-30 18:00:00,2021-12-01 18:00:00,2021-12-02 00:00:00,2021-12-02 18:00:00,False,none
train,1539,2021335N08096,2021-12-01 21:00:00,2021-11-30 21:00:00,2021-12-01 21:00:00,2021-12-02 03:00:00,2021-12-02 21:00:00,False,none
train,1540,2021335N08096,2021-12-02 00:00:00,2021-12-01 00:00:00,2021-12-02 00:00:00,2021-12-02 06:00:00,2021-12-03 00:00:00,False,none
train,1541,2021335N08096,2021-12-02 03:00:00,2021-12-01 03:00:00,2021-12-02 03:00:00,2021-12-02 09:00:00,2021-12-03 03:00:00,False,none
train,1542,2021335N08096,2021-12-02 06:00:00,2021-12-01 06:00:00,2021-12-02 06:00:00,2021-12-02 12:00:00,2021-12-03 06:00:00,False,none
train,1543,2021335N08096,2021-12-02 09:00:00,2021-12-01 09:00:00,2021-12-02 09:00:00,2021-12-02 15:00:00,2021-12-03 09:00:00,False,none
train,1544,2021335N08096,2021-12-02 12:00:00,2021-12-01 12:00:00,2021-12-02 12:00:00,2021-12-02 18:00:00,2021-12-03 12:00:00,False,none
train,1545,2021335N08096,2021-12-02 15:00:00,2021-12-01 15:00:00,2021-12-02 15:00:00,2021-12-02 21:00:00,2021-12-03 15:00:00,False,none
train,1546,2021335N08096,2021-12-02 18:00:00,2021-12-01 18:00:00,2021-12-02 18:00:00,2021-12-03 00:00:00,2021-12-03 18:00:00,False,none
train,1547,2021335N08096,2021-12-02 21:00:00,2021-12-01 21:00:00,2021-12-02 21:00:00,2021-12-03 03:00:00,2021-12-03 21:00:00,False,none
train,1548,2021335N08096,2021-12-03 00:00:00,2021-12-02 00:00:00,2021-12-03 00:00:00,2021-12-03 06:00:00,2021-12-04 00:00:00,False,none
train,1549,2021335N08096,2021-12-03 03:00:00,2021-12-02 03:00:00,2021-12-03 03:00:00,2021-12-03 09:00:00,2021-12-04 03:00:00,False,none
train,1550,2021335N08096,2021-12-03 06:00:00,2021-12-02 06:00:00,2021-12-03 06:00:00,2021-12-03 12:00:00,2021-12-04 06:00:00,False,none
train,1551,2021335N08096,2021-12-03 09:00:00,2021-12-02 09:00:00,2021-12-03 09:00:00,2021-12-03 15:00:00,2021-12-04 09:00:00,False,none
train,1552,2021335N08096,2021-12-03 12:00:00,2021-12-02 12:00:00,2021-12-03 12:00:00,2021-12-03 18:00:00,2021-12-04 12:00:00,False,none
train,1553,2021335N08096,2021-12-03 15:00:00,2021-12-02 15:00:00,2021-12-03 15:00:00,2021-12-03 21:00:00,2021-12-04 15:00:00,False,none
train,1554,2021335N08096,2021-12-03 18:00:00,2021-12-02 18:00:00,2021-12-03 18:00:00,2021-12-04 00:00:00,2021-12-04 18:00:00,False,none
train,1555,2021335N08096,2021-12-03 21:00:00,2021-12-02 21:00:00,2021-12-03 21:00:00,2021-12-04 03:00:00,2021-12-04 21:00:00,False,none
train,1556,2021335N08096,2021-12-04 00:00:00,2021-12-03 00:00:00,2021-12-04 00:00:00,2021-12-04 06:00:00,2021-12-05 00:00:00,False,none
train,1557,2021335N08096,2021-12-04 03:00:00,2021-12-03 03:00:00,2021-12-04 03:00:00,2021-12-04 09:00:00,2021-12-05 03:00:00,False,none
train,1558,2021335N08096,2021-12-04 06:00:00,2021-12-03 06:00:00,2021-12-04 06:00:00,2021-12-04 12:00:00,2021-12-05 06:00:00,False,none
train,1559,2021335N08096,2021-12-04 09:00:00,2021-12-03 09:00:00,2021-12-04 09:00:00,2021-12-04 15:00:00,2021-12-05 09:00:00,False,none
train,1560,2021335N08096,2021-12-04 12:00:00,2021-12-03 12:00:00,2021-12-04 12:00:00,2021-12-04 18:00:00,2021-12-05 12:00:00,False,none
train,1561,2021335N08096,2021-12-04 15:00:00,2021-12-03 15:00:00,2021-12-04 15:00:00,2021-12-04 21:00:00,2021-12-05 15:00:00,False,none
train,1562,2021335N08096,2021-12-04 18:00:00,2021-12-03 18:00:00,2021-12-04 18:00:00,2021-12-05 00:00:00,2021-12-05 18:00:00,False,none
train,1563,2021335N08096,2021-12-04 21:00:00,2021-12-03 21:00:00,2021-12-04 21:00:00,2021-12-05 03:00:00,2021-12-05 21:00:00,False,none
train,1564,2021335N08096,2021-12-05 00:00:00,2021-12-04 00:00:00,2021-12-05 00:00:00,2021-12-05 06:00:00,2021-12-06 00:00:00,False,none
train,1565,2021335N08096,2021-12-05 03:00:00,2021-12-04 03:00:00,2021-12-05 03:00:00,2021-12-05 09:00:00,2021-12-06 03:00:00,False,none
train,1566,2021335N08096,2021-12-05 06:00:00,2021-12-04 06:00:00,2021-12-05 06:00:00,2021-12-05 12:00:00,2021-12-06 06:00:00,False,none
train,1567,2022062N06085,2022-03-04 00:00:00,2022-03-03 00:00:00,2022-03-04 00:00:00,2022-03-04 06:00:00,2022-03-05 00:00:00,False,none
train,1568,2022062N06085,2022-03-04 03:00:00,2022-03-03 03:00:00,2022-03-04 03:00:00,2022-03-04 09:00:00,2022-03-05 03:00:00,False,none
train,1569,2022062N06085,2022-03-04 06:00:00,2022-03-03 06:00:00,2022-03-04 06:00:00,2022-03-04 12:00:00,2022-03-05 06:00:00,False,none
train,1570,2022062N06085,2022-03-04 09:00:00,2022-03-03 09:00:00,2022-03-04 09:00:00,2022-03-04 15:00:00,2022-03-05 09:00:00,False,none
train,1571,2022062N06085,2022-03-04 12:00:00,2022-03-03 12:00:00,2022-03-04 12:00:00,2022-03-04 18:00:00,2022-03-05 12:00:00,False,none
train,1572,2022062N06085,2022-03-04 15:00:00,2022-03-03 15:00:00,2022-03-04 15:00:00,2022-03-04 21:00:00,2022-03-05 15:00:00,False,none
train,1573,2022062N06085,2022-03-04 18:00:00,2022-03-03 18:00:00,2022-03-04 18:00:00,2022-03-05 00:00:00,2022-03-05 18:00:00,False,none
train,1574,2022062N06085,2022-03-04 21:00:00,2022-03-03 21:00:00,2022-03-04 21:00:00,2022-03-05 03:00:00,2022-03-05 21:00:00,False,none
train,1575,2022062N06085,2022-03-05 00:00:00,2022-03-04 00:00:00,2022-03-05 00:00:00,2022-03-05 06:00:00,2022-03-06 00:00:00,False,none
train,1576,2022062N06085,2022-03-05 03:00:00,2022-03-04 03:00:00,2022-03-05 03:00:00,2022-03-05 09:00:00,2022-03-06 03:00:00,False,none
train,1577,2022062N06085,2022-03-05 06:00:00,2022-03-04 06:00:00,2022-03-05 06:00:00,2022-03-05 12:00:00,2022-03-06 06:00:00,False,none
train,1578,2022062N06085,2022-03-05 09:00:00,2022-03-04 09:00:00,2022-03-05 09:00:00,2022-03-05 15:00:00,2022-03-06 09:00:00,False,none
train,1579,2022062N06085,2022-03-05 12:00:00,2022-03-04 12:00:00,2022-03-05 12:00:00,2022-03-05 18:00:00,2022-03-06 12:00:00,False,none
train,1580,2022062N06085,2022-03-05 15:00:00,2022-03-04 15:00:00,2022-03-05 15:00:00,2022-03-05 21:00:00,2022-03-06 15:00:00,False,none
train,1581,2022062N06085,2022-03-05 18:00:00,2022-03-04 18:00:00,2022-03-05 18:00:00,2022-03-06 00:00:00,2022-03-06 18:00:00,False,none
train,1582,2022079N10093,2022-03-21 00:00:00,2022-03-20 00:00:00,2022-03-21 00:00:00,2022-03-21 06:00:00,2022-03-22 00:00:00,False,none
train,1583,2022079N10093,2022-03-21 03:00:00,2022-03-20 03:00:00,2022-03-21 03:00:00,2022-03-21 09:00:00,2022-03-22 03:00:00,False,none
train,1584,2022079N10093,2022-03-21 06:00:00,2022-03-20 06:00:00,2022-03-21 06:00:00,2022-03-21 12:00:00,2022-03-22 06:00:00,False,none
train,1585,2022079N10093,2022-03-21 09:00:00,2022-03-20 09:00:00,2022-03-21 09:00:00,2022-03-21 15:00:00,2022-03-22 09:00:00,False,none
train,1586,2022079N10093,2022-03-21 12:00:00,2022-03-20 12:00:00,2022-03-21 12:00:00,2022-03-21 18:00:00,2022-03-22 12:00:00,False,none
train,1587,2022079N10093,2022-03-21 15:00:00,2022-03-20 15:00:00,2022-03-21 15:00:00,2022-03-21 21:00:00,2022-03-22 15:00:00,False,none
train,1588,2022079N10093,2022-03-21 18:00:00,2022-03-20 18:00:00,2022-03-21 18:00:00,2022-03-22 00:00:00,2022-03-22 18:00:00,False,none
train,1589,2022079N10093,2022-03-21 21:00:00,2022-03-20 21:00:00,2022-03-21 21:00:00,2022-03-22 03:00:00,2022-03-22 21:00:00,False,none
train,1590,2022079N10093,2022-03-22 00:00:00,2022-03-21 00:00:00,2022-03-22 00:00:00,2022-03-22 06:00:00,2022-03-23 00:00:00,False,none
train,1591,2022126N07095,2022-05-06 12:00:00,2022-05-05 12:00:00,2022-05-06 12:00:00,2022-05-06 18:00:00,2022-05-07 12:00:00,False,none
train,1592,2022126N07095,2022-05-06 15:00:00,2022-05-05 15:00:00,2022-05-06 15:00:00,2022-05-06 21:00:00,2022-05-07 15:00:00,False,none
train,1593,2022126N07095,2022-05-06 18:00:00,2022-05-05 18:00:00,2022-05-06 18:00:00,2022-05-07 00:00:00,2022-05-07 18:00:00,False,none
train,1594,2022126N07095,2022-05-06 21:00:00,2022-05-05 21:00:00,2022-05-06 21:00:00,2022-05-07 03:00:00,2022-05-07 21:00:00,False,none
train,1595,2022126N07095,2022-05-07 00:00:00,2022-05-06 00:00:00,2022-05-07 00:00:00,2022-05-07 06:00:00,2022-05-08 00:00:00,False,none
train,1596,2022126N07095,2022-05-07 03:00:00,2022-05-06 03:00:00,2022-05-07 03:00:00,2022-05-07 09:00:00,2022-05-08 03:00:00,False,none
train,1597,2022126N07095,2022-05-07 06:00:00,2022-05-06 06:00:00,2022-05-07 06:00:00,2022-05-07 12:00:00,2022-05-08 06:00:00,False,none
train,1598,2022126N07095,2022-05-07 09:00:00,2022-05-06 09:00:00,2022-05-07 09:00:00,2022-05-07 15:00:00,2022-05-08 09:00:00,False,none
train,1599,2022126N07095,2022-05-07 12:00:00,2022-05-06 12:00:00,2022-05-07 12:00:00,2022-05-07 18:00:00,2022-05-08 12:00:00,False,none
train,1600,2022126N07095,2022-05-07 15:00:00,2022-05-06 15:00:00,2022-05-07 15:00:00,2022-05-07 21:00:00,2022-05-08 15:00:00,False,none
train,1601,2022126N07095,2022-05-07 18:00:00,2022-05-06 18:00:00,2022-05-07 18:00:00,2022-05-08 00:00:00,2022-05-08 18:00:00,False,none
train,1602,2022126N07095,2022-05-07 21:00:00,2022-05-06 21:00:00,2022-05-07 21:00:00,2022-05-08 03:00:00,2022-05-08 21:00:00,False,none
train,1603,2022126N07095,2022-05-08 00:00:00,2022-05-07 00:00:00,2022-05-08 00:00:00,2022-05-08 06:00:00,2022-05-09 00:00:00,False,none
train,1604,2022126N07095,2022-05-08 03:00:00,2022-05-07 03:00:00,2022-05-08 03:00:00,2022-05-08 09:00:00,2022-05-09 03:00:00,False,none
train,1605,2022126N07095,2022-05-08 06:00:00,2022-05-07 06:00:00,2022-05-08 06:00:00,2022-05-08 12:00:00,2022-05-09 06:00:00,False,none
train,1606,2022126N07095,2022-05-08 09:00:00,2022-05-07 09:00:00,2022-05-08 09:00:00,2022-05-08 15:00:00,2022-05-09 09:00:00,False,none
train,1607,2022126N07095,2022-05-08 12:00:00,2022-05-07 12:00:00,2022-05-08 12:00:00,2022-05-08 18:00:00,2022-05-09 12:00:00,False,none
train,1608,2022126N07095,2022-05-08 15:00:00,2022-05-07 15:00:00,2022-05-08 15:00:00,2022-05-08 21:00:00,2022-05-09 15:00:00,False,none
train,1609,2022126N07095,2022-05-08 18:00:00,2022-05-07 18:00:00,2022-05-08 18:00:00,2022-05-09 00:00:00,2022-05-09 18:00:00,False,none
train,1610,2022126N07095,2022-05-08 21:00:00,2022-05-07 21:00:00,2022-05-08 21:00:00,2022-05-09 03:00:00,2022-05-09 21:00:00,False,none
train,1611,2022126N07095,2022-05-09 00:00:00,2022-05-08 00:00:00,2022-05-09 00:00:00,2022-05-09 06:00:00,2022-05-10 00:00:00,False,none
train,1612,2022126N07095,2022-05-09 03:00:00,2022-05-08 03:00:00,2022-05-09 03:00:00,2022-05-09 09:00:00,2022-05-10 03:00:00,False,none
train,1613,2022126N07095,2022-05-09 06:00:00,2022-05-08 06:00:00,2022-05-09 06:00:00,2022-05-09 12:00:00,2022-05-10 06:00:00,False,none
train,1614,2022126N07095,2022-05-09 09:00:00,2022-05-08 09:00:00,2022-05-09 09:00:00,2022-05-09 15:00:00,2022-05-10 09:00:00,False,none
train,1615,2022126N07095,2022-05-09 12:00:00,2022-05-08 12:00:00,2022-05-09 12:00:00,2022-05-09 18:00:00,2022-05-10 12:00:00,False,none
train,1616,2022126N07095,2022-05-09 15:00:00,2022-05-08 15:00:00,2022-05-09 15:00:00,2022-05-09 21:00:00,2022-05-10 15:00:00,False,none
train,1617,2022126N07095,2022-05-09 18:00:00,2022-05-08 18:00:00,2022-05-09 18:00:00,2022-05-10 00:00:00,2022-05-10 18:00:00,False,none
train,1618,2022126N07095,2022-05-09 21:00:00,2022-05-08 21:00:00,2022-05-09 21:00:00,2022-05-10 03:00:00,2022-05-10 21:00:00,False,none
train,1619,2022126N07095,2022-05-10 00:00:00,2022-05-09 00:00:00,2022-05-10 00:00:00,2022-05-10 06:00:00,2022-05-11 00:00:00,False,none
train,1620,2022126N07095,2022-05-10 03:00:00,2022-05-09 03:00:00,2022-05-10 03:00:00,2022-05-10 09:00:00,2022-05-11 03:00:00,False,none
train,1621,2022126N07095,2022-05-10 06:00:00,2022-05-09 06:00:00,2022-05-10 06:00:00,2022-05-10 12:00:00,2022-05-11 06:00:00,False,none
train,1622,2022126N07095,2022-05-10 09:00:00,2022-05-09 09:00:00,2022-05-10 09:00:00,2022-05-10 15:00:00,2022-05-11 09:00:00,False,none
train,1623,2022126N07095,2022-05-10 12:00:00,2022-05-09 12:00:00,2022-05-10 12:00:00,2022-05-10 18:00:00,2022-05-11 12:00:00,False,none
train,1624,2022126N07095,2022-05-10 15:00:00,2022-05-09 15:00:00,2022-05-10 15:00:00,2022-05-10 21:00:00,2022-05-11 15:00:00,False,none
train,1625,2022126N07095,2022-05-10 18:00:00,2022-05-09 18:00:00,2022-05-10 18:00:00,2022-05-11 00:00:00,2022-05-11 18:00:00,False,none
train,1626,2022126N07095,2022-05-10 21:00:00,2022-05-09 21:00:00,2022-05-10 21:00:00,2022-05-11 03:00:00,2022-05-11 21:00:00,False,none
train,1627,2022126N07095,2022-05-11 00:00:00,2022-05-10 00:00:00,2022-05-11 00:00:00,2022-05-11 06:00:00,2022-05-12 00:00:00,False,none
train,1628,2022126N07095,2022-05-11 03:00:00,2022-05-10 03:00:00,2022-05-11 03:00:00,2022-05-11 09:00:00,2022-05-12 03:00:00,False,none
train,1629,2022126N07095,2022-05-11 06:00:00,2022-05-10 06:00:00,2022-05-11 06:00:00,2022-05-11 12:00:00,2022-05-12 06:00:00,False,none
train,1630,2022126N07095,2022-05-11 09:00:00,2022-05-10 09:00:00,2022-05-11 09:00:00,2022-05-11 15:00:00,2022-05-12 09:00:00,False,none
train,1631,2022126N07095,2022-05-11 12:00:00,2022-05-10 12:00:00,2022-05-11 12:00:00,2022-05-11 18:00:00,2022-05-12 12:00:00,False,none
train,1632,2022126N07095,2022-05-11 15:00:00,2022-05-10 15:00:00,2022-05-11 15:00:00,2022-05-11 21:00:00,2022-05-12 15:00:00,False,none
train,1633,2022126N07095,2022-05-11 18:00:00,2022-05-10 18:00:00,2022-05-11 18:00:00,2022-05-12 00:00:00,2022-05-12 18:00:00,False,none
train,1634,2022126N07095,2022-05-11 21:00:00,2022-05-10 21:00:00,2022-05-11 21:00:00,2022-05-12 03:00:00,2022-05-12 21:00:00,False,none
train,1635,2022126N07095,2022-05-12 00:00:00,2022-05-11 00:00:00,2022-05-12 00:00:00,2022-05-12 06:00:00,2022-05-13 00:00:00,False,none
train,1636,2022126N07095,2022-05-12 03:00:00,2022-05-11 03:00:00,2022-05-12 03:00:00,2022-05-12 09:00:00,2022-05-13 03:00:00,False,none
train,1637,2022126N07095,2022-05-12 06:00:00,2022-05-11 06:00:00,2022-05-12 06:00:00,2022-05-12 12:00:00,2022-05-13 06:00:00,False,none
train,1638,2022230N18095,2022-08-18 12:00:00,2022-08-17 12:00:00,2022-08-18 12:00:00,2022-08-18 18:00:00,2022-08-19 12:00:00,False,none
train,1639,2022230N18095,2022-08-18 15:00:00,2022-08-17 15:00:00,2022-08-18 15:00:00,2022-08-18 21:00:00,2022-08-19 15:00:00,False,none
train,1640,2022230N18095,2022-08-18 18:00:00,2022-08-17 18:00:00,2022-08-18 18:00:00,2022-08-19 00:00:00,2022-08-19 18:00:00,False,none
train,1641,2022230N18095,2022-08-18 21:00:00,2022-08-17 21:00:00,2022-08-18 21:00:00,2022-08-19 03:00:00,2022-08-19 21:00:00,False,none
train,1642,2022230N18095,2022-08-19 00:00:00,2022-08-18 00:00:00,2022-08-19 00:00:00,2022-08-19 06:00:00,2022-08-20 00:00:00,False,none
train,1643,2022230N18095,2022-08-19 03:00:00,2022-08-18 03:00:00,2022-08-19 03:00:00,2022-08-19 09:00:00,2022-08-20 03:00:00,False,none
train,1644,2022230N18095,2022-08-19 06:00:00,2022-08-18 06:00:00,2022-08-19 06:00:00,2022-08-19 12:00:00,2022-08-20 06:00:00,False,none
train,1645,2022230N18095,2022-08-19 09:00:00,2022-08-18 09:00:00,2022-08-19 09:00:00,2022-08-19 15:00:00,2022-08-20 09:00:00,False,none
train,1646,2022230N18095,2022-08-19 12:00:00,2022-08-18 12:00:00,2022-08-19 12:00:00,2022-08-19 18:00:00,2022-08-20 12:00:00,False,none
train,1647,2022230N18095,2022-08-19 15:00:00,2022-08-18 15:00:00,2022-08-19 15:00:00,2022-08-19 21:00:00,2022-08-20 15:00:00,False,none
train,1648,2022230N18095,2022-08-19 18:00:00,2022-08-18 18:00:00,2022-08-19 18:00:00,2022-08-20 00:00:00,2022-08-20 18:00:00,False,none
train,1649,2022230N18095,2022-08-19 21:00:00,2022-08-18 21:00:00,2022-08-19 21:00:00,2022-08-20 03:00:00,2022-08-20 21:00:00,False,none
train,1650,2022230N18095,2022-08-20 00:00:00,2022-08-19 00:00:00,2022-08-20 00:00:00,2022-08-20 06:00:00,2022-08-21 00:00:00,False,none
train,1651,2022230N18095,2022-08-20 03:00:00,2022-08-19 03:00:00,2022-08-20 03:00:00,2022-08-20 09:00:00,2022-08-21 03:00:00,False,none
train,1652,2022230N18095,2022-08-20 06:00:00,2022-08-19 06:00:00,2022-08-20 06:00:00,2022-08-20 12:00:00,2022-08-21 06:00:00,False,none
train,1653,2022230N18095,2022-08-20 09:00:00,2022-08-19 09:00:00,2022-08-20 09:00:00,2022-08-20 15:00:00,2022-08-21 09:00:00,False,none
train,1654,2022230N18095,2022-08-20 12:00:00,2022-08-19 12:00:00,2022-08-20 12:00:00,2022-08-20 18:00:00,2022-08-21 12:00:00,False,none
train,1655,2022230N18095,2022-08-20 15:00:00,2022-08-19 15:00:00,2022-08-20 15:00:00,2022-08-20 21:00:00,2022-08-21 15:00:00,False,none
train,1656,2022230N18095,2022-08-20 18:00:00,2022-08-19 18:00:00,2022-08-20 18:00:00,2022-08-21 00:00:00,2022-08-21 18:00:00,False,none
train,1657,2022230N18095,2022-08-20 21:00:00,2022-08-19 21:00:00,2022-08-20 21:00:00,2022-08-21 03:00:00,2022-08-21 21:00:00,False,none
train,1658,2022230N18095,2022-08-21 00:00:00,2022-08-20 00:00:00,2022-08-21 00:00:00,2022-08-21 06:00:00,2022-08-22 00:00:00,False,none
train,1659,2022230N18095,2022-08-21 03:00:00,2022-08-20 03:00:00,2022-08-21 03:00:00,2022-08-21 09:00:00,2022-08-22 03:00:00,False,none
train,1660,2022230N18095,2022-08-21 06:00:00,2022-08-20 06:00:00,2022-08-21 06:00:00,2022-08-21 12:00:00,2022-08-22 06:00:00,False,none
train,1661,2022230N18095,2022-08-21 09:00:00,2022-08-20 09:00:00,2022-08-21 09:00:00,2022-08-21 15:00:00,2022-08-22 09:00:00,False,none
train,1662,2022230N18095,2022-08-21 12:00:00,2022-08-20 12:00:00,2022-08-21 12:00:00,2022-08-21 18:00:00,2022-08-22 12:00:00,False,none
train,1663,2022230N18095,2022-08-21 15:00:00,2022-08-20 15:00:00,2022-08-21 15:00:00,2022-08-21 21:00:00,2022-08-22 15:00:00,False,none
train,1664,2022230N18095,2022-08-21 18:00:00,2022-08-20 18:00:00,2022-08-21 18:00:00,2022-08-22 00:00:00,2022-08-22 18:00:00,False,none
train,1665,2022230N18095,2022-08-21 21:00:00,2022-08-20 21:00:00,2022-08-21 21:00:00,2022-08-22 03:00:00,2022-08-22 21:00:00,False,none
train,1666,2022230N18095,2022-08-22 00:00:00,2022-08-21 00:00:00,2022-08-22 00:00:00,2022-08-22 06:00:00,2022-08-23 00:00:00,False,none
train,1667,2022338N05100,2022-12-05 00:00:00,2022-12-04 00:00:00,2022-12-05 00:00:00,2022-12-05 06:00:00,2022-12-06 00:00:00,False,none
train,1668,2022338N05100,2022-12-05 03:00:00,2022-12-04 03:00:00,2022-12-05 03:00:00,2022-12-05 09:00:00,2022-12-06 03:00:00,False,none
train,1669,2022338N05100,2022-12-05 06:00:00,2022-12-04 06:00:00,2022-12-05 06:00:00,2022-12-05 12:00:00,2022-12-06 06:00:00,False,none
train,1670,2022338N05100,2022-12-05 09:00:00,2022-12-04 09:00:00,2022-12-05 09:00:00,2022-12-05 15:00:00,2022-12-06 09:00:00,False,none
train,1671,2022338N05100,2022-12-05 12:00:00,2022-12-04 12:00:00,2022-12-05 12:00:00,2022-12-05 18:00:00,2022-12-06 12:00:00,False,none
train,1672,2022338N05100,2022-12-05 15:00:00,2022-12-04 15:00:00,2022-12-05 15:00:00,2022-12-05 21:00:00,2022-12-06 15:00:00,False,none
train,1673,2022338N05100,2022-12-05 18:00:00,2022-12-04 18:00:00,2022-12-05 18:00:00,2022-12-06 00:00:00,2022-12-06 18:00:00,False,none
train,1674,2022338N05100,2022-12-05 21:00:00,2022-12-04 21:00:00,2022-12-05 21:00:00,2022-12-06 03:00:00,2022-12-06 21:00:00,False,none
train,1675,2022338N05100,2022-12-06 00:00:00,2022-12-05 00:00:00,2022-12-06 00:00:00,2022-12-06 06:00:00,2022-12-07 00:00:00,False,none
train,1676,2022338N05100,2022-12-06 03:00:00,2022-12-05 03:00:00,2022-12-06 03:00:00,2022-12-06 09:00:00,2022-12-07 03:00:00,False,none
train,1677,2022338N05100,2022-12-06 06:00:00,2022-12-05 06:00:00,2022-12-06 06:00:00,2022-12-06 12:00:00,2022-12-07 06:00:00,False,none
train,1678,2022338N05100,2022-12-06 09:00:00,2022-12-05 09:00:00,2022-12-06 09:00:00,2022-12-06 15:00:00,2022-12-07 09:00:00,False,none
train,1679,2022338N05100,2022-12-06 12:00:00,2022-12-05 12:00:00,2022-12-06 12:00:00,2022-12-06 18:00:00,2022-12-07 12:00:00,False,none
train,1680,2022338N05100,2022-12-06 15:00:00,2022-12-05 15:00:00,2022-12-06 15:00:00,2022-12-06 21:00:00,2022-12-07 15:00:00,False,none
train,1681,2022338N05100,2022-12-06 18:00:00,2022-12-05 18:00:00,2022-12-06 18:00:00,2022-12-07 00:00:00,2022-12-07 18:00:00,False,none
train,1682,2022338N05100,2022-12-06 21:00:00,2022-12-05 21:00:00,2022-12-06 21:00:00,2022-12-07 03:00:00,2022-12-07 21:00:00,False,none
train,1683,2022338N05100,2022-12-07 00:00:00,2022-12-06 00:00:00,2022-12-07 00:00:00,2022-12-07 06:00:00,2022-12-08 00:00:00,False,none
train,1684,2022338N05100,2022-12-07 03:00:00,2022-12-06 03:00:00,2022-12-07 03:00:00,2022-12-07 09:00:00,2022-12-08 03:00:00,False,none
train,1685,2022338N05100,2022-12-07 06:00:00,2022-12-06 06:00:00,2022-12-07 06:00:00,2022-12-07 12:00:00,2022-12-08 06:00:00,False,none
train,1686,2022338N05100,2022-12-07 09:00:00,2022-12-06 09:00:00,2022-12-07 09:00:00,2022-12-07 15:00:00,2022-12-08 09:00:00,False,none
train,1687,2022338N05100,2022-12-07 12:00:00,2022-12-06 12:00:00,2022-12-07 12:00:00,2022-12-07 18:00:00,2022-12-08 12:00:00,False,none
train,1688,2022338N05100,2022-12-07 15:00:00,2022-12-06 15:00:00,2022-12-07 15:00:00,2022-12-07 21:00:00,2022-12-08 15:00:00,False,none
train,1689,2022338N05100,2022-12-07 18:00:00,2022-12-06 18:00:00,2022-12-07 18:00:00,2022-12-08 00:00:00,2022-12-08 18:00:00,False,none
train,1690,2022338N05100,2022-12-07 21:00:00,2022-12-06 21:00:00,2022-12-07 21:00:00,2022-12-08 03:00:00,2022-12-08 21:00:00,False,none
train,1691,2022338N05100,2022-12-08 00:00:00,2022-12-07 00:00:00,2022-12-08 00:00:00,2022-12-08 06:00:00,2022-12-09 00:00:00,False,none
train,1692,2022338N05100,2022-12-08 03:00:00,2022-12-07 03:00:00,2022-12-08 03:00:00,2022-12-08 09:00:00,2022-12-09 03:00:00,False,none
train,1693,2022338N05100,2022-12-08 06:00:00,2022-12-07 06:00:00,2022-12-08 06:00:00,2022-12-08 12:00:00,2022-12-09 06:00:00,False,none
train,1694,2022338N05100,2022-12-08 09:00:00,2022-12-07 09:00:00,2022-12-08 09:00:00,2022-12-08 15:00:00,2022-12-09 09:00:00,False,none
train,1695,2022338N05100,2022-12-08 12:00:00,2022-12-07 12:00:00,2022-12-08 12:00:00,2022-12-08 18:00:00,2022-12-09 12:00:00,False,none
train,1696,2022338N05100,2022-12-08 15:00:00,2022-12-07 15:00:00,2022-12-08 15:00:00,2022-12-08 21:00:00,2022-12-09 15:00:00,False,none
train,1697,2022338N05100,2022-12-08 18:00:00,2022-12-07 18:00:00,2022-12-08 18:00:00,2022-12-09 00:00:00,2022-12-09 18:00:00,False,none
train,1698,2022338N05100,2022-12-08 21:00:00,2022-12-07 21:00:00,2022-12-08 21:00:00,2022-12-09 03:00:00,2022-12-09 21:00:00,False,none
train,1699,2022338N05100,2022-12-09 00:00:00,2022-12-08 00:00:00,2022-12-09 00:00:00,2022-12-09 06:00:00,2022-12-10 00:00:00,False,none
train,1700,2022338N05100,2022-12-09 03:00:00,2022-12-08 03:00:00,2022-12-09 03:00:00,2022-12-09 09:00:00,2022-12-10 03:00:00,False,none
train,1701,2022338N05100,2022-12-09 06:00:00,2022-12-08 06:00:00,2022-12-09 06:00:00,2022-12-09 12:00:00,2022-12-10 06:00:00,False,none
train,1702,2022338N05100,2022-12-09 09:00:00,2022-12-08 09:00:00,2022-12-09 09:00:00,2022-12-09 15:00:00,2022-12-10 09:00:00,False,none
train,1703,2022338N05100,2022-12-09 12:00:00,2022-12-08 12:00:00,2022-12-09 12:00:00,2022-12-09 18:00:00,2022-12-10 12:00:00,False,none
train,1704,2022347N12074,2022-12-13 12:00:00,2022-12-12 12:00:00,2022-12-13 12:00:00,2022-12-13 18:00:00,2022-12-14 12:00:00,False,none
train,1705,2022347N12074,2022-12-13 15:00:00,2022-12-12 15:00:00,2022-12-13 15:00:00,2022-12-13 21:00:00,2022-12-14 15:00:00,False,none
train,1706,2022347N12074,2022-12-13 18:00:00,2022-12-12 18:00:00,2022-12-13 18:00:00,2022-12-14 00:00:00,2022-12-14 18:00:00,False,none
train,1707,2022347N12074,2022-12-13 21:00:00,2022-12-12 21:00:00,2022-12-13 21:00:00,2022-12-14 03:00:00,2022-12-14 21:00:00,False,none
train,1708,2022347N12074,2022-12-14 00:00:00,2022-12-13 00:00:00,2022-12-14 00:00:00,2022-12-14 06:00:00,2022-12-15 00:00:00,False,none
train,1709,2022347N12074,2022-12-14 03:00:00,2022-12-13 03:00:00,2022-12-14 03:00:00,2022-12-14 09:00:00,2022-12-15 03:00:00,False,none
train,1710,2022347N12074,2022-12-14 06:00:00,2022-12-13 06:00:00,2022-12-14 06:00:00,2022-12-14 12:00:00,2022-12-15 06:00:00,False,none
train,1711,2022347N12074,2022-12-14 09:00:00,2022-12-13 09:00:00,2022-12-14 09:00:00,2022-12-14 15:00:00,2022-12-15 09:00:00,False,none
train,1712,2022347N12074,2022-12-14 12:00:00,2022-12-13 12:00:00,2022-12-14 12:00:00,2022-12-14 18:00:00,2022-12-15 12:00:00,False,none
train,1713,2022347N12074,2022-12-14 15:00:00,2022-12-13 15:00:00,2022-12-14 15:00:00,2022-12-14 21:00:00,2022-12-15 15:00:00,False,none
train,1714,2022347N12074,2022-12-14 18:00:00,2022-12-13 18:00:00,2022-12-14 18:00:00,2022-12-15 00:00:00,2022-12-15 18:00:00,False,none
train,1715,2022347N12074,2022-12-14 21:00:00,2022-12-13 21:00:00,2022-12-14 21:00:00,2022-12-15 03:00:00,2022-12-15 21:00:00,False,none
train,1716,2022347N12074,2022-12-15 00:00:00,2022-12-14 00:00:00,2022-12-15 00:00:00,2022-12-15 06:00:00,2022-12-16 00:00:00,False,none
train,1717,2022347N12074,2022-12-15 03:00:00,2022-12-14 03:00:00,2022-12-15 03:00:00,2022-12-15 09:00:00,2022-12-16 03:00:00,False,none
train,1718,2022347N12074,2022-12-15 06:00:00,2022-12-14 06:00:00,2022-12-15 06:00:00,2022-12-15 12:00:00,2022-12-16 06:00:00,False,none
train,1719,2022347N12074,2022-12-15 09:00:00,2022-12-14 09:00:00,2022-12-15 09:00:00,2022-12-15 15:00:00,2022-12-16 09:00:00,False,none
train,1720,2022347N12074,2022-12-15 12:00:00,2022-12-14 12:00:00,2022-12-15 12:00:00,2022-12-15 18:00:00,2022-12-16 12:00:00,False,none
train,1721,2022347N12074,2022-12-15 15:00:00,2022-12-14 15:00:00,2022-12-15 15:00:00,2022-12-15 21:00:00,2022-12-16 15:00:00,False,none
train,1722,2022347N12074,2022-12-15 18:00:00,2022-12-14 18:00:00,2022-12-15 18:00:00,2022-12-16 00:00:00,2022-12-16 18:00:00,False,none
train,1723,2022347N12074,2022-12-15 21:00:00,2022-12-14 21:00:00,2022-12-15 21:00:00,2022-12-16 03:00:00,2022-12-16 21:00:00,False,none
train,1724,2022347N12074,2022-12-16 00:00:00,2022-12-15 00:00:00,2022-12-16 00:00:00,2022-12-16 06:00:00,2022-12-17 00:00:00,False,none
train,1725,2022347N12074,2022-12-16 03:00:00,2022-12-15 03:00:00,2022-12-16 03:00:00,2022-12-16 09:00:00,2022-12-17 03:00:00,False,none
train,1726,2022347N12074,2022-12-16 06:00:00,2022-12-15 06:00:00,2022-12-16 06:00:00,2022-12-16 12:00:00,2022-12-17 06:00:00,False,none
train,1727,2022347N12074,2022-12-16 09:00:00,2022-12-15 09:00:00,2022-12-16 09:00:00,2022-12-16 15:00:00,2022-12-17 09:00:00,False,none
train,1728,2022347N12074,2022-12-16 12:00:00,2022-12-15 12:00:00,2022-12-16 12:00:00,2022-12-16 18:00:00,2022-12-17 12:00:00,False,none
train,1729,2022347N12074,2022-12-16 15:00:00,2022-12-15 15:00:00,2022-12-16 15:00:00,2022-12-16 21:00:00,2022-12-17 15:00:00,False,none
train,1730,2022347N12074,2022-12-16 18:00:00,2022-12-15 18:00:00,2022-12-16 18:00:00,2022-12-17 00:00:00,2022-12-17 18:00:00,False,none
train,1731,2022347N12074,2022-12-16 21:00:00,2022-12-15 21:00:00,2022-12-16 21:00:00,2022-12-17 03:00:00,2022-12-17 21:00:00,False,none
train,1732,2022347N12074,2022-12-17 00:00:00,2022-12-16 00:00:00,2022-12-17 00:00:00,2022-12-17 06:00:00,2022-12-18 00:00:00,False,none
train,1733,2022347N12074,2022-12-17 03:00:00,2022-12-16 03:00:00,2022-12-17 03:00:00,2022-12-17 09:00:00,2022-12-18 03:00:00,False,none
train,1734,2022347N12074,2022-12-17 06:00:00,2022-12-16 06:00:00,2022-12-17 06:00:00,2022-12-17 12:00:00,2022-12-18 06:00:00,False,none
train,1735,2022347N12074,2022-12-17 09:00:00,2022-12-16 09:00:00,2022-12-17 09:00:00,2022-12-17 15:00:00,2022-12-18 09:00:00,False,none
train,1736,2022347N12074,2022-12-17 12:00:00,2022-12-16 12:00:00,2022-12-17 12:00:00,2022-12-17 18:00:00,2022-12-18 12:00:00,False,none
train,1737,2022347N12074,2022-12-17 15:00:00,2022-12-16 15:00:00,2022-12-17 15:00:00,2022-12-17 21:00:00,2022-12-18 15:00:00,False,none
train,1738,2022347N12074,2022-12-17 18:00:00,2022-12-16 18:00:00,2022-12-17 18:00:00,2022-12-18 00:00:00,2022-12-18 18:00:00,False,none
train,1739,2022347N12074,2022-12-17 21:00:00,2022-12-16 21:00:00,2022-12-17 21:00:00,2022-12-18 03:00:00,2022-12-18 21:00:00,False,none
train,1740,2022347N12074,2022-12-18 00:00:00,2022-12-17 00:00:00,2022-12-18 00:00:00,2022-12-18 06:00:00,2022-12-19 00:00:00,False,none
train,1741,2022356N09085,2022-12-23 03:00:00,2022-12-22 03:00:00,2022-12-23 03:00:00,2022-12-23 09:00:00,2022-12-24 03:00:00,False,none
train,1742,2022356N09085,2022-12-23 06:00:00,2022-12-22 06:00:00,2022-12-23 06:00:00,2022-12-23 12:00:00,2022-12-24 06:00:00,False,none
train,1743,2022356N09085,2022-12-23 09:00:00,2022-12-22 09:00:00,2022-12-23 09:00:00,2022-12-23 15:00:00,2022-12-24 09:00:00,False,none
train,1744,2022356N09085,2022-12-23 12:00:00,2022-12-22 12:00:00,2022-12-23 12:00:00,2022-12-23 18:00:00,2022-12-24 12:00:00,False,none
train,1745,2022356N09085,2022-12-23 15:00:00,2022-12-22 15:00:00,2022-12-23 15:00:00,2022-12-23 21:00:00,2022-12-24 15:00:00,False,none
train,1746,2022356N09085,2022-12-23 18:00:00,2022-12-22 18:00:00,2022-12-23 18:00:00,2022-12-24 00:00:00,2022-12-24 18:00:00,False,none
train,1747,2022356N09085,2022-12-23 21:00:00,2022-12-22 21:00:00,2022-12-23 21:00:00,2022-12-24 03:00:00,2022-12-24 21:00:00,False,none
train,1748,2022356N09085,2022-12-24 00:00:00,2022-12-23 00:00:00,2022-12-24 00:00:00,2022-12-24 06:00:00,2022-12-25 00:00:00,False,none
train,1749,2022356N09085,2022-12-24 03:00:00,2022-12-23 03:00:00,2022-12-24 03:00:00,2022-12-24 09:00:00,2022-12-25 03:00:00,False,none
train,1750,2022356N09085,2022-12-24 06:00:00,2022-12-23 06:00:00,2022-12-24 06:00:00,2022-12-24 12:00:00,2022-12-25 06:00:00,False,none
train,1751,2023030N08087,2023-01-31 03:00:00,2023-01-30 03:00:00,2023-01-31 03:00:00,2023-01-31 09:00:00,2023-02-01 03:00:00,False,none
train,1752,2023030N08087,2023-01-31 06:00:00,2023-01-30 06:00:00,2023-01-31 06:00:00,2023-01-31 12:00:00,2023-02-01 06:00:00,False,none
train,1753,2023030N08087,2023-01-31 09:00:00,2023-01-30 09:00:00,2023-01-31 09:00:00,2023-01-31 15:00:00,2023-02-01 09:00:00,False,none
train,1754,2023030N08087,2023-01-31 12:00:00,2023-01-30 12:00:00,2023-01-31 12:00:00,2023-01-31 18:00:00,2023-02-01 12:00:00,False,none
train,1755,2023030N08087,2023-01-31 15:00:00,2023-01-30 15:00:00,2023-01-31 15:00:00,2023-01-31 21:00:00,2023-02-01 15:00:00,False,none
train,1756,2023030N08087,2023-01-31 18:00:00,2023-01-30 18:00:00,2023-01-31 18:00:00,2023-02-01 00:00:00,2023-02-01 18:00:00,False,none
train,1757,2023030N08087,2023-01-31 21:00:00,2023-01-30 21:00:00,2023-01-31 21:00:00,2023-02-01 03:00:00,2023-02-01 21:00:00,False,none
train,1758,2023030N08087,2023-02-01 00:00:00,2023-01-31 00:00:00,2023-02-01 00:00:00,2023-02-01 06:00:00,2023-02-02 00:00:00,False,none
train,1759,2023030N08087,2023-02-01 03:00:00,2023-01-31 03:00:00,2023-02-01 03:00:00,2023-02-01 09:00:00,2023-02-02 03:00:00,False,none
train,1760,2023030N08087,2023-02-01 06:00:00,2023-01-31 06:00:00,2023-02-01 06:00:00,2023-02-01 12:00:00,2023-02-02 06:00:00,False,none
train,1761,2023030N08087,2023-02-01 09:00:00,2023-01-31 09:00:00,2023-02-01 09:00:00,2023-02-01 15:00:00,2023-02-02 09:00:00,False,none
train,1762,2023030N08087,2023-02-01 12:00:00,2023-01-31 12:00:00,2023-02-01 12:00:00,2023-02-01 18:00:00,2023-02-02 12:00:00,False,none
train,1763,2023129N08091,2023-05-09 18:00:00,2023-05-08 18:00:00,2023-05-09 18:00:00,2023-05-10 00:00:00,2023-05-10 18:00:00,False,none
train,1764,2023129N08091,2023-05-09 21:00:00,2023-05-08 21:00:00,2023-05-09 21:00:00,2023-05-10 03:00:00,2023-05-10 21:00:00,False,none
train,1765,2023129N08091,2023-05-10 00:00:00,2023-05-09 00:00:00,2023-05-10 00:00:00,2023-05-10 06:00:00,2023-05-11 00:00:00,False,none
train,1766,2023129N08091,2023-05-10 03:00:00,2023-05-09 03:00:00,2023-05-10 03:00:00,2023-05-10 09:00:00,2023-05-11 03:00:00,False,none
train,1767,2023129N08091,2023-05-10 06:00:00,2023-05-09 06:00:00,2023-05-10 06:00:00,2023-05-10 12:00:00,2023-05-11 06:00:00,False,none
train,1768,2023129N08091,2023-05-10 09:00:00,2023-05-09 09:00:00,2023-05-10 09:00:00,2023-05-10 15:00:00,2023-05-11 09:00:00,False,none
train,1769,2023129N08091,2023-05-10 12:00:00,2023-05-09 12:00:00,2023-05-10 12:00:00,2023-05-10 18:00:00,2023-05-11 12:00:00,False,none
train,1770,2023129N08091,2023-05-10 15:00:00,2023-05-09 15:00:00,2023-05-10 15:00:00,2023-05-10 21:00:00,2023-05-11 15:00:00,False,none
train,1771,2023129N08091,2023-05-10 18:00:00,2023-05-09 18:00:00,2023-05-10 18:00:00,2023-05-11 00:00:00,2023-05-11 18:00:00,False,none
train,1772,2023129N08091,2023-05-10 21:00:00,2023-05-09 21:00:00,2023-05-10 21:00:00,2023-05-11 03:00:00,2023-05-11 21:00:00,False,none
train,1773,2023129N08091,2023-05-11 00:00:00,2023-05-10 00:00:00,2023-05-11 00:00:00,2023-05-11 06:00:00,2023-05-12 00:00:00,False,none
train,1774,2023129N08091,2023-05-11 03:00:00,2023-05-10 03:00:00,2023-05-11 03:00:00,2023-05-11 09:00:00,2023-05-12 03:00:00,False,none
train,1775,2023129N08091,2023-05-11 06:00:00,2023-05-10 06:00:00,2023-05-11 06:00:00,2023-05-11 12:00:00,2023-05-12 06:00:00,False,none
train,1776,2023129N08091,2023-05-11 09:00:00,2023-05-10 09:00:00,2023-05-11 09:00:00,2023-05-11 15:00:00,2023-05-12 09:00:00,False,none
train,1777,2023129N08091,2023-05-11 12:00:00,2023-05-10 12:00:00,2023-05-11 12:00:00,2023-05-11 18:00:00,2023-05-12 12:00:00,False,none
train,1778,2023129N08091,2023-05-11 15:00:00,2023-05-10 15:00:00,2023-05-11 15:00:00,2023-05-11 21:00:00,2023-05-12 15:00:00,False,none
train,1779,2023129N08091,2023-05-11 18:00:00,2023-05-10 18:00:00,2023-05-11 18:00:00,2023-05-12 00:00:00,2023-05-12 18:00:00,False,none
train,1780,2023129N08091,2023-05-11 21:00:00,2023-05-10 21:00:00,2023-05-11 21:00:00,2023-05-12 03:00:00,2023-05-12 21:00:00,False,none
train,1781,2023129N08091,2023-05-12 00:00:00,2023-05-11 00:00:00,2023-05-12 00:00:00,2023-05-12 06:00:00,2023-05-13 00:00:00,False,none
train,1782,2023129N08091,2023-05-12 03:00:00,2023-05-11 03:00:00,2023-05-12 03:00:00,2023-05-12 09:00:00,2023-05-13 03:00:00,False,none
train,1783,2023129N08091,2023-05-12 06:00:00,2023-05-11 06:00:00,2023-05-12 06:00:00,2023-05-12 12:00:00,2023-05-13 06:00:00,False,none
train,1784,2023129N08091,2023-05-12 09:00:00,2023-05-11 09:00:00,2023-05-12 09:00:00,2023-05-12 15:00:00,2023-05-13 09:00:00,False,none
train,1785,2023129N08091,2023-05-12 12:00:00,2023-05-11 12:00:00,2023-05-12 12:00:00,2023-05-12 18:00:00,2023-05-13 12:00:00,False,none
train,1786,2023129N08091,2023-05-12 15:00:00,2023-05-11 15:00:00,2023-05-12 15:00:00,2023-05-12 21:00:00,2023-05-13 15:00:00,False,none
train,1787,2023129N08091,2023-05-12 18:00:00,2023-05-11 18:00:00,2023-05-12 18:00:00,2023-05-13 00:00:00,2023-05-13 18:00:00,False,none
train,1788,2023129N08091,2023-05-12 21:00:00,2023-05-11 21:00:00,2023-05-12 21:00:00,2023-05-13 03:00:00,2023-05-13 21:00:00,False,none
train,1789,2023129N08091,2023-05-13 00:00:00,2023-05-12 00:00:00,2023-05-13 00:00:00,2023-05-13 06:00:00,2023-05-14 00:00:00,False,none
train,1790,2023129N08091,2023-05-13 03:00:00,2023-05-12 03:00:00,2023-05-13 03:00:00,2023-05-13 09:00:00,2023-05-14 03:00:00,False,none
train,1791,2023129N08091,2023-05-13 06:00:00,2023-05-12 06:00:00,2023-05-13 06:00:00,2023-05-13 12:00:00,2023-05-14 06:00:00,False,none
train,1792,2023129N08091,2023-05-13 09:00:00,2023-05-12 09:00:00,2023-05-13 09:00:00,2023-05-13 15:00:00,2023-05-14 09:00:00,False,none
train,1793,2023129N08091,2023-05-13 12:00:00,2023-05-12 12:00:00,2023-05-13 12:00:00,2023-05-13 18:00:00,2023-05-14 12:00:00,False,none
train,1794,2023129N08091,2023-05-13 15:00:00,2023-05-12 15:00:00,2023-05-13 15:00:00,2023-05-13 21:00:00,2023-05-14 15:00:00,False,none
train,1795,2023129N08091,2023-05-13 18:00:00,2023-05-12 18:00:00,2023-05-13 18:00:00,2023-05-14 00:00:00,2023-05-14 18:00:00,False,none
train,1796,2023129N08091,2023-05-13 21:00:00,2023-05-12 21:00:00,2023-05-13 21:00:00,2023-05-14 03:00:00,2023-05-14 21:00:00,False,none
train,1797,2023129N08091,2023-05-14 00:00:00,2023-05-13 00:00:00,2023-05-14 00:00:00,2023-05-14 06:00:00,2023-05-15 00:00:00,False,none
train,1798,2023156N10067,2023-06-06 00:00:00,2023-06-05 00:00:00,2023-06-06 00:00:00,2023-06-06 06:00:00,2023-06-07 00:00:00,False,none
train,1799,2023156N10067,2023-06-06 03:00:00,2023-06-05 03:00:00,2023-06-06 03:00:00,2023-06-06 09:00:00,2023-06-07 03:00:00,False,none
train,1800,2023156N10067,2023-06-06 06:00:00,2023-06-05 06:00:00,2023-06-06 06:00:00,2023-06-06 12:00:00,2023-06-07 06:00:00,False,none
train,1801,2023156N10067,2023-06-06 09:00:00,2023-06-05 09:00:00,2023-06-06 09:00:00,2023-06-06 15:00:00,2023-06-07 09:00:00,False,none
train,1802,2023156N10067,2023-06-06 12:00:00,2023-06-05 12:00:00,2023-06-06 12:00:00,2023-06-06 18:00:00,2023-06-07 12:00:00,False,none
train,1803,2023156N10067,2023-06-06 15:00:00,2023-06-05 15:00:00,2023-06-06 15:00:00,2023-06-06 21:00:00,2023-06-07 15:00:00,False,none
train,1804,2023156N10067,2023-06-06 18:00:00,2023-06-05 18:00:00,2023-06-06 18:00:00,2023-06-07 00:00:00,2023-06-07 18:00:00,False,none
train,1805,2023156N10067,2023-06-06 21:00:00,2023-06-05 21:00:00,2023-06-06 21:00:00,2023-06-07 03:00:00,2023-06-07 21:00:00,False,none
train,1806,2023156N10067,2023-06-07 00:00:00,2023-06-06 00:00:00,2023-06-07 00:00:00,2023-06-07 06:00:00,2023-06-08 00:00:00,False,none
train,1807,2023156N10067,2023-06-07 03:00:00,2023-06-06 03:00:00,2023-06-07 03:00:00,2023-06-07 09:00:00,2023-06-08 03:00:00,False,none
train,1808,2023156N10067,2023-06-07 06:00:00,2023-06-06 06:00:00,2023-06-07 06:00:00,2023-06-07 12:00:00,2023-06-08 06:00:00,False,none
train,1809,2023156N10067,2023-06-07 09:00:00,2023-06-06 09:00:00,2023-06-07 09:00:00,2023-06-07 15:00:00,2023-06-08 09:00:00,False,none
train,1810,2023156N10067,2023-06-07 12:00:00,2023-06-06 12:00:00,2023-06-07 12:00:00,2023-06-07 18:00:00,2023-06-08 12:00:00,False,none
train,1811,2023156N10067,2023-06-07 15:00:00,2023-06-06 15:00:00,2023-06-07 15:00:00,2023-06-07 21:00:00,2023-06-08 15:00:00,False,none
train,1812,2023156N10067,2023-06-07 18:00:00,2023-06-06 18:00:00,2023-06-07 18:00:00,2023-06-08 00:00:00,2023-06-08 18:00:00,False,none
train,1813,2023156N10067,2023-06-07 21:00:00,2023-06-06 21:00:00,2023-06-07 21:00:00,2023-06-08 03:00:00,2023-06-08 21:00:00,False,none
train,1814,2023156N10067,2023-06-08 00:00:00,2023-06-07 00:00:00,2023-06-08 00:00:00,2023-06-08 06:00:00,2023-06-09 00:00:00,False,none
train,1815,2023156N10067,2023-06-08 03:00:00,2023-06-07 03:00:00,2023-06-08 03:00:00,2023-06-08 09:00:00,2023-06-09 03:00:00,False,none
train,1816,2023156N10067,2023-06-08 06:00:00,2023-06-07 06:00:00,2023-06-08 06:00:00,2023-06-08 12:00:00,2023-06-09 06:00:00,False,none
train,1817,2023156N10067,2023-06-08 09:00:00,2023-06-07 09:00:00,2023-06-08 09:00:00,2023-06-08 15:00:00,2023-06-09 09:00:00,False,none
train,1818,2023156N10067,2023-06-08 12:00:00,2023-06-07 12:00:00,2023-06-08 12:00:00,2023-06-08 18:00:00,2023-06-09 12:00:00,False,none
train,1819,2023156N10067,2023-06-08 15:00:00,2023-06-07 15:00:00,2023-06-08 15:00:00,2023-06-08 21:00:00,2023-06-09 15:00:00,False,none
train,1820,2023156N10067,2023-06-08 18:00:00,2023-06-07 18:00:00,2023-06-08 18:00:00,2023-06-09 00:00:00,2023-06-09 18:00:00,False,none
train,1821,2023156N10067,2023-06-08 21:00:00,2023-06-07 21:00:00,2023-06-08 21:00:00,2023-06-09 03:00:00,2023-06-09 21:00:00,False,none
train,1822,2023156N10067,2023-06-09 00:00:00,2023-06-08 00:00:00,2023-06-09 00:00:00,2023-06-09 06:00:00,2023-06-10 00:00:00,False,none
train,1823,2023156N10067,2023-06-09 03:00:00,2023-06-08 03:00:00,2023-06-09 03:00:00,2023-06-09 09:00:00,2023-06-10 03:00:00,False,none
train,1824,2023156N10067,2023-06-09 06:00:00,2023-06-08 06:00:00,2023-06-09 06:00:00,2023-06-09 12:00:00,2023-06-10 06:00:00,False,none
train,1825,2023156N10067,2023-06-09 09:00:00,2023-06-08 09:00:00,2023-06-09 09:00:00,2023-06-09 15:00:00,2023-06-10 09:00:00,False,none
train,1826,2023156N10067,2023-06-09 12:00:00,2023-06-08 12:00:00,2023-06-09 12:00:00,2023-06-09 18:00:00,2023-06-10 12:00:00,False,none
train,1827,2023156N10067,2023-06-09 15:00:00,2023-06-08 15:00:00,2023-06-09 15:00:00,2023-06-09 21:00:00,2023-06-10 15:00:00,False,none
train,1828,2023156N10067,2023-06-09 18:00:00,2023-06-08 18:00:00,2023-06-09 18:00:00,2023-06-10 00:00:00,2023-06-10 18:00:00,False,none
train,1829,2023156N10067,2023-06-09 21:00:00,2023-06-08 21:00:00,2023-06-09 21:00:00,2023-06-10 03:00:00,2023-06-10 21:00:00,False,none
train,1830,2023156N10067,2023-06-10 00:00:00,2023-06-09 00:00:00,2023-06-10 00:00:00,2023-06-10 06:00:00,2023-06-11 00:00:00,False,none
train,1831,2023156N10067,2023-06-10 03:00:00,2023-06-09 03:00:00,2023-06-10 03:00:00,2023-06-10 09:00:00,2023-06-11 03:00:00,False,none
train,1832,2023156N10067,2023-06-10 06:00:00,2023-06-09 06:00:00,2023-06-10 06:00:00,2023-06-10 12:00:00,2023-06-11 06:00:00,False,none
train,1833,2023156N10067,2023-06-10 09:00:00,2023-06-09 09:00:00,2023-06-10 09:00:00,2023-06-10 15:00:00,2023-06-11 09:00:00,False,none
train,1834,2023156N10067,2023-06-10 12:00:00,2023-06-09 12:00:00,2023-06-10 12:00:00,2023-06-10 18:00:00,2023-06-11 12:00:00,False,none
train,1835,2023156N10067,2023-06-10 15:00:00,2023-06-09 15:00:00,2023-06-10 15:00:00,2023-06-10 21:00:00,2023-06-11 15:00:00,False,none
train,1836,2023156N10067,2023-06-10 18:00:00,2023-06-09 18:00:00,2023-06-10 18:00:00,2023-06-11 00:00:00,2023-06-11 18:00:00,False,none
train,1837,2023156N10067,2023-06-10 21:00:00,2023-06-09 21:00:00,2023-06-10 21:00:00,2023-06-11 03:00:00,2023-06-11 21:00:00,False,none
train,1838,2023156N10067,2023-06-11 00:00:00,2023-06-10 00:00:00,2023-06-11 00:00:00,2023-06-11 06:00:00,2023-06-12 00:00:00,False,none
train,1839,2023156N10067,2023-06-11 03:00:00,2023-06-10 03:00:00,2023-06-11 03:00:00,2023-06-11 09:00:00,2023-06-12 03:00:00,False,none
train,1840,2023156N10067,2023-06-11 06:00:00,2023-06-10 06:00:00,2023-06-11 06:00:00,2023-06-11 12:00:00,2023-06-12 06:00:00,False,none
train,1841,2023156N10067,2023-06-11 09:00:00,2023-06-10 09:00:00,2023-06-11 09:00:00,2023-06-11 15:00:00,2023-06-12 09:00:00,False,none
train,1842,2023156N10067,2023-06-11 12:00:00,2023-06-10 12:00:00,2023-06-11 12:00:00,2023-06-11 18:00:00,2023-06-12 12:00:00,False,none
train,1843,2023156N10067,2023-06-11 15:00:00,2023-06-10 15:00:00,2023-06-11 15:00:00,2023-06-11 21:00:00,2023-06-12 15:00:00,False,none
train,1844,2023156N10067,2023-06-11 18:00:00,2023-06-10 18:00:00,2023-06-11 18:00:00,2023-06-12 00:00:00,2023-06-12 18:00:00,False,none
train,1845,2023156N10067,2023-06-11 21:00:00,2023-06-10 21:00:00,2023-06-11 21:00:00,2023-06-12 03:00:00,2023-06-12 21:00:00,False,none
train,1846,2023156N10067,2023-06-12 00:00:00,2023-06-11 00:00:00,2023-06-12 00:00:00,2023-06-12 06:00:00,2023-06-13 00:00:00,False,none
train,1847,2023156N10067,2023-06-12 03:00:00,2023-06-11 03:00:00,2023-06-12 03:00:00,2023-06-12 09:00:00,2023-06-13 03:00:00,False,none
train,1848,2023156N10067,2023-06-12 06:00:00,2023-06-11 06:00:00,2023-06-12 06:00:00,2023-06-12 12:00:00,2023-06-13 06:00:00,False,none
train,1849,2023156N10067,2023-06-12 09:00:00,2023-06-11 09:00:00,2023-06-12 09:00:00,2023-06-12 15:00:00,2023-06-13 09:00:00,False,none
train,1850,2023156N10067,2023-06-12 12:00:00,2023-06-11 12:00:00,2023-06-12 12:00:00,2023-06-12 18:00:00,2023-06-13 12:00:00,False,none
train,1851,2023156N10067,2023-06-12 15:00:00,2023-06-11 15:00:00,2023-06-12 15:00:00,2023-06-12 21:00:00,2023-06-13 15:00:00,False,none
train,1852,2023156N10067,2023-06-12 18:00:00,2023-06-11 18:00:00,2023-06-12 18:00:00,2023-06-13 00:00:00,2023-06-13 18:00:00,False,none
train,1853,2023156N10067,2023-06-12 21:00:00,2023-06-11 21:00:00,2023-06-12 21:00:00,2023-06-13 03:00:00,2023-06-13 21:00:00,False,none
train,1854,2023156N10067,2023-06-13 00:00:00,2023-06-12 00:00:00,2023-06-13 00:00:00,2023-06-13 06:00:00,2023-06-14 00:00:00,False,none
train,1855,2023156N10067,2023-06-13 03:00:00,2023-06-12 03:00:00,2023-06-13 03:00:00,2023-06-13 09:00:00,2023-06-14 03:00:00,False,none
train,1856,2023156N10067,2023-06-13 06:00:00,2023-06-12 06:00:00,2023-06-13 06:00:00,2023-06-13 12:00:00,2023-06-14 06:00:00,False,none
train,1857,2023156N10067,2023-06-13 09:00:00,2023-06-12 09:00:00,2023-06-13 09:00:00,2023-06-13 15:00:00,2023-06-14 09:00:00,False,none
train,1858,2023156N10067,2023-06-13 12:00:00,2023-06-12 12:00:00,2023-06-13 12:00:00,2023-06-13 18:00:00,2023-06-14 12:00:00,False,none
train,1859,2023156N10067,2023-06-13 15:00:00,2023-06-12 15:00:00,2023-06-13 15:00:00,2023-06-13 21:00:00,2023-06-14 15:00:00,False,none
train,1860,2023156N10067,2023-06-13 18:00:00,2023-06-12 18:00:00,2023-06-13 18:00:00,2023-06-14 00:00:00,2023-06-14 18:00:00,False,none
train,1861,2023156N10067,2023-06-13 21:00:00,2023-06-12 21:00:00,2023-06-13 21:00:00,2023-06-14 03:00:00,2023-06-14 21:00:00,False,none
train,1862,2023156N10067,2023-06-14 00:00:00,2023-06-13 00:00:00,2023-06-14 00:00:00,2023-06-14 06:00:00,2023-06-15 00:00:00,False,none
train,1863,2023156N10067,2023-06-14 03:00:00,2023-06-13 03:00:00,2023-06-14 03:00:00,2023-06-14 09:00:00,2023-06-15 03:00:00,False,none
train,1864,2023156N10067,2023-06-14 06:00:00,2023-06-13 06:00:00,2023-06-14 06:00:00,2023-06-14 12:00:00,2023-06-15 06:00:00,False,none
train,1865,2023156N10067,2023-06-14 09:00:00,2023-06-13 09:00:00,2023-06-14 09:00:00,2023-06-14 15:00:00,2023-06-15 09:00:00,False,none
train,1866,2023156N10067,2023-06-14 12:00:00,2023-06-13 12:00:00,2023-06-14 12:00:00,2023-06-14 18:00:00,2023-06-15 12:00:00,False,none
train,1867,2023156N10067,2023-06-14 15:00:00,2023-06-13 15:00:00,2023-06-14 15:00:00,2023-06-14 21:00:00,2023-06-15 15:00:00,False,none
train,1868,2023156N10067,2023-06-14 18:00:00,2023-06-13 18:00:00,2023-06-14 18:00:00,2023-06-15 00:00:00,2023-06-15 18:00:00,False,none
train,1869,2023156N10067,2023-06-14 21:00:00,2023-06-13 21:00:00,2023-06-14 21:00:00,2023-06-15 03:00:00,2023-06-15 21:00:00,False,none
train,1870,2023156N10067,2023-06-15 00:00:00,2023-06-14 00:00:00,2023-06-15 00:00:00,2023-06-15 06:00:00,2023-06-16 00:00:00,False,none
train,1871,2023156N10067,2023-06-15 03:00:00,2023-06-14 03:00:00,2023-06-15 03:00:00,2023-06-15 09:00:00,2023-06-16 03:00:00,False,none
train,1872,2023156N10067,2023-06-15 06:00:00,2023-06-14 06:00:00,2023-06-15 06:00:00,2023-06-15 12:00:00,2023-06-16 06:00:00,False,none
train,1873,2023156N10067,2023-06-15 09:00:00,2023-06-14 09:00:00,2023-06-15 09:00:00,2023-06-15 15:00:00,2023-06-16 09:00:00,False,none
train,1874,2023156N10067,2023-06-15 12:00:00,2023-06-14 12:00:00,2023-06-15 12:00:00,2023-06-15 18:00:00,2023-06-16 12:00:00,False,none
train,1875,2023156N10067,2023-06-15 15:00:00,2023-06-14 15:00:00,2023-06-15 15:00:00,2023-06-15 21:00:00,2023-06-16 15:00:00,False,none
train,1876,2023156N10067,2023-06-15 18:00:00,2023-06-14 18:00:00,2023-06-15 18:00:00,2023-06-16 00:00:00,2023-06-16 18:00:00,False,none
train,1877,2023156N10067,2023-06-15 21:00:00,2023-06-14 21:00:00,2023-06-15 21:00:00,2023-06-16 03:00:00,2023-06-16 21:00:00,False,none
train,1878,2023156N10067,2023-06-16 00:00:00,2023-06-15 00:00:00,2023-06-16 00:00:00,2023-06-16 06:00:00,2023-06-17 00:00:00,False,none
train,1879,2023156N10067,2023-06-16 03:00:00,2023-06-15 03:00:00,2023-06-16 03:00:00,2023-06-16 09:00:00,2023-06-17 03:00:00,False,none
train,1880,2023156N10067,2023-06-16 06:00:00,2023-06-15 06:00:00,2023-06-16 06:00:00,2023-06-16 12:00:00,2023-06-17 06:00:00,False,none
train,1881,2023156N10067,2023-06-16 09:00:00,2023-06-15 09:00:00,2023-06-16 09:00:00,2023-06-16 15:00:00,2023-06-17 09:00:00,False,none
train,1882,2023156N10067,2023-06-16 12:00:00,2023-06-15 12:00:00,2023-06-16 12:00:00,2023-06-16 18:00:00,2023-06-17 12:00:00,False,none
train,1883,2023156N10067,2023-06-16 15:00:00,2023-06-15 15:00:00,2023-06-16 15:00:00,2023-06-16 21:00:00,2023-06-17 15:00:00,False,none
train,1884,2023156N10067,2023-06-16 18:00:00,2023-06-15 18:00:00,2023-06-16 18:00:00,2023-06-17 00:00:00,2023-06-17 18:00:00,False,none
train,1885,2023156N10067,2023-06-16 21:00:00,2023-06-15 21:00:00,2023-06-16 21:00:00,2023-06-17 03:00:00,2023-06-17 21:00:00,False,none
train,1886,2023156N10067,2023-06-17 00:00:00,2023-06-16 00:00:00,2023-06-17 00:00:00,2023-06-17 06:00:00,2023-06-18 00:00:00,False,none
train,1887,2023156N10067,2023-06-17 03:00:00,2023-06-16 03:00:00,2023-06-17 03:00:00,2023-06-17 09:00:00,2023-06-18 03:00:00,False,none
train,1888,2023156N10067,2023-06-17 06:00:00,2023-06-16 06:00:00,2023-06-17 06:00:00,2023-06-17 12:00:00,2023-06-18 06:00:00,False,none
train,1889,2023156N10067,2023-06-17 09:00:00,2023-06-16 09:00:00,2023-06-17 09:00:00,2023-06-17 15:00:00,2023-06-18 09:00:00,False,none
train,1890,2023156N10067,2023-06-17 12:00:00,2023-06-16 12:00:00,2023-06-17 12:00:00,2023-06-17 18:00:00,2023-06-18 12:00:00,False,none
train,1891,2023156N10067,2023-06-17 15:00:00,2023-06-16 15:00:00,2023-06-17 15:00:00,2023-06-17 21:00:00,2023-06-18 15:00:00,False,none
train,1892,2023156N10067,2023-06-17 18:00:00,2023-06-16 18:00:00,2023-06-17 18:00:00,2023-06-18 00:00:00,2023-06-18 18:00:00,False,none
train,1893,2023156N10067,2023-06-17 21:00:00,2023-06-16 21:00:00,2023-06-17 21:00:00,2023-06-18 03:00:00,2023-06-18 21:00:00,False,none
train,1894,2023156N10067,2023-06-18 00:00:00,2023-06-17 00:00:00,2023-06-18 00:00:00,2023-06-18 06:00:00,2023-06-19 00:00:00,False,none
train,1895,2023292N11063,2023-10-20 06:00:00,2023-10-19 06:00:00,2023-10-20 06:00:00,2023-10-20 12:00:00,2023-10-21 06:00:00,False,none
train,1896,2023292N11063,2023-10-20 09:00:00,2023-10-19 09:00:00,2023-10-20 09:00:00,2023-10-20 15:00:00,2023-10-21 09:00:00,False,none
train,1897,2023292N11063,2023-10-20 12:00:00,2023-10-19 12:00:00,2023-10-20 12:00:00,2023-10-20 18:00:00,2023-10-21 12:00:00,False,none
train,1898,2023292N11063,2023-10-20 15:00:00,2023-10-19 15:00:00,2023-10-20 15:00:00,2023-10-20 21:00:00,2023-10-21 15:00:00,False,none
train,1899,2023292N11063,2023-10-20 18:00:00,2023-10-19 18:00:00,2023-10-20 18:00:00,2023-10-21 00:00:00,2023-10-21 18:00:00,False,none
train,1900,2023292N11063,2023-10-20 21:00:00,2023-10-19 21:00:00,2023-10-20 21:00:00,2023-10-21 03:00:00,2023-10-21 21:00:00,False,none
train,1901,2023292N11063,2023-10-21 00:00:00,2023-10-20 00:00:00,2023-10-21 00:00:00,2023-10-21 06:00:00,2023-10-22 00:00:00,False,none
train,1902,2023292N11063,2023-10-21 03:00:00,2023-10-20 03:00:00,2023-10-21 03:00:00,2023-10-21 09:00:00,2023-10-22 03:00:00,False,none
train,1903,2023292N11063,2023-10-21 06:00:00,2023-10-20 06:00:00,2023-10-21 06:00:00,2023-10-21 12:00:00,2023-10-22 06:00:00,False,none
train,1904,2023292N11063,2023-10-21 09:00:00,2023-10-20 09:00:00,2023-10-21 09:00:00,2023-10-21 15:00:00,2023-10-22 09:00:00,False,none
train,1905,2023292N11063,2023-10-21 12:00:00,2023-10-20 12:00:00,2023-10-21 12:00:00,2023-10-21 18:00:00,2023-10-22 12:00:00,False,none
train,1906,2023292N11063,2023-10-21 15:00:00,2023-10-20 15:00:00,2023-10-21 15:00:00,2023-10-21 21:00:00,2023-10-22 15:00:00,False,none
train,1907,2023292N11063,2023-10-21 18:00:00,2023-10-20 18:00:00,2023-10-21 18:00:00,2023-10-22 00:00:00,2023-10-22 18:00:00,False,none
train,1908,2023292N11063,2023-10-21 21:00:00,2023-10-20 21:00:00,2023-10-21 21:00:00,2023-10-22 03:00:00,2023-10-22 21:00:00,False,none
train,1909,2023292N11063,2023-10-22 00:00:00,2023-10-21 00:00:00,2023-10-22 00:00:00,2023-10-22 06:00:00,2023-10-23 00:00:00,False,none
train,1910,2023292N11063,2023-10-22 03:00:00,2023-10-21 03:00:00,2023-10-22 03:00:00,2023-10-22 09:00:00,2023-10-23 03:00:00,False,none
train,1911,2023292N11063,2023-10-22 06:00:00,2023-10-21 06:00:00,2023-10-22 06:00:00,2023-10-22 12:00:00,2023-10-23 06:00:00,False,none
train,1912,2023292N11063,2023-10-22 09:00:00,2023-10-21 09:00:00,2023-10-22 09:00:00,2023-10-22 15:00:00,2023-10-23 09:00:00,False,none
train,1913,2023292N11063,2023-10-22 12:00:00,2023-10-21 12:00:00,2023-10-22 12:00:00,2023-10-22 18:00:00,2023-10-23 12:00:00,False,none
train,1914,2023292N11063,2023-10-22 15:00:00,2023-10-21 15:00:00,2023-10-22 15:00:00,2023-10-22 21:00:00,2023-10-23 15:00:00,False,none
train,1915,2023292N11063,2023-10-22 18:00:00,2023-10-21 18:00:00,2023-10-22 18:00:00,2023-10-23 00:00:00,2023-10-23 18:00:00,False,none
train,1916,2023292N11063,2023-10-22 21:00:00,2023-10-21 21:00:00,2023-10-22 21:00:00,2023-10-23 03:00:00,2023-10-23 21:00:00,False,none
train,1917,2023292N11063,2023-10-23 00:00:00,2023-10-22 00:00:00,2023-10-23 00:00:00,2023-10-23 06:00:00,2023-10-24 00:00:00,False,none
train,1918,2023292N11063,2023-10-23 03:00:00,2023-10-22 03:00:00,2023-10-23 03:00:00,2023-10-23 09:00:00,2023-10-24 03:00:00,False,none
train,1919,2023292N11063,2023-10-23 06:00:00,2023-10-22 06:00:00,2023-10-23 06:00:00,2023-10-23 12:00:00,2023-10-24 06:00:00,False,none
train,1920,2023292N11063,2023-10-23 09:00:00,2023-10-22 09:00:00,2023-10-23 09:00:00,2023-10-23 15:00:00,2023-10-24 09:00:00,False,none
train,1921,2023292N11063,2023-10-23 12:00:00,2023-10-22 12:00:00,2023-10-23 12:00:00,2023-10-23 18:00:00,2023-10-24 12:00:00,False,none
train,1922,2023334N08088,2023-12-01 06:00:00,2023-11-30 06:00:00,2023-12-01 06:00:00,2023-12-01 12:00:00,2023-12-02 06:00:00,False,none
train,1923,2023334N08088,2023-12-01 09:00:00,2023-11-30 09:00:00,2023-12-01 09:00:00,2023-12-01 15:00:00,2023-12-02 09:00:00,False,none
train,1924,2023334N08088,2023-12-01 12:00:00,2023-11-30 12:00:00,2023-12-01 12:00:00,2023-12-01 18:00:00,2023-12-02 12:00:00,False,none
train,1925,2023334N08088,2023-12-01 15:00:00,2023-11-30 15:00:00,2023-12-01 15:00:00,2023-12-01 21:00:00,2023-12-02 15:00:00,False,none
train,1926,2023334N08088,2023-12-01 18:00:00,2023-11-30 18:00:00,2023-12-01 18:00:00,2023-12-02 00:00:00,2023-12-02 18:00:00,False,none
train,1927,2023334N08088,2023-12-01 21:00:00,2023-11-30 21:00:00,2023-12-01 21:00:00,2023-12-02 03:00:00,2023-12-02 21:00:00,False,none
train,1928,2023334N08088,2023-12-02 00:00:00,2023-12-01 00:00:00,2023-12-02 00:00:00,2023-12-02 06:00:00,2023-12-03 00:00:00,False,none
train,1929,2023334N08088,2023-12-02 03:00:00,2023-12-01 03:00:00,2023-12-02 03:00:00,2023-12-02 09:00:00,2023-12-03 03:00:00,False,none
train,1930,2023334N08088,2023-12-02 06:00:00,2023-12-01 06:00:00,2023-12-02 06:00:00,2023-12-02 12:00:00,2023-12-03 06:00:00,False,none
train,1931,2023334N08088,2023-12-02 09:00:00,2023-12-01 09:00:00,2023-12-02 09:00:00,2023-12-02 15:00:00,2023-12-03 09:00:00,False,none
train,1932,2023334N08088,2023-12-02 12:00:00,2023-12-01 12:00:00,2023-12-02 12:00:00,2023-12-02 18:00:00,2023-12-03 12:00:00,False,none
train,1933,2023334N08088,2023-12-02 15:00:00,2023-12-01 15:00:00,2023-12-02 15:00:00,2023-12-02 21:00:00,2023-12-03 15:00:00,False,none
train,1934,2023334N08088,2023-12-02 18:00:00,2023-12-01 18:00:00,2023-12-02 18:00:00,2023-12-03 00:00:00,2023-12-03 18:00:00,False,none
train,1935,2023334N08088,2023-12-02 21:00:00,2023-12-01 21:00:00,2023-12-02 21:00:00,2023-12-03 03:00:00,2023-12-03 21:00:00,False,none
train,1936,2023334N08088,2023-12-03 00:00:00,2023-12-02 00:00:00,2023-12-03 00:00:00,2023-12-03 06:00:00,2023-12-04 00:00:00,False,none
train,1937,2023334N08088,2023-12-03 03:00:00,2023-12-02 03:00:00,2023-12-03 03:00:00,2023-12-03 09:00:00,2023-12-04 03:00:00,False,none
train,1938,2023334N08088,2023-12-03 06:00:00,2023-12-02 06:00:00,2023-12-03 06:00:00,2023-12-03 12:00:00,2023-12-04 06:00:00,False,none
train,1939,2023334N08088,2023-12-03 09:00:00,2023-12-02 09:00:00,2023-12-03 09:00:00,2023-12-03 15:00:00,2023-12-04 09:00:00,False,none
train,1940,2023334N08088,2023-12-03 12:00:00,2023-12-02 12:00:00,2023-12-03 12:00:00,2023-12-03 18:00:00,2023-12-04 12:00:00,False,none
train,1941,2023334N08088,2023-12-03 15:00:00,2023-12-02 15:00:00,2023-12-03 15:00:00,2023-12-03 21:00:00,2023-12-04 15:00:00,False,none
train,1942,2023334N08088,2023-12-03 18:00:00,2023-12-02 18:00:00,2023-12-03 18:00:00,2023-12-04 00:00:00,2023-12-04 18:00:00,False,none
train,1943,2023334N08088,2023-12-03 21:00:00,2023-12-02 21:00:00,2023-12-03 21:00:00,2023-12-04 03:00:00,2023-12-04 21:00:00,False,none
train,1944,2023334N08088,2023-12-04 00:00:00,2023-12-03 00:00:00,2023-12-04 00:00:00,2023-12-04 06:00:00,2023-12-05 00:00:00,False,none
train,1945,2023334N08088,2023-12-04 03:00:00,2023-12-03 03:00:00,2023-12-04 03:00:00,2023-12-04 09:00:00,2023-12-05 03:00:00,False,none
train,1946,2023334N08088,2023-12-04 06:00:00,2023-12-03 06:00:00,2023-12-04 06:00:00,2023-12-04 12:00:00,2023-12-05 06:00:00,False,none
train,1947,2023334N08088,2023-12-04 09:00:00,2023-12-03 09:00:00,2023-12-04 09:00:00,2023-12-04 15:00:00,2023-12-05 09:00:00,False,none
train,1948,2023334N08088,2023-12-04 12:00:00,2023-12-03 12:00:00,2023-12-04 12:00:00,2023-12-04 18:00:00,2023-12-05 12:00:00,False,none
train,1949,2023334N08088,2023-12-04 15:00:00,2023-12-03 15:00:00,2023-12-04 15:00:00,2023-12-04 21:00:00,2023-12-05 15:00:00,False,none
train,1950,2023334N08088,2023-12-04 18:00:00,2023-12-03 18:00:00,2023-12-04 18:00:00,2023-12-05 00:00:00,2023-12-05 18:00:00,False,none
train,1951,2023334N08088,2023-12-04 21:00:00,2023-12-03 21:00:00,2023-12-04 21:00:00,2023-12-05 03:00:00,2023-12-05 21:00:00,False,none
train,1952,2023334N08088,2023-12-05 00:00:00,2023-12-04 00:00:00,2023-12-05 00:00:00,2023-12-05 06:00:00,2023-12-06 00:00:00,False,none
train,1953,2023334N08088,2023-12-05 03:00:00,2023-12-04 03:00:00,2023-12-05 03:00:00,2023-12-05 09:00:00,2023-12-06 03:00:00,False,none
train,1954,2023334N08088,2023-12-05 06:00:00,2023-12-04 06:00:00,2023-12-05 06:00:00,2023-12-05 12:00:00,2023-12-06 06:00:00,False,none
train,1955,2024238N25077,2024-08-26 00:00:00,2024-08-25 00:00:00,2024-08-26 00:00:00,2024-08-26 06:00:00,2024-08-27 00:00:00,False,none
train,1956,2024238N25077,2024-08-26 03:00:00,2024-08-25 03:00:00,2024-08-26 03:00:00,2024-08-26 09:00:00,2024-08-27 03:00:00,False,none
train,1957,2024238N25077,2024-08-26 06:00:00,2024-08-25 06:00:00,2024-08-26 06:00:00,2024-08-26 12:00:00,2024-08-27 06:00:00,False,none
train,1958,2024238N25077,2024-08-26 09:00:00,2024-08-25 09:00:00,2024-08-26 09:00:00,2024-08-26 15:00:00,2024-08-27 09:00:00,False,none
train,1959,2024238N25077,2024-08-26 12:00:00,2024-08-25 12:00:00,2024-08-26 12:00:00,2024-08-26 18:00:00,2024-08-27 12:00:00,False,none
train,1960,2024238N25077,2024-08-26 15:00:00,2024-08-25 15:00:00,2024-08-26 15:00:00,2024-08-26 21:00:00,2024-08-27 15:00:00,False,none
train,1961,2024238N25077,2024-08-26 18:00:00,2024-08-25 18:00:00,2024-08-26 18:00:00,2024-08-27 00:00:00,2024-08-27 18:00:00,False,none
train,1962,2024238N25077,2024-08-26 21:00:00,2024-08-25 21:00:00,2024-08-26 21:00:00,2024-08-27 03:00:00,2024-08-27 21:00:00,False,none
train,1963,2024238N25077,2024-08-27 00:00:00,2024-08-26 00:00:00,2024-08-27 00:00:00,2024-08-27 06:00:00,2024-08-28 00:00:00,False,none
train,1964,2024238N25077,2024-08-27 03:00:00,2024-08-26 03:00:00,2024-08-27 03:00:00,2024-08-27 09:00:00,2024-08-28 03:00:00,False,none
train,1965,2024238N25077,2024-08-27 06:00:00,2024-08-26 06:00:00,2024-08-27 06:00:00,2024-08-27 12:00:00,2024-08-28 06:00:00,False,none
train,1966,2024238N25077,2024-08-27 09:00:00,2024-08-26 09:00:00,2024-08-27 09:00:00,2024-08-27 15:00:00,2024-08-28 09:00:00,False,none
train,1967,2024238N25077,2024-08-27 12:00:00,2024-08-26 12:00:00,2024-08-27 12:00:00,2024-08-27 18:00:00,2024-08-28 12:00:00,False,none
train,1968,2024238N25077,2024-08-27 15:00:00,2024-08-26 15:00:00,2024-08-27 15:00:00,2024-08-27 21:00:00,2024-08-28 15:00:00,False,none
train,1969,2024238N25077,2024-08-27 18:00:00,2024-08-26 18:00:00,2024-08-27 18:00:00,2024-08-28 00:00:00,2024-08-28 18:00:00,False,none
train,1970,2024238N25077,2024-08-27 21:00:00,2024-08-26 21:00:00,2024-08-27 21:00:00,2024-08-28 03:00:00,2024-08-28 21:00:00,False,none
train,1971,2024238N25077,2024-08-28 00:00:00,2024-08-27 00:00:00,2024-08-28 00:00:00,2024-08-28 06:00:00,2024-08-29 00:00:00,False,none
train,1972,2024238N25077,2024-08-28 03:00:00,2024-08-27 03:00:00,2024-08-28 03:00:00,2024-08-28 09:00:00,2024-08-29 03:00:00,False,none
train,1973,2024238N25077,2024-08-28 06:00:00,2024-08-27 06:00:00,2024-08-28 06:00:00,2024-08-28 12:00:00,2024-08-29 06:00:00,False,none
train,1974,2024238N25077,2024-08-28 09:00:00,2024-08-27 09:00:00,2024-08-28 09:00:00,2024-08-28 15:00:00,2024-08-29 09:00:00,False,none
train,1975,2024238N25077,2024-08-28 12:00:00,2024-08-27 12:00:00,2024-08-28 12:00:00,2024-08-28 18:00:00,2024-08-29 12:00:00,False,none
train,1976,2024238N25077,2024-08-28 15:00:00,2024-08-27 15:00:00,2024-08-28 15:00:00,2024-08-28 21:00:00,2024-08-29 15:00:00,False,none
train,1977,2024238N25077,2024-08-28 18:00:00,2024-08-27 18:00:00,2024-08-28 18:00:00,2024-08-29 00:00:00,2024-08-29 18:00:00,False,none
train,1978,2024238N25077,2024-08-28 21:00:00,2024-08-27 21:00:00,2024-08-28 21:00:00,2024-08-29 03:00:00,2024-08-29 21:00:00,False,none
train,1979,2024238N25077,2024-08-29 00:00:00,2024-08-28 00:00:00,2024-08-29 00:00:00,2024-08-29 06:00:00,2024-08-30 00:00:00,False,none
train,1980,2024238N25077,2024-08-29 03:00:00,2024-08-28 03:00:00,2024-08-29 03:00:00,2024-08-29 09:00:00,2024-08-30 03:00:00,False,none
train,1981,2024238N25077,2024-08-29 06:00:00,2024-08-28 06:00:00,2024-08-29 06:00:00,2024-08-29 12:00:00,2024-08-30 06:00:00,False,none
train,1982,2024238N25077,2024-08-29 09:00:00,2024-08-28 09:00:00,2024-08-29 09:00:00,2024-08-29 15:00:00,2024-08-30 09:00:00,False,none
train,1983,2024238N25077,2024-08-29 12:00:00,2024-08-28 12:00:00,2024-08-29 12:00:00,2024-08-29 18:00:00,2024-08-30 12:00:00,False,none
train,1984,2024238N25077,2024-08-29 15:00:00,2024-08-28 15:00:00,2024-08-29 15:00:00,2024-08-29 21:00:00,2024-08-30 15:00:00,False,none
train,1985,2024238N25077,2024-08-29 18:00:00,2024-08-28 18:00:00,2024-08-29 18:00:00,2024-08-30 00:00:00,2024-08-30 18:00:00,False,none
train,1986,2024238N25077,2024-08-29 21:00:00,2024-08-28 21:00:00,2024-08-29 21:00:00,2024-08-30 03:00:00,2024-08-30 21:00:00,False,none
train,1987,2024238N25077,2024-08-30 00:00:00,2024-08-29 00:00:00,2024-08-30 00:00:00,2024-08-30 06:00:00,2024-08-31 00:00:00,False,none
train,1988,2024238N25077,2024-08-30 03:00:00,2024-08-29 03:00:00,2024-08-30 03:00:00,2024-08-30 09:00:00,2024-08-31 03:00:00,False,none
train,1989,2024238N25077,2024-08-30 06:00:00,2024-08-29 06:00:00,2024-08-30 06:00:00,2024-08-30 12:00:00,2024-08-31 06:00:00,False,none
train,1990,2024238N25077,2024-08-30 09:00:00,2024-08-29 09:00:00,2024-08-30 09:00:00,2024-08-30 15:00:00,2024-08-31 09:00:00,False,none
train,1991,2024238N25077,2024-08-30 12:00:00,2024-08-29 12:00:00,2024-08-30 12:00:00,2024-08-30 18:00:00,2024-08-31 12:00:00,False,none
train,1992,2024238N25077,2024-08-30 15:00:00,2024-08-29 15:00:00,2024-08-30 15:00:00,2024-08-30 21:00:00,2024-08-31 15:00:00,False,none
train,1993,2024238N25077,2024-08-30 18:00:00,2024-08-29 18:00:00,2024-08-30 18:00:00,2024-08-31 00:00:00,2024-08-31 18:00:00,False,none
train,1994,2024238N25077,2024-08-30 21:00:00,2024-08-29 21:00:00,2024-08-30 21:00:00,2024-08-31 03:00:00,2024-08-31 21:00:00,False,none
train,1995,2024238N25077,2024-08-31 00:00:00,2024-08-30 00:00:00,2024-08-31 00:00:00,2024-08-31 06:00:00,2024-09-01 00:00:00,False,none
train,1996,2024238N25077,2024-08-31 03:00:00,2024-08-30 03:00:00,2024-08-31 03:00:00,2024-08-31 09:00:00,2024-09-01 03:00:00,False,none
train,1997,2024238N25077,2024-08-31 06:00:00,2024-08-30 06:00:00,2024-08-31 06:00:00,2024-08-31 12:00:00,2024-09-01 06:00:00,False,none
train,1998,2024238N25077,2024-08-31 09:00:00,2024-08-30 09:00:00,2024-08-31 09:00:00,2024-08-31 15:00:00,2024-09-01 09:00:00,False,none
train,1999,2024238N25077,2024-08-31 12:00:00,2024-08-30 12:00:00,2024-08-31 12:00:00,2024-08-31 18:00:00,2024-09-01 12:00:00,False,none
train,2000,2024238N25077,2024-08-31 15:00:00,2024-08-30 15:00:00,2024-08-31 15:00:00,2024-08-31 21:00:00,2024-09-01 15:00:00,False,none
train,2001,2024238N25077,2024-08-31 18:00:00,2024-08-30 18:00:00,2024-08-31 18:00:00,2024-09-01 00:00:00,2024-09-01 18:00:00,False,none
train,2002,2024238N25077,2024-08-31 21:00:00,2024-08-30 21:00:00,2024-08-31 21:00:00,2024-09-01 03:00:00,2024-09-01 21:00:00,False,none
train,2003,2024238N25077,2024-09-01 00:00:00,2024-08-31 00:00:00,2024-09-01 00:00:00,2024-09-01 06:00:00,2024-09-02 00:00:00,False,none
train,2004,2024238N25077,2024-09-01 03:00:00,2024-08-31 03:00:00,2024-09-01 03:00:00,2024-09-01 09:00:00,2024-09-02 03:00:00,False,none
train,2005,2024238N25077,2024-09-01 06:00:00,2024-08-31 06:00:00,2024-09-01 06:00:00,2024-09-01 12:00:00,2024-09-02 06:00:00,False,none
train,2006,2024238N25077,2024-09-01 09:00:00,2024-08-31 09:00:00,2024-09-01 09:00:00,2024-09-01 15:00:00,2024-09-02 09:00:00,False,none
train,2007,2024238N25077,2024-09-01 12:00:00,2024-08-31 12:00:00,2024-09-01 12:00:00,2024-09-01 18:00:00,2024-09-02 12:00:00,False,none
train,2008,2024238N25077,2024-09-01 15:00:00,2024-08-31 15:00:00,2024-09-01 15:00:00,2024-09-01 21:00:00,2024-09-02 15:00:00,False,none
train,2009,2024238N25077,2024-09-01 18:00:00,2024-08-31 18:00:00,2024-09-01 18:00:00,2024-09-02 00:00:00,2024-09-02 18:00:00,False,none
train,2010,2024238N25077,2024-09-01 21:00:00,2024-08-31 21:00:00,2024-09-01 21:00:00,2024-09-02 03:00:00,2024-09-02 21:00:00,False,none
train,2011,2024238N25077,2024-09-02 00:00:00,2024-09-01 00:00:00,2024-09-02 00:00:00,2024-09-02 06:00:00,2024-09-03 00:00:00,False,none
train,2012,2024238N25077,2024-09-02 03:00:00,2024-09-01 03:00:00,2024-09-02 03:00:00,2024-09-02 09:00:00,2024-09-03 03:00:00,False,none
train,2013,2024238N25077,2024-09-02 06:00:00,2024-09-01 06:00:00,2024-09-02 06:00:00,2024-09-02 12:00:00,2024-09-03 06:00:00,False,none
train,2014,2024244N18085,2024-09-01 00:00:00,2024-08-31 00:00:00,2024-09-01 00:00:00,2024-09-01 06:00:00,2024-09-02 00:00:00,False,none
train,2015,2024244N18085,2024-09-01 03:00:00,2024-08-31 03:00:00,2024-09-01 03:00:00,2024-09-01 09:00:00,2024-09-02 03:00:00,False,none
train,2016,2024244N18085,2024-09-01 06:00:00,2024-08-31 06:00:00,2024-09-01 06:00:00,2024-09-01 12:00:00,2024-09-02 06:00:00,False,none
train,2017,2024252N18087,2024-09-09 00:00:00,2024-09-08 00:00:00,2024-09-09 00:00:00,2024-09-09 06:00:00,2024-09-10 00:00:00,False,none
train,2018,2024252N18087,2024-09-09 03:00:00,2024-09-08 03:00:00,2024-09-09 03:00:00,2024-09-09 09:00:00,2024-09-10 03:00:00,False,none
train,2019,2024252N18087,2024-09-09 06:00:00,2024-09-08 06:00:00,2024-09-09 06:00:00,2024-09-09 12:00:00,2024-09-10 06:00:00,False,none
train,2020,2024329N04089,2024-11-24 18:00:00,2024-11-23 18:00:00,2024-11-24 18:00:00,2024-11-25 00:00:00,2024-11-25 18:00:00,False,none
train,2021,2024329N04089,2024-11-24 21:00:00,2024-11-23 21:00:00,2024-11-24 21:00:00,2024-11-25 03:00:00,2024-11-25 21:00:00,False,none
train,2022,2024329N04089,2024-11-25 00:00:00,2024-11-24 00:00:00,2024-11-25 00:00:00,2024-11-25 06:00:00,2024-11-26 00:00:00,False,none
train,2023,2024329N04089,2024-11-25 03:00:00,2024-11-24 03:00:00,2024-11-25 03:00:00,2024-11-25 09:00:00,2024-11-26 03:00:00,False,none
train,2024,2024329N04089,2024-11-25 06:00:00,2024-11-24 06:00:00,2024-11-25 06:00:00,2024-11-25 12:00:00,2024-11-26 06:00:00,False,none
train,2025,2024329N04089,2024-11-25 09:00:00,2024-11-24 09:00:00,2024-11-25 09:00:00,2024-11-25 15:00:00,2024-11-26 09:00:00,False,none
train,2026,2024329N04089,2024-11-25 12:00:00,2024-11-24 12:00:00,2024-11-25 12:00:00,2024-11-25 18:00:00,2024-11-26 12:00:00,False,none
train,2027,2024329N04089,2024-11-25 15:00:00,2024-11-24 15:00:00,2024-11-25 15:00:00,2024-11-25 21:00:00,2024-11-26 15:00:00,False,none
train,2028,2024329N04089,2024-11-25 18:00:00,2024-11-24 18:00:00,2024-11-25 18:00:00,2024-11-26 00:00:00,2024-11-26 18:00:00,False,none
train,2029,2024329N04089,2024-11-25 21:00:00,2024-11-24 21:00:00,2024-11-25 21:00:00,2024-11-26 03:00:00,2024-11-26 21:00:00,False,none
train,2030,2024329N04089,2024-11-26 00:00:00,2024-11-25 00:00:00,2024-11-26 00:00:00,2024-11-26 06:00:00,2024-11-27 00:00:00,False,none
train,2031,2024329N04089,2024-11-26 03:00:00,2024-11-25 03:00:00,2024-11-26 03:00:00,2024-11-26 09:00:00,2024-11-27 03:00:00,False,none
train,2032,2024329N04089,2024-11-26 06:00:00,2024-11-25 06:00:00,2024-11-26 06:00:00,2024-11-26 12:00:00,2024-11-27 06:00:00,False,none
train,2033,2024329N04089,2024-11-26 09:00:00,2024-11-25 09:00:00,2024-11-26 09:00:00,2024-11-26 15:00:00,2024-11-27 09:00:00,False,none
train,2034,2024329N04089,2024-11-26 12:00:00,2024-11-25 12:00:00,2024-11-26 12:00:00,2024-11-26 18:00:00,2024-11-27 12:00:00,False,none
train,2035,2024329N04089,2024-11-26 15:00:00,2024-11-25 15:00:00,2024-11-26 15:00:00,2024-11-26 21:00:00,2024-11-27 15:00:00,False,none
train,2036,2024329N04089,2024-11-26 18:00:00,2024-11-25 18:00:00,2024-11-26 18:00:00,2024-11-27 00:00:00,2024-11-27 18:00:00,False,none
train,2037,2024329N04089,2024-11-26 21:00:00,2024-11-25 21:00:00,2024-11-26 21:00:00,2024-11-27 03:00:00,2024-11-27 21:00:00,False,none
train,2038,2024329N04089,2024-11-27 00:00:00,2024-11-26 00:00:00,2024-11-27 00:00:00,2024-11-27 06:00:00,2024-11-28 00:00:00,False,none
train,2039,2024329N04089,2024-11-27 03:00:00,2024-11-26 03:00:00,2024-11-27 03:00:00,2024-11-27 09:00:00,2024-11-28 03:00:00,False,none
train,2040,2024329N04089,2024-11-27 06:00:00,2024-11-26 06:00:00,2024-11-27 06:00:00,2024-11-27 12:00:00,2024-11-28 06:00:00,False,none
train,2041,2024329N04089,2024-11-27 09:00:00,2024-11-26 09:00:00,2024-11-27 09:00:00,2024-11-27 15:00:00,2024-11-28 09:00:00,False,none
train,2042,2024329N04089,2024-11-27 12:00:00,2024-11-26 12:00:00,2024-11-27 12:00:00,2024-11-27 18:00:00,2024-11-28 12:00:00,False,none
train,2043,2024329N04089,2024-11-27 15:00:00,2024-11-26 15:00:00,2024-11-27 15:00:00,2024-11-27 21:00:00,2024-11-28 15:00:00,False,none
train,2044,2024329N04089,2024-11-27 18:00:00,2024-11-26 18:00:00,2024-11-27 18:00:00,2024-11-28 00:00:00,2024-11-28 18:00:00,False,none
train,2045,2024329N04089,2024-11-27 21:00:00,2024-11-26 21:00:00,2024-11-27 21:00:00,2024-11-28 03:00:00,2024-11-28 21:00:00,False,none
train,2046,2024329N04089,2024-11-28 00:00:00,2024-11-27 00:00:00,2024-11-28 00:00:00,2024-11-28 06:00:00,2024-11-29 00:00:00,False,none
train,2047,2024329N04089,2024-11-28 03:00:00,2024-11-27 03:00:00,2024-11-28 03:00:00,2024-11-28 09:00:00,2024-11-29 03:00:00,False,none
train,2048,2024329N04089,2024-11-28 06:00:00,2024-11-27 06:00:00,2024-11-28 06:00:00,2024-11-28 12:00:00,2024-11-29 06:00:00,False,none
train,2049,2024329N04089,2024-11-28 09:00:00,2024-11-27 09:00:00,2024-11-28 09:00:00,2024-11-28 15:00:00,2024-11-29 09:00:00,False,none
train,2050,2024329N04089,2024-11-28 12:00:00,2024-11-27 12:00:00,2024-11-28 12:00:00,2024-11-28 18:00:00,2024-11-29 12:00:00,False,none
train,2051,2024329N04089,2024-11-28 15:00:00,2024-11-27 15:00:00,2024-11-28 15:00:00,2024-11-28 21:00:00,2024-11-29 15:00:00,False,none
train,2052,2024329N04089,2024-11-28 18:00:00,2024-11-27 18:00:00,2024-11-28 18:00:00,2024-11-29 00:00:00,2024-11-29 18:00:00,False,none
train,2053,2024329N04089,2024-11-28 21:00:00,2024-11-27 21:00:00,2024-11-28 21:00:00,2024-11-29 03:00:00,2024-11-29 21:00:00,False,none
train,2054,2024329N04089,2024-11-29 00:00:00,2024-11-28 00:00:00,2024-11-29 00:00:00,2024-11-29 06:00:00,2024-11-30 00:00:00,False,none
train,2055,2024329N04089,2024-11-29 03:00:00,2024-11-28 03:00:00,2024-11-29 03:00:00,2024-11-29 09:00:00,2024-11-30 03:00:00,False,none
train,2056,2024329N04089,2024-11-29 06:00:00,2024-11-28 06:00:00,2024-11-29 06:00:00,2024-11-29 12:00:00,2024-11-30 06:00:00,False,none
train,2057,2024329N04089,2024-11-29 09:00:00,2024-11-28 09:00:00,2024-11-29 09:00:00,2024-11-29 15:00:00,2024-11-30 09:00:00,False,none
train,2058,2024329N04089,2024-11-29 12:00:00,2024-11-28 12:00:00,2024-11-29 12:00:00,2024-11-29 18:00:00,2024-11-30 12:00:00,False,none
train,2059,2024329N04089,2024-11-29 15:00:00,2024-11-28 15:00:00,2024-11-29 15:00:00,2024-11-29 21:00:00,2024-11-30 15:00:00,False,none
train,2060,2024329N04089,2024-11-29 18:00:00,2024-11-28 18:00:00,2024-11-29 18:00:00,2024-11-30 00:00:00,2024-11-30 18:00:00,False,none
train,2061,2024329N04089,2024-11-29 21:00:00,2024-11-28 21:00:00,2024-11-29 21:00:00,2024-11-30 03:00:00,2024-11-30 21:00:00,False,none
train,2062,2024329N04089,2024-11-30 00:00:00,2024-11-29 00:00:00,2024-11-30 00:00:00,2024-11-30 06:00:00,2024-12-01 00:00:00,False,none
train,2063,2024329N04089,2024-11-30 03:00:00,2024-11-29 03:00:00,2024-11-30 03:00:00,2024-11-30 09:00:00,2024-12-01 03:00:00,False,none
train,2064,2024329N04089,2024-11-30 06:00:00,2024-11-29 06:00:00,2024-11-30 06:00:00,2024-11-30 12:00:00,2024-12-01 06:00:00,False,none
train,2065,2024329N04089,2024-11-30 09:00:00,2024-11-29 09:00:00,2024-11-30 09:00:00,2024-11-30 15:00:00,2024-12-01 09:00:00,False,none
train,2066,2024329N04089,2024-11-30 12:00:00,2024-11-29 12:00:00,2024-11-30 12:00:00,2024-11-30 18:00:00,2024-12-01 12:00:00,False,none
train,2067,2024329N04089,2024-11-30 15:00:00,2024-11-29 15:00:00,2024-11-30 15:00:00,2024-11-30 21:00:00,2024-12-01 15:00:00,False,none
train,2068,2024329N04089,2024-11-30 18:00:00,2024-11-29 18:00:00,2024-11-30 18:00:00,2024-12-01 00:00:00,2024-12-01 18:00:00,False,none
train,2069,2024329N04089,2024-11-30 21:00:00,2024-11-29 21:00:00,2024-11-30 21:00:00,2024-12-01 03:00:00,2024-12-01 21:00:00,False,none
train,2070,2024329N04089,2024-12-01 00:00:00,2024-11-30 00:00:00,2024-12-01 00:00:00,2024-12-01 06:00:00,2024-12-02 00:00:00,False,none
train,2071,2024329N04089,2024-12-01 03:00:00,2024-11-30 03:00:00,2024-12-01 03:00:00,2024-12-01 09:00:00,2024-12-02 03:00:00,False,none
train,2072,2024329N04089,2024-12-01 06:00:00,2024-11-30 06:00:00,2024-12-01 06:00:00,2024-12-01 12:00:00,2024-12-02 06:00:00,False,none
train,2073,2024329N04089,2024-12-01 09:00:00,2024-11-30 09:00:00,2024-12-01 09:00:00,2024-12-01 15:00:00,2024-12-02 09:00:00,False,none
train,2074,2024329N04089,2024-12-01 12:00:00,2024-11-30 12:00:00,2024-12-01 12:00:00,2024-12-01 18:00:00,2024-12-02 12:00:00,False,none
train,2075,2024329N04089,2024-12-01 15:00:00,2024-11-30 15:00:00,2024-12-01 15:00:00,2024-12-01 21:00:00,2024-12-02 15:00:00,False,none
train,2076,2024329N04089,2024-12-01 18:00:00,2024-11-30 18:00:00,2024-12-01 18:00:00,2024-12-02 00:00:00,2024-12-02 18:00:00,False,none
train,2077,2024329N04089,2024-12-01 21:00:00,2024-11-30 21:00:00,2024-12-01 21:00:00,2024-12-02 03:00:00,2024-12-02 21:00:00,False,none
train,2078,2024329N04089,2024-12-02 00:00:00,2024-12-01 00:00:00,2024-12-02 00:00:00,2024-12-02 06:00:00,2024-12-03 00:00:00,False,none
train,2079,2024329N04089,2024-12-02 03:00:00,2024-12-01 03:00:00,2024-12-02 03:00:00,2024-12-02 09:00:00,2024-12-03 03:00:00,False,none
train,2080,2024329N04089,2024-12-02 06:00:00,2024-12-01 06:00:00,2024-12-02 06:00:00,2024-12-02 12:00:00,2024-12-03 06:00:00,False,none
train,2081,2024329N04089,2024-12-02 09:00:00,2024-12-01 09:00:00,2024-12-02 09:00:00,2024-12-02 15:00:00,2024-12-03 09:00:00,False,none
train,2082,2024329N04089,2024-12-02 12:00:00,2024-12-01 12:00:00,2024-12-02 12:00:00,2024-12-02 18:00:00,2024-12-03 12:00:00,False,none
train,2083,2024329N04089,2024-12-02 15:00:00,2024-12-01 15:00:00,2024-12-02 15:00:00,2024-12-02 21:00:00,2024-12-03 15:00:00,False,none
train,2084,2024329N04089,2024-12-02 18:00:00,2024-12-01 18:00:00,2024-12-02 18:00:00,2024-12-03 00:00:00,2024-12-03 18:00:00,False,none
train,2085,2024329N04089,2024-12-02 21:00:00,2024-12-01 21:00:00,2024-12-02 21:00:00,2024-12-03 03:00:00,2024-12-03 21:00:00,False,none
train,2086,2024329N04089,2024-12-03 00:00:00,2024-12-02 00:00:00,2024-12-03 00:00:00,2024-12-03 06:00:00,2024-12-04 00:00:00,False,none
train,2087,2024329N04089,2024-12-03 03:00:00,2024-12-02 03:00:00,2024-12-03 03:00:00,2024-12-03 09:00:00,2024-12-04 03:00:00,False,none
train,2088,2024329N04089,2024-12-03 06:00:00,2024-12-02 06:00:00,2024-12-03 06:00:00,2024-12-03 12:00:00,2024-12-04 06:00:00,False,none
train,2089,2024329N04089,2024-12-03 09:00:00,2024-12-02 09:00:00,2024-12-03 09:00:00,2024-12-03 15:00:00,2024-12-04 09:00:00,False,none
train,2090,2024329N04089,2024-12-03 12:00:00,2024-12-02 12:00:00,2024-12-03 12:00:00,2024-12-03 18:00:00,2024-12-04 12:00:00,False,none
train,2091,2025250N25073,2025-09-07 18:00:00,2025-09-06 18:00:00,2025-09-07 18:00:00,2025-09-08 00:00:00,2025-09-08 18:00:00,False,none
train,2092,2025250N25073,2025-09-07 21:00:00,2025-09-06 21:00:00,2025-09-07 21:00:00,2025-09-08 03:00:00,2025-09-08 21:00:00,False,none
train,2093,2025250N25073,2025-09-08 00:00:00,2025-09-07 00:00:00,2025-09-08 00:00:00,2025-09-08 06:00:00,2025-09-09 00:00:00,False,none
train,2094,2025250N25073,2025-09-08 03:00:00,2025-09-07 03:00:00,2025-09-08 03:00:00,2025-09-08 09:00:00,2025-09-09 03:00:00,False,none
train,2095,2025250N25073,2025-09-08 06:00:00,2025-09-07 06:00:00,2025-09-08 06:00:00,2025-09-08 12:00:00,2025-09-09 06:00:00,False,none
train,2096,2025250N25073,2025-09-08 09:00:00,2025-09-07 09:00:00,2025-09-08 09:00:00,2025-09-08 15:00:00,2025-09-09 09:00:00,False,none
train,2097,2025250N25073,2025-09-08 12:00:00,2025-09-07 12:00:00,2025-09-08 12:00:00,2025-09-08 18:00:00,2025-09-09 12:00:00,False,none
train,2098,2025250N25073,2025-09-08 15:00:00,2025-09-07 15:00:00,2025-09-08 15:00:00,2025-09-08 21:00:00,2025-09-09 15:00:00,False,none
train,2099,2025250N25073,2025-09-08 18:00:00,2025-09-07 18:00:00,2025-09-08 18:00:00,2025-09-09 00:00:00,2025-09-09 18:00:00,False,none
train,2100,2025250N25073,2025-09-08 21:00:00,2025-09-07 21:00:00,2025-09-08 21:00:00,2025-09-09 03:00:00,2025-09-09 21:00:00,False,none
train,2101,2025250N25073,2025-09-09 00:00:00,2025-09-08 00:00:00,2025-09-09 00:00:00,2025-09-09 06:00:00,2025-09-10 00:00:00,False,none
train,2102,2025250N25073,2025-09-09 03:00:00,2025-09-08 03:00:00,2025-09-09 03:00:00,2025-09-09 09:00:00,2025-09-10 03:00:00,False,none
train,2103,2025250N25073,2025-09-09 06:00:00,2025-09-08 06:00:00,2025-09-09 06:00:00,2025-09-09 12:00:00,2025-09-10 06:00:00,False,none
train,2104,2025250N25073,2025-09-09 09:00:00,2025-09-08 09:00:00,2025-09-09 09:00:00,2025-09-09 15:00:00,2025-09-10 09:00:00,False,none
train,2105,2025250N25073,2025-09-09 12:00:00,2025-09-08 12:00:00,2025-09-09 12:00:00,2025-09-09 18:00:00,2025-09-10 12:00:00,False,none
train,2106,2025250N25073,2025-09-09 15:00:00,2025-09-08 15:00:00,2025-09-09 15:00:00,2025-09-09 21:00:00,2025-09-10 15:00:00,False,none
train,2107,2025250N25073,2025-09-09 18:00:00,2025-09-08 18:00:00,2025-09-09 18:00:00,2025-09-10 00:00:00,2025-09-10 18:00:00,False,none
train,2108,2025266N11137,2025-09-23 18:00:00,2025-09-22 18:00:00,2025-09-23 18:00:00,2025-09-24 00:00:00,2025-09-24 18:00:00,False,none
train,2109,2025266N11137,2025-09-23 21:00:00,2025-09-22 21:00:00,2025-09-23 21:00:00,2025-09-24 03:00:00,2025-09-24 21:00:00,False,none
train,2110,2025266N11137,2025-09-24 00:00:00,2025-09-23 00:00:00,2025-09-24 00:00:00,2025-09-24 06:00:00,2025-09-25 00:00:00,False,none
train,2111,2025266N11137,2025-09-24 03:00:00,2025-09-23 03:00:00,2025-09-24 03:00:00,2025-09-24 09:00:00,2025-09-25 03:00:00,False,none
train,2112,2025266N11137,2025-09-24 06:00:00,2025-09-23 06:00:00,2025-09-24 06:00:00,2025-09-24 12:00:00,2025-09-25 06:00:00,False,none
train,2113,2025266N11137,2025-09-24 09:00:00,2025-09-23 09:00:00,2025-09-24 09:00:00,2025-09-24 15:00:00,2025-09-25 09:00:00,False,none
train,2114,2025266N11137,2025-09-24 12:00:00,2025-09-23 12:00:00,2025-09-24 12:00:00,2025-09-24 18:00:00,2025-09-25 12:00:00,False,none
train,2115,2025266N11137,2025-09-24 15:00:00,2025-09-23 15:00:00,2025-09-24 15:00:00,2025-09-24 21:00:00,2025-09-25 15:00:00,False,none
train,2116,2025266N11137,2025-09-24 18:00:00,2025-09-23 18:00:00,2025-09-24 18:00:00,2025-09-25 00:00:00,2025-09-25 18:00:00,False,none
train,2117,2025266N11137,2025-09-24 21:00:00,2025-09-23 21:00:00,2025-09-24 21:00:00,2025-09-25 03:00:00,2025-09-25 21:00:00,False,none
train,2118,2025266N11137,2025-09-25 00:00:00,2025-09-24 00:00:00,2025-09-25 00:00:00,2025-09-25 06:00:00,2025-09-26 00:00:00,False,none
train,2119,2025266N11137,2025-09-25 03:00:00,2025-09-24 03:00:00,2025-09-25 03:00:00,2025-09-25 09:00:00,2025-09-26 03:00:00,False,none
train,2120,2025266N11137,2025-09-25 06:00:00,2025-09-24 06:00:00,2025-09-25 06:00:00,2025-09-25 12:00:00,2025-09-26 06:00:00,False,none
train,2121,2025266N11137,2025-09-25 09:00:00,2025-09-24 09:00:00,2025-09-25 09:00:00,2025-09-25 15:00:00,2025-09-26 09:00:00,False,none
train,2122,2025266N11137,2025-09-25 12:00:00,2025-09-24 12:00:00,2025-09-25 12:00:00,2025-09-25 18:00:00,2025-09-26 12:00:00,False,none
train,2123,2025266N11137,2025-09-25 15:00:00,2025-09-24 15:00:00,2025-09-25 15:00:00,2025-09-25 21:00:00,2025-09-26 15:00:00,False,none
train,2124,2025266N11137,2025-09-25 18:00:00,2025-09-24 18:00:00,2025-09-25 18:00:00,2025-09-26 00:00:00,2025-09-26 18:00:00,False,none
train,2125,2025266N11137,2025-09-25 21:00:00,2025-09-24 21:00:00,2025-09-25 21:00:00,2025-09-26 03:00:00,2025-09-26 21:00:00,False,none
train,2126,2025266N11137,2025-09-26 00:00:00,2025-09-25 00:00:00,2025-09-26 00:00:00,2025-09-26 06:00:00,2025-09-27 00:00:00,False,none
train,2127,2025266N11137,2025-09-26 03:00:00,2025-09-25 03:00:00,2025-09-26 03:00:00,2025-09-26 09:00:00,2025-09-27 03:00:00,False,none
train,2128,2025266N11137,2025-09-26 06:00:00,2025-09-25 06:00:00,2025-09-26 06:00:00,2025-09-26 12:00:00,2025-09-27 06:00:00,False,none
train,2129,2025266N11137,2025-09-26 09:00:00,2025-09-25 09:00:00,2025-09-26 09:00:00,2025-09-26 15:00:00,2025-09-27 09:00:00,False,none
train,2130,2025266N11137,2025-09-26 12:00:00,2025-09-25 12:00:00,2025-09-26 12:00:00,2025-09-26 18:00:00,2025-09-27 12:00:00,False,none
train,2131,2025266N11137,2025-09-26 15:00:00,2025-09-25 15:00:00,2025-09-26 15:00:00,2025-09-26 21:00:00,2025-09-27 15:00:00,False,none
train,2132,2025266N11137,2025-09-26 18:00:00,2025-09-25 18:00:00,2025-09-26 18:00:00,2025-09-27 00:00:00,2025-09-27 18:00:00,False,none
train,2133,2025266N11137,2025-09-26 21:00:00,2025-09-25 21:00:00,2025-09-26 21:00:00,2025-09-27 03:00:00,2025-09-27 21:00:00,False,none
train,2134,2025266N11137,2025-09-27 00:00:00,2025-09-26 00:00:00,2025-09-27 00:00:00,2025-09-27 06:00:00,2025-09-28 00:00:00,False,none
train,2135,2025266N11137,2025-09-27 03:00:00,2025-09-26 03:00:00,2025-09-27 03:00:00,2025-09-27 09:00:00,2025-09-28 03:00:00,False,none
train,2136,2025266N11137,2025-09-27 06:00:00,2025-09-26 06:00:00,2025-09-27 06:00:00,2025-09-27 12:00:00,2025-09-28 06:00:00,False,none
train,2137,2025266N11137,2025-09-27 09:00:00,2025-09-26 09:00:00,2025-09-27 09:00:00,2025-09-27 15:00:00,2025-09-28 09:00:00,False,none
train,2138,2025266N11137,2025-09-27 12:00:00,2025-09-26 12:00:00,2025-09-27 12:00:00,2025-09-27 18:00:00,2025-09-28 12:00:00,False,none
train,2139,2025266N11137,2025-09-27 15:00:00,2025-09-26 15:00:00,2025-09-27 15:00:00,2025-09-27 21:00:00,2025-09-28 15:00:00,False,none
train,2140,2025266N11137,2025-09-27 18:00:00,2025-09-26 18:00:00,2025-09-27 18:00:00,2025-09-28 00:00:00,2025-09-28 18:00:00,False,none
train,2141,2025266N11137,2025-09-27 21:00:00,2025-09-26 21:00:00,2025-09-27 21:00:00,2025-09-28 03:00:00,2025-09-28 21:00:00,False,none
train,2142,2025266N11137,2025-09-28 00:00:00,2025-09-27 00:00:00,2025-09-28 00:00:00,2025-09-28 06:00:00,2025-09-29 00:00:00,False,none
train,2143,2025266N11137,2025-09-28 03:00:00,2025-09-27 03:00:00,2025-09-28 03:00:00,2025-09-28 09:00:00,2025-09-29 03:00:00,False,none
train,2144,2025266N11137,2025-09-28 06:00:00,2025-09-27 06:00:00,2025-09-28 06:00:00,2025-09-28 12:00:00,2025-09-29 06:00:00,False,none
train,2145,2025266N11137,2025-09-28 09:00:00,2025-09-27 09:00:00,2025-09-28 09:00:00,2025-09-28 15:00:00,2025-09-29 09:00:00,False,none
train,2146,2025266N11137,2025-09-28 12:00:00,2025-09-27 12:00:00,2025-09-28 12:00:00,2025-09-28 18:00:00,2025-09-29 12:00:00,False,none
train,2147,2025266N11137,2025-09-28 15:00:00,2025-09-27 15:00:00,2025-09-28 15:00:00,2025-09-28 21:00:00,2025-09-29 15:00:00,False,none
train,2148,2025266N11137,2025-09-28 18:00:00,2025-09-27 18:00:00,2025-09-28 18:00:00,2025-09-29 00:00:00,2025-09-29 18:00:00,False,none
train,2149,2025266N11137,2025-09-28 21:00:00,2025-09-27 21:00:00,2025-09-28 21:00:00,2025-09-29 03:00:00,2025-09-29 21:00:00,False,none
train,2150,2025266N11137,2025-09-29 00:00:00,2025-09-28 00:00:00,2025-09-29 00:00:00,2025-09-29 06:00:00,2025-09-30 00:00:00,False,none
train,2151,2025266N11137,2025-09-29 03:00:00,2025-09-28 03:00:00,2025-09-29 03:00:00,2025-09-29 09:00:00,2025-09-30 03:00:00,False,none
train,2152,2025266N11137,2025-09-29 06:00:00,2025-09-28 06:00:00,2025-09-29 06:00:00,2025-09-29 12:00:00,2025-09-30 06:00:00,False,none
train,2153,2025266N11137,2025-09-29 09:00:00,2025-09-28 09:00:00,2025-09-29 09:00:00,2025-09-29 15:00:00,2025-09-30 09:00:00,False,none
train,2154,2025266N11137,2025-09-29 12:00:00,2025-09-28 12:00:00,2025-09-29 12:00:00,2025-09-29 18:00:00,2025-09-30 12:00:00,False,none
train,2155,2025275N22068,2025-10-02 12:00:00,2025-10-01 12:00:00,2025-10-02 12:00:00,2025-10-02 18:00:00,2025-10-03 12:00:00,False,none
train,2156,2025275N22068,2025-10-02 15:00:00,2025-10-01 15:00:00,2025-10-02 15:00:00,2025-10-02 21:00:00,2025-10-03 15:00:00,False,none
train,2157,2025275N22068,2025-10-02 18:00:00,2025-10-01 18:00:00,2025-10-02 18:00:00,2025-10-03 00:00:00,2025-10-03 18:00:00,False,none
train,2158,2025275N22068,2025-10-02 21:00:00,2025-10-01 21:00:00,2025-10-02 21:00:00,2025-10-03 03:00:00,2025-10-03 21:00:00,False,none
train,2159,2025275N22068,2025-10-03 00:00:00,2025-10-02 00:00:00,2025-10-03 00:00:00,2025-10-03 06:00:00,2025-10-04 00:00:00,False,none
train,2160,2025275N22068,2025-10-03 03:00:00,2025-10-02 03:00:00,2025-10-03 03:00:00,2025-10-03 09:00:00,2025-10-04 03:00:00,False,none
train,2161,2025275N22068,2025-10-03 06:00:00,2025-10-02 06:00:00,2025-10-03 06:00:00,2025-10-03 12:00:00,2025-10-04 06:00:00,False,none
train,2162,2025275N22068,2025-10-03 09:00:00,2025-10-02 09:00:00,2025-10-03 09:00:00,2025-10-03 15:00:00,2025-10-04 09:00:00,False,none
train,2163,2025275N22068,2025-10-03 12:00:00,2025-10-02 12:00:00,2025-10-03 12:00:00,2025-10-03 18:00:00,2025-10-04 12:00:00,False,none
train,2164,2025275N22068,2025-10-03 15:00:00,2025-10-02 15:00:00,2025-10-03 15:00:00,2025-10-03 21:00:00,2025-10-04 15:00:00,False,none
train,2165,2025275N22068,2025-10-03 18:00:00,2025-10-02 18:00:00,2025-10-03 18:00:00,2025-10-04 00:00:00,2025-10-04 18:00:00,False,none
train,2166,2025275N22068,2025-10-03 21:00:00,2025-10-02 21:00:00,2025-10-03 21:00:00,2025-10-04 03:00:00,2025-10-04 21:00:00,False,none
train,2167,2025275N22068,2025-10-04 00:00:00,2025-10-03 00:00:00,2025-10-04 00:00:00,2025-10-04 06:00:00,2025-10-05 00:00:00,False,none
train,2168,2025275N22068,2025-10-04 03:00:00,2025-10-03 03:00:00,2025-10-04 03:00:00,2025-10-04 09:00:00,2025-10-05 03:00:00,False,none
train,2169,2025275N22068,2025-10-04 06:00:00,2025-10-03 06:00:00,2025-10-04 06:00:00,2025-10-04 12:00:00,2025-10-05 06:00:00,False,none
train,2170,2025275N22068,2025-10-04 09:00:00,2025-10-03 09:00:00,2025-10-04 09:00:00,2025-10-04 15:00:00,2025-10-05 09:00:00,False,none
train,2171,2025275N22068,2025-10-04 12:00:00,2025-10-03 12:00:00,2025-10-04 12:00:00,2025-10-04 18:00:00,2025-10-05 12:00:00,False,none
train,2172,2025275N22068,2025-10-04 15:00:00,2025-10-03 15:00:00,2025-10-04 15:00:00,2025-10-04 21:00:00,2025-10-05 15:00:00,False,none
train,2173,2025275N22068,2025-10-04 18:00:00,2025-10-03 18:00:00,2025-10-04 18:00:00,2025-10-05 00:00:00,2025-10-05 18:00:00,False,none
train,2174,2025275N22068,2025-10-04 21:00:00,2025-10-03 21:00:00,2025-10-04 21:00:00,2025-10-05 03:00:00,2025-10-05 21:00:00,False,none
train,2175,2025275N22068,2025-10-05 00:00:00,2025-10-04 00:00:00,2025-10-05 00:00:00,2025-10-05 06:00:00,2025-10-06 00:00:00,False,none
train,2176,2025275N22068,2025-10-05 03:00:00,2025-10-04 03:00:00,2025-10-05 03:00:00,2025-10-05 09:00:00,2025-10-06 03:00:00,False,none
train,2177,2025275N22068,2025-10-05 06:00:00,2025-10-04 06:00:00,2025-10-05 06:00:00,2025-10-05 12:00:00,2025-10-06 06:00:00,False,none
train,2178,2025275N22068,2025-10-05 09:00:00,2025-10-04 09:00:00,2025-10-05 09:00:00,2025-10-05 15:00:00,2025-10-06 09:00:00,False,none
train,2179,2025275N22068,2025-10-05 12:00:00,2025-10-04 12:00:00,2025-10-05 12:00:00,2025-10-05 18:00:00,2025-10-06 12:00:00,False,none
train,2180,2025275N22068,2025-10-05 15:00:00,2025-10-04 15:00:00,2025-10-05 15:00:00,2025-10-05 21:00:00,2025-10-06 15:00:00,False,none
train,2181,2025275N22068,2025-10-05 18:00:00,2025-10-04 18:00:00,2025-10-05 18:00:00,2025-10-06 00:00:00,2025-10-06 18:00:00,False,none
train,2182,2025275N22068,2025-10-05 21:00:00,2025-10-04 21:00:00,2025-10-05 21:00:00,2025-10-06 03:00:00,2025-10-06 21:00:00,False,none
train,2183,2025275N22068,2025-10-06 00:00:00,2025-10-05 00:00:00,2025-10-06 00:00:00,2025-10-06 06:00:00,2025-10-07 00:00:00,False,none
train,2184,2025275N22068,2025-10-06 03:00:00,2025-10-05 03:00:00,2025-10-06 03:00:00,2025-10-06 09:00:00,2025-10-07 03:00:00,False,none
train,2185,2025275N22068,2025-10-06 06:00:00,2025-10-05 06:00:00,2025-10-06 06:00:00,2025-10-06 12:00:00,2025-10-07 06:00:00,False,none
train,2186,2025295N09068,2025-10-23 00:00:00,2025-10-22 00:00:00,2025-10-23 00:00:00,2025-10-23 06:00:00,2025-10-24 00:00:00,False,none
train,2187,2025295N09068,2025-10-23 03:00:00,2025-10-22 03:00:00,2025-10-23 03:00:00,2025-10-23 09:00:00,2025-10-24 03:00:00,False,none
train,2188,2025295N09068,2025-10-23 06:00:00,2025-10-22 06:00:00,2025-10-23 06:00:00,2025-10-23 12:00:00,2025-10-24 06:00:00,False,none
train,2189,2025295N09068,2025-10-23 09:00:00,2025-10-22 09:00:00,2025-10-23 09:00:00,2025-10-23 15:00:00,2025-10-24 09:00:00,False,none
train,2190,2025295N09068,2025-10-23 12:00:00,2025-10-22 12:00:00,2025-10-23 12:00:00,2025-10-23 18:00:00,2025-10-24 12:00:00,False,none
train,2191,2025295N09068,2025-10-23 15:00:00,2025-10-22 15:00:00,2025-10-23 15:00:00,2025-10-23 21:00:00,2025-10-24 15:00:00,False,none
train,2192,2025295N09068,2025-10-23 18:00:00,2025-10-22 18:00:00,2025-10-23 18:00:00,2025-10-24 00:00:00,2025-10-24 18:00:00,False,none
train,2193,2025295N09068,2025-10-23 21:00:00,2025-10-22 21:00:00,2025-10-23 21:00:00,2025-10-24 03:00:00,2025-10-24 21:00:00,False,none
train,2194,2025295N09068,2025-10-24 00:00:00,2025-10-23 00:00:00,2025-10-24 00:00:00,2025-10-24 06:00:00,2025-10-25 00:00:00,False,none
train,2195,2025295N09068,2025-10-24 03:00:00,2025-10-23 03:00:00,2025-10-24 03:00:00,2025-10-24 09:00:00,2025-10-25 03:00:00,False,none
train,2196,2025295N09068,2025-10-24 06:00:00,2025-10-23 06:00:00,2025-10-24 06:00:00,2025-10-24 12:00:00,2025-10-25 06:00:00,False,none
train,2197,2025295N09068,2025-10-24 09:00:00,2025-10-23 09:00:00,2025-10-24 09:00:00,2025-10-24 15:00:00,2025-10-25 09:00:00,False,none
train,2198,2025295N09068,2025-10-24 12:00:00,2025-10-23 12:00:00,2025-10-24 12:00:00,2025-10-24 18:00:00,2025-10-25 12:00:00,False,none
train,2199,2025295N09068,2025-10-24 15:00:00,2025-10-23 15:00:00,2025-10-24 15:00:00,2025-10-24 21:00:00,2025-10-25 15:00:00,False,none
train,2200,2025295N09068,2025-10-24 18:00:00,2025-10-23 18:00:00,2025-10-24 18:00:00,2025-10-25 00:00:00,2025-10-25 18:00:00,False,none
train,2201,2025295N09068,2025-10-24 21:00:00,2025-10-23 21:00:00,2025-10-24 21:00:00,2025-10-25 03:00:00,2025-10-25 21:00:00,False,none
train,2202,2025295N09068,2025-10-25 00:00:00,2025-10-24 00:00:00,2025-10-25 00:00:00,2025-10-25 06:00:00,2025-10-26 00:00:00,False,none
train,2203,2025295N09068,2025-10-25 03:00:00,2025-10-24 03:00:00,2025-10-25 03:00:00,2025-10-25 09:00:00,2025-10-26 03:00:00,False,none
train,2204,2025295N09068,2025-10-25 06:00:00,2025-10-24 06:00:00,2025-10-25 06:00:00,2025-10-25 12:00:00,2025-10-26 06:00:00,False,none
train,2205,2025295N09068,2025-10-25 09:00:00,2025-10-24 09:00:00,2025-10-25 09:00:00,2025-10-25 15:00:00,2025-10-26 09:00:00,False,none
train,2206,2025295N09068,2025-10-25 12:00:00,2025-10-24 12:00:00,2025-10-25 12:00:00,2025-10-25 18:00:00,2025-10-26 12:00:00,False,none
train,2207,2025295N09068,2025-10-25 15:00:00,2025-10-24 15:00:00,2025-10-25 15:00:00,2025-10-25 21:00:00,2025-10-26 15:00:00,False,none
train,2208,2025295N09068,2025-10-25 18:00:00,2025-10-24 18:00:00,2025-10-25 18:00:00,2025-10-26 00:00:00,2025-10-26 18:00:00,False,none
train,2209,2025295N09068,2025-10-25 21:00:00,2025-10-24 21:00:00,2025-10-25 21:00:00,2025-10-26 03:00:00,2025-10-26 21:00:00,False,none
train,2210,2025295N09068,2025-10-26 00:00:00,2025-10-25 00:00:00,2025-10-26 00:00:00,2025-10-26 06:00:00,2025-10-27 00:00:00,False,none
train,2211,2025295N09068,2025-10-26 03:00:00,2025-10-25 03:00:00,2025-10-26 03:00:00,2025-10-26 09:00:00,2025-10-27 03:00:00,False,none
train,2212,2025295N09068,2025-10-26 06:00:00,2025-10-25 06:00:00,2025-10-26 06:00:00,2025-10-26 12:00:00,2025-10-27 06:00:00,False,none
train,2213,2025295N09068,2025-10-26 09:00:00,2025-10-25 09:00:00,2025-10-26 09:00:00,2025-10-26 15:00:00,2025-10-27 09:00:00,False,none
train,2214,2025295N09068,2025-10-26 12:00:00,2025-10-25 12:00:00,2025-10-26 12:00:00,2025-10-26 18:00:00,2025-10-27 12:00:00,False,none
train,2215,2025295N09068,2025-10-26 15:00:00,2025-10-25 15:00:00,2025-10-26 15:00:00,2025-10-26 21:00:00,2025-10-27 15:00:00,False,none
train,2216,2025295N09068,2025-10-26 18:00:00,2025-10-25 18:00:00,2025-10-26 18:00:00,2025-10-27 00:00:00,2025-10-27 18:00:00,False,none
train,2217,2025295N09068,2025-10-26 21:00:00,2025-10-25 21:00:00,2025-10-26 21:00:00,2025-10-27 03:00:00,2025-10-27 21:00:00,False,none
train,2218,2025295N09068,2025-10-27 00:00:00,2025-10-26 00:00:00,2025-10-27 00:00:00,2025-10-27 06:00:00,2025-10-28 00:00:00,False,none
train,2219,2025295N09068,2025-10-27 03:00:00,2025-10-26 03:00:00,2025-10-27 03:00:00,2025-10-27 09:00:00,2025-10-28 03:00:00,False,none
train,2220,2025295N09068,2025-10-27 06:00:00,2025-10-26 06:00:00,2025-10-27 06:00:00,2025-10-27 12:00:00,2025-10-28 06:00:00,False,none
train,2221,2025295N09068,2025-10-27 09:00:00,2025-10-26 09:00:00,2025-10-27 09:00:00,2025-10-27 15:00:00,2025-10-28 09:00:00,False,none
train,2222,2025295N09068,2025-10-27 12:00:00,2025-10-26 12:00:00,2025-10-27 12:00:00,2025-10-27 18:00:00,2025-10-28 12:00:00,False,none
train,2223,2025295N09068,2025-10-27 15:00:00,2025-10-26 15:00:00,2025-10-27 15:00:00,2025-10-27 21:00:00,2025-10-28 15:00:00,False,none
train,2224,2025295N09068,2025-10-27 18:00:00,2025-10-26 18:00:00,2025-10-27 18:00:00,2025-10-28 00:00:00,2025-10-28 18:00:00,False,none
train,2225,2025295N09068,2025-10-27 21:00:00,2025-10-26 21:00:00,2025-10-27 21:00:00,2025-10-28 03:00:00,2025-10-28 21:00:00,False,none
train,2226,2025295N09068,2025-10-28 00:00:00,2025-10-27 00:00:00,2025-10-28 00:00:00,2025-10-28 06:00:00,2025-10-29 00:00:00,False,none
train,2227,2025295N09068,2025-10-28 03:00:00,2025-10-27 03:00:00,2025-10-28 03:00:00,2025-10-28 09:00:00,2025-10-29 03:00:00,False,none
train,2228,2025295N09068,2025-10-28 06:00:00,2025-10-27 06:00:00,2025-10-28 06:00:00,2025-10-28 12:00:00,2025-10-29 06:00:00,False,none
train,2229,2025295N09068,2025-10-28 09:00:00,2025-10-27 09:00:00,2025-10-28 09:00:00,2025-10-28 15:00:00,2025-10-29 09:00:00,False,none
train,2230,2025295N09068,2025-10-28 12:00:00,2025-10-27 12:00:00,2025-10-28 12:00:00,2025-10-28 18:00:00,2025-10-29 12:00:00,False,none
train,2231,2025295N09068,2025-10-28 15:00:00,2025-10-27 15:00:00,2025-10-28 15:00:00,2025-10-28 21:00:00,2025-10-29 15:00:00,False,none
train,2232,2025295N09068,2025-10-28 18:00:00,2025-10-27 18:00:00,2025-10-28 18:00:00,2025-10-29 00:00:00,2025-10-29 18:00:00,False,none
train,2233,2025295N09068,2025-10-28 21:00:00,2025-10-27 21:00:00,2025-10-28 21:00:00,2025-10-29 03:00:00,2025-10-29 21:00:00,False,none
train,2234,2025295N09068,2025-10-29 00:00:00,2025-10-28 00:00:00,2025-10-29 00:00:00,2025-10-29 06:00:00,2025-10-30 00:00:00,False,none
train,2235,2025295N09068,2025-10-29 03:00:00,2025-10-28 03:00:00,2025-10-29 03:00:00,2025-10-29 09:00:00,2025-10-30 03:00:00,False,none
train,2236,2025295N09068,2025-10-29 06:00:00,2025-10-28 06:00:00,2025-10-29 06:00:00,2025-10-29 12:00:00,2025-10-30 06:00:00,False,none
train,2237,2025295N09068,2025-10-29 09:00:00,2025-10-28 09:00:00,2025-10-29 09:00:00,2025-10-29 15:00:00,2025-10-30 09:00:00,False,none
train,2238,2025295N09068,2025-10-29 12:00:00,2025-10-28 12:00:00,2025-10-29 12:00:00,2025-10-29 18:00:00,2025-10-30 12:00:00,False,none
train,2239,2025295N09068,2025-10-29 15:00:00,2025-10-28 15:00:00,2025-10-29 15:00:00,2025-10-29 21:00:00,2025-10-30 15:00:00,False,none
train,2240,2025295N09068,2025-10-29 18:00:00,2025-10-28 18:00:00,2025-10-29 18:00:00,2025-10-30 00:00:00,2025-10-30 18:00:00,False,none
train,2241,2025295N09068,2025-10-29 21:00:00,2025-10-28 21:00:00,2025-10-29 21:00:00,2025-10-30 03:00:00,2025-10-30 21:00:00,False,none
train,2242,2025295N09068,2025-10-30 00:00:00,2025-10-29 00:00:00,2025-10-30 00:00:00,2025-10-30 06:00:00,2025-10-31 00:00:00,False,none
train,2243,2025295N09068,2025-10-30 03:00:00,2025-10-29 03:00:00,2025-10-30 03:00:00,2025-10-30 09:00:00,2025-10-31 03:00:00,False,none
train,2244,2025295N09068,2025-10-30 06:00:00,2025-10-29 06:00:00,2025-10-30 06:00:00,2025-10-30 12:00:00,2025-10-31 06:00:00,False,none
train,2245,2025295N09068,2025-10-30 09:00:00,2025-10-29 09:00:00,2025-10-30 09:00:00,2025-10-30 15:00:00,2025-10-31 09:00:00,False,none
train,2246,2025295N09068,2025-10-30 12:00:00,2025-10-29 12:00:00,2025-10-30 12:00:00,2025-10-30 18:00:00,2025-10-31 12:00:00,False,none
train,2247,2025295N09068,2025-10-30 15:00:00,2025-10-29 15:00:00,2025-10-30 15:00:00,2025-10-30 21:00:00,2025-10-31 15:00:00,False,none
train,2248,2025295N09068,2025-10-30 18:00:00,2025-10-29 18:00:00,2025-10-30 18:00:00,2025-10-31 00:00:00,2025-10-31 18:00:00,False,none
train,2249,2025329N05100,2025-11-26 03:00:00,2025-11-25 03:00:00,2025-11-26 03:00:00,2025-11-26 09:00:00,2025-11-27 03:00:00,False,none
train,2250,2025329N05100,2025-11-26 06:00:00,2025-11-25 06:00:00,2025-11-26 06:00:00,2025-11-26 12:00:00,2025-11-27 06:00:00,False,none
train,2251,2025329N05100,2025-11-26 09:00:00,2025-11-25 09:00:00,2025-11-26 09:00:00,2025-11-26 15:00:00,2025-11-27 09:00:00,False,none
train,2252,2025329N05100,2025-11-26 12:00:00,2025-11-25 12:00:00,2025-11-26 12:00:00,2025-11-26 18:00:00,2025-11-27 12:00:00,False,none
train,2253,2025329N05100,2025-11-26 15:00:00,2025-11-25 15:00:00,2025-11-26 15:00:00,2025-11-26 21:00:00,2025-11-27 15:00:00,False,none
train,2254,2025329N05100,2025-11-26 18:00:00,2025-11-25 18:00:00,2025-11-26 18:00:00,2025-11-27 00:00:00,2025-11-27 18:00:00,False,none
train,2255,2025329N05100,2025-11-26 21:00:00,2025-11-25 21:00:00,2025-11-26 21:00:00,2025-11-27 03:00:00,2025-11-27 21:00:00,False,none
train,2256,2025329N05100,2025-11-27 00:00:00,2025-11-26 00:00:00,2025-11-27 00:00:00,2025-11-27 06:00:00,2025-11-28 00:00:00,False,none
train,2257,2025329N05100,2025-11-27 03:00:00,2025-11-26 03:00:00,2025-11-27 03:00:00,2025-11-27 09:00:00,2025-11-28 03:00:00,False,none
train,2258,2025329N05100,2025-11-27 06:00:00,2025-11-26 06:00:00,2025-11-27 06:00:00,2025-11-27 12:00:00,2025-11-28 06:00:00,False,none
train,2259,2025329N05100,2025-11-27 09:00:00,2025-11-26 09:00:00,2025-11-27 09:00:00,2025-11-27 15:00:00,2025-11-28 09:00:00,False,none
train,2260,2025329N05100,2025-11-27 12:00:00,2025-11-26 12:00:00,2025-11-27 12:00:00,2025-11-27 18:00:00,2025-11-28 12:00:00,False,none
train,2261,2025329N05100,2025-11-27 15:00:00,2025-11-26 15:00:00,2025-11-27 15:00:00,2025-11-27 21:00:00,2025-11-28 15:00:00,False,none
train,2262,2025329N05100,2025-11-27 18:00:00,2025-11-26 18:00:00,2025-11-27 18:00:00,2025-11-28 00:00:00,2025-11-28 18:00:00,False,none
train,2263,2025329N05100,2025-11-27 21:00:00,2025-11-26 21:00:00,2025-11-27 21:00:00,2025-11-28 03:00:00,2025-11-28 21:00:00,False,none
train,2264,2025329N05100,2025-11-28 00:00:00,2025-11-27 00:00:00,2025-11-28 00:00:00,2025-11-28 06:00:00,2025-11-29 00:00:00,False,none
train,2265,2025329N05100,2025-11-28 03:00:00,2025-11-27 03:00:00,2025-11-28 03:00:00,2025-11-28 09:00:00,2025-11-29 03:00:00,False,none
train,2266,2025329N05100,2025-11-28 06:00:00,2025-11-27 06:00:00,2025-11-28 06:00:00,2025-11-28 12:00:00,2025-11-29 06:00:00,False,none
train,2267,2025329N05100,2025-11-28 09:00:00,2025-11-27 09:00:00,2025-11-28 09:00:00,2025-11-28 15:00:00,2025-11-29 09:00:00,False,none
train,2268,2025329N05100,2025-11-28 12:00:00,2025-11-27 12:00:00,2025-11-28 12:00:00,2025-11-28 18:00:00,2025-11-29 12:00:00,False,none
train,2269,2025329N05100,2025-11-28 15:00:00,2025-11-27 15:00:00,2025-11-28 15:00:00,2025-11-28 21:00:00,2025-11-29 15:00:00,False,none
train,2270,2025329N05100,2025-11-28 18:00:00,2025-11-27 18:00:00,2025-11-28 18:00:00,2025-11-29 00:00:00,2025-11-29 18:00:00,False,none
train,2271,2025329N05100,2025-11-28 21:00:00,2025-11-27 21:00:00,2025-11-28 21:00:00,2025-11-29 03:00:00,2025-11-29 21:00:00,False,none
train,2272,2025329N05100,2025-11-29 00:00:00,2025-11-28 00:00:00,2025-11-29 00:00:00,2025-11-29 06:00:00,2025-11-30 00:00:00,False,none
train,2273,2025329N05100,2025-11-29 03:00:00,2025-11-28 03:00:00,2025-11-29 03:00:00,2025-11-29 09:00:00,2025-11-30 03:00:00,False,none
train,2274,2025329N05100,2025-11-29 06:00:00,2025-11-28 06:00:00,2025-11-29 06:00:00,2025-11-29 12:00:00,2025-11-30 06:00:00,False,none
val,0,2013310N06066,2013-11-07 00:00:00,2013-11-06 00:00:00,2013-11-07 00:00:00,2013-11-07 06:00:00,2013-11-08 00:00:00,False,none
val,1,2013310N06066,2013-11-07 03:00:00,2013-11-06 03:00:00,2013-11-07 03:00:00,2013-11-07 09:00:00,2013-11-08 03:00:00,False,none
val,2,2013310N06066,2013-11-07 06:00:00,2013-11-06 06:00:00,2013-11-07 06:00:00,2013-11-07 12:00:00,2013-11-08 06:00:00,False,none
val,3,2013310N06066,2013-11-07 09:00:00,2013-11-06 09:00:00,2013-11-07 09:00:00,2013-11-07 15:00:00,2013-11-08 09:00:00,False,none
val,4,2013310N06066,2013-11-07 12:00:00,2013-11-06 12:00:00,2013-11-07 12:00:00,2013-11-07 18:00:00,2013-11-08 12:00:00,False,none
val,5,2013310N06066,2013-11-07 15:00:00,2013-11-06 15:00:00,2013-11-07 15:00:00,2013-11-07 21:00:00,2013-11-08 15:00:00,False,none
val,6,2013310N06066,2013-11-07 18:00:00,2013-11-06 18:00:00,2013-11-07 18:00:00,2013-11-08 00:00:00,2013-11-08 18:00:00,False,none
val,7,2013310N06066,2013-11-07 21:00:00,2013-11-06 21:00:00,2013-11-07 21:00:00,2013-11-08 03:00:00,2013-11-08 21:00:00,False,none
val,8,2013310N06066,2013-11-08 00:00:00,2013-11-07 00:00:00,2013-11-08 00:00:00,2013-11-08 06:00:00,2013-11-09 00:00:00,False,none
val,9,2013310N06066,2013-11-08 03:00:00,2013-11-07 03:00:00,2013-11-08 03:00:00,2013-11-08 09:00:00,2013-11-09 03:00:00,False,none
val,10,2013310N06066,2013-11-08 06:00:00,2013-11-07 06:00:00,2013-11-08 06:00:00,2013-11-08 12:00:00,2013-11-09 06:00:00,False,none
val,11,2013310N06066,2013-11-08 09:00:00,2013-11-07 09:00:00,2013-11-08 09:00:00,2013-11-08 15:00:00,2013-11-09 09:00:00,False,none
val,12,2013310N06066,2013-11-08 12:00:00,2013-11-07 12:00:00,2013-11-08 12:00:00,2013-11-08 18:00:00,2013-11-09 12:00:00,False,none
val,13,2013310N06066,2013-11-08 15:00:00,2013-11-07 15:00:00,2013-11-08 15:00:00,2013-11-08 21:00:00,2013-11-09 15:00:00,False,none
val,14,2013310N06066,2013-11-08 18:00:00,2013-11-07 18:00:00,2013-11-08 18:00:00,2013-11-09 00:00:00,2013-11-09 18:00:00,False,none
val,15,2013310N06066,2013-11-08 21:00:00,2013-11-07 21:00:00,2013-11-08 21:00:00,2013-11-09 03:00:00,2013-11-09 21:00:00,False,none
val,16,2013310N06066,2013-11-09 00:00:00,2013-11-08 00:00:00,2013-11-09 00:00:00,2013-11-09 06:00:00,2013-11-10 00:00:00,False,none
val,17,2013310N06066,2013-11-09 03:00:00,2013-11-08 03:00:00,2013-11-09 03:00:00,2013-11-09 09:00:00,2013-11-10 03:00:00,False,none
val,18,2013310N06066,2013-11-09 06:00:00,2013-11-08 06:00:00,2013-11-09 06:00:00,2013-11-09 12:00:00,2013-11-10 06:00:00,False,none
val,19,2013310N06066,2013-11-09 09:00:00,2013-11-08 09:00:00,2013-11-09 09:00:00,2013-11-09 15:00:00,2013-11-10 09:00:00,False,none
val,20,2013310N06066,2013-11-09 12:00:00,2013-11-08 12:00:00,2013-11-09 12:00:00,2013-11-09 18:00:00,2013-11-10 12:00:00,False,none
val,21,2013310N06066,2013-11-09 15:00:00,2013-11-08 15:00:00,2013-11-09 15:00:00,2013-11-09 21:00:00,2013-11-10 15:00:00,False,none
val,22,2013310N06066,2013-11-09 18:00:00,2013-11-08 18:00:00,2013-11-09 18:00:00,2013-11-10 00:00:00,2013-11-10 18:00:00,False,none
val,23,2013310N06066,2013-11-09 21:00:00,2013-11-08 21:00:00,2013-11-09 21:00:00,2013-11-10 03:00:00,2013-11-10 21:00:00,False,none
val,24,2013310N06066,2013-11-10 00:00:00,2013-11-09 00:00:00,2013-11-10 00:00:00,2013-11-10 06:00:00,2013-11-11 00:00:00,False,none
val,25,2013310N06066,2013-11-10 03:00:00,2013-11-09 03:00:00,2013-11-10 03:00:00,2013-11-10 09:00:00,2013-11-11 03:00:00,False,none
val,26,2013310N06066,2013-11-10 06:00:00,2013-11-09 06:00:00,2013-11-10 06:00:00,2013-11-10 12:00:00,2013-11-11 06:00:00,False,none
val,27,2013310N06066,2013-11-10 09:00:00,2013-11-09 09:00:00,2013-11-10 09:00:00,2013-11-10 15:00:00,2013-11-11 09:00:00,False,none
val,28,2013310N06066,2013-11-10 12:00:00,2013-11-09 12:00:00,2013-11-10 12:00:00,2013-11-10 18:00:00,2013-11-11 12:00:00,False,none
val,29,2013310N06066,2013-11-10 15:00:00,2013-11-09 15:00:00,2013-11-10 15:00:00,2013-11-10 21:00:00,2013-11-11 15:00:00,False,none
val,30,2013310N06066,2013-11-10 18:00:00,2013-11-09 18:00:00,2013-11-10 18:00:00,2013-11-11 00:00:00,2013-11-11 18:00:00,False,none
val,31,2013310N06066,2013-11-10 21:00:00,2013-11-09 21:00:00,2013-11-10 21:00:00,2013-11-11 03:00:00,2013-11-11 21:00:00,False,none
val,32,2013310N06066,2013-11-11 00:00:00,2013-11-10 00:00:00,2013-11-11 00:00:00,2013-11-11 06:00:00,2013-11-12 00:00:00,False,none
val,33,2017104N08085,2017-04-15 00:00:00,2017-04-14 00:00:00,2017-04-15 00:00:00,2017-04-15 06:00:00,2017-04-16 00:00:00,False,none
val,34,2017104N08085,2017-04-15 03:00:00,2017-04-14 03:00:00,2017-04-15 03:00:00,2017-04-15 09:00:00,2017-04-16 03:00:00,False,none
val,35,2017104N08085,2017-04-15 06:00:00,2017-04-14 06:00:00,2017-04-15 06:00:00,2017-04-15 12:00:00,2017-04-16 06:00:00,False,none
val,36,2017104N08085,2017-04-15 09:00:00,2017-04-14 09:00:00,2017-04-15 09:00:00,2017-04-15 15:00:00,2017-04-16 09:00:00,False,none
val,37,2017104N08085,2017-04-15 12:00:00,2017-04-14 12:00:00,2017-04-15 12:00:00,2017-04-15 18:00:00,2017-04-16 12:00:00,False,none
val,38,2017104N08085,2017-04-15 15:00:00,2017-04-14 15:00:00,2017-04-15 15:00:00,2017-04-15 21:00:00,2017-04-16 15:00:00,False,none
val,39,2017104N08085,2017-04-15 18:00:00,2017-04-14 18:00:00,2017-04-15 18:00:00,2017-04-16 00:00:00,2017-04-16 18:00:00,False,none
val,40,2017104N08085,2017-04-15 21:00:00,2017-04-14 21:00:00,2017-04-15 21:00:00,2017-04-16 03:00:00,2017-04-16 21:00:00,False,none
val,41,2017104N08085,2017-04-16 00:00:00,2017-04-15 00:00:00,2017-04-16 00:00:00,2017-04-16 06:00:00,2017-04-17 00:00:00,False,none
val,42,2018263N17089,2018-09-20 15:00:00,2018-09-19 15:00:00,2018-09-20 15:00:00,2018-09-20 21:00:00,2018-09-21 15:00:00,False,none
val,43,2018263N17089,2018-09-20 18:00:00,2018-09-19 18:00:00,2018-09-20 18:00:00,2018-09-21 00:00:00,2018-09-21 18:00:00,False,none
val,44,2018263N17089,2018-09-20 21:00:00,2018-09-19 21:00:00,2018-09-20 21:00:00,2018-09-21 03:00:00,2018-09-21 21:00:00,False,none
val,45,2018263N17089,2018-09-21 00:00:00,2018-09-20 00:00:00,2018-09-21 00:00:00,2018-09-21 06:00:00,2018-09-22 00:00:00,False,none
val,46,2018263N17089,2018-09-21 03:00:00,2018-09-20 03:00:00,2018-09-21 03:00:00,2018-09-21 09:00:00,2018-09-22 03:00:00,False,none
val,47,2018263N17089,2018-09-21 06:00:00,2018-09-20 06:00:00,2018-09-21 06:00:00,2018-09-21 12:00:00,2018-09-22 06:00:00,False,none
val,48,2018281N14088,2018-10-09 00:00:00,2018-10-08 00:00:00,2018-10-09 00:00:00,2018-10-09 06:00:00,2018-10-10 00:00:00,False,none
val,49,2018281N14088,2018-10-09 03:00:00,2018-10-08 03:00:00,2018-10-09 03:00:00,2018-10-09 09:00:00,2018-10-10 03:00:00,False,none
val,50,2018281N14088,2018-10-09 06:00:00,2018-10-08 06:00:00,2018-10-09 06:00:00,2018-10-09 12:00:00,2018-10-10 06:00:00,False,none
val,51,2018281N14088,2018-10-09 09:00:00,2018-10-08 09:00:00,2018-10-09 09:00:00,2018-10-09 15:00:00,2018-10-10 09:00:00,False,none
val,52,2018281N14088,2018-10-09 12:00:00,2018-10-08 12:00:00,2018-10-09 12:00:00,2018-10-09 18:00:00,2018-10-10 12:00:00,False,none
val,53,2018281N14088,2018-10-09 15:00:00,2018-10-08 15:00:00,2018-10-09 15:00:00,2018-10-09 21:00:00,2018-10-10 15:00:00,False,none
val,54,2018281N14088,2018-10-09 18:00:00,2018-10-08 18:00:00,2018-10-09 18:00:00,2018-10-10 00:00:00,2018-10-10 18:00:00,False,none
val,55,2018281N14088,2018-10-09 21:00:00,2018-10-08 21:00:00,2018-10-09 21:00:00,2018-10-10 03:00:00,2018-10-10 21:00:00,False,none
val,56,2018281N14088,2018-10-10 00:00:00,2018-10-09 00:00:00,2018-10-10 00:00:00,2018-10-10 06:00:00,2018-10-11 00:00:00,False,none
val,57,2018281N14088,2018-10-10 03:00:00,2018-10-09 03:00:00,2018-10-10 03:00:00,2018-10-10 09:00:00,2018-10-11 03:00:00,False,none
val,58,2018281N14088,2018-10-10 06:00:00,2018-10-09 06:00:00,2018-10-10 06:00:00,2018-10-10 12:00:00,2018-10-11 06:00:00,False,none
val,59,2018281N14088,2018-10-10 09:00:00,2018-10-09 09:00:00,2018-10-10 09:00:00,2018-10-10 15:00:00,2018-10-11 09:00:00,False,none
val,60,2018281N14088,2018-10-10 12:00:00,2018-10-09 12:00:00,2018-10-10 12:00:00,2018-10-10 18:00:00,2018-10-11 12:00:00,False,none
val,61,2018281N14088,2018-10-10 15:00:00,2018-10-09 15:00:00,2018-10-10 15:00:00,2018-10-10 21:00:00,2018-10-11 15:00:00,False,none
val,62,2018281N14088,2018-10-10 18:00:00,2018-10-09 18:00:00,2018-10-10 18:00:00,2018-10-11 00:00:00,2018-10-11 18:00:00,False,none
val,63,2018281N14088,2018-10-10 21:00:00,2018-10-09 21:00:00,2018-10-10 21:00:00,2018-10-11 03:00:00,2018-10-11 21:00:00,False,none
val,64,2018281N14088,2018-10-11 00:00:00,2018-10-10 00:00:00,2018-10-11 00:00:00,2018-10-11 06:00:00,2018-10-12 00:00:00,False,none
val,65,2018281N14088,2018-10-11 03:00:00,2018-10-10 03:00:00,2018-10-11 03:00:00,2018-10-11 09:00:00,2018-10-12 03:00:00,False,none
val,66,2018281N14088,2018-10-11 06:00:00,2018-10-10 06:00:00,2018-10-11 06:00:00,2018-10-11 12:00:00,2018-10-12 06:00:00,False,none
val,67,2018281N14088,2018-10-11 09:00:00,2018-10-10 09:00:00,2018-10-11 09:00:00,2018-10-11 15:00:00,2018-10-12 09:00:00,False,none
val,68,2018281N14088,2018-10-11 12:00:00,2018-10-10 12:00:00,2018-10-11 12:00:00,2018-10-11 18:00:00,2018-10-12 12:00:00,False,none
val,69,2018281N14088,2018-10-11 15:00:00,2018-10-10 15:00:00,2018-10-11 15:00:00,2018-10-11 21:00:00,2018-10-12 15:00:00,False,none
val,70,2018281N14088,2018-10-11 18:00:00,2018-10-10 18:00:00,2018-10-11 18:00:00,2018-10-12 00:00:00,2018-10-12 18:00:00,False,none
val,71,2018281N14088,2018-10-11 21:00:00,2018-10-10 21:00:00,2018-10-11 21:00:00,2018-10-12 03:00:00,2018-10-12 21:00:00,False,none
val,72,2018347N07089,2018-12-14 00:00:00,2018-12-13 00:00:00,2018-12-14 00:00:00,2018-12-14 06:00:00,2018-12-15 00:00:00,False,none
val,73,2018347N07089,2018-12-14 03:00:00,2018-12-13 03:00:00,2018-12-14 03:00:00,2018-12-14 09:00:00,2018-12-15 03:00:00,False,none
val,74,2018347N07089,2018-12-14 06:00:00,2018-12-13 06:00:00,2018-12-14 06:00:00,2018-12-14 12:00:00,2018-12-15 06:00:00,False,none
val,75,2018347N07089,2018-12-14 09:00:00,2018-12-13 09:00:00,2018-12-14 09:00:00,2018-12-14 15:00:00,2018-12-15 09:00:00,False,none
val,76,2018347N07089,2018-12-14 12:00:00,2018-12-13 12:00:00,2018-12-14 12:00:00,2018-12-14 18:00:00,2018-12-15 12:00:00,False,none
val,77,2018347N07089,2018-12-14 15:00:00,2018-12-13 15:00:00,2018-12-14 15:00:00,2018-12-14 21:00:00,2018-12-15 15:00:00,False,none
val,78,2018347N07089,2018-12-14 18:00:00,2018-12-13 18:00:00,2018-12-14 18:00:00,2018-12-15 00:00:00,2018-12-15 18:00:00,False,none
val,79,2018347N07089,2018-12-14 21:00:00,2018-12-13 21:00:00,2018-12-14 21:00:00,2018-12-15 03:00:00,2018-12-15 21:00:00,False,none
val,80,2018347N07089,2018-12-15 00:00:00,2018-12-14 00:00:00,2018-12-15 00:00:00,2018-12-15 06:00:00,2018-12-16 00:00:00,False,none
val,81,2018347N07089,2018-12-15 03:00:00,2018-12-14 03:00:00,2018-12-15 03:00:00,2018-12-15 09:00:00,2018-12-16 03:00:00,False,none
val,82,2018347N07089,2018-12-15 06:00:00,2018-12-14 06:00:00,2018-12-15 06:00:00,2018-12-15 12:00:00,2018-12-16 06:00:00,False,none
val,83,2018347N07089,2018-12-15 09:00:00,2018-12-14 09:00:00,2018-12-15 09:00:00,2018-12-15 15:00:00,2018-12-16 09:00:00,False,none
val,84,2018347N07089,2018-12-15 12:00:00,2018-12-14 12:00:00,2018-12-15 12:00:00,2018-12-15 18:00:00,2018-12-16 12:00:00,False,none
val,85,2018347N07089,2018-12-15 15:00:00,2018-12-14 15:00:00,2018-12-15 15:00:00,2018-12-15 21:00:00,2018-12-16 15:00:00,False,none
val,86,2018347N07089,2018-12-15 18:00:00,2018-12-14 18:00:00,2018-12-15 18:00:00,2018-12-16 00:00:00,2018-12-16 18:00:00,False,none
val,87,2018347N07089,2018-12-15 21:00:00,2018-12-14 21:00:00,2018-12-15 21:00:00,2018-12-16 03:00:00,2018-12-16 21:00:00,False,none
val,88,2018347N07089,2018-12-16 00:00:00,2018-12-15 00:00:00,2018-12-16 00:00:00,2018-12-16 06:00:00,2018-12-17 00:00:00,False,none
val,89,2018347N07089,2018-12-16 03:00:00,2018-12-15 03:00:00,2018-12-16 03:00:00,2018-12-16 09:00:00,2018-12-17 03:00:00,False,none
val,90,2018347N07089,2018-12-16 06:00:00,2018-12-15 06:00:00,2018-12-16 06:00:00,2018-12-16 12:00:00,2018-12-17 06:00:00,False,none
val,91,2018347N07089,2018-12-16 09:00:00,2018-12-15 09:00:00,2018-12-16 09:00:00,2018-12-16 15:00:00,2018-12-17 09:00:00,False,none
val,92,2018347N07089,2018-12-16 12:00:00,2018-12-15 12:00:00,2018-12-16 12:00:00,2018-12-16 18:00:00,2018-12-17 12:00:00,False,none
val,93,2018347N07089,2018-12-16 15:00:00,2018-12-15 15:00:00,2018-12-16 15:00:00,2018-12-16 21:00:00,2018-12-17 15:00:00,False,none
val,94,2018347N07089,2018-12-16 18:00:00,2018-12-15 18:00:00,2018-12-16 18:00:00,2018-12-17 00:00:00,2018-12-17 18:00:00,False,none
val,95,2019302N11118,2019-10-29 12:00:00,2019-10-28 12:00:00,2019-10-29 12:00:00,2019-10-29 18:00:00,2019-10-30 12:00:00,False,none
val,96,2019302N11118,2019-10-29 15:00:00,2019-10-28 15:00:00,2019-10-29 15:00:00,2019-10-29 21:00:00,2019-10-30 15:00:00,False,none
val,97,2019302N11118,2019-10-29 18:00:00,2019-10-28 18:00:00,2019-10-29 18:00:00,2019-10-30 00:00:00,2019-10-30 18:00:00,False,none
val,98,2019302N11118,2019-10-29 21:00:00,2019-10-28 21:00:00,2019-10-29 21:00:00,2019-10-30 03:00:00,2019-10-30 21:00:00,False,none
val,99,2019302N11118,2019-10-30 00:00:00,2019-10-29 00:00:00,2019-10-30 00:00:00,2019-10-30 06:00:00,2019-10-31 00:00:00,False,none
val,100,2019302N11118,2019-10-30 03:00:00,2019-10-29 03:00:00,2019-10-30 03:00:00,2019-10-30 09:00:00,2019-10-31 03:00:00,False,none
val,101,2019302N11118,2019-10-30 06:00:00,2019-10-29 06:00:00,2019-10-30 06:00:00,2019-10-30 12:00:00,2019-10-31 06:00:00,False,none
val,102,2019302N11118,2019-10-30 09:00:00,2019-10-29 09:00:00,2019-10-30 09:00:00,2019-10-30 15:00:00,2019-10-31 09:00:00,False,none
val,103,2019302N11118,2019-10-30 12:00:00,2019-10-29 12:00:00,2019-10-30 12:00:00,2019-10-30 18:00:00,2019-10-31 12:00:00,False,none
val,104,2019302N11118,2019-10-30 15:00:00,2019-10-29 15:00:00,2019-10-30 15:00:00,2019-10-30 21:00:00,2019-10-31 15:00:00,False,none
val,105,2019302N11118,2019-10-30 18:00:00,2019-10-29 18:00:00,2019-10-30 18:00:00,2019-10-31 00:00:00,2019-10-31 18:00:00,False,none
val,106,2019302N11118,2019-10-30 21:00:00,2019-10-29 21:00:00,2019-10-30 21:00:00,2019-10-31 03:00:00,2019-10-31 21:00:00,False,none
val,107,2019302N11118,2019-10-31 00:00:00,2019-10-30 00:00:00,2019-10-31 00:00:00,2019-10-31 06:00:00,2019-11-01 00:00:00,False,none
val,108,2019302N11118,2019-10-31 03:00:00,2019-10-30 03:00:00,2019-10-31 03:00:00,2019-10-31 09:00:00,2019-11-01 03:00:00,False,none
val,109,2019302N11118,2019-10-31 06:00:00,2019-10-30 06:00:00,2019-10-31 06:00:00,2019-10-31 12:00:00,2019-11-01 06:00:00,False,none
val,110,2019302N11118,2019-10-31 09:00:00,2019-10-30 09:00:00,2019-10-31 09:00:00,2019-10-31 15:00:00,2019-11-01 09:00:00,False,none
val,111,2019302N11118,2019-10-31 12:00:00,2019-10-30 12:00:00,2019-10-31 12:00:00,2019-10-31 18:00:00,2019-11-01 12:00:00,False,none
val,112,2019302N11118,2019-10-31 15:00:00,2019-10-30 15:00:00,2019-10-31 15:00:00,2019-10-31 21:00:00,2019-11-01 15:00:00,False,none
val,113,2019302N11118,2019-10-31 18:00:00,2019-10-30 18:00:00,2019-10-31 18:00:00,2019-11-01 00:00:00,2019-11-01 18:00:00,False,none
val,114,2019302N11118,2019-10-31 21:00:00,2019-10-30 21:00:00,2019-10-31 21:00:00,2019-11-01 03:00:00,2019-11-01 21:00:00,False,none
val,115,2019302N11118,2019-11-01 00:00:00,2019-10-31 00:00:00,2019-11-01 00:00:00,2019-11-01 06:00:00,2019-11-02 00:00:00,False,none
val,116,2019302N11118,2019-11-01 03:00:00,2019-10-31 03:00:00,2019-11-01 03:00:00,2019-11-01 09:00:00,2019-11-02 03:00:00,False,none
val,117,2019302N11118,2019-11-01 06:00:00,2019-10-31 06:00:00,2019-11-01 06:00:00,2019-11-01 12:00:00,2019-11-02 06:00:00,False,none
val,118,2019302N11118,2019-11-01 09:00:00,2019-10-31 09:00:00,2019-11-01 09:00:00,2019-11-01 15:00:00,2019-11-02 09:00:00,False,none
val,119,2019302N11118,2019-11-01 12:00:00,2019-10-31 12:00:00,2019-11-01 12:00:00,2019-11-01 18:00:00,2019-11-02 12:00:00,False,none
val,120,2019302N11118,2019-11-01 15:00:00,2019-10-31 15:00:00,2019-11-01 15:00:00,2019-11-01 21:00:00,2019-11-02 15:00:00,False,none
val,121,2019302N11118,2019-11-01 18:00:00,2019-10-31 18:00:00,2019-11-01 18:00:00,2019-11-02 00:00:00,2019-11-02 18:00:00,False,none
val,122,2019302N11118,2019-11-01 21:00:00,2019-10-31 21:00:00,2019-11-01 21:00:00,2019-11-02 03:00:00,2019-11-02 21:00:00,False,none
val,123,2019302N11118,2019-11-02 00:00:00,2019-11-01 00:00:00,2019-11-02 00:00:00,2019-11-02 06:00:00,2019-11-03 00:00:00,False,none
val,124,2019302N11118,2019-11-02 03:00:00,2019-11-01 03:00:00,2019-11-02 03:00:00,2019-11-02 09:00:00,2019-11-03 03:00:00,False,none
val,125,2019302N11118,2019-11-02 06:00:00,2019-11-01 06:00:00,2019-11-02 06:00:00,2019-11-02 12:00:00,2019-11-03 06:00:00,False,none
val,126,2019302N11118,2019-11-02 09:00:00,2019-11-01 09:00:00,2019-11-02 09:00:00,2019-11-02 15:00:00,2019-11-03 09:00:00,False,none
val,127,2019302N11118,2019-11-02 12:00:00,2019-11-01 12:00:00,2019-11-02 12:00:00,2019-11-02 18:00:00,2019-11-03 12:00:00,False,none
val,128,2019302N11118,2019-11-02 15:00:00,2019-11-01 15:00:00,2019-11-02 15:00:00,2019-11-02 21:00:00,2019-11-03 15:00:00,False,none
val,129,2019302N11118,2019-11-02 18:00:00,2019-11-01 18:00:00,2019-11-02 18:00:00,2019-11-03 00:00:00,2019-11-03 18:00:00,False,none
val,130,2019302N11118,2019-11-02 21:00:00,2019-11-01 21:00:00,2019-11-02 21:00:00,2019-11-03 03:00:00,2019-11-03 21:00:00,False,none
val,131,2019302N11118,2019-11-03 00:00:00,2019-11-02 00:00:00,2019-11-03 00:00:00,2019-11-03 06:00:00,2019-11-04 00:00:00,False,none
val,132,2019302N11118,2019-11-03 03:00:00,2019-11-02 03:00:00,2019-11-03 03:00:00,2019-11-03 09:00:00,2019-11-04 03:00:00,False,none
val,133,2019302N11118,2019-11-03 06:00:00,2019-11-02 06:00:00,2019-11-03 06:00:00,2019-11-03 12:00:00,2019-11-04 06:00:00,False,none
val,134,2019302N11118,2019-11-03 09:00:00,2019-11-02 09:00:00,2019-11-03 09:00:00,2019-11-03 15:00:00,2019-11-04 09:00:00,False,none
val,135,2019302N11118,2019-11-03 12:00:00,2019-11-02 12:00:00,2019-11-03 12:00:00,2019-11-03 18:00:00,2019-11-04 12:00:00,False,none
val,136,2019302N11118,2019-11-03 15:00:00,2019-11-02 15:00:00,2019-11-03 15:00:00,2019-11-03 21:00:00,2019-11-04 15:00:00,False,none
val,137,2019302N11118,2019-11-03 18:00:00,2019-11-02 18:00:00,2019-11-03 18:00:00,2019-11-04 00:00:00,2019-11-04 18:00:00,False,none
val,138,2019302N11118,2019-11-03 21:00:00,2019-11-02 21:00:00,2019-11-03 21:00:00,2019-11-04 03:00:00,2019-11-04 21:00:00,False,none
val,139,2019302N11118,2019-11-04 00:00:00,2019-11-03 00:00:00,2019-11-04 00:00:00,2019-11-04 06:00:00,2019-11-05 00:00:00,False,none
val,140,2019302N11118,2019-11-04 03:00:00,2019-11-03 03:00:00,2019-11-04 03:00:00,2019-11-04 09:00:00,2019-11-05 03:00:00,False,none
val,141,2019302N11118,2019-11-04 06:00:00,2019-11-03 06:00:00,2019-11-04 06:00:00,2019-11-04 12:00:00,2019-11-05 06:00:00,False,none
val,142,2019302N11118,2019-11-04 09:00:00,2019-11-03 09:00:00,2019-11-04 09:00:00,2019-11-04 15:00:00,2019-11-05 09:00:00,False,none
val,143,2019302N11118,2019-11-04 12:00:00,2019-11-03 12:00:00,2019-11-04 12:00:00,2019-11-04 18:00:00,2019-11-05 12:00:00,False,none
val,144,2019302N11118,2019-11-04 15:00:00,2019-11-03 15:00:00,2019-11-04 15:00:00,2019-11-04 21:00:00,2019-11-05 15:00:00,False,none
val,145,2019302N11118,2019-11-04 18:00:00,2019-11-03 18:00:00,2019-11-04 18:00:00,2019-11-05 00:00:00,2019-11-05 18:00:00,False,none
val,146,2019302N11118,2019-11-04 21:00:00,2019-11-03 21:00:00,2019-11-04 21:00:00,2019-11-05 03:00:00,2019-11-05 21:00:00,False,none
val,147,2019302N11118,2019-11-05 00:00:00,2019-11-04 00:00:00,2019-11-05 00:00:00,2019-11-05 06:00:00,2019-11-06 00:00:00,False,none
val,148,2019302N11118,2019-11-05 03:00:00,2019-11-04 03:00:00,2019-11-05 03:00:00,2019-11-05 09:00:00,2019-11-06 03:00:00,False,none
val,149,2019302N11118,2019-11-05 06:00:00,2019-11-04 06:00:00,2019-11-05 06:00:00,2019-11-05 12:00:00,2019-11-06 06:00:00,False,none
val,150,2019302N11118,2019-11-05 09:00:00,2019-11-04 09:00:00,2019-11-05 09:00:00,2019-11-05 15:00:00,2019-11-06 09:00:00,False,none
val,151,2019302N11118,2019-11-05 12:00:00,2019-11-04 12:00:00,2019-11-05 12:00:00,2019-11-05 18:00:00,2019-11-06 12:00:00,False,none
val,152,2019302N11118,2019-11-05 15:00:00,2019-11-04 15:00:00,2019-11-05 15:00:00,2019-11-05 21:00:00,2019-11-06 15:00:00,False,none
val,153,2019302N11118,2019-11-05 18:00:00,2019-11-04 18:00:00,2019-11-05 18:00:00,2019-11-06 00:00:00,2019-11-06 18:00:00,False,none
val,154,2019302N11118,2019-11-05 21:00:00,2019-11-04 21:00:00,2019-11-05 21:00:00,2019-11-06 03:00:00,2019-11-06 21:00:00,False,none
val,155,2019302N11118,2019-11-06 00:00:00,2019-11-05 00:00:00,2019-11-06 00:00:00,2019-11-06 06:00:00,2019-11-07 00:00:00,False,none
val,156,2019302N11118,2019-11-06 03:00:00,2019-11-05 03:00:00,2019-11-06 03:00:00,2019-11-06 09:00:00,2019-11-07 03:00:00,False,none
val,157,2019302N11118,2019-11-06 06:00:00,2019-11-05 06:00:00,2019-11-06 06:00:00,2019-11-06 12:00:00,2019-11-07 06:00:00,False,none
val,158,2019302N11118,2019-11-06 09:00:00,2019-11-05 09:00:00,2019-11-06 09:00:00,2019-11-06 15:00:00,2019-11-07 09:00:00,False,none
val,159,2019302N11118,2019-11-06 12:00:00,2019-11-05 12:00:00,2019-11-06 12:00:00,2019-11-06 18:00:00,2019-11-07 12:00:00,False,none
val,160,2019302N11118,2019-11-06 15:00:00,2019-11-05 15:00:00,2019-11-06 15:00:00,2019-11-06 21:00:00,2019-11-07 15:00:00,False,none
val,161,2019302N11118,2019-11-06 18:00:00,2019-11-05 18:00:00,2019-11-06 18:00:00,2019-11-07 00:00:00,2019-11-07 18:00:00,False,none
val,162,2019302N11118,2019-11-06 21:00:00,2019-11-05 21:00:00,2019-11-06 21:00:00,2019-11-07 03:00:00,2019-11-07 21:00:00,False,none
val,163,2019302N11118,2019-11-07 00:00:00,2019-11-06 00:00:00,2019-11-07 00:00:00,2019-11-07 06:00:00,2019-11-08 00:00:00,False,none
val,164,2019302N11118,2019-11-07 03:00:00,2019-11-06 03:00:00,2019-11-07 03:00:00,2019-11-07 09:00:00,2019-11-08 03:00:00,False,none
val,165,2019302N11118,2019-11-07 06:00:00,2019-11-06 06:00:00,2019-11-07 06:00:00,2019-11-07 12:00:00,2019-11-08 06:00:00,False,none
val,166,2019302N11118,2019-11-07 09:00:00,2019-11-06 09:00:00,2019-11-07 09:00:00,2019-11-07 15:00:00,2019-11-08 09:00:00,False,none
val,167,2019302N11118,2019-11-07 12:00:00,2019-11-06 12:00:00,2019-11-07 12:00:00,2019-11-07 18:00:00,2019-11-08 12:00:00,False,none
val,168,2019302N11118,2019-11-07 15:00:00,2019-11-06 15:00:00,2019-11-07 15:00:00,2019-11-07 21:00:00,2019-11-08 15:00:00,False,none
val,169,2019302N11118,2019-11-07 18:00:00,2019-11-06 18:00:00,2019-11-07 18:00:00,2019-11-08 00:00:00,2019-11-08 18:00:00,False,none
val,170,2019302N11118,2019-11-07 21:00:00,2019-11-06 21:00:00,2019-11-07 21:00:00,2019-11-08 03:00:00,2019-11-08 21:00:00,False,none
val,171,2019302N11118,2019-11-08 00:00:00,2019-11-07 00:00:00,2019-11-08 00:00:00,2019-11-08 06:00:00,2019-11-09 00:00:00,False,none
val,172,2019302N11118,2019-11-08 03:00:00,2019-11-07 03:00:00,2019-11-08 03:00:00,2019-11-08 09:00:00,2019-11-09 03:00:00,False,none
val,173,2019302N11118,2019-11-08 06:00:00,2019-11-07 06:00:00,2019-11-08 06:00:00,2019-11-08 12:00:00,2019-11-09 06:00:00,False,none
val,174,2019302N11118,2019-11-08 09:00:00,2019-11-07 09:00:00,2019-11-08 09:00:00,2019-11-08 15:00:00,2019-11-09 09:00:00,False,none
val,175,2019302N11118,2019-11-08 12:00:00,2019-11-07 12:00:00,2019-11-08 12:00:00,2019-11-08 18:00:00,2019-11-09 12:00:00,False,none
val,176,2019302N11118,2019-11-08 15:00:00,2019-11-07 15:00:00,2019-11-08 15:00:00,2019-11-08 21:00:00,2019-11-09 15:00:00,False,none
val,177,2019302N11118,2019-11-08 18:00:00,2019-11-07 18:00:00,2019-11-08 18:00:00,2019-11-09 00:00:00,2019-11-09 18:00:00,False,none
val,178,2019302N11118,2019-11-08 21:00:00,2019-11-07 21:00:00,2019-11-08 21:00:00,2019-11-09 03:00:00,2019-11-09 21:00:00,False,none
val,179,2019302N11118,2019-11-09 00:00:00,2019-11-08 00:00:00,2019-11-09 00:00:00,2019-11-09 06:00:00,2019-11-10 00:00:00,False,none
val,180,2019302N11118,2019-11-09 03:00:00,2019-11-08 03:00:00,2019-11-09 03:00:00,2019-11-09 09:00:00,2019-11-10 03:00:00,False,none
val,181,2019302N11118,2019-11-09 06:00:00,2019-11-08 06:00:00,2019-11-09 06:00:00,2019-11-09 12:00:00,2019-11-10 06:00:00,False,none
val,182,2019302N11118,2019-11-09 09:00:00,2019-11-08 09:00:00,2019-11-09 09:00:00,2019-11-09 15:00:00,2019-11-10 09:00:00,False,none
val,183,2019302N11118,2019-11-09 12:00:00,2019-11-08 12:00:00,2019-11-09 12:00:00,2019-11-09 18:00:00,2019-11-10 12:00:00,False,none
val,184,2019302N11118,2019-11-09 15:00:00,2019-11-08 15:00:00,2019-11-09 15:00:00,2019-11-09 21:00:00,2019-11-10 15:00:00,False,none
val,185,2019302N11118,2019-11-09 18:00:00,2019-11-08 18:00:00,2019-11-09 18:00:00,2019-11-10 00:00:00,2019-11-10 18:00:00,False,none
val,186,2019302N11118,2019-11-09 21:00:00,2019-11-08 21:00:00,2019-11-09 21:00:00,2019-11-10 03:00:00,2019-11-10 21:00:00,False,none
val,187,2019302N11118,2019-11-10 00:00:00,2019-11-09 00:00:00,2019-11-10 00:00:00,2019-11-10 06:00:00,2019-11-11 00:00:00,False,none
val,188,2020285N15087,2020-10-12 00:00:00,2020-10-11 00:00:00,2020-10-12 00:00:00,2020-10-12 06:00:00,2020-10-13 00:00:00,False,none
val,189,2020285N15087,2020-10-12 03:00:00,2020-10-11 03:00:00,2020-10-12 03:00:00,2020-10-12 09:00:00,2020-10-13 03:00:00,False,none
val,190,2020285N15087,2020-10-12 06:00:00,2020-10-11 06:00:00,2020-10-12 06:00:00,2020-10-12 12:00:00,2020-10-13 06:00:00,False,none
val,191,2020285N15087,2020-10-12 09:00:00,2020-10-11 09:00:00,2020-10-12 09:00:00,2020-10-12 15:00:00,2020-10-13 09:00:00,False,none
val,192,2020285N15087,2020-10-12 12:00:00,2020-10-11 12:00:00,2020-10-12 12:00:00,2020-10-12 18:00:00,2020-10-13 12:00:00,False,none
val,193,2020285N15087,2020-10-12 15:00:00,2020-10-11 15:00:00,2020-10-12 15:00:00,2020-10-12 21:00:00,2020-10-13 15:00:00,False,none
val,194,2020285N15087,2020-10-12 18:00:00,2020-10-11 18:00:00,2020-10-12 18:00:00,2020-10-13 00:00:00,2020-10-13 18:00:00,False,none
val,195,2020285N15087,2020-10-12 21:00:00,2020-10-11 21:00:00,2020-10-12 21:00:00,2020-10-13 03:00:00,2020-10-13 21:00:00,False,none
val,196,2020285N15087,2020-10-13 00:00:00,2020-10-12 00:00:00,2020-10-13 00:00:00,2020-10-13 06:00:00,2020-10-14 00:00:00,False,none
val,197,2020285N15087,2020-10-13 03:00:00,2020-10-12 03:00:00,2020-10-13 03:00:00,2020-10-13 09:00:00,2020-10-14 03:00:00,False,none
val,198,2020285N15087,2020-10-13 06:00:00,2020-10-12 06:00:00,2020-10-13 06:00:00,2020-10-13 12:00:00,2020-10-14 06:00:00,False,none
val,199,2021267N18094,2021-09-24 18:00:00,2021-09-23 18:00:00,2021-09-24 18:00:00,2021-09-25 00:00:00,2021-09-25 18:00:00,False,none
val,200,2021267N18094,2021-09-24 21:00:00,2021-09-23 21:00:00,2021-09-24 21:00:00,2021-09-25 03:00:00,2021-09-25 21:00:00,False,none
val,201,2021267N18094,2021-09-25 00:00:00,2021-09-24 00:00:00,2021-09-25 00:00:00,2021-09-25 06:00:00,2021-09-26 00:00:00,False,none
val,202,2021267N18094,2021-09-25 03:00:00,2021-09-24 03:00:00,2021-09-25 03:00:00,2021-09-25 09:00:00,2021-09-26 03:00:00,False,none
val,203,2021267N18094,2021-09-25 06:00:00,2021-09-24 06:00:00,2021-09-25 06:00:00,2021-09-25 12:00:00,2021-09-26 06:00:00,False,none
val,204,2021267N18094,2021-09-25 09:00:00,2021-09-24 09:00:00,2021-09-25 09:00:00,2021-09-25 15:00:00,2021-09-26 09:00:00,False,none
val,205,2021267N18094,2021-09-25 12:00:00,2021-09-24 12:00:00,2021-09-25 12:00:00,2021-09-25 18:00:00,2021-09-26 12:00:00,False,none
val,206,2021267N18094,2021-09-25 15:00:00,2021-09-24 15:00:00,2021-09-25 15:00:00,2021-09-25 21:00:00,2021-09-26 15:00:00,False,none
val,207,2021267N18094,2021-09-25 18:00:00,2021-09-24 18:00:00,2021-09-25 18:00:00,2021-09-26 00:00:00,2021-09-26 18:00:00,False,none
val,208,2021267N18094,2021-09-25 21:00:00,2021-09-24 21:00:00,2021-09-25 21:00:00,2021-09-26 03:00:00,2021-09-26 21:00:00,False,none
val,209,2021267N18094,2021-09-26 00:00:00,2021-09-25 00:00:00,2021-09-26 00:00:00,2021-09-26 06:00:00,2021-09-27 00:00:00,False,none
val,210,2021267N18094,2021-09-26 03:00:00,2021-09-25 03:00:00,2021-09-26 03:00:00,2021-09-26 09:00:00,2021-09-27 03:00:00,False,none
val,211,2021267N18094,2021-09-26 06:00:00,2021-09-25 06:00:00,2021-09-26 06:00:00,2021-09-26 12:00:00,2021-09-27 06:00:00,False,none
val,212,2021267N18094,2021-09-26 09:00:00,2021-09-25 09:00:00,2021-09-26 09:00:00,2021-09-26 15:00:00,2021-09-27 09:00:00,False,none
val,213,2021267N18094,2021-09-26 12:00:00,2021-09-25 12:00:00,2021-09-26 12:00:00,2021-09-26 18:00:00,2021-09-27 12:00:00,False,none
val,214,2021267N18094,2021-09-26 15:00:00,2021-09-25 15:00:00,2021-09-26 15:00:00,2021-09-26 21:00:00,2021-09-27 15:00:00,False,none
val,215,2021267N18094,2021-09-26 18:00:00,2021-09-25 18:00:00,2021-09-26 18:00:00,2021-09-27 00:00:00,2021-09-27 18:00:00,False,none
val,216,2021267N18094,2021-09-26 21:00:00,2021-09-25 21:00:00,2021-09-26 21:00:00,2021-09-27 03:00:00,2021-09-27 21:00:00,False,none
val,217,2021267N18094,2021-09-27 00:00:00,2021-09-26 00:00:00,2021-09-27 00:00:00,2021-09-27 06:00:00,2021-09-28 00:00:00,False,none
val,218,2021267N18094,2021-09-27 03:00:00,2021-09-26 03:00:00,2021-09-27 03:00:00,2021-09-27 09:00:00,2021-09-28 03:00:00,False,none
val,219,2021267N18094,2021-09-27 06:00:00,2021-09-26 06:00:00,2021-09-27 06:00:00,2021-09-27 12:00:00,2021-09-28 06:00:00,False,none
val,220,2021267N18094,2021-09-27 09:00:00,2021-09-26 09:00:00,2021-09-27 09:00:00,2021-09-27 15:00:00,2021-09-28 09:00:00,False,none
val,221,2021267N18094,2021-09-27 12:00:00,2021-09-26 12:00:00,2021-09-27 12:00:00,2021-09-27 18:00:00,2021-09-28 12:00:00,False,none
val,222,2021267N18094,2021-09-27 15:00:00,2021-09-26 15:00:00,2021-09-27 15:00:00,2021-09-27 21:00:00,2021-09-28 15:00:00,False,none
val,223,2021267N18094,2021-09-27 18:00:00,2021-09-26 18:00:00,2021-09-27 18:00:00,2021-09-28 00:00:00,2021-09-28 18:00:00,False,none
val,224,2021267N18094,2021-09-27 21:00:00,2021-09-26 21:00:00,2021-09-27 21:00:00,2021-09-28 03:00:00,2021-09-28 21:00:00,False,none
val,225,2021267N18094,2021-09-28 00:00:00,2021-09-27 00:00:00,2021-09-28 00:00:00,2021-09-28 06:00:00,2021-09-29 00:00:00,False,none
val,226,2021267N18094,2021-09-28 03:00:00,2021-09-27 03:00:00,2021-09-28 03:00:00,2021-09-28 09:00:00,2021-09-29 03:00:00,False,none
val,227,2021267N18094,2021-09-28 06:00:00,2021-09-27 06:00:00,2021-09-28 06:00:00,2021-09-28 12:00:00,2021-09-29 06:00:00,False,none
val,228,2021267N18094,2021-09-28 09:00:00,2021-09-27 09:00:00,2021-09-28 09:00:00,2021-09-28 15:00:00,2021-09-29 09:00:00,False,none
val,229,2021267N18094,2021-09-28 12:00:00,2021-09-27 12:00:00,2021-09-28 12:00:00,2021-09-28 18:00:00,2021-09-29 12:00:00,False,none
val,230,2021267N18094,2021-09-28 15:00:00,2021-09-27 15:00:00,2021-09-28 15:00:00,2021-09-28 21:00:00,2021-09-29 15:00:00,False,none
val,231,2021267N18094,2021-09-28 18:00:00,2021-09-27 18:00:00,2021-09-28 18:00:00,2021-09-29 00:00:00,2021-09-29 18:00:00,False,none
val,232,2021267N18094,2021-09-28 21:00:00,2021-09-27 21:00:00,2021-09-28 21:00:00,2021-09-29 03:00:00,2021-09-29 21:00:00,False,none
val,233,2021267N18094,2021-09-29 00:00:00,2021-09-28 00:00:00,2021-09-29 00:00:00,2021-09-29 06:00:00,2021-09-30 00:00:00,False,none
val,234,2021267N18094,2021-09-29 03:00:00,2021-09-28 03:00:00,2021-09-29 03:00:00,2021-09-29 09:00:00,2021-09-30 03:00:00,False,none
val,235,2021267N18094,2021-09-29 06:00:00,2021-09-28 06:00:00,2021-09-29 06:00:00,2021-09-29 12:00:00,2021-09-30 06:00:00,False,none
val,236,2021267N18094,2021-09-29 09:00:00,2021-09-28 09:00:00,2021-09-29 09:00:00,2021-09-29 15:00:00,2021-09-30 09:00:00,False,none
val,237,2021267N18094,2021-09-29 12:00:00,2021-09-28 12:00:00,2021-09-29 12:00:00,2021-09-29 18:00:00,2021-09-30 12:00:00,False,none
val,238,2021267N18094,2021-09-29 15:00:00,2021-09-28 15:00:00,2021-09-29 15:00:00,2021-09-29 21:00:00,2021-09-30 15:00:00,False,none
val,239,2021267N18094,2021-09-29 18:00:00,2021-09-28 18:00:00,2021-09-29 18:00:00,2021-09-30 00:00:00,2021-09-30 18:00:00,False,none
val,240,2021267N18094,2021-09-29 21:00:00,2021-09-28 21:00:00,2021-09-29 21:00:00,2021-09-30 03:00:00,2021-09-30 21:00:00,False,none
val,241,2021267N18094,2021-09-30 00:00:00,2021-09-29 00:00:00,2021-09-30 00:00:00,2021-09-30 06:00:00,2021-10-01 00:00:00,False,none
val,242,2021267N18094,2021-09-30 03:00:00,2021-09-29 03:00:00,2021-09-30 03:00:00,2021-09-30 09:00:00,2021-10-01 03:00:00,False,none
val,243,2021267N18094,2021-09-30 06:00:00,2021-09-29 06:00:00,2021-09-30 06:00:00,2021-09-30 12:00:00,2021-10-01 06:00:00,False,none
val,244,2021267N18094,2021-09-30 09:00:00,2021-09-29 09:00:00,2021-09-30 09:00:00,2021-09-30 15:00:00,2021-10-01 09:00:00,False,none
val,245,2021267N18094,2021-09-30 12:00:00,2021-09-29 12:00:00,2021-09-30 12:00:00,2021-09-30 18:00:00,2021-10-01 12:00:00,False,none
val,246,2021267N18094,2021-09-30 15:00:00,2021-09-29 15:00:00,2021-09-30 15:00:00,2021-09-30 21:00:00,2021-10-01 15:00:00,False,none
val,247,2021267N18094,2021-09-30 18:00:00,2021-09-29 18:00:00,2021-09-30 18:00:00,2021-10-01 00:00:00,2021-10-01 18:00:00,False,none
val,248,2021267N18094,2021-09-30 21:00:00,2021-09-29 21:00:00,2021-09-30 21:00:00,2021-10-01 03:00:00,2021-10-01 21:00:00,False,none
val,249,2021267N18094,2021-10-01 00:00:00,2021-09-30 00:00:00,2021-10-01 00:00:00,2021-10-01 06:00:00,2021-10-02 00:00:00,False,none
val,250,2021267N18094,2021-10-01 03:00:00,2021-09-30 03:00:00,2021-10-01 03:00:00,2021-10-01 09:00:00,2021-10-02 03:00:00,False,none
val,251,2021267N18094,2021-10-01 06:00:00,2021-09-30 06:00:00,2021-10-01 06:00:00,2021-10-01 12:00:00,2021-10-02 06:00:00,False,none
val,252,2021267N18094,2021-10-01 09:00:00,2021-09-30 09:00:00,2021-10-01 09:00:00,2021-10-01 15:00:00,2021-10-02 09:00:00,False,none
val,253,2021267N18094,2021-10-01 12:00:00,2021-09-30 12:00:00,2021-10-01 12:00:00,2021-10-01 18:00:00,2021-10-02 12:00:00,False,none
val,254,2021267N18094,2021-10-01 15:00:00,2021-09-30 15:00:00,2021-10-01 15:00:00,2021-10-01 21:00:00,2021-10-02 15:00:00,False,none
val,255,2021267N18094,2021-10-01 18:00:00,2021-09-30 18:00:00,2021-10-01 18:00:00,2021-10-02 00:00:00,2021-10-02 18:00:00,False,none
val,256,2021267N18094,2021-10-01 21:00:00,2021-09-30 21:00:00,2021-10-01 21:00:00,2021-10-02 03:00:00,2021-10-02 21:00:00,False,none
val,257,2021267N18094,2021-10-02 00:00:00,2021-10-01 00:00:00,2021-10-02 00:00:00,2021-10-02 06:00:00,2021-10-03 00:00:00,False,none
val,258,2021267N18094,2021-10-02 03:00:00,2021-10-01 03:00:00,2021-10-02 03:00:00,2021-10-02 09:00:00,2021-10-03 03:00:00,False,none
val,259,2021267N18094,2021-10-02 06:00:00,2021-10-01 06:00:00,2021-10-02 06:00:00,2021-10-02 12:00:00,2021-10-03 06:00:00,False,none
val,260,2021267N18094,2021-10-02 09:00:00,2021-10-01 09:00:00,2021-10-02 09:00:00,2021-10-02 15:00:00,2021-10-03 09:00:00,False,none
val,261,2021267N18094,2021-10-02 12:00:00,2021-10-01 12:00:00,2021-10-02 12:00:00,2021-10-02 18:00:00,2021-10-03 12:00:00,False,none
val,262,2021267N18094,2021-10-02 15:00:00,2021-10-01 15:00:00,2021-10-02 15:00:00,2021-10-02 21:00:00,2021-10-03 15:00:00,False,none
val,263,2021267N18094,2021-10-02 18:00:00,2021-10-01 18:00:00,2021-10-02 18:00:00,2021-10-03 00:00:00,2021-10-03 18:00:00,False,none
val,264,2021267N18094,2021-10-02 21:00:00,2021-10-01 21:00:00,2021-10-02 21:00:00,2021-10-03 03:00:00,2021-10-03 21:00:00,False,none
val,265,2021267N18094,2021-10-03 00:00:00,2021-10-02 00:00:00,2021-10-03 00:00:00,2021-10-03 06:00:00,2021-10-04 00:00:00,False,none
val,266,2021267N18094,2021-10-03 03:00:00,2021-10-02 03:00:00,2021-10-03 03:00:00,2021-10-03 09:00:00,2021-10-04 03:00:00,False,none
val,267,2021267N18094,2021-10-03 06:00:00,2021-10-02 06:00:00,2021-10-03 06:00:00,2021-10-03 12:00:00,2021-10-04 06:00:00,False,none
val,268,2022324N10086,2022-11-21 00:00:00,2022-11-20 00:00:00,2022-11-21 00:00:00,2022-11-21 06:00:00,2022-11-22 00:00:00,False,none
val,269,2023212N19090,2023-07-31 12:00:00,2023-07-30 12:00:00,2023-07-31 12:00:00,2023-07-31 18:00:00,2023-08-01 12:00:00,False,none
val,270,2023212N19090,2023-07-31 15:00:00,2023-07-30 15:00:00,2023-07-31 15:00:00,2023-07-31 21:00:00,2023-08-01 15:00:00,False,none
val,271,2023212N19090,2023-07-31 18:00:00,2023-07-30 18:00:00,2023-07-31 18:00:00,2023-08-01 00:00:00,2023-08-01 18:00:00,False,none
val,272,2023212N19090,2023-07-31 21:00:00,2023-07-30 21:00:00,2023-07-31 21:00:00,2023-08-01 03:00:00,2023-08-01 21:00:00,False,none
val,273,2023212N19090,2023-08-01 00:00:00,2023-07-31 00:00:00,2023-08-01 00:00:00,2023-08-01 06:00:00,2023-08-02 00:00:00,False,none
val,274,2023212N19090,2023-08-01 03:00:00,2023-07-31 03:00:00,2023-08-01 03:00:00,2023-08-01 09:00:00,2023-08-02 03:00:00,False,none
val,275,2023212N19090,2023-08-01 06:00:00,2023-07-31 06:00:00,2023-08-01 06:00:00,2023-08-01 12:00:00,2023-08-02 06:00:00,False,none
val,276,2023212N19090,2023-08-01 09:00:00,2023-07-31 09:00:00,2023-08-01 09:00:00,2023-08-01 15:00:00,2023-08-02 09:00:00,False,none
val,277,2023212N19090,2023-08-01 12:00:00,2023-07-31 12:00:00,2023-08-01 12:00:00,2023-08-01 18:00:00,2023-08-02 12:00:00,False,none
val,278,2023212N19090,2023-08-01 15:00:00,2023-07-31 15:00:00,2023-08-01 15:00:00,2023-08-01 21:00:00,2023-08-02 15:00:00,False,none
val,279,2023212N19090,2023-08-01 18:00:00,2023-07-31 18:00:00,2023-08-01 18:00:00,2023-08-02 00:00:00,2023-08-02 18:00:00,False,none
val,280,2023212N19090,2023-08-01 21:00:00,2023-07-31 21:00:00,2023-08-01 21:00:00,2023-08-02 03:00:00,2023-08-02 21:00:00,False,none
val,281,2023212N19090,2023-08-02 00:00:00,2023-08-01 00:00:00,2023-08-02 00:00:00,2023-08-02 06:00:00,2023-08-03 00:00:00,False,none
val,282,2023212N19090,2023-08-02 03:00:00,2023-08-01 03:00:00,2023-08-02 03:00:00,2023-08-02 09:00:00,2023-08-03 03:00:00,False,none
val,283,2023212N19090,2023-08-02 06:00:00,2023-08-01 06:00:00,2023-08-02 06:00:00,2023-08-02 12:00:00,2023-08-03 06:00:00,False,none
val,284,2023293N12089,2023-10-21 06:00:00,2023-10-20 06:00:00,2023-10-21 06:00:00,2023-10-21 12:00:00,2023-10-22 06:00:00,False,none
val,285,2023293N12089,2023-10-21 09:00:00,2023-10-20 09:00:00,2023-10-21 09:00:00,2023-10-21 15:00:00,2023-10-22 09:00:00,False,none
val,286,2023293N12089,2023-10-21 12:00:00,2023-10-20 12:00:00,2023-10-21 12:00:00,2023-10-21 18:00:00,2023-10-22 12:00:00,False,none
val,287,2023293N12089,2023-10-21 15:00:00,2023-10-20 15:00:00,2023-10-21 15:00:00,2023-10-21 21:00:00,2023-10-22 15:00:00,False,none
val,288,2023293N12089,2023-10-21 18:00:00,2023-10-20 18:00:00,2023-10-21 18:00:00,2023-10-22 00:00:00,2023-10-22 18:00:00,False,none
val,289,2023293N12089,2023-10-21 21:00:00,2023-10-20 21:00:00,2023-10-21 21:00:00,2023-10-22 03:00:00,2023-10-22 21:00:00,False,none
val,290,2023293N12089,2023-10-22 00:00:00,2023-10-21 00:00:00,2023-10-22 00:00:00,2023-10-22 06:00:00,2023-10-23 00:00:00,False,none
val,291,2023293N12089,2023-10-22 03:00:00,2023-10-21 03:00:00,2023-10-22 03:00:00,2023-10-22 09:00:00,2023-10-23 03:00:00,False,none
val,292,2023293N12089,2023-10-22 06:00:00,2023-10-21 06:00:00,2023-10-22 06:00:00,2023-10-22 12:00:00,2023-10-23 06:00:00,False,none
val,293,2023293N12089,2023-10-22 09:00:00,2023-10-21 09:00:00,2023-10-22 09:00:00,2023-10-22 15:00:00,2023-10-23 09:00:00,False,none
val,294,2023293N12089,2023-10-22 12:00:00,2023-10-21 12:00:00,2023-10-22 12:00:00,2023-10-22 18:00:00,2023-10-23 12:00:00,False,none
val,295,2023293N12089,2023-10-22 15:00:00,2023-10-21 15:00:00,2023-10-22 15:00:00,2023-10-22 21:00:00,2023-10-23 15:00:00,False,none
val,296,2023293N12089,2023-10-22 18:00:00,2023-10-21 18:00:00,2023-10-22 18:00:00,2023-10-23 00:00:00,2023-10-23 18:00:00,False,none
val,297,2023293N12089,2023-10-22 21:00:00,2023-10-21 21:00:00,2023-10-22 21:00:00,2023-10-23 03:00:00,2023-10-23 21:00:00,False,none
val,298,2023293N12089,2023-10-23 00:00:00,2023-10-22 00:00:00,2023-10-23 00:00:00,2023-10-23 06:00:00,2023-10-24 00:00:00,False,none
val,299,2023293N12089,2023-10-23 03:00:00,2023-10-22 03:00:00,2023-10-23 03:00:00,2023-10-23 09:00:00,2023-10-24 03:00:00,False,none
val,300,2023293N12089,2023-10-23 06:00:00,2023-10-22 06:00:00,2023-10-23 06:00:00,2023-10-23 12:00:00,2023-10-24 06:00:00,False,none
val,301,2023293N12089,2023-10-23 09:00:00,2023-10-22 09:00:00,2023-10-23 09:00:00,2023-10-23 15:00:00,2023-10-24 09:00:00,False,none
val,302,2023293N12089,2023-10-23 12:00:00,2023-10-22 12:00:00,2023-10-23 12:00:00,2023-10-23 18:00:00,2023-10-24 12:00:00,False,none
val,303,2023293N12089,2023-10-23 15:00:00,2023-10-22 15:00:00,2023-10-23 15:00:00,2023-10-23 21:00:00,2023-10-24 15:00:00,False,none
val,304,2023293N12089,2023-10-23 18:00:00,2023-10-22 18:00:00,2023-10-23 18:00:00,2023-10-24 00:00:00,2023-10-24 18:00:00,False,none
val,305,2023293N12089,2023-10-23 21:00:00,2023-10-22 21:00:00,2023-10-23 21:00:00,2023-10-24 03:00:00,2023-10-24 21:00:00,False,none
val,306,2023293N12089,2023-10-24 00:00:00,2023-10-23 00:00:00,2023-10-24 00:00:00,2023-10-24 06:00:00,2023-10-25 00:00:00,False,none
val,307,2023293N12089,2023-10-24 03:00:00,2023-10-23 03:00:00,2023-10-24 03:00:00,2023-10-24 09:00:00,2023-10-25 03:00:00,False,none
val,308,2023293N12089,2023-10-24 06:00:00,2023-10-23 06:00:00,2023-10-24 06:00:00,2023-10-24 12:00:00,2023-10-25 06:00:00,False,none
val,309,2023317N10094,2023-11-14 06:00:00,2023-11-13 06:00:00,2023-11-14 06:00:00,2023-11-14 12:00:00,2023-11-15 06:00:00,False,none
val,310,2023317N10094,2023-11-14 09:00:00,2023-11-13 09:00:00,2023-11-14 09:00:00,2023-11-14 15:00:00,2023-11-15 09:00:00,False,none
val,311,2023317N10094,2023-11-14 12:00:00,2023-11-13 12:00:00,2023-11-14 12:00:00,2023-11-14 18:00:00,2023-11-15 12:00:00,False,none
val,312,2023317N10094,2023-11-14 15:00:00,2023-11-13 15:00:00,2023-11-14 15:00:00,2023-11-14 21:00:00,2023-11-15 15:00:00,False,none
val,313,2023317N10094,2023-11-14 18:00:00,2023-11-13 18:00:00,2023-11-14 18:00:00,2023-11-15 00:00:00,2023-11-15 18:00:00,False,none
val,314,2023317N10094,2023-11-14 21:00:00,2023-11-13 21:00:00,2023-11-14 21:00:00,2023-11-15 03:00:00,2023-11-15 21:00:00,False,none
val,315,2023317N10094,2023-11-15 00:00:00,2023-11-14 00:00:00,2023-11-15 00:00:00,2023-11-15 06:00:00,2023-11-16 00:00:00,False,none
val,316,2023317N10094,2023-11-15 03:00:00,2023-11-14 03:00:00,2023-11-15 03:00:00,2023-11-15 09:00:00,2023-11-16 03:00:00,False,none
val,317,2023317N10094,2023-11-15 06:00:00,2023-11-14 06:00:00,2023-11-15 06:00:00,2023-11-15 12:00:00,2023-11-16 06:00:00,False,none
val,318,2023317N10094,2023-11-15 09:00:00,2023-11-14 09:00:00,2023-11-15 09:00:00,2023-11-15 15:00:00,2023-11-16 09:00:00,False,none
val,319,2023317N10094,2023-11-15 12:00:00,2023-11-14 12:00:00,2023-11-15 12:00:00,2023-11-15 18:00:00,2023-11-16 12:00:00,False,none
val,320,2023317N10094,2023-11-15 15:00:00,2023-11-14 15:00:00,2023-11-15 15:00:00,2023-11-15 21:00:00,2023-11-16 15:00:00,False,none
val,321,2023317N10094,2023-11-15 18:00:00,2023-11-14 18:00:00,2023-11-15 18:00:00,2023-11-16 00:00:00,2023-11-16 18:00:00,False,none
val,322,2023317N10094,2023-11-15 21:00:00,2023-11-14 21:00:00,2023-11-15 21:00:00,2023-11-16 03:00:00,2023-11-16 21:00:00,False,none
val,323,2023317N10094,2023-11-16 00:00:00,2023-11-15 00:00:00,2023-11-16 00:00:00,2023-11-16 06:00:00,2023-11-17 00:00:00,False,none
val,324,2023317N10094,2023-11-16 03:00:00,2023-11-15 03:00:00,2023-11-16 03:00:00,2023-11-16 09:00:00,2023-11-17 03:00:00,False,none
val,325,2023317N10094,2023-11-16 06:00:00,2023-11-15 06:00:00,2023-11-16 06:00:00,2023-11-16 12:00:00,2023-11-17 06:00:00,False,none
val,326,2023317N10094,2023-11-16 09:00:00,2023-11-15 09:00:00,2023-11-16 09:00:00,2023-11-16 15:00:00,2023-11-17 09:00:00,False,none
val,327,2023317N10094,2023-11-16 12:00:00,2023-11-15 12:00:00,2023-11-16 12:00:00,2023-11-16 18:00:00,2023-11-17 12:00:00,False,none
val,328,2023317N10094,2023-11-16 15:00:00,2023-11-15 15:00:00,2023-11-16 15:00:00,2023-11-16 21:00:00,2023-11-17 15:00:00,False,none
val,329,2023317N10094,2023-11-16 18:00:00,2023-11-15 18:00:00,2023-11-16 18:00:00,2023-11-17 00:00:00,2023-11-17 18:00:00,False,none
val,330,2023317N10094,2023-11-16 21:00:00,2023-11-15 21:00:00,2023-11-16 21:00:00,2023-11-17 03:00:00,2023-11-17 21:00:00,False,none
val,331,2023317N10094,2023-11-17 00:00:00,2023-11-16 00:00:00,2023-11-17 00:00:00,2023-11-17 06:00:00,2023-11-18 00:00:00,False,none
val,332,2024295N15092,2024-10-22 06:00:00,2024-10-21 06:00:00,2024-10-22 06:00:00,2024-10-22 12:00:00,2024-10-23 06:00:00,False,none
val,333,2024295N15092,2024-10-22 09:00:00,2024-10-21 09:00:00,2024-10-22 09:00:00,2024-10-22 15:00:00,2024-10-23 09:00:00,False,none
val,334,2024295N15092,2024-10-22 12:00:00,2024-10-21 12:00:00,2024-10-22 12:00:00,2024-10-22 18:00:00,2024-10-23 12:00:00,False,none
val,335,2024295N15092,2024-10-22 15:00:00,2024-10-21 15:00:00,2024-10-22 15:00:00,2024-10-22 21:00:00,2024-10-23 15:00:00,False,none
val,336,2024295N15092,2024-10-22 18:00:00,2024-10-21 18:00:00,2024-10-22 18:00:00,2024-10-23 00:00:00,2024-10-23 18:00:00,False,none
val,337,2024295N15092,2024-10-22 21:00:00,2024-10-21 21:00:00,2024-10-22 21:00:00,2024-10-23 03:00:00,2024-10-23 21:00:00,False,none
val,338,2024295N15092,2024-10-23 00:00:00,2024-10-22 00:00:00,2024-10-23 00:00:00,2024-10-23 06:00:00,2024-10-24 00:00:00,False,none
val,339,2024295N15092,2024-10-23 03:00:00,2024-10-22 03:00:00,2024-10-23 03:00:00,2024-10-23 09:00:00,2024-10-24 03:00:00,False,none
val,340,2024295N15092,2024-10-23 06:00:00,2024-10-22 06:00:00,2024-10-23 06:00:00,2024-10-23 12:00:00,2024-10-24 06:00:00,False,none
val,341,2024295N15092,2024-10-23 09:00:00,2024-10-22 09:00:00,2024-10-23 09:00:00,2024-10-23 15:00:00,2024-10-24 09:00:00,False,none
val,342,2024295N15092,2024-10-23 12:00:00,2024-10-22 12:00:00,2024-10-23 12:00:00,2024-10-23 18:00:00,2024-10-24 12:00:00,False,none
val,343,2024295N15092,2024-10-23 15:00:00,2024-10-22 15:00:00,2024-10-23 15:00:00,2024-10-23 21:00:00,2024-10-24 15:00:00,False,none
val,344,2024295N15092,2024-10-23 18:00:00,2024-10-22 18:00:00,2024-10-23 18:00:00,2024-10-24 00:00:00,2024-10-24 18:00:00,False,none
val,345,2024295N15092,2024-10-23 21:00:00,2024-10-22 21:00:00,2024-10-23 21:00:00,2024-10-24 03:00:00,2024-10-24 21:00:00,False,none
val,346,2024295N15092,2024-10-24 00:00:00,2024-10-23 00:00:00,2024-10-24 00:00:00,2024-10-24 06:00:00,2024-10-25 00:00:00,False,none
val,347,2024295N15092,2024-10-24 03:00:00,2024-10-23 03:00:00,2024-10-24 03:00:00,2024-10-24 09:00:00,2024-10-25 03:00:00,False,none
val,348,2024295N15092,2024-10-24 06:00:00,2024-10-23 06:00:00,2024-10-24 06:00:00,2024-10-24 12:00:00,2024-10-25 06:00:00,False,none
val,349,2024295N15092,2024-10-24 09:00:00,2024-10-23 09:00:00,2024-10-24 09:00:00,2024-10-24 15:00:00,2024-10-25 09:00:00,False,none
val,350,2024295N15092,2024-10-24 12:00:00,2024-10-23 12:00:00,2024-10-24 12:00:00,2024-10-24 18:00:00,2024-10-25 12:00:00,False,none
val,351,2024295N15092,2024-10-24 15:00:00,2024-10-23 15:00:00,2024-10-24 15:00:00,2024-10-24 21:00:00,2024-10-25 15:00:00,False,none
val,352,2024295N15092,2024-10-24 18:00:00,2024-10-23 18:00:00,2024-10-24 18:00:00,2024-10-25 00:00:00,2024-10-25 18:00:00,False,none
val,353,2024295N15092,2024-10-24 21:00:00,2024-10-23 21:00:00,2024-10-24 21:00:00,2024-10-25 03:00:00,2024-10-25 21:00:00,False,none
val,354,2024295N15092,2024-10-25 00:00:00,2024-10-24 00:00:00,2024-10-25 00:00:00,2024-10-25 06:00:00,2024-10-26 00:00:00,False,none
val,355,2025298N11089,2025-10-26 00:00:00,2025-10-25 00:00:00,2025-10-26 00:00:00,2025-10-26 06:00:00,2025-10-27 00:00:00,False,none
val,356,2025298N11089,2025-10-26 03:00:00,2025-10-25 03:00:00,2025-10-26 03:00:00,2025-10-26 09:00:00,2025-10-27 03:00:00,False,none
val,357,2025298N11089,2025-10-26 06:00:00,2025-10-25 06:00:00,2025-10-26 06:00:00,2025-10-26 12:00:00,2025-10-27 06:00:00,False,none
val,358,2025298N11089,2025-10-26 09:00:00,2025-10-25 09:00:00,2025-10-26 09:00:00,2025-10-26 15:00:00,2025-10-27 09:00:00,False,none
val,359,2025298N11089,2025-10-26 12:00:00,2025-10-25 12:00:00,2025-10-26 12:00:00,2025-10-26 18:00:00,2025-10-27 12:00:00,False,none
val,360,2025298N11089,2025-10-26 15:00:00,2025-10-25 15:00:00,2025-10-26 15:00:00,2025-10-26 21:00:00,2025-10-27 15:00:00,False,none
val,361,2025298N11089,2025-10-26 18:00:00,2025-10-25 18:00:00,2025-10-26 18:00:00,2025-10-27 00:00:00,2025-10-27 18:00:00,False,none
val,362,2025298N11089,2025-10-26 21:00:00,2025-10-25 21:00:00,2025-10-26 21:00:00,2025-10-27 03:00:00,2025-10-27 21:00:00,False,none
val,363,2025298N11089,2025-10-27 00:00:00,2025-10-26 00:00:00,2025-10-27 00:00:00,2025-10-27 06:00:00,2025-10-28 00:00:00,False,none
val,364,2025298N11089,2025-10-27 03:00:00,2025-10-26 03:00:00,2025-10-27 03:00:00,2025-10-27 09:00:00,2025-10-28 03:00:00,False,none
val,365,2025298N11089,2025-10-27 06:00:00,2025-10-26 06:00:00,2025-10-27 06:00:00,2025-10-27 12:00:00,2025-10-28 06:00:00,False,none
val,366,2025298N11089,2025-10-27 09:00:00,2025-10-26 09:00:00,2025-10-27 09:00:00,2025-10-27 15:00:00,2025-10-28 09:00:00,False,none
val,367,2025298N11089,2025-10-27 12:00:00,2025-10-26 12:00:00,2025-10-27 12:00:00,2025-10-27 18:00:00,2025-10-28 12:00:00,False,none
val,368,2025298N11089,2025-10-27 15:00:00,2025-10-26 15:00:00,2025-10-27 15:00:00,2025-10-27 21:00:00,2025-10-28 15:00:00,False,none
val,369,2025298N11089,2025-10-27 18:00:00,2025-10-26 18:00:00,2025-10-27 18:00:00,2025-10-28 00:00:00,2025-10-28 18:00:00,False,none
val,370,2025298N11089,2025-10-27 21:00:00,2025-10-26 21:00:00,2025-10-27 21:00:00,2025-10-28 03:00:00,2025-10-28 21:00:00,False,none
val,371,2025298N11089,2025-10-28 00:00:00,2025-10-27 00:00:00,2025-10-28 00:00:00,2025-10-28 06:00:00,2025-10-29 00:00:00,False,none
val,372,2025298N11089,2025-10-28 03:00:00,2025-10-27 03:00:00,2025-10-28 03:00:00,2025-10-28 09:00:00,2025-10-29 03:00:00,False,none
val,373,2025298N11089,2025-10-28 06:00:00,2025-10-27 06:00:00,2025-10-28 06:00:00,2025-10-28 12:00:00,2025-10-29 06:00:00,False,none
val,374,2025298N11089,2025-10-28 09:00:00,2025-10-27 09:00:00,2025-10-28 09:00:00,2025-10-28 15:00:00,2025-10-29 09:00:00,False,none
val,375,2025298N11089,2025-10-28 12:00:00,2025-10-27 12:00:00,2025-10-28 12:00:00,2025-10-28 18:00:00,2025-10-29 12:00:00,False,none
val,376,2025298N11089,2025-10-28 15:00:00,2025-10-27 15:00:00,2025-10-28 15:00:00,2025-10-28 21:00:00,2025-10-29 15:00:00,False,none
val,377,2025298N11089,2025-10-28 18:00:00,2025-10-27 18:00:00,2025-10-28 18:00:00,2025-10-29 00:00:00,2025-10-29 18:00:00,False,none
test,0,2013149N21090,2013-05-30 03:00:00,2013-05-29 03:00:00,2013-05-30 03:00:00,2013-05-30 09:00:00,2013-05-31 03:00:00,False,none
test,1,2013149N21090,2013-05-30 06:00:00,2013-05-29 06:00:00,2013-05-30 06:00:00,2013-05-30 12:00:00,2013-05-31 06:00:00,False,none
test,2,2013149N21090,2013-05-30 09:00:00,2013-05-29 09:00:00,2013-05-30 09:00:00,2013-05-30 15:00:00,2013-05-31 09:00:00,False,none
test,3,2014216N21089,2014-08-04 12:00:00,2014-08-03 12:00:00,2014-08-04 12:00:00,2014-08-04 18:00:00,2014-08-05 12:00:00,False,none
test,4,2014216N21089,2014-08-04 15:00:00,2014-08-03 15:00:00,2014-08-04 15:00:00,2014-08-04 21:00:00,2014-08-05 15:00:00,False,none
test,5,2014216N21089,2014-08-04 18:00:00,2014-08-03 18:00:00,2014-08-04 18:00:00,2014-08-05 00:00:00,2014-08-05 18:00:00,False,none
test,6,2014216N21089,2014-08-04 21:00:00,2014-08-03 21:00:00,2014-08-04 21:00:00,2014-08-05 03:00:00,2014-08-05 21:00:00,False,none
test,7,2014216N21089,2014-08-05 00:00:00,2014-08-04 00:00:00,2014-08-05 00:00:00,2014-08-05 06:00:00,2014-08-06 00:00:00,False,none
test,8,2014216N21089,2014-08-05 03:00:00,2014-08-04 03:00:00,2014-08-05 03:00:00,2014-08-05 09:00:00,2014-08-06 03:00:00,False,none
test,9,2014216N21089,2014-08-05 06:00:00,2014-08-04 06:00:00,2014-08-05 06:00:00,2014-08-05 12:00:00,2014-08-06 06:00:00,False,none
test,10,2014216N21089,2014-08-05 09:00:00,2014-08-04 09:00:00,2014-08-05 09:00:00,2014-08-05 15:00:00,2014-08-06 09:00:00,False,none
test,11,2014216N21089,2014-08-05 12:00:00,2014-08-04 12:00:00,2014-08-05 12:00:00,2014-08-05 18:00:00,2014-08-06 12:00:00,False,none
test,12,2014216N21089,2014-08-05 15:00:00,2014-08-04 15:00:00,2014-08-05 15:00:00,2014-08-05 21:00:00,2014-08-06 15:00:00,False,none
test,13,2014216N21089,2014-08-05 18:00:00,2014-08-04 18:00:00,2014-08-05 18:00:00,2014-08-06 00:00:00,2014-08-06 18:00:00,False,none
test,14,2014216N21089,2014-08-05 21:00:00,2014-08-04 21:00:00,2014-08-05 21:00:00,2014-08-06 03:00:00,2014-08-06 21:00:00,False,none
test,15,2014216N21089,2014-08-06 00:00:00,2014-08-05 00:00:00,2014-08-06 00:00:00,2014-08-06 06:00:00,2014-08-07 00:00:00,False,none
test,16,2015173N20067,2015-06-23 03:00:00,2015-06-22 03:00:00,2015-06-23 03:00:00,2015-06-23 09:00:00,2015-06-24 03:00:00,False,none
test,17,2015173N20067,2015-06-23 06:00:00,2015-06-22 06:00:00,2015-06-23 06:00:00,2015-06-23 12:00:00,2015-06-24 06:00:00,False,none
test,18,2015173N20067,2015-06-23 09:00:00,2015-06-22 09:00:00,2015-06-23 09:00:00,2015-06-23 15:00:00,2015-06-24 09:00:00,False,none
test,19,2015173N20067,2015-06-23 12:00:00,2015-06-22 12:00:00,2015-06-23 12:00:00,2015-06-23 18:00:00,2015-06-24 12:00:00,False,none
test,20,2015173N20067,2015-06-23 15:00:00,2015-06-22 15:00:00,2015-06-23 15:00:00,2015-06-23 21:00:00,2015-06-24 15:00:00,False,none
test,21,2015173N20067,2015-06-23 18:00:00,2015-06-22 18:00:00,2015-06-23 18:00:00,2015-06-24 00:00:00,2015-06-24 18:00:00,False,none
test,22,2016341N08092,2016-12-07 06:00:00,2016-12-06 06:00:00,2016-12-07 06:00:00,2016-12-07 12:00:00,2016-12-08 06:00:00,False,none
test,23,2016341N08092,2016-12-07 09:00:00,2016-12-06 09:00:00,2016-12-07 09:00:00,2016-12-07 15:00:00,2016-12-08 09:00:00,False,none
test,24,2016341N08092,2016-12-07 12:00:00,2016-12-06 12:00:00,2016-12-07 12:00:00,2016-12-07 18:00:00,2016-12-08 12:00:00,False,none
test,25,2016341N08092,2016-12-07 15:00:00,2016-12-06 15:00:00,2016-12-07 15:00:00,2016-12-07 21:00:00,2016-12-08 15:00:00,False,none
test,26,2016341N08092,2016-12-07 18:00:00,2016-12-06 18:00:00,2016-12-07 18:00:00,2016-12-08 00:00:00,2016-12-08 18:00:00,False,none
test,27,2016341N08092,2016-12-07 21:00:00,2016-12-06 21:00:00,2016-12-07 21:00:00,2016-12-08 03:00:00,2016-12-08 21:00:00,False,none
test,28,2016341N08092,2016-12-08 00:00:00,2016-12-07 00:00:00,2016-12-08 00:00:00,2016-12-08 06:00:00,2016-12-09 00:00:00,False,none
test,29,2016341N08092,2016-12-08 03:00:00,2016-12-07 03:00:00,2016-12-08 03:00:00,2016-12-08 09:00:00,2016-12-09 03:00:00,False,none
test,30,2016341N08092,2016-12-08 06:00:00,2016-12-07 06:00:00,2016-12-08 06:00:00,2016-12-08 12:00:00,2016-12-09 06:00:00,False,none
test,31,2016341N08092,2016-12-08 09:00:00,2016-12-07 09:00:00,2016-12-08 09:00:00,2016-12-08 15:00:00,2016-12-09 09:00:00,False,none
test,32,2016341N08092,2016-12-08 12:00:00,2016-12-07 12:00:00,2016-12-08 12:00:00,2016-12-08 18:00:00,2016-12-09 12:00:00,False,none
test,33,2016341N08092,2016-12-08 15:00:00,2016-12-07 15:00:00,2016-12-08 15:00:00,2016-12-08 21:00:00,2016-12-09 15:00:00,False,none
test,34,2016341N08092,2016-12-08 18:00:00,2016-12-07 18:00:00,2016-12-08 18:00:00,2016-12-09 00:00:00,2016-12-09 18:00:00,False,none
test,35,2016341N08092,2016-12-08 21:00:00,2016-12-07 21:00:00,2016-12-08 21:00:00,2016-12-09 03:00:00,2016-12-09 21:00:00,False,none
test,36,2016341N08092,2016-12-09 00:00:00,2016-12-08 00:00:00,2016-12-09 00:00:00,2016-12-09 06:00:00,2016-12-10 00:00:00,False,none
test,37,2016341N08092,2016-12-09 03:00:00,2016-12-08 03:00:00,2016-12-09 03:00:00,2016-12-09 09:00:00,2016-12-10 03:00:00,False,none
test,38,2016341N08092,2016-12-09 06:00:00,2016-12-08 06:00:00,2016-12-09 06:00:00,2016-12-09 12:00:00,2016-12-10 06:00:00,False,none
test,39,2016341N08092,2016-12-09 09:00:00,2016-12-08 09:00:00,2016-12-09 09:00:00,2016-12-09 15:00:00,2016-12-10 09:00:00,False,none
test,40,2016341N08092,2016-12-09 12:00:00,2016-12-08 12:00:00,2016-12-09 12:00:00,2016-12-09 18:00:00,2016-12-10 12:00:00,False,none
test,41,2016341N08092,2016-12-09 15:00:00,2016-12-08 15:00:00,2016-12-09 15:00:00,2016-12-09 21:00:00,2016-12-10 15:00:00,False,none
test,42,2016341N08092,2016-12-09 18:00:00,2016-12-08 18:00:00,2016-12-09 18:00:00,2016-12-10 00:00:00,2016-12-10 18:00:00,False,none
test,43,2016341N08092,2016-12-09 21:00:00,2016-12-08 21:00:00,2016-12-09 21:00:00,2016-12-10 03:00:00,2016-12-10 21:00:00,False,none
test,44,2016341N08092,2016-12-10 00:00:00,2016-12-09 00:00:00,2016-12-10 00:00:00,2016-12-10 06:00:00,2016-12-11 00:00:00,False,none
test,45,2016341N08092,2016-12-10 03:00:00,2016-12-09 03:00:00,2016-12-10 03:00:00,2016-12-10 09:00:00,2016-12-11 03:00:00,False,none
test,46,2016341N08092,2016-12-10 06:00:00,2016-12-09 06:00:00,2016-12-10 06:00:00,2016-12-10 12:00:00,2016-12-11 06:00:00,False,none
test,47,2016341N08092,2016-12-10 09:00:00,2016-12-09 09:00:00,2016-12-10 09:00:00,2016-12-10 15:00:00,2016-12-11 09:00:00,False,none
test,48,2016341N08092,2016-12-10 12:00:00,2016-12-09 12:00:00,2016-12-10 12:00:00,2016-12-10 18:00:00,2016-12-11 12:00:00,False,none
test,49,2016341N08092,2016-12-10 15:00:00,2016-12-09 15:00:00,2016-12-10 15:00:00,2016-12-10 21:00:00,2016-12-11 15:00:00,False,none
test,50,2016341N08092,2016-12-10 18:00:00,2016-12-09 18:00:00,2016-12-10 18:00:00,2016-12-11 00:00:00,2016-12-11 18:00:00,False,none
test,51,2016341N08092,2016-12-10 21:00:00,2016-12-09 21:00:00,2016-12-10 21:00:00,2016-12-11 03:00:00,2016-12-11 21:00:00,False,none
test,52,2016341N08092,2016-12-11 00:00:00,2016-12-10 00:00:00,2016-12-11 00:00:00,2016-12-11 06:00:00,2016-12-12 00:00:00,False,none
test,53,2016341N08092,2016-12-11 03:00:00,2016-12-10 03:00:00,2016-12-11 03:00:00,2016-12-11 09:00:00,2016-12-12 03:00:00,False,none
test,54,2016341N08092,2016-12-11 06:00:00,2016-12-10 06:00:00,2016-12-11 06:00:00,2016-12-11 12:00:00,2016-12-12 06:00:00,False,none
test,55,2016341N08092,2016-12-11 09:00:00,2016-12-10 09:00:00,2016-12-11 09:00:00,2016-12-11 15:00:00,2016-12-12 09:00:00,False,none
test,56,2016341N08092,2016-12-11 12:00:00,2016-12-10 12:00:00,2016-12-11 12:00:00,2016-12-11 18:00:00,2016-12-12 12:00:00,False,none
test,57,2016341N08092,2016-12-11 15:00:00,2016-12-10 15:00:00,2016-12-11 15:00:00,2016-12-11 21:00:00,2016-12-12 15:00:00,False,none
test,58,2016341N08092,2016-12-11 18:00:00,2016-12-10 18:00:00,2016-12-11 18:00:00,2016-12-12 00:00:00,2016-12-12 18:00:00,False,none
test,59,2016341N08092,2016-12-11 21:00:00,2016-12-10 21:00:00,2016-12-11 21:00:00,2016-12-12 03:00:00,2016-12-12 21:00:00,False,none
test,60,2016341N08092,2016-12-12 00:00:00,2016-12-11 00:00:00,2016-12-12 00:00:00,2016-12-12 06:00:00,2016-12-13 00:00:00,False,none
test,61,2016341N08092,2016-12-12 03:00:00,2016-12-11 03:00:00,2016-12-12 03:00:00,2016-12-12 09:00:00,2016-12-13 03:00:00,False,none
test,62,2016341N08092,2016-12-12 06:00:00,2016-12-11 06:00:00,2016-12-12 06:00:00,2016-12-12 12:00:00,2016-12-13 06:00:00,False,none
test,63,2016341N08092,2016-12-12 09:00:00,2016-12-11 09:00:00,2016-12-12 09:00:00,2016-12-12 15:00:00,2016-12-13 09:00:00,False,none
test,64,2016341N08092,2016-12-12 12:00:00,2016-12-11 12:00:00,2016-12-12 12:00:00,2016-12-12 18:00:00,2016-12-13 12:00:00,False,none
test,65,2016341N08092,2016-12-12 15:00:00,2016-12-11 15:00:00,2016-12-12 15:00:00,2016-12-12 21:00:00,2016-12-13 15:00:00,False,none
test,66,2016341N08092,2016-12-12 18:00:00,2016-12-11 18:00:00,2016-12-12 18:00:00,2016-12-13 00:00:00,2016-12-13 18:00:00,False,none
test,67,2016341N08092,2016-12-12 21:00:00,2016-12-11 21:00:00,2016-12-12 21:00:00,2016-12-13 03:00:00,2016-12-13 21:00:00,False,none
test,68,2016341N08092,2016-12-13 00:00:00,2016-12-12 00:00:00,2016-12-13 00:00:00,2016-12-13 06:00:00,2016-12-14 00:00:00,False,none
test,69,2016341N08092,2016-12-13 03:00:00,2016-12-12 03:00:00,2016-12-13 03:00:00,2016-12-13 09:00:00,2016-12-14 03:00:00,False,none
test,70,2016341N08092,2016-12-13 06:00:00,2016-12-12 06:00:00,2016-12-13 06:00:00,2016-12-13 12:00:00,2016-12-14 06:00:00,False,none
test,71,2016341N08092,2016-12-13 09:00:00,2016-12-12 09:00:00,2016-12-13 09:00:00,2016-12-13 15:00:00,2016-12-14 09:00:00,False,none
test,72,2016341N08092,2016-12-13 12:00:00,2016-12-12 12:00:00,2016-12-13 12:00:00,2016-12-13 18:00:00,2016-12-14 12:00:00,False,none
test,73,2016341N08092,2016-12-13 15:00:00,2016-12-12 15:00:00,2016-12-13 15:00:00,2016-12-13 21:00:00,2016-12-14 15:00:00,False,none
test,74,2016341N08092,2016-12-13 18:00:00,2016-12-12 18:00:00,2016-12-13 18:00:00,2016-12-14 00:00:00,2016-12-14 18:00:00,False,none
test,75,2016341N08092,2016-12-13 21:00:00,2016-12-12 21:00:00,2016-12-13 21:00:00,2016-12-14 03:00:00,2016-12-14 21:00:00,False,none
test,76,2016341N08092,2016-12-14 00:00:00,2016-12-13 00:00:00,2016-12-14 00:00:00,2016-12-14 06:00:00,2016-12-15 00:00:00,False,none
test,77,2016341N08092,2016-12-14 03:00:00,2016-12-13 03:00:00,2016-12-14 03:00:00,2016-12-14 09:00:00,2016-12-15 03:00:00,False,none
test,78,2016341N08092,2016-12-14 06:00:00,2016-12-13 06:00:00,2016-12-14 06:00:00,2016-12-14 12:00:00,2016-12-15 06:00:00,False,none
test,79,2016341N08092,2016-12-14 09:00:00,2016-12-13 09:00:00,2016-12-14 09:00:00,2016-12-14 15:00:00,2016-12-15 09:00:00,False,none
test,80,2016341N08092,2016-12-14 12:00:00,2016-12-13 12:00:00,2016-12-14 12:00:00,2016-12-14 18:00:00,2016-12-15 12:00:00,False,none
test,81,2016341N08092,2016-12-14 15:00:00,2016-12-13 15:00:00,2016-12-14 15:00:00,2016-12-14 21:00:00,2016-12-15 15:00:00,False,none
test,82,2016341N08092,2016-12-14 18:00:00,2016-12-13 18:00:00,2016-12-14 18:00:00,2016-12-15 00:00:00,2016-12-15 18:00:00,False,none
test,83,2016341N08092,2016-12-14 21:00:00,2016-12-13 21:00:00,2016-12-14 21:00:00,2016-12-15 03:00:00,2016-12-15 21:00:00,False,none
test,84,2016341N08092,2016-12-15 00:00:00,2016-12-14 00:00:00,2016-12-15 00:00:00,2016-12-15 06:00:00,2016-12-16 00:00:00,False,none
test,85,2016341N08092,2016-12-15 03:00:00,2016-12-14 03:00:00,2016-12-15 03:00:00,2016-12-15 09:00:00,2016-12-16 03:00:00,False,none
test,86,2016341N08092,2016-12-15 06:00:00,2016-12-14 06:00:00,2016-12-15 06:00:00,2016-12-15 12:00:00,2016-12-16 06:00:00,False,none
test,87,2016341N08092,2016-12-15 09:00:00,2016-12-14 09:00:00,2016-12-15 09:00:00,2016-12-15 15:00:00,2016-12-16 09:00:00,False,none
test,88,2016341N08092,2016-12-15 12:00:00,2016-12-14 12:00:00,2016-12-15 12:00:00,2016-12-15 18:00:00,2016-12-16 12:00:00,False,none
test,89,2016341N08092,2016-12-15 15:00:00,2016-12-14 15:00:00,2016-12-15 15:00:00,2016-12-15 21:00:00,2016-12-16 15:00:00,False,none
test,90,2016341N08092,2016-12-15 18:00:00,2016-12-14 18:00:00,2016-12-15 18:00:00,2016-12-16 00:00:00,2016-12-16 18:00:00,False,none
test,91,2016341N08092,2016-12-15 21:00:00,2016-12-14 21:00:00,2016-12-15 21:00:00,2016-12-16 03:00:00,2016-12-16 21:00:00,False,none
test,92,2016341N08092,2016-12-16 00:00:00,2016-12-15 00:00:00,2016-12-16 00:00:00,2016-12-16 06:00:00,2016-12-17 00:00:00,False,none
test,93,2016341N08092,2016-12-16 03:00:00,2016-12-15 03:00:00,2016-12-16 03:00:00,2016-12-16 09:00:00,2016-12-17 03:00:00,False,none
test,94,2016341N08092,2016-12-16 06:00:00,2016-12-15 06:00:00,2016-12-16 06:00:00,2016-12-16 12:00:00,2016-12-17 06:00:00,False,none
test,95,2016341N08092,2016-12-16 09:00:00,2016-12-15 09:00:00,2016-12-16 09:00:00,2016-12-16 15:00:00,2016-12-17 09:00:00,False,none
test,96,2016341N08092,2016-12-16 12:00:00,2016-12-15 12:00:00,2016-12-16 12:00:00,2016-12-16 18:00:00,2016-12-17 12:00:00,False,none
test,97,2016341N08092,2016-12-16 15:00:00,2016-12-15 15:00:00,2016-12-16 15:00:00,2016-12-16 21:00:00,2016-12-17 15:00:00,False,none
test,98,2016341N08092,2016-12-16 18:00:00,2016-12-15 18:00:00,2016-12-16 18:00:00,2016-12-17 00:00:00,2016-12-17 18:00:00,False,none
test,99,2016341N08092,2016-12-16 21:00:00,2016-12-15 21:00:00,2016-12-16 21:00:00,2016-12-17 03:00:00,2016-12-17 21:00:00,False,none
test,100,2016341N08092,2016-12-17 00:00:00,2016-12-16 00:00:00,2016-12-17 00:00:00,2016-12-17 06:00:00,2016-12-18 00:00:00,False,none
test,101,2016341N08092,2016-12-17 03:00:00,2016-12-16 03:00:00,2016-12-17 03:00:00,2016-12-17 09:00:00,2016-12-18 03:00:00,False,none
test,102,2016341N08092,2016-12-17 06:00:00,2016-12-16 06:00:00,2016-12-17 06:00:00,2016-12-17 12:00:00,2016-12-18 06:00:00,False,none
test,103,2016341N08092,2016-12-17 09:00:00,2016-12-16 09:00:00,2016-12-17 09:00:00,2016-12-17 15:00:00,2016-12-18 09:00:00,False,none
test,104,2016341N08092,2016-12-17 12:00:00,2016-12-16 12:00:00,2016-12-17 12:00:00,2016-12-17 18:00:00,2016-12-18 12:00:00,False,none
test,105,2016341N08092,2016-12-17 15:00:00,2016-12-16 15:00:00,2016-12-17 15:00:00,2016-12-17 21:00:00,2016-12-18 15:00:00,False,none
test,106,2016341N08092,2016-12-17 18:00:00,2016-12-16 18:00:00,2016-12-17 18:00:00,2016-12-18 00:00:00,2016-12-18 18:00:00,False,none
test,107,2016341N08092,2016-12-17 21:00:00,2016-12-16 21:00:00,2016-12-17 21:00:00,2016-12-18 03:00:00,2016-12-18 21:00:00,False,none
test,108,2016341N08092,2016-12-18 00:00:00,2016-12-17 00:00:00,2016-12-18 00:00:00,2016-12-18 06:00:00,2016-12-19 00:00:00,False,none
test,109,2017333N06082,2017-11-29 18:00:00,2017-11-28 18:00:00,2017-11-29 18:00:00,2017-11-30 00:00:00,2017-11-30 18:00:00,False,none
test,110,2017333N06082,2017-11-29 21:00:00,2017-11-28 21:00:00,2017-11-29 21:00:00,2017-11-30 03:00:00,2017-11-30 21:00:00,False,none
test,111,2017333N06082,2017-11-30 00:00:00,2017-11-29 00:00:00,2017-11-30 00:00:00,2017-11-30 06:00:00,2017-12-01 00:00:00,False,none
test,112,2017333N06082,2017-11-30 03:00:00,2017-11-29 03:00:00,2017-11-30 03:00:00,2017-11-30 09:00:00,2017-12-01 03:00:00,False,none
test,113,2017333N06082,2017-11-30 06:00:00,2017-11-29 06:00:00,2017-11-30 06:00:00,2017-11-30 12:00:00,2017-12-01 06:00:00,False,none
test,114,2017333N06082,2017-11-30 09:00:00,2017-11-29 09:00:00,2017-11-30 09:00:00,2017-11-30 15:00:00,2017-12-01 09:00:00,False,none
test,115,2017333N06082,2017-11-30 12:00:00,2017-11-29 12:00:00,2017-11-30 12:00:00,2017-11-30 18:00:00,2017-12-01 12:00:00,False,none
test,116,2017333N06082,2017-11-30 15:00:00,2017-11-29 15:00:00,2017-11-30 15:00:00,2017-11-30 21:00:00,2017-12-01 15:00:00,False,none
test,117,2017333N06082,2017-11-30 18:00:00,2017-11-29 18:00:00,2017-11-30 18:00:00,2017-12-01 00:00:00,2017-12-01 18:00:00,False,none
test,118,2017333N06082,2017-11-30 21:00:00,2017-11-29 21:00:00,2017-11-30 21:00:00,2017-12-01 03:00:00,2017-12-01 21:00:00,False,none
test,119,2017333N06082,2017-12-01 00:00:00,2017-11-30 00:00:00,2017-12-01 00:00:00,2017-12-01 06:00:00,2017-12-02 00:00:00,False,none
test,120,2017333N06082,2017-12-01 03:00:00,2017-11-30 03:00:00,2017-12-01 03:00:00,2017-12-01 09:00:00,2017-12-02 03:00:00,False,none
test,121,2017333N06082,2017-12-01 06:00:00,2017-11-30 06:00:00,2017-12-01 06:00:00,2017-12-01 12:00:00,2017-12-02 06:00:00,False,none
test,122,2017333N06082,2017-12-01 09:00:00,2017-11-30 09:00:00,2017-12-01 09:00:00,2017-12-01 15:00:00,2017-12-02 09:00:00,False,none
test,123,2017333N06082,2017-12-01 12:00:00,2017-11-30 12:00:00,2017-12-01 12:00:00,2017-12-01 18:00:00,2017-12-02 12:00:00,False,none
test,124,2017333N06082,2017-12-01 15:00:00,2017-11-30 15:00:00,2017-12-01 15:00:00,2017-12-01 21:00:00,2017-12-02 15:00:00,False,none
test,125,2017333N06082,2017-12-01 18:00:00,2017-11-30 18:00:00,2017-12-01 18:00:00,2017-12-02 00:00:00,2017-12-02 18:00:00,False,none
test,126,2017333N06082,2017-12-01 21:00:00,2017-11-30 21:00:00,2017-12-01 21:00:00,2017-12-02 03:00:00,2017-12-02 21:00:00,False,none
test,127,2017333N06082,2017-12-02 00:00:00,2017-12-01 00:00:00,2017-12-02 00:00:00,2017-12-02 06:00:00,2017-12-03 00:00:00,False,none
test,128,2017333N06082,2017-12-02 03:00:00,2017-12-01 03:00:00,2017-12-02 03:00:00,2017-12-02 09:00:00,2017-12-03 03:00:00,False,none
test,129,2017333N06082,2017-12-02 06:00:00,2017-12-01 06:00:00,2017-12-02 06:00:00,2017-12-02 12:00:00,2017-12-03 06:00:00,False,none
test,130,2017333N06082,2017-12-02 09:00:00,2017-12-01 09:00:00,2017-12-02 09:00:00,2017-12-02 15:00:00,2017-12-03 09:00:00,False,none
test,131,2017333N06082,2017-12-02 12:00:00,2017-12-01 12:00:00,2017-12-02 12:00:00,2017-12-02 18:00:00,2017-12-03 12:00:00,False,none
test,132,2017333N06082,2017-12-02 15:00:00,2017-12-01 15:00:00,2017-12-02 15:00:00,2017-12-02 21:00:00,2017-12-03 15:00:00,False,none
test,133,2017333N06082,2017-12-02 18:00:00,2017-12-01 18:00:00,2017-12-02 18:00:00,2017-12-03 00:00:00,2017-12-03 18:00:00,False,none
test,134,2017333N06082,2017-12-02 21:00:00,2017-12-01 21:00:00,2017-12-02 21:00:00,2017-12-03 03:00:00,2017-12-03 21:00:00,False,none
test,135,2017333N06082,2017-12-03 00:00:00,2017-12-02 00:00:00,2017-12-03 00:00:00,2017-12-03 06:00:00,2017-12-04 00:00:00,False,none
test,136,2017333N06082,2017-12-03 03:00:00,2017-12-02 03:00:00,2017-12-03 03:00:00,2017-12-03 09:00:00,2017-12-04 03:00:00,False,none
test,137,2017333N06082,2017-12-03 06:00:00,2017-12-02 06:00:00,2017-12-03 06:00:00,2017-12-03 12:00:00,2017-12-04 06:00:00,False,none
test,138,2017333N06082,2017-12-03 09:00:00,2017-12-02 09:00:00,2017-12-03 09:00:00,2017-12-03 15:00:00,2017-12-04 09:00:00,False,none
test,139,2017333N06082,2017-12-03 12:00:00,2017-12-02 12:00:00,2017-12-03 12:00:00,2017-12-03 18:00:00,2017-12-04 12:00:00,False,none
test,140,2017333N06082,2017-12-03 15:00:00,2017-12-02 15:00:00,2017-12-03 15:00:00,2017-12-03 21:00:00,2017-12-04 15:00:00,False,none
test,141,2017333N06082,2017-12-03 18:00:00,2017-12-02 18:00:00,2017-12-03 18:00:00,2017-12-04 00:00:00,2017-12-04 18:00:00,False,none
test,142,2017333N06082,2017-12-03 21:00:00,2017-12-02 21:00:00,2017-12-03 21:00:00,2017-12-04 03:00:00,2017-12-04 21:00:00,False,none
test,143,2017333N06082,2017-12-04 00:00:00,2017-12-03 00:00:00,2017-12-04 00:00:00,2017-12-04 06:00:00,2017-12-05 00:00:00,False,none
test,144,2017333N06082,2017-12-04 03:00:00,2017-12-03 03:00:00,2017-12-04 03:00:00,2017-12-04 09:00:00,2017-12-05 03:00:00,False,none
test,145,2017333N06082,2017-12-04 06:00:00,2017-12-03 06:00:00,2017-12-04 06:00:00,2017-12-04 12:00:00,2017-12-05 06:00:00,False,none
test,146,2017333N06082,2017-12-04 09:00:00,2017-12-03 09:00:00,2017-12-04 09:00:00,2017-12-04 15:00:00,2017-12-05 09:00:00,False,none
test,147,2017333N06082,2017-12-04 12:00:00,2017-12-03 12:00:00,2017-12-04 12:00:00,2017-12-04 18:00:00,2017-12-05 12:00:00,False,none
test,148,2017333N06082,2017-12-04 15:00:00,2017-12-03 15:00:00,2017-12-04 15:00:00,2017-12-04 21:00:00,2017-12-05 15:00:00,False,none
test,149,2017333N06082,2017-12-04 18:00:00,2017-12-03 18:00:00,2017-12-04 18:00:00,2017-12-05 00:00:00,2017-12-05 18:00:00,False,none
test,150,2018141N08059,2018-05-22 06:00:00,2018-05-21 06:00:00,2018-05-22 06:00:00,2018-05-22 12:00:00,2018-05-23 06:00:00,False,none
test,151,2018141N08059,2018-05-22 09:00:00,2018-05-21 09:00:00,2018-05-22 09:00:00,2018-05-22 15:00:00,2018-05-23 09:00:00,False,none
test,152,2018141N08059,2018-05-22 12:00:00,2018-05-21 12:00:00,2018-05-22 12:00:00,2018-05-22 18:00:00,2018-05-23 12:00:00,False,none
test,153,2018141N08059,2018-05-22 15:00:00,2018-05-21 15:00:00,2018-05-22 15:00:00,2018-05-22 21:00:00,2018-05-23 15:00:00,False,none
test,154,2018141N08059,2018-05-22 18:00:00,2018-05-21 18:00:00,2018-05-22 18:00:00,2018-05-23 00:00:00,2018-05-23 18:00:00,False,none
test,155,2018141N08059,2018-05-22 21:00:00,2018-05-21 21:00:00,2018-05-22 21:00:00,2018-05-23 03:00:00,2018-05-23 21:00:00,False,none
test,156,2018141N08059,2018-05-23 00:00:00,2018-05-22 00:00:00,2018-05-23 00:00:00,2018-05-23 06:00:00,2018-05-24 00:00:00,False,none
test,157,2018141N08059,2018-05-23 03:00:00,2018-05-22 03:00:00,2018-05-23 03:00:00,2018-05-23 09:00:00,2018-05-24 03:00:00,False,none
test,158,2018141N08059,2018-05-23 06:00:00,2018-05-22 06:00:00,2018-05-23 06:00:00,2018-05-23 12:00:00,2018-05-24 06:00:00,False,none
test,159,2018141N08059,2018-05-23 09:00:00,2018-05-22 09:00:00,2018-05-23 09:00:00,2018-05-23 15:00:00,2018-05-24 09:00:00,False,none
test,160,2018141N08059,2018-05-23 12:00:00,2018-05-22 12:00:00,2018-05-23 12:00:00,2018-05-23 18:00:00,2018-05-24 12:00:00,False,none
test,161,2018141N08059,2018-05-23 15:00:00,2018-05-22 15:00:00,2018-05-23 15:00:00,2018-05-23 21:00:00,2018-05-24 15:00:00,False,none
test,162,2018141N08059,2018-05-23 18:00:00,2018-05-22 18:00:00,2018-05-23 18:00:00,2018-05-24 00:00:00,2018-05-24 18:00:00,False,none
test,163,2018141N08059,2018-05-23 21:00:00,2018-05-22 21:00:00,2018-05-23 21:00:00,2018-05-24 03:00:00,2018-05-24 21:00:00,False,none
test,164,2018141N08059,2018-05-24 00:00:00,2018-05-23 00:00:00,2018-05-24 00:00:00,2018-05-24 06:00:00,2018-05-25 00:00:00,False,none
test,165,2018141N08059,2018-05-24 03:00:00,2018-05-23 03:00:00,2018-05-24 03:00:00,2018-05-24 09:00:00,2018-05-25 03:00:00,False,none
test,166,2018141N08059,2018-05-24 06:00:00,2018-05-23 06:00:00,2018-05-24 06:00:00,2018-05-24 12:00:00,2018-05-25 06:00:00,False,none
test,167,2018141N08059,2018-05-24 09:00:00,2018-05-23 09:00:00,2018-05-24 09:00:00,2018-05-24 15:00:00,2018-05-25 09:00:00,False,none
test,168,2018141N08059,2018-05-24 12:00:00,2018-05-23 12:00:00,2018-05-24 12:00:00,2018-05-24 18:00:00,2018-05-25 12:00:00,False,none
test,169,2018141N08059,2018-05-24 15:00:00,2018-05-23 15:00:00,2018-05-24 15:00:00,2018-05-24 21:00:00,2018-05-25 15:00:00,False,none
test,170,2018141N08059,2018-05-24 18:00:00,2018-05-23 18:00:00,2018-05-24 18:00:00,2018-05-25 00:00:00,2018-05-25 18:00:00,False,none
test,171,2018141N08059,2018-05-24 21:00:00,2018-05-23 21:00:00,2018-05-24 21:00:00,2018-05-25 03:00:00,2018-05-25 21:00:00,False,none
test,172,2018141N08059,2018-05-25 00:00:00,2018-05-24 00:00:00,2018-05-25 00:00:00,2018-05-25 06:00:00,2018-05-26 00:00:00,False,none
test,173,2018141N08059,2018-05-25 03:00:00,2018-05-24 03:00:00,2018-05-25 03:00:00,2018-05-25 09:00:00,2018-05-26 03:00:00,False,none
test,174,2018141N08059,2018-05-25 06:00:00,2018-05-24 06:00:00,2018-05-25 06:00:00,2018-05-25 12:00:00,2018-05-26 06:00:00,False,none
test,175,2018141N08059,2018-05-25 09:00:00,2018-05-24 09:00:00,2018-05-25 09:00:00,2018-05-25 15:00:00,2018-05-26 09:00:00,False,none
test,176,2018141N08059,2018-05-25 12:00:00,2018-05-24 12:00:00,2018-05-25 12:00:00,2018-05-25 18:00:00,2018-05-26 12:00:00,False,none
test,177,2018141N08059,2018-05-25 15:00:00,2018-05-24 15:00:00,2018-05-25 15:00:00,2018-05-25 21:00:00,2018-05-26 15:00:00,False,none
test,178,2018141N08059,2018-05-25 18:00:00,2018-05-24 18:00:00,2018-05-25 18:00:00,2018-05-26 00:00:00,2018-05-26 18:00:00,False,none
test,179,2018141N08059,2018-05-25 21:00:00,2018-05-24 21:00:00,2018-05-25 21:00:00,2018-05-26 03:00:00,2018-05-26 21:00:00,False,none
test,180,2018141N08059,2018-05-26 00:00:00,2018-05-25 00:00:00,2018-05-26 00:00:00,2018-05-26 06:00:00,2018-05-27 00:00:00,False,none
test,181,2018141N08059,2018-05-26 03:00:00,2018-05-25 03:00:00,2018-05-26 03:00:00,2018-05-26 09:00:00,2018-05-27 03:00:00,False,none
test,182,2018141N08059,2018-05-26 06:00:00,2018-05-25 06:00:00,2018-05-26 06:00:00,2018-05-26 12:00:00,2018-05-27 06:00:00,False,none
test,183,2019301N05081,2019-10-29 06:00:00,2019-10-28 06:00:00,2019-10-29 06:00:00,2019-10-29 12:00:00,2019-10-30 06:00:00,False,none
test,184,2019301N05081,2019-10-29 09:00:00,2019-10-28 09:00:00,2019-10-29 09:00:00,2019-10-29 15:00:00,2019-10-30 09:00:00,False,none
test,185,2019301N05081,2019-10-29 12:00:00,2019-10-28 12:00:00,2019-10-29 12:00:00,2019-10-29 18:00:00,2019-10-30 12:00:00,False,none
test,186,2019301N05081,2019-10-29 15:00:00,2019-10-28 15:00:00,2019-10-29 15:00:00,2019-10-29 21:00:00,2019-10-30 15:00:00,False,none
test,187,2019301N05081,2019-10-29 18:00:00,2019-10-28 18:00:00,2019-10-29 18:00:00,2019-10-30 00:00:00,2019-10-30 18:00:00,False,none
test,188,2019301N05081,2019-10-29 21:00:00,2019-10-28 21:00:00,2019-10-29 21:00:00,2019-10-30 03:00:00,2019-10-30 21:00:00,False,none
test,189,2019301N05081,2019-10-30 00:00:00,2019-10-29 00:00:00,2019-10-30 00:00:00,2019-10-30 06:00:00,2019-10-31 00:00:00,False,none
test,190,2019301N05081,2019-10-30 03:00:00,2019-10-29 03:00:00,2019-10-30 03:00:00,2019-10-30 09:00:00,2019-10-31 03:00:00,False,none
test,191,2019301N05081,2019-10-30 06:00:00,2019-10-29 06:00:00,2019-10-30 06:00:00,2019-10-30 12:00:00,2019-10-31 06:00:00,False,none
test,192,2019301N05081,2019-10-30 09:00:00,2019-10-29 09:00:00,2019-10-30 09:00:00,2019-10-30 15:00:00,2019-10-31 09:00:00,False,none
test,193,2019301N05081,2019-10-30 12:00:00,2019-10-29 12:00:00,2019-10-30 12:00:00,2019-10-30 18:00:00,2019-10-31 12:00:00,False,none
test,194,2019301N05081,2019-10-30 15:00:00,2019-10-29 15:00:00,2019-10-30 15:00:00,2019-10-30 21:00:00,2019-10-31 15:00:00,False,none
test,195,2019301N05081,2019-10-30 18:00:00,2019-10-29 18:00:00,2019-10-30 18:00:00,2019-10-31 00:00:00,2019-10-31 18:00:00,False,none
test,196,2019301N05081,2019-10-30 21:00:00,2019-10-29 21:00:00,2019-10-30 21:00:00,2019-10-31 03:00:00,2019-10-31 21:00:00,False,none
test,197,2019301N05081,2019-10-31 00:00:00,2019-10-30 00:00:00,2019-10-31 00:00:00,2019-10-31 06:00:00,2019-11-01 00:00:00,False,none
test,198,2019301N05081,2019-10-31 03:00:00,2019-10-30 03:00:00,2019-10-31 03:00:00,2019-10-31 09:00:00,2019-11-01 03:00:00,False,none
test,199,2019301N05081,2019-10-31 06:00:00,2019-10-30 06:00:00,2019-10-31 06:00:00,2019-10-31 12:00:00,2019-11-01 06:00:00,False,none
test,200,2019301N05081,2019-10-31 09:00:00,2019-10-30 09:00:00,2019-10-31 09:00:00,2019-10-31 15:00:00,2019-11-01 09:00:00,False,none
test,201,2019301N05081,2019-10-31 12:00:00,2019-10-30 12:00:00,2019-10-31 12:00:00,2019-10-31 18:00:00,2019-11-01 12:00:00,False,none
test,202,2019301N05081,2019-10-31 15:00:00,2019-10-30 15:00:00,2019-10-31 15:00:00,2019-10-31 21:00:00,2019-11-01 15:00:00,False,none
test,203,2019301N05081,2019-10-31 18:00:00,2019-10-30 18:00:00,2019-10-31 18:00:00,2019-11-01 00:00:00,2019-11-01 18:00:00,False,none
test,204,2019301N05081,2019-10-31 21:00:00,2019-10-30 21:00:00,2019-10-31 21:00:00,2019-11-01 03:00:00,2019-11-01 21:00:00,False,none
test,205,2019301N05081,2019-11-01 00:00:00,2019-10-31 00:00:00,2019-11-01 00:00:00,2019-11-01 06:00:00,2019-11-02 00:00:00,False,none
test,206,2019301N05081,2019-11-01 03:00:00,2019-10-31 03:00:00,2019-11-01 03:00:00,2019-11-01 09:00:00,2019-11-02 03:00:00,False,none
test,207,2019301N05081,2019-11-01 06:00:00,2019-10-31 06:00:00,2019-11-01 06:00:00,2019-11-01 12:00:00,2019-11-02 06:00:00,False,none
test,208,2019301N05081,2019-11-01 09:00:00,2019-10-31 09:00:00,2019-11-01 09:00:00,2019-11-01 15:00:00,2019-11-02 09:00:00,False,none
test,209,2019301N05081,2019-11-01 12:00:00,2019-10-31 12:00:00,2019-11-01 12:00:00,2019-11-01 18:00:00,2019-11-02 12:00:00,False,none
test,210,2019301N05081,2019-11-01 15:00:00,2019-10-31 15:00:00,2019-11-01 15:00:00,2019-11-01 21:00:00,2019-11-02 15:00:00,False,none
test,211,2019301N05081,2019-11-01 18:00:00,2019-10-31 18:00:00,2019-11-01 18:00:00,2019-11-02 00:00:00,2019-11-02 18:00:00,False,none
test,212,2019301N05081,2019-11-01 21:00:00,2019-10-31 21:00:00,2019-11-01 21:00:00,2019-11-02 03:00:00,2019-11-02 21:00:00,False,none
test,213,2019301N05081,2019-11-02 00:00:00,2019-11-01 00:00:00,2019-11-02 00:00:00,2019-11-02 06:00:00,2019-11-03 00:00:00,False,none
test,214,2019301N05081,2019-11-02 03:00:00,2019-11-01 03:00:00,2019-11-02 03:00:00,2019-11-02 09:00:00,2019-11-03 03:00:00,False,none
test,215,2019301N05081,2019-11-02 06:00:00,2019-11-01 06:00:00,2019-11-02 06:00:00,2019-11-02 12:00:00,2019-11-03 06:00:00,False,none
test,216,2019301N05081,2019-11-02 09:00:00,2019-11-01 09:00:00,2019-11-02 09:00:00,2019-11-02 15:00:00,2019-11-03 09:00:00,False,none
test,217,2019301N05081,2019-11-02 12:00:00,2019-11-01 12:00:00,2019-11-02 12:00:00,2019-11-02 18:00:00,2019-11-03 12:00:00,False,none
test,218,2019301N05081,2019-11-02 15:00:00,2019-11-01 15:00:00,2019-11-02 15:00:00,2019-11-02 21:00:00,2019-11-03 15:00:00,False,none
test,219,2019301N05081,2019-11-02 18:00:00,2019-11-01 18:00:00,2019-11-02 18:00:00,2019-11-03 00:00:00,2019-11-03 18:00:00,False,none
test,220,2019301N05081,2019-11-02 21:00:00,2019-11-01 21:00:00,2019-11-02 21:00:00,2019-11-03 03:00:00,2019-11-03 21:00:00,False,none
test,221,2019301N05081,2019-11-03 00:00:00,2019-11-02 00:00:00,2019-11-03 00:00:00,2019-11-03 06:00:00,2019-11-04 00:00:00,False,none
test,222,2019301N05081,2019-11-03 03:00:00,2019-11-02 03:00:00,2019-11-03 03:00:00,2019-11-03 09:00:00,2019-11-04 03:00:00,False,none
test,223,2019301N05081,2019-11-03 06:00:00,2019-11-02 06:00:00,2019-11-03 06:00:00,2019-11-03 12:00:00,2019-11-04 06:00:00,False,none
test,224,2019301N05081,2019-11-03 09:00:00,2019-11-02 09:00:00,2019-11-03 09:00:00,2019-11-03 15:00:00,2019-11-04 09:00:00,False,none
test,225,2019301N05081,2019-11-03 12:00:00,2019-11-02 12:00:00,2019-11-03 12:00:00,2019-11-03 18:00:00,2019-11-04 12:00:00,False,none
test,226,2019301N05081,2019-11-03 15:00:00,2019-11-02 15:00:00,2019-11-03 15:00:00,2019-11-03 21:00:00,2019-11-04 15:00:00,False,none
test,227,2019301N05081,2019-11-03 18:00:00,2019-11-02 18:00:00,2019-11-03 18:00:00,2019-11-04 00:00:00,2019-11-04 18:00:00,False,none
test,228,2019301N05081,2019-11-03 21:00:00,2019-11-02 21:00:00,2019-11-03 21:00:00,2019-11-04 03:00:00,2019-11-04 21:00:00,False,none
test,229,2019301N05081,2019-11-04 00:00:00,2019-11-03 00:00:00,2019-11-04 00:00:00,2019-11-04 06:00:00,2019-11-05 00:00:00,False,none
test,230,2019301N05081,2019-11-04 03:00:00,2019-11-03 03:00:00,2019-11-04 03:00:00,2019-11-04 09:00:00,2019-11-05 03:00:00,False,none
test,231,2019301N05081,2019-11-04 06:00:00,2019-11-03 06:00:00,2019-11-04 06:00:00,2019-11-04 12:00:00,2019-11-05 06:00:00,False,none
test,232,2019301N05081,2019-11-04 09:00:00,2019-11-03 09:00:00,2019-11-04 09:00:00,2019-11-04 15:00:00,2019-11-05 09:00:00,False,none
test,233,2019301N05081,2019-11-04 12:00:00,2019-11-03 12:00:00,2019-11-04 12:00:00,2019-11-04 18:00:00,2019-11-05 12:00:00,False,none
test,234,2019301N05081,2019-11-04 15:00:00,2019-11-03 15:00:00,2019-11-04 15:00:00,2019-11-04 21:00:00,2019-11-05 15:00:00,False,none
test,235,2019301N05081,2019-11-04 18:00:00,2019-11-03 18:00:00,2019-11-04 18:00:00,2019-11-05 00:00:00,2019-11-05 18:00:00,False,none
test,236,2019301N05081,2019-11-04 21:00:00,2019-11-03 21:00:00,2019-11-04 21:00:00,2019-11-05 03:00:00,2019-11-05 21:00:00,False,none
test,237,2019301N05081,2019-11-05 00:00:00,2019-11-04 00:00:00,2019-11-05 00:00:00,2019-11-05 06:00:00,2019-11-06 00:00:00,False,none
test,238,2019301N05081,2019-11-05 03:00:00,2019-11-04 03:00:00,2019-11-05 03:00:00,2019-11-05 09:00:00,2019-11-06 03:00:00,False,none
test,239,2019301N05081,2019-11-05 06:00:00,2019-11-04 06:00:00,2019-11-05 06:00:00,2019-11-05 12:00:00,2019-11-06 06:00:00,False,none
test,240,2019301N05081,2019-11-05 09:00:00,2019-11-04 09:00:00,2019-11-05 09:00:00,2019-11-05 15:00:00,2019-11-06 09:00:00,False,none
test,241,2019301N05081,2019-11-05 12:00:00,2019-11-04 12:00:00,2019-11-05 12:00:00,2019-11-05 18:00:00,2019-11-06 12:00:00,False,none
test,242,2019301N05081,2019-11-05 15:00:00,2019-11-04 15:00:00,2019-11-05 15:00:00,2019-11-05 21:00:00,2019-11-06 15:00:00,False,none
test,243,2019301N05081,2019-11-05 18:00:00,2019-11-04 18:00:00,2019-11-05 18:00:00,2019-11-06 00:00:00,2019-11-06 18:00:00,False,none
test,244,2019301N05081,2019-11-05 21:00:00,2019-11-04 21:00:00,2019-11-05 21:00:00,2019-11-06 03:00:00,2019-11-06 21:00:00,False,none
test,245,2019301N05081,2019-11-06 00:00:00,2019-11-05 00:00:00,2019-11-06 00:00:00,2019-11-06 06:00:00,2019-11-07 00:00:00,False,none
test,246,2019301N05081,2019-11-06 03:00:00,2019-11-05 03:00:00,2019-11-06 03:00:00,2019-11-06 09:00:00,2019-11-07 03:00:00,False,none
test,247,2019301N05081,2019-11-06 06:00:00,2019-11-05 06:00:00,2019-11-06 06:00:00,2019-11-06 12:00:00,2019-11-07 06:00:00,False,none
test,248,2019301N05081,2019-11-06 09:00:00,2019-11-05 09:00:00,2019-11-06 09:00:00,2019-11-06 15:00:00,2019-11-07 09:00:00,False,none
test,249,2019301N05081,2019-11-06 12:00:00,2019-11-05 12:00:00,2019-11-06 12:00:00,2019-11-06 18:00:00,2019-11-07 12:00:00,False,none
test,250,2019301N05081,2019-11-06 15:00:00,2019-11-05 15:00:00,2019-11-06 15:00:00,2019-11-06 21:00:00,2019-11-07 15:00:00,False,none
test,251,2019301N05081,2019-11-06 18:00:00,2019-11-05 18:00:00,2019-11-06 18:00:00,2019-11-07 00:00:00,2019-11-07 18:00:00,False,none
test,252,2019301N05081,2019-11-06 21:00:00,2019-11-05 21:00:00,2019-11-06 21:00:00,2019-11-07 03:00:00,2019-11-07 21:00:00,False,none
test,253,2019301N05081,2019-11-07 00:00:00,2019-11-06 00:00:00,2019-11-07 00:00:00,2019-11-07 06:00:00,2019-11-08 00:00:00,False,none
test,254,2019301N05081,2019-11-07 03:00:00,2019-11-06 03:00:00,2019-11-07 03:00:00,2019-11-07 09:00:00,2019-11-08 03:00:00,False,none
test,255,2019301N05081,2019-11-07 06:00:00,2019-11-06 06:00:00,2019-11-07 06:00:00,2019-11-07 12:00:00,2019-11-08 06:00:00,False,none
test,256,2019301N05081,2019-11-07 09:00:00,2019-11-06 09:00:00,2019-11-07 09:00:00,2019-11-07 15:00:00,2019-11-08 09:00:00,False,none
test,257,2019301N05081,2019-11-07 12:00:00,2019-11-06 12:00:00,2019-11-07 12:00:00,2019-11-07 18:00:00,2019-11-08 12:00:00,False,none
test,258,2019301N05081,2019-11-07 15:00:00,2019-11-06 15:00:00,2019-11-07 15:00:00,2019-11-07 21:00:00,2019-11-08 15:00:00,False,none
test,259,2019301N05081,2019-11-07 18:00:00,2019-11-06 18:00:00,2019-11-07 18:00:00,2019-11-08 00:00:00,2019-11-08 18:00:00,False,none
test,260,2019301N05081,2019-11-07 21:00:00,2019-11-06 21:00:00,2019-11-07 21:00:00,2019-11-08 03:00:00,2019-11-08 21:00:00,False,none
test,261,2019301N05081,2019-11-08 00:00:00,2019-11-07 00:00:00,2019-11-08 00:00:00,2019-11-08 06:00:00,2019-11-09 00:00:00,False,none
test,262,2019301N05081,2019-11-08 03:00:00,2019-11-07 03:00:00,2019-11-08 03:00:00,2019-11-08 09:00:00,2019-11-09 03:00:00,False,none
test,263,2019301N05081,2019-11-08 06:00:00,2019-11-07 06:00:00,2019-11-08 06:00:00,2019-11-08 12:00:00,2019-11-09 06:00:00,False,none
test,264,2019301N05081,2019-11-08 09:00:00,2019-11-07 09:00:00,2019-11-08 09:00:00,2019-11-08 15:00:00,2019-11-09 09:00:00,False,none
test,265,2019301N05081,2019-11-08 12:00:00,2019-11-07 12:00:00,2019-11-08 12:00:00,2019-11-08 18:00:00,2019-11-09 12:00:00,False,none
test,266,2019301N05081,2019-11-08 15:00:00,2019-11-07 15:00:00,2019-11-08 15:00:00,2019-11-08 21:00:00,2019-11-09 15:00:00,False,none
test,267,2019301N05081,2019-11-08 18:00:00,2019-11-07 18:00:00,2019-11-08 18:00:00,2019-11-09 00:00:00,2019-11-09 18:00:00,False,none
test,268,2019301N05081,2019-11-08 21:00:00,2019-11-07 21:00:00,2019-11-08 21:00:00,2019-11-09 03:00:00,2019-11-09 21:00:00,False,none
test,269,2019301N05081,2019-11-09 00:00:00,2019-11-08 00:00:00,2019-11-09 00:00:00,2019-11-09 06:00:00,2019-11-10 00:00:00,False,none
test,270,2019301N05081,2019-11-09 03:00:00,2019-11-08 03:00:00,2019-11-09 03:00:00,2019-11-09 09:00:00,2019-11-10 03:00:00,False,none
test,271,2019301N05081,2019-11-09 06:00:00,2019-11-08 06:00:00,2019-11-09 06:00:00,2019-11-09 12:00:00,2019-11-10 06:00:00,False,none
test,272,2019301N05081,2019-11-09 09:00:00,2019-11-08 09:00:00,2019-11-09 09:00:00,2019-11-09 15:00:00,2019-11-10 09:00:00,False,none
test,273,2019301N05081,2019-11-09 12:00:00,2019-11-08 12:00:00,2019-11-09 12:00:00,2019-11-09 18:00:00,2019-11-10 12:00:00,False,none
test,274,2019301N05081,2019-11-09 15:00:00,2019-11-08 15:00:00,2019-11-09 15:00:00,2019-11-09 21:00:00,2019-11-10 15:00:00,False,none
test,275,2019301N05081,2019-11-09 18:00:00,2019-11-08 18:00:00,2019-11-09 18:00:00,2019-11-10 00:00:00,2019-11-10 18:00:00,False,none
test,276,2019301N05081,2019-11-09 21:00:00,2019-11-08 21:00:00,2019-11-09 21:00:00,2019-11-10 03:00:00,2019-11-10 21:00:00,False,none
test,277,2019301N05081,2019-11-10 00:00:00,2019-11-09 00:00:00,2019-11-10 00:00:00,2019-11-10 06:00:00,2019-11-11 00:00:00,False,none
test,278,2019337N11072,2019-12-03 12:00:00,2019-12-02 12:00:00,2019-12-03 12:00:00,2019-12-03 18:00:00,2019-12-04 12:00:00,False,none
test,279,2019337N11072,2019-12-03 15:00:00,2019-12-02 15:00:00,2019-12-03 15:00:00,2019-12-03 21:00:00,2019-12-04 15:00:00,False,none
test,280,2019337N11072,2019-12-03 18:00:00,2019-12-02 18:00:00,2019-12-03 18:00:00,2019-12-04 00:00:00,2019-12-04 18:00:00,False,none
test,281,2019337N11072,2019-12-03 21:00:00,2019-12-02 21:00:00,2019-12-03 21:00:00,2019-12-04 03:00:00,2019-12-04 21:00:00,False,none
test,282,2019337N11072,2019-12-04 00:00:00,2019-12-03 00:00:00,2019-12-04 00:00:00,2019-12-04 06:00:00,2019-12-05 00:00:00,False,none
test,283,2019337N11072,2019-12-04 03:00:00,2019-12-03 03:00:00,2019-12-04 03:00:00,2019-12-04 09:00:00,2019-12-05 03:00:00,False,none
test,284,2019337N11072,2019-12-04 06:00:00,2019-12-03 06:00:00,2019-12-04 06:00:00,2019-12-04 12:00:00,2019-12-05 06:00:00,False,none
test,285,2019337N11072,2019-12-04 09:00:00,2019-12-03 09:00:00,2019-12-04 09:00:00,2019-12-04 15:00:00,2019-12-05 09:00:00,False,none
test,286,2019337N11072,2019-12-04 12:00:00,2019-12-03 12:00:00,2019-12-04 12:00:00,2019-12-04 18:00:00,2019-12-05 12:00:00,False,none
test,287,2019337N11072,2019-12-04 15:00:00,2019-12-03 15:00:00,2019-12-04 15:00:00,2019-12-04 21:00:00,2019-12-05 15:00:00,False,none
test,288,2019337N11072,2019-12-04 18:00:00,2019-12-03 18:00:00,2019-12-04 18:00:00,2019-12-05 00:00:00,2019-12-05 18:00:00,False,none
test,289,2019337N11072,2019-12-04 21:00:00,2019-12-03 21:00:00,2019-12-04 21:00:00,2019-12-05 03:00:00,2019-12-05 21:00:00,False,none
test,290,2019337N11072,2019-12-05 00:00:00,2019-12-04 00:00:00,2019-12-05 00:00:00,2019-12-05 06:00:00,2019-12-06 00:00:00,False,none
test,291,2019337N11072,2019-12-05 03:00:00,2019-12-04 03:00:00,2019-12-05 03:00:00,2019-12-05 09:00:00,2019-12-06 03:00:00,False,none
test,292,2019337N11072,2019-12-05 06:00:00,2019-12-04 06:00:00,2019-12-05 06:00:00,2019-12-05 12:00:00,2019-12-06 06:00:00,False,none
test,293,2021133N10071,2021-05-14 06:00:00,2021-05-13 06:00:00,2021-05-14 06:00:00,2021-05-14 12:00:00,2021-05-15 06:00:00,False,none
test,294,2021133N10071,2021-05-14 09:00:00,2021-05-13 09:00:00,2021-05-14 09:00:00,2021-05-14 15:00:00,2021-05-15 09:00:00,False,none
test,295,2021133N10071,2021-05-14 12:00:00,2021-05-13 12:00:00,2021-05-14 12:00:00,2021-05-14 18:00:00,2021-05-15 12:00:00,False,none
test,296,2021133N10071,2021-05-14 15:00:00,2021-05-13 15:00:00,2021-05-14 15:00:00,2021-05-14 21:00:00,2021-05-15 15:00:00,False,none
test,297,2021133N10071,2021-05-14 18:00:00,2021-05-13 18:00:00,2021-05-14 18:00:00,2021-05-15 00:00:00,2021-05-15 18:00:00,False,none
test,298,2021133N10071,2021-05-14 21:00:00,2021-05-13 21:00:00,2021-05-14 21:00:00,2021-05-15 03:00:00,2021-05-15 21:00:00,False,none
test,299,2021133N10071,2021-05-15 00:00:00,2021-05-14 00:00:00,2021-05-15 00:00:00,2021-05-15 06:00:00,2021-05-16 00:00:00,False,none
test,300,2021133N10071,2021-05-15 03:00:00,2021-05-14 03:00:00,2021-05-15 03:00:00,2021-05-15 09:00:00,2021-05-16 03:00:00,False,none
test,301,2021133N10071,2021-05-15 06:00:00,2021-05-14 06:00:00,2021-05-15 06:00:00,2021-05-15 12:00:00,2021-05-16 06:00:00,False,none
test,302,2021133N10071,2021-05-15 09:00:00,2021-05-14 09:00:00,2021-05-15 09:00:00,2021-05-15 15:00:00,2021-05-16 09:00:00,False,none
test,303,2021133N10071,2021-05-15 12:00:00,2021-05-14 12:00:00,2021-05-15 12:00:00,2021-05-15 18:00:00,2021-05-16 12:00:00,False,none
test,304,2021133N10071,2021-05-15 15:00:00,2021-05-14 15:00:00,2021-05-15 15:00:00,2021-05-15 21:00:00,2021-05-16 15:00:00,False,none
test,305,2021133N10071,2021-05-15 18:00:00,2021-05-14 18:00:00,2021-05-15 18:00:00,2021-05-16 00:00:00,2021-05-16 18:00:00,False,none
test,306,2021133N10071,2021-05-15 21:00:00,2021-05-14 21:00:00,2021-05-15 21:00:00,2021-05-16 03:00:00,2021-05-16 21:00:00,False,none
test,307,2021133N10071,2021-05-16 00:00:00,2021-05-15 00:00:00,2021-05-16 00:00:00,2021-05-16 06:00:00,2021-05-17 00:00:00,False,none
test,308,2021133N10071,2021-05-16 03:00:00,2021-05-15 03:00:00,2021-05-16 03:00:00,2021-05-16 09:00:00,2021-05-17 03:00:00,False,none
test,309,2021133N10071,2021-05-16 06:00:00,2021-05-15 06:00:00,2021-05-16 06:00:00,2021-05-16 12:00:00,2021-05-17 06:00:00,False,none
test,310,2021133N10071,2021-05-16 09:00:00,2021-05-15 09:00:00,2021-05-16 09:00:00,2021-05-16 15:00:00,2021-05-17 09:00:00,False,none
test,311,2021133N10071,2021-05-16 12:00:00,2021-05-15 12:00:00,2021-05-16 12:00:00,2021-05-16 18:00:00,2021-05-17 12:00:00,False,none
test,312,2021133N10071,2021-05-16 15:00:00,2021-05-15 15:00:00,2021-05-16 15:00:00,2021-05-16 21:00:00,2021-05-17 15:00:00,False,none
test,313,2021133N10071,2021-05-16 18:00:00,2021-05-15 18:00:00,2021-05-16 18:00:00,2021-05-17 00:00:00,2021-05-17 18:00:00,False,none
test,314,2021133N10071,2021-05-16 21:00:00,2021-05-15 21:00:00,2021-05-16 21:00:00,2021-05-17 03:00:00,2021-05-17 21:00:00,False,none
test,315,2021133N10071,2021-05-17 00:00:00,2021-05-16 00:00:00,2021-05-17 00:00:00,2021-05-17 06:00:00,2021-05-18 00:00:00,False,none
test,316,2021133N10071,2021-05-17 03:00:00,2021-05-16 03:00:00,2021-05-17 03:00:00,2021-05-17 09:00:00,2021-05-18 03:00:00,False,none
test,317,2021133N10071,2021-05-17 06:00:00,2021-05-16 06:00:00,2021-05-17 06:00:00,2021-05-17 12:00:00,2021-05-18 06:00:00,False,none
test,318,2021133N10071,2021-05-17 09:00:00,2021-05-16 09:00:00,2021-05-17 09:00:00,2021-05-17 15:00:00,2021-05-18 09:00:00,False,none
test,319,2021133N10071,2021-05-17 12:00:00,2021-05-16 12:00:00,2021-05-17 12:00:00,2021-05-17 18:00:00,2021-05-18 12:00:00,False,none
test,320,2021133N10071,2021-05-17 15:00:00,2021-05-16 15:00:00,2021-05-17 15:00:00,2021-05-17 21:00:00,2021-05-18 15:00:00,False,none
test,321,2021133N10071,2021-05-17 18:00:00,2021-05-16 18:00:00,2021-05-17 18:00:00,2021-05-18 00:00:00,2021-05-18 18:00:00,False,none
test,322,2021133N10071,2021-05-17 21:00:00,2021-05-16 21:00:00,2021-05-17 21:00:00,2021-05-18 03:00:00,2021-05-18 21:00:00,False,none
test,323,2021133N10071,2021-05-18 00:00:00,2021-05-17 00:00:00,2021-05-18 00:00:00,2021-05-18 06:00:00,2021-05-19 00:00:00,False,none
test,324,2021133N10071,2021-05-18 03:00:00,2021-05-17 03:00:00,2021-05-18 03:00:00,2021-05-18 09:00:00,2021-05-19 03:00:00,False,none
test,325,2021133N10071,2021-05-18 06:00:00,2021-05-17 06:00:00,2021-05-18 06:00:00,2021-05-18 12:00:00,2021-05-19 06:00:00,False,none
test,326,2021143N15090,2021-05-24 00:00:00,2021-05-23 00:00:00,2021-05-24 00:00:00,2021-05-24 06:00:00,2021-05-25 00:00:00,False,none
test,327,2021143N15090,2021-05-24 03:00:00,2021-05-23 03:00:00,2021-05-24 03:00:00,2021-05-24 09:00:00,2021-05-25 03:00:00,False,none
test,328,2021143N15090,2021-05-24 06:00:00,2021-05-23 06:00:00,2021-05-24 06:00:00,2021-05-24 12:00:00,2021-05-25 06:00:00,False,none
test,329,2021143N15090,2021-05-24 09:00:00,2021-05-23 09:00:00,2021-05-24 09:00:00,2021-05-24 15:00:00,2021-05-25 09:00:00,False,none
test,330,2021143N15090,2021-05-24 12:00:00,2021-05-23 12:00:00,2021-05-24 12:00:00,2021-05-24 18:00:00,2021-05-25 12:00:00,False,none
test,331,2021143N15090,2021-05-24 15:00:00,2021-05-23 15:00:00,2021-05-24 15:00:00,2021-05-24 21:00:00,2021-05-25 15:00:00,False,none
test,332,2021143N15090,2021-05-24 18:00:00,2021-05-23 18:00:00,2021-05-24 18:00:00,2021-05-25 00:00:00,2021-05-25 18:00:00,False,none
test,333,2021143N15090,2021-05-24 21:00:00,2021-05-23 21:00:00,2021-05-24 21:00:00,2021-05-25 03:00:00,2021-05-25 21:00:00,False,none
test,334,2021143N15090,2021-05-25 00:00:00,2021-05-24 00:00:00,2021-05-25 00:00:00,2021-05-25 06:00:00,2021-05-26 00:00:00,False,none
test,335,2021143N15090,2021-05-25 03:00:00,2021-05-24 03:00:00,2021-05-25 03:00:00,2021-05-25 09:00:00,2021-05-26 03:00:00,False,none
test,336,2021143N15090,2021-05-25 06:00:00,2021-05-24 06:00:00,2021-05-25 06:00:00,2021-05-25 12:00:00,2021-05-26 06:00:00,False,none
test,337,2021143N15090,2021-05-25 09:00:00,2021-05-24 09:00:00,2021-05-25 09:00:00,2021-05-25 15:00:00,2021-05-26 09:00:00,False,none
test,338,2021143N15090,2021-05-25 12:00:00,2021-05-24 12:00:00,2021-05-25 12:00:00,2021-05-25 18:00:00,2021-05-26 12:00:00,False,none
test,339,2021143N15090,2021-05-25 15:00:00,2021-05-24 15:00:00,2021-05-25 15:00:00,2021-05-25 21:00:00,2021-05-26 15:00:00,False,none
test,340,2021143N15090,2021-05-25 18:00:00,2021-05-24 18:00:00,2021-05-25 18:00:00,2021-05-26 00:00:00,2021-05-26 18:00:00,False,none
test,341,2021143N15090,2021-05-25 21:00:00,2021-05-24 21:00:00,2021-05-25 21:00:00,2021-05-26 03:00:00,2021-05-26 21:00:00,False,none
test,342,2021143N15090,2021-05-26 00:00:00,2021-05-25 00:00:00,2021-05-26 00:00:00,2021-05-26 06:00:00,2021-05-27 00:00:00,False,none
test,343,2021143N15090,2021-05-26 03:00:00,2021-05-25 03:00:00,2021-05-26 03:00:00,2021-05-26 09:00:00,2021-05-27 03:00:00,False,none
test,344,2021143N15090,2021-05-26 06:00:00,2021-05-25 06:00:00,2021-05-26 06:00:00,2021-05-26 12:00:00,2021-05-27 06:00:00,False,none
test,345,2021143N15090,2021-05-26 09:00:00,2021-05-25 09:00:00,2021-05-26 09:00:00,2021-05-26 15:00:00,2021-05-27 09:00:00,False,none
test,346,2021143N15090,2021-05-26 12:00:00,2021-05-25 12:00:00,2021-05-26 12:00:00,2021-05-26 18:00:00,2021-05-27 12:00:00,False,none
test,347,2021143N15090,2021-05-26 15:00:00,2021-05-25 15:00:00,2021-05-26 15:00:00,2021-05-26 21:00:00,2021-05-27 15:00:00,False,none
test,348,2021143N15090,2021-05-26 18:00:00,2021-05-25 18:00:00,2021-05-26 18:00:00,2021-05-27 00:00:00,2021-05-27 18:00:00,False,none
test,349,2022224N22067,2022-08-12 18:00:00,2022-08-11 18:00:00,2022-08-12 18:00:00,2022-08-13 00:00:00,2022-08-13 18:00:00,False,none
test,350,2022224N22067,2022-08-12 21:00:00,2022-08-11 21:00:00,2022-08-12 21:00:00,2022-08-13 03:00:00,2022-08-13 21:00:00,False,none
test,351,2022224N22067,2022-08-13 00:00:00,2022-08-12 00:00:00,2022-08-13 00:00:00,2022-08-13 06:00:00,2022-08-14 00:00:00,False,none
test,352,2022224N22067,2022-08-13 03:00:00,2022-08-12 03:00:00,2022-08-13 03:00:00,2022-08-13 09:00:00,2022-08-14 03:00:00,False,none
test,353,2022295N13093,2022-10-22 18:00:00,2022-10-21 18:00:00,2022-10-22 18:00:00,2022-10-23 00:00:00,2022-10-23 18:00:00,False,none
test,354,2022295N13093,2022-10-22 21:00:00,2022-10-21 21:00:00,2022-10-22 21:00:00,2022-10-23 03:00:00,2022-10-23 21:00:00,False,none
test,355,2022295N13093,2022-10-23 00:00:00,2022-10-22 00:00:00,2022-10-23 00:00:00,2022-10-23 06:00:00,2022-10-24 00:00:00,False,none
test,356,2022295N13093,2022-10-23 03:00:00,2022-10-22 03:00:00,2022-10-23 03:00:00,2022-10-23 09:00:00,2022-10-24 03:00:00,False,none
test,357,2022295N13093,2022-10-23 06:00:00,2022-10-22 06:00:00,2022-10-23 06:00:00,2022-10-23 12:00:00,2022-10-24 06:00:00,False,none
test,358,2022295N13093,2022-10-23 09:00:00,2022-10-22 09:00:00,2022-10-23 09:00:00,2022-10-23 15:00:00,2022-10-24 09:00:00,False,none
test,359,2022295N13093,2022-10-23 12:00:00,2022-10-22 12:00:00,2022-10-23 12:00:00,2022-10-23 18:00:00,2022-10-24 12:00:00,False,none
test,360,2022295N13093,2022-10-23 15:00:00,2022-10-22 15:00:00,2022-10-23 15:00:00,2022-10-23 21:00:00,2022-10-24 15:00:00,False,none
test,361,2022295N13093,2022-10-23 18:00:00,2022-10-22 18:00:00,2022-10-23 18:00:00,2022-10-24 00:00:00,2022-10-24 18:00:00,False,none
test,362,2022295N13093,2022-10-23 21:00:00,2022-10-22 21:00:00,2022-10-23 21:00:00,2022-10-24 03:00:00,2022-10-24 21:00:00,False,none
test,363,2022295N13093,2022-10-24 00:00:00,2022-10-23 00:00:00,2022-10-24 00:00:00,2022-10-24 06:00:00,2022-10-25 00:00:00,False,none
test,364,2024145N14087,2024-05-24 12:00:00,2024-05-23 12:00:00,2024-05-24 12:00:00,2024-05-24 18:00:00,2024-05-25 12:00:00,False,none
test,365,2024145N14087,2024-05-24 15:00:00,2024-05-23 15:00:00,2024-05-24 15:00:00,2024-05-24 21:00:00,2024-05-25 15:00:00,False,none
test,366,2024145N14087,2024-05-24 18:00:00,2024-05-23 18:00:00,2024-05-24 18:00:00,2024-05-25 00:00:00,2024-05-25 18:00:00,False,none
test,367,2024145N14087,2024-05-24 21:00:00,2024-05-23 21:00:00,2024-05-24 21:00:00,2024-05-25 03:00:00,2024-05-25 21:00:00,False,none
test,368,2024145N14087,2024-05-25 00:00:00,2024-05-24 00:00:00,2024-05-25 00:00:00,2024-05-25 06:00:00,2024-05-26 00:00:00,False,none
test,369,2024145N14087,2024-05-25 03:00:00,2024-05-24 03:00:00,2024-05-25 03:00:00,2024-05-25 09:00:00,2024-05-26 03:00:00,False,none
test,370,2024145N14087,2024-05-25 06:00:00,2024-05-24 06:00:00,2024-05-25 06:00:00,2024-05-25 12:00:00,2024-05-26 06:00:00,False,none
test,371,2024145N14087,2024-05-25 09:00:00,2024-05-24 09:00:00,2024-05-25 09:00:00,2024-05-25 15:00:00,2024-05-26 09:00:00,False,none
test,372,2024145N14087,2024-05-25 12:00:00,2024-05-24 12:00:00,2024-05-25 12:00:00,2024-05-25 18:00:00,2024-05-26 12:00:00,False,none
test,373,2024145N14087,2024-05-25 15:00:00,2024-05-24 15:00:00,2024-05-25 15:00:00,2024-05-25 21:00:00,2024-05-26 15:00:00,False,none
test,374,2024145N14087,2024-05-25 18:00:00,2024-05-24 18:00:00,2024-05-25 18:00:00,2024-05-26 00:00:00,2024-05-26 18:00:00,False,none
test,375,2024145N14087,2024-05-25 21:00:00,2024-05-24 21:00:00,2024-05-25 21:00:00,2024-05-26 03:00:00,2024-05-26 21:00:00,False,none
test,376,2024145N14087,2024-05-26 00:00:00,2024-05-25 00:00:00,2024-05-26 00:00:00,2024-05-26 06:00:00,2024-05-27 00:00:00,False,none
test,377,2024145N14087,2024-05-26 03:00:00,2024-05-25 03:00:00,2024-05-26 03:00:00,2024-05-26 09:00:00,2024-05-27 03:00:00,False,none
test,378,2024145N14087,2024-05-26 06:00:00,2024-05-25 06:00:00,2024-05-26 06:00:00,2024-05-26 12:00:00,2024-05-27 06:00:00,False,none
test,379,2024145N14087,2024-05-26 09:00:00,2024-05-25 09:00:00,2024-05-26 09:00:00,2024-05-26 15:00:00,2024-05-27 09:00:00,False,none
test,380,2024145N14087,2024-05-26 12:00:00,2024-05-25 12:00:00,2024-05-26 12:00:00,2024-05-26 18:00:00,2024-05-27 12:00:00,False,none
test,381,2024145N14087,2024-05-26 14:00:00,2024-05-25 14:00:00,2024-05-26 14:00:00,2024-05-26 20:00:00,2024-05-27 14:00:00,False,none
test,382,2024145N14087,2024-05-26 15:00:00,2024-05-25 15:00:00,2024-05-26 15:00:00,2024-05-26 21:00:00,2024-05-27 15:00:00,False,none
test,383,2024145N14087,2024-05-26 18:00:00,2024-05-25 18:00:00,2024-05-26 18:00:00,2024-05-27 00:00:00,2024-05-27 18:00:00,False,none
test,384,2024145N14087,2024-05-26 21:00:00,2024-05-25 21:00:00,2024-05-26 21:00:00,2024-05-27 03:00:00,2024-05-27 21:00:00,False,none
test,385,2024145N14087,2024-05-27 00:00:00,2024-05-26 00:00:00,2024-05-27 00:00:00,2024-05-27 06:00:00,2024-05-28 00:00:00,False,none
test,386,2024145N14087,2024-05-27 03:00:00,2024-05-26 03:00:00,2024-05-27 03:00:00,2024-05-27 09:00:00,2024-05-28 03:00:00,False,none
test,387,2024145N14087,2024-05-27 06:00:00,2024-05-26 06:00:00,2024-05-27 06:00:00,2024-05-27 12:00:00,2024-05-28 06:00:00,False,none
test,388,2024288N16065,2024-10-14 12:00:00,2024-10-13 12:00:00,2024-10-14 12:00:00,2024-10-14 18:00:00,2024-10-15 12:00:00,False,none
test,389,2025274N16087,2025-10-02 06:00:00,2025-10-01 06:00:00,2025-10-02 06:00:00,2025-10-02 12:00:00,2025-10-03 06:00:00,False,none
test,390,2025331N06083,2025-11-27 18:00:00,2025-11-26 18:00:00,2025-11-27 18:00:00,2025-11-28 00:00:00,2025-11-28 18:00:00,False,none
test,391,2025331N06083,2025-11-27 21:00:00,2025-11-26 21:00:00,2025-11-27 21:00:00,2025-11-28 03:00:00,2025-11-28 21:00:00,False,none
test,392,2025331N06083,2025-11-28 00:00:00,2025-11-27 00:00:00,2025-11-28 00:00:00,2025-11-28 06:00:00,2025-11-29 00:00:00,False,none
test,393,2025331N06083,2025-11-28 03:00:00,2025-11-27 03:00:00,2025-11-28 03:00:00,2025-11-28 09:00:00,2025-11-29 03:00:00,False,none
test,394,2025331N06083,2025-11-28 06:00:00,2025-11-27 06:00:00,2025-11-28 06:00:00,2025-11-28 12:00:00,2025-11-29 06:00:00,False,none
test,395,2025331N06083,2025-11-28 09:00:00,2025-11-27 09:00:00,2025-11-28 09:00:00,2025-11-28 15:00:00,2025-11-29 09:00:00,False,none
test,396,2025331N06083,2025-11-28 12:00:00,2025-11-27 12:00:00,2025-11-28 12:00:00,2025-11-28 18:00:00,2025-11-29 12:00:00,False,none
test,397,2025331N06083,2025-11-28 15:00:00,2025-11-27 15:00:00,2025-11-28 15:00:00,2025-11-28 21:00:00,2025-11-29 15:00:00,False,none
test,398,2025331N06083,2025-11-28 18:00:00,2025-11-27 18:00:00,2025-11-28 18:00:00,2025-11-29 00:00:00,2025-11-29 18:00:00,False,none
test,399,2025331N06083,2025-11-28 21:00:00,2025-11-27 21:00:00,2025-11-28 21:00:00,2025-11-29 03:00:00,2025-11-29 21:00:00,False,none
test,400,2025331N06083,2025-11-29 00:00:00,2025-11-28 00:00:00,2025-11-29 00:00:00,2025-11-29 06:00:00,2025-11-30 00:00:00,False,none
test,401,2025331N06083,2025-11-29 03:00:00,2025-11-28 03:00:00,2025-11-29 03:00:00,2025-11-29 09:00:00,2025-11-30 03:00:00,False,none
test,402,2025331N06083,2025-11-29 06:00:00,2025-11-28 06:00:00,2025-11-29 06:00:00,2025-11-29 12:00:00,2025-11-30 06:00:00,False,none
test,403,2025331N06083,2025-11-29 09:00:00,2025-11-28 09:00:00,2025-11-29 09:00:00,2025-11-29 15:00:00,2025-11-30 09:00:00,False,none
test,404,2025331N06083,2025-11-29 12:00:00,2025-11-28 12:00:00,2025-11-29 12:00:00,2025-11-29 18:00:00,2025-11-30 12:00:00,False,none
test,405,2025331N06083,2025-11-29 15:00:00,2025-11-28 15:00:00,2025-11-29 15:00:00,2025-11-29 21:00:00,2025-11-30 15:00:00,False,none
test,406,2025331N06083,2025-11-29 18:00:00,2025-11-28 18:00:00,2025-11-29 18:00:00,2025-11-30 00:00:00,2025-11-30 18:00:00,False,none
test,407,2025331N06083,2025-11-29 21:00:00,2025-11-28 21:00:00,2025-11-29 21:00:00,2025-11-30 03:00:00,2025-11-30 21:00:00,False,none
test,408,2025331N06083,2025-11-30 00:00:00,2025-11-29 00:00:00,2025-11-30 00:00:00,2025-11-30 06:00:00,2025-12-01 00:00:00,False,none
test,409,2025331N06083,2025-11-30 03:00:00,2025-11-29 03:00:00,2025-11-30 03:00:00,2025-11-30 09:00:00,2025-12-01 03:00:00,False,none
test,410,2025331N06083,2025-11-30 06:00:00,2025-11-29 06:00:00,2025-11-30 06:00:00,2025-11-30 12:00:00,2025-12-01 06:00:00,False,none
test,411,2025331N06083,2025-11-30 09:00:00,2025-11-29 09:00:00,2025-11-30 09:00:00,2025-11-30 15:00:00,2025-12-01 09:00:00,False,none
test,412,2025331N06083,2025-11-30 12:00:00,2025-11-29 12:00:00,2025-11-30 12:00:00,2025-11-30 18:00:00,2025-12-01 12:00:00,False,none
test,413,2025331N06083,2025-11-30 15:00:00,2025-11-29 15:00:00,2025-11-30 15:00:00,2025-11-30 21:00:00,2025-12-01 15:00:00,False,none
test,414,2025331N06083,2025-11-30 18:00:00,2025-11-29 18:00:00,2025-11-30 18:00:00,2025-12-01 00:00:00,2025-12-01 18:00:00,False,none
test,415,2025331N06083,2025-11-30 21:00:00,2025-11-29 21:00:00,2025-11-30 21:00:00,2025-12-01 03:00:00,2025-12-01 21:00:00,False,none
test,416,2025331N06083,2025-12-01 00:00:00,2025-11-30 00:00:00,2025-12-01 00:00:00,2025-12-01 06:00:00,2025-12-02 00:00:00,False,none
test,417,2025331N06083,2025-12-01 03:00:00,2025-11-30 03:00:00,2025-12-01 03:00:00,2025-12-01 09:00:00,2025-12-02 03:00:00,False,none
test,418,2025331N06083,2025-12-01 06:00:00,2025-11-30 06:00:00,2025-12-01 06:00:00,2025-12-01 12:00:00,2025-12-02 06:00:00,False,none
test,419,2025331N06083,2025-12-01 09:00:00,2025-11-30 09:00:00,2025-12-01 09:00:00,2025-12-01 15:00:00,2025-12-02 09:00:00,False,none
test,420,2025331N06083,2025-12-01 12:00:00,2025-11-30 12:00:00,2025-12-01 12:00:00,2025-12-01 18:00:00,2025-12-02 12:00:00,False,none
test,421,2025331N06083,2025-12-01 15:00:00,2025-11-30 15:00:00,2025-12-01 15:00:00,2025-12-01 21:00:00,2025-12-02 15:00:00,False,none
test,422,2025331N06083,2025-12-01 18:00:00,2025-11-30 18:00:00,2025-12-01 18:00:00,2025-12-02 00:00:00,2025-12-02 18:00:00,False,none
